plant_id,plant_name,hybrid,dur_band,enclosure,nameplate_mw,usable_months,n,fit_ok,eta_true,P_aux_mw,P_aux_pct_nameplate,P_aux_summer_mw,P_aux_shoulder_mw,P_aux_winter_mw,hvac_excess_mw,hvac_excess_pct_nameplate,naive_rte,naive_rte_mean_month,naive_rte_median_month,r2,se_a,se_b,eta_trend_pts_per_yr,paux_trend_pct_per_yr,trend_status
141,Agua Fria,True,2.5-4.5h,CS,25.0,49,49.0,True,0.8837122029324794,0.18180023902809994,0.7272009561123998,0.04565432231473629,0.18338908687278818,0.17858531455426602,-0.1377347645580519,-0.5509390582322076,0.8236866376795227,0.8053306306219861,0.8463302752293578,0.36749394862770224,0.03341546536383201,0.034789866907006445,-2.472161244737648,-25.75304323688942,ok
260,Dynegy Moss Landing Power Plant Hybrid,True,2.5-4.5h,BL,750.0,43,43.0,True,0.7972132906763183,-1.1220906748874337,-0.14961208998499118,-1.725445835381101,-1.454902255364988,0.6242885835296959,-0.2705435800161131,-0.03607247733548175,0.8359073502962169,0.8231438742308506,0.838155288975894,0.3407618529191234,0.025466203217414076,0.24374274865439227,5.113321285098506,92.12754238160157,ok
389,El Centro Hybrid,False,<1.5h,BL,30.0,74,74.0,True,0.779930176683626,0.22299538259640445,0.7433179419880148,0.21300919157709647,0.2010687585853728,0.2604470207823376,0.011940432991723676,0.03980144330574559,0.5687574561806001,0.5196599022063584,0.5473853806758313,0.4472082174951212,0.07794644853688658,0.029218339023902525,0.0865677163550624,0.889621974074418,ok
645,Big Bend,True,1.5-2.5h,CS,12.6,12,12.0,True,0.9082484882644214,0.00741757028158973,0.058869605409442305,0.006825348728408096,0.007583690650861227,0.007709466108708208,-0.0007583419224531304,-0.006018586686135956,0.8577181208053691,0.7032843826008857,0.7618778280542986,0.9047359832008941,0.05622434971061914,0.0007611411165761165,,,ok
1016,Butler-Warner Generation Plant,True,<1.5h,CS,0.5,44,44.0,True,0.8199270312563078,0.0038185693178288535,0.7637138635657706,0.004812991570470302,0.0035282836086801906,0.0030625147290731488,0.0012847079617901115,0.2569415923580223,0.7308009909165979,0.6799710337656437,0.6909722222222222,0.6180007616066028,0.044900405593304986,0.00046324717211437166,-1.8892441921781837,34.177953332714786,ok
1482,Bonny Eagle,False,1.5-2.5h,CS,8.0,32,32.0,True,0.7788798208882014,-0.005781701553033802,-0.07227126941292253,0.011075010937685356,-0.014369841642600576,0.006574441089472058,0.025444852580285934,0.3180606572535742,0.7866084664799868,0.7901669510083751,0.8053030806890388,0.002174417761524494,0.03878080003864506,0.0226126190458806,9.740912134942805,135.5103431683306,ok
1507,William F Wyman Hybrid,False,<1.5h,CS,16.7,83,83.0,True,0.8332212312139822,0.023179352850052203,0.13879852006019283,0.0301721933700057,0.020217384333304094,0.03395457624211391,0.009954809036701606,0.059609634950309014,0.832756162151151,0.807708931665345,0.8147632311977716,0.44161965410354387,0.008301846584396604,0.002896007366716374,-2.4442719343998753,-28.530086312404666,ok
1615,Nantucket Hybrid,False,>4.5h,BL,6.0,16,16.0,True,0.8741270316576707,0.027249546971847637,0.4541591161974606,0.02564351657456336,0.034659177657749965,0.029108546721366303,-0.009015661083186605,-0.1502610180531101,0.6100746268656716,0.41165796421408146,0.5495337995337994,0.5521276935945134,0.1872026890111638,0.006559226193874867,,,ok
1682,Cleary Flood Hybrid,False,1.5-2.5h,CS,3.0,36,36.0,True,0.9428617280419241,0.013794571777619814,0.45981905925399386,0.013773204500529688,0.01379407286381096,0.015148801131482731,-2.086836328127166e-05,-0.000695612109375722,0.7491467576791809,0.7099215701236363,0.7332859174964438,0.9153870739614355,0.026054249347766702,0.000719258054448009,-0.2773843065349235,-9.716589658647418,ok
2324,Reid Gardner,False,<1.5h,CS,220.0,23,23.0,True,0.8162602576506143,-0.8365393461755721,-0.3802451573525328,0.7463825611366277,0.3156169794147024,0.10267830656073514,0.4307655817219253,0.19580253714632967,0.8479675021416531,0.848310916986774,0.8538,0.03209060070008707,0.055291358007031124,1.0025479551602452,,,insufficient_history
2830,Walter C Beckjord,True,<1.5h,CS,4.0,82,82.0,True,0.7127900970963283,0.017873803748040904,0.4468450937010226,0.016291629381485893,0.045160141705398484,0.055260663764154554,-0.02886851232391259,-0.7217128080978148,0.6819686603398808,0.6701606956415797,0.7320508100147275,0.07662803911505611,0.06984315793181924,0.006936916658352767,2.0040570409735348,22.437217858805404,ok
6304,Kotzebue Hybrid,True,<1.5h,CT,1.2,33,33.0,True,0.7294399462699122,-0.0004988740332432979,-0.041572836103608166,-0.0004896685877954415,-0.000504891731224396,-0.0005043207936183536,1.522314342895445e-05,0.0012685952857462042,0.8481012658227848,0.9277777777777778,1.0,0.6887520816774024,0.03667598984643807,6.0232628770575694e-05,-7.263107471747814,-23.94737034142796,ok
6377,Ocracoke Hybrid,True,<1.5h,CS,1.0,16,16.0,True,0.8846008436785437,0.0014522346291429668,0.1452234629142967,0.003182427607580378,0.0028163920242473967,0.001243147494109186,0.00036603558333298154,0.036603558333298154,0.8109756097560976,0.5247925685425685,0.8181818181818182,0.17808091489040334,0.12474104715989782,0.0008338321074861888,,,ok
8063,DeCordova Steam Electric Station,False,<1.5h,CS,269.1,36,36.0,False,2.106075558995831,4.10190730749999,1.5243059485321402,4.60060523612941,3.443107463268541,2.624047735054408,1.1574977728608693,0.4301366677297916,0.649552971873681,0.6629187689266938,0.6585843227220491,0.37919794648565797,0.2448122821315489,0.9000983544111621,21.578070535990364,123.66669074907071,ok
10156,Fresno Cogen Partners,False,<1.5h,CS,16.0,15,15.0,False,0.3680752908745539,-0.004529762983774175,-0.028311018648588593,-0.002047811650458035,-0.0034358845593440734,,0.0013880729088860382,0.00867545568053774,0.38468720821662,0.29025860139547577,0.39285714285714285,0.13963580287369148,0.11802832535457684,0.003118505927507508,,,ok
10444,"Lockhart Solar PV, LLC",True,<1.5h,CS,69.0,3,,False,,,,,,,,,,0.6605679510799598,,,,,,,insufficient_history
10493,Rumford Falls Hydro Facility,False,1.5-2.5h,CS,8.0,24,24.0,True,0.8457046358789094,0.06370711104276677,0.7963388880345846,0.0776879738274552,0.03449868014658716,-0.012419983472082756,0.04318929368086803,0.5398661710108504,0.7941304822168885,0.7943806592519946,0.7881266660933872,0.10565693880609928,0.05229357480037773,0.039516605376726556,-12.31013331717609,-118.44626039050061,ok
50064,University of California Santa Cruz,True,<1.5h,CS,1.0,22,22.0,True,0.9278985782947907,0.0008667076834042968,0.08667076834042968,0.0011607559971007792,0.0012267101591238332,-0.00015205516996671026,-6.595416202305406e-05,-0.006595416202305406,0.8876080691642652,0.8796928764872266,0.9023809523809524,0.3115985347701161,0.03347354938286219,0.0002880585951984877,,,ok
50300,VESI Pomona,False,<1.5h,BL,40.0,84,84.0,True,0.9922026324704116,0.3875449800355345,0.9688624500888362,0.3784117165853892,0.3803983498443879,0.40519082858086986,-0.0019866332589987268,-0.004966583147496817,0.8598771135030443,0.8501919905073565,0.8701237374036324,0.6702965771437015,0.01471993896677542,0.03001535032693508,-1.197497541333755,10.017403792862073,ok
54134,Great Lakes Hydro America - ME,False,<1.5h,CS,20.0,36,36.0,True,0.8839855824707391,0.10613758967787414,0.5306879483893707,0.06065829199352374,0.08214149214665299,0.11624386928836794,-0.021483200153129253,-0.10741600076564627,0.8060781476121563,0.8019815337742029,0.8085676214621909,0.3636503017446454,0.027819004799755815,0.024078848123269974,-0.9456113565330221,-6.919574185350648,ok
54296,Biola University Hybrid,True,1.5-2.5h,CS,0.3,65,65.0,True,0.8500341004043834,0.0002595371874527027,0.08651239581756759,0.00036145773759122684,0.00025847388221366665,0.00025760691005955155,0.00010298385537756019,0.034327951792520066,0.8019323671497585,0.7907697694462401,0.8571428571428571,0.028644050332483517,0.09876262710953057,0.00019041506593635283,-3.493322089034509,26.16690638108358,ok
54639,Berlin Gorham,False,<1.5h,CS,14.0,24,24.0,True,0.9048254406847308,0.07244653191701346,0.5174752279786676,0.07674763213260533,0.06696116387863178,0.07328091155855769,0.009786468253973543,0.0699033446712396,0.8506759621272787,0.849902052236463,0.848668271078124,0.3921743390936514,0.019179936992014694,0.019228977383594546,2.899570793005469,28.178720889135917,ok
55370,"Green Mountain Storage, LLC",False,<1.5h,CT,10.4,17,17.0,True,0.8871339483042383,0.07631378068578851,0.7337863527479664,0.06885683144753103,0.07611292020694443,0.07259682303020097,-0.007256088759413401,-0.06977008422512886,0.8392400650708808,0.7559773403063011,0.844,0.9796968777489278,0.010331702527543422,0.002836565999497801,,,insufficient_history
56961,Notrees Windpower Hybrid,False,<1.5h,BL,36.0,77,77.0,False,1.1041624589696952,0.35489834766800077,0.9858287435222244,0.36821851644078407,0.3892737435891524,0.2749735404815883,-0.021055227148368327,-0.05848674207880091,0.7499060268136825,0.6807857743685843,0.7632600258732212,0.5967233026281986,0.055560718174132114,0.03368902255660754,-1.354720731131868,-5.35815838467802,ok
56981,Pyron Wind Farm LLC Hybrid,True,<1.5h,CS,9.9,71,71.0,True,0.9732236423729258,0.16195706205845994,1.6359299197824237,0.17347025651549014,0.13897936751417053,0.16972402471177903,0.03449088900131961,0.34839281819514756,0.7391088820201784,0.6432172158269935,0.7882736156351792,0.37685166231085543,0.07461396331939245,0.02507181920221054,-1.4885597888666562,30.135397219167075,ok
56984,Inadale Wind Farm LLC Hybrid,False,<1.5h,CS,9.9,32,32.0,True,0.7754770231828266,0.07031901715395816,0.7102931025652339,0.06898298894217804,0.07081101649626478,0.0694179623909659,-0.0018280275540867447,-0.018464924788754996,0.5418060200668896,0.5040601548642467,0.5264204144931623,0.7276079763364791,0.08279524581613636,0.007855261226222826,7.011164191076075,10.597290893863095,ok
57206,Soldotna,False,1.5-2.5h,CS,46.5,36,36.0,False,1.1293234924660802,0.15811048641962602,0.34002255144005594,0.14292832777277148,0.1294924188989548,0.13676905810818848,0.013435908873816682,0.028894427685627274,0.7527846782594759,0.7496581784229942,0.7425775622782053,0.6876890169371406,0.052940845513420196,0.01827337643132946,,,ok
57242,Mililani South Solar Farm,True,2.5-4.5h,CS,39.0,30,30.0,True,0.9212717715491572,0.06797783880889584,0.1743021507920406,0.06851100698965809,0.05813158657048474,0.13792598426333905,0.010379420419173349,0.026613898510700895,0.9116779128996485,0.9128791269489434,0.9729862789414407,0.03369489028887718,0.02649855964021013,0.06879604187251226,-8.882290425031151,107.70688673025619,ok
57325,FPL Energy Illinois Wind LLC Hybrid,True,<1.5h,CS,20.0,83,83.0,True,0.8981075877882227,0.005853560358923199,0.029267801794615994,0.11346640982329415,0.0819806378146973,0.0017647252092712,0.03148577200859684,0.1574288600429842,0.9362448562760941,0.9093764159353385,0.8736059479553904,0.030210707347378407,0.01958033263136123,0.003684985955323326,-0.738447200235986,31.600073093868463,ok
57447,Laurel Mountain Hybrid,False,<1.5h,CS,16.0,77,77.0,True,0.8052400248690246,0.21454220509895694,1.340888781868481,0.2415816706713706,0.17991990172654293,0.17056562343747642,0.061661768944827666,0.38538605590517294,0.7018292105013743,0.6951326181597784,0.7023498694516971,0.3798897895463358,0.028545672961387547,0.03165102208899643,-3.896610942946588,-28.48757006136363,ok
57560,Chino Valley Solar,True,2.5-4.5h,CS,19.0,23,23.0,True,0.918590924308402,0.18413375022309728,0.9691250011741962,0.31868363205108524,0.24825797863436885,0.1885452185985526,0.07042565341671639,0.3706613337721915,0.8499770536943552,0.7935285171469236,0.8534438114966338,0.9877774652504653,0.008624106276057208,0.004469663561689476,-3.4265493873807658,-57.01476077469203,ok
57561,Cotton Center Solar Hybrid,True,2.5-4.5h,CS,17.0,24,24.0,True,0.8671518438457403,0.0864302666364928,0.50841333315584,0.1358580955907217,0.07340162734741705,0.0562320382738388,0.062456468243304655,0.36739098966649797,0.8295389869095048,0.8298553411688522,0.8337056337665314,0.030484550441363112,0.06324042956190808,0.10391828768343599,-0.8347432777699233,-29.693566362926244,ok
57562,Paloma Solar Hybrid,True,2.5-4.5h,CS,17.0,24,24.0,True,0.8547479927118667,0.05930317405094584,0.3488422002996814,0.12948522428833362,0.06774795933414984,0.06289980333082301,0.061737264954183774,0.36316038208343393,0.829975647553686,0.8302893023033802,0.831774611763547,0.017992373485829938,0.05532111054208385,0.09340708081443509,-7.306522164246868,-153.1079321629304,ok
57563,Hyder Solar Hybrid,True,2.5-4.5h,CS,16.0,24,24.0,True,0.9737272463568785,0.25362545669519576,1.5851591043449735,0.23062133519367556,0.1809469798524793,0.18322608455648523,0.04967435534119627,0.3104647208824767,0.8358674215917044,0.834635554142575,0.8355357548916633,0.43117840884758873,0.04245636896033088,0.06210706915825423,,,ok
57583,Battery Energy Storage System,False,<1.5h,BL,40.0,2,,False,,,,,,,,,,0.09283870139625514,,,,,,,insufficient_history
57584,University of California San Diego Hybri,False,1.5-2.5h,CS,2.5,76,76.0,True,0.8481826187527506,-0.0003028235392122428,-0.012112941568489712,-0.00035253723741731,0.0026187666145666053,0.0026418076857384915,-0.0029713038519839155,-0.11885215407935663,0.8614929528449626,0.8556637648666376,0.8625413320736892,0.07748950426887447,0.00757125618749115,0.00012146131753483372,-1.1208883743987914,-18.088495738848863,ok
57996,Auwahi Wind Energy Hybrid,False,<1.5h,CS,11.0,36,36.0,False,1.1137283766553678,0.02530184268249583,0.230016751659053,0.03395197282601679,0.03213336083046618,0.02678774400067085,0.001818611995550605,0.016532836323187316,0.9132075471698113,0.9060263147931269,0.935782967032967,0.30730483663348496,0.05840459875914437,0.0065147697690721455,,,ok
57997,Foothills Solar Plant Hybrid,True,2.5-4.5h,CS,35.0,24,24.0,True,0.9354128087951742,0.4882986769464309,1.3951390769898027,0.5746823548662204,0.4310623645536107,0.3618551343887785,0.14361999031260975,0.41034282946459927,0.8132413918801926,0.8126949193084007,0.8148049879286641,0.33619315485057255,0.04939870702609647,0.14628528329518703,,,ok
58236,Marshalltown Generating Station,True,1.5-2.5h,CS,0.3,36,36.0,True,0.8933857333774541,-0.00011520626370852757,-0.038402087902842524,-0.00015340378813950812,-0.00041294797377408566,8.643931425326622e-05,0.00025954418563457754,0.08651472854485918,0.9009216589861752,0.907790956320368,0.9166666666666666,0.037763985054041216,0.01705204621960538,9.973291870711636e-05,-7.545642760668346,-169.88835121659517,ok
58256,Los Alamos PV Site,True,>4.5h,CS,1.8,2,,False,,,,,,,,,,0.3209359468836642,,,,,,,insufficient_history
58383,Hyder II Hybrid,True,2.5-4.5h,CS,14.0,24,24.0,True,0.9969996837449391,0.2685274424655996,1.9180531604685687,0.2309048871133788,0.19728431634670146,0.19904212979367278,0.03362057076667735,0.24014693404769533,0.8295992876224398,0.8285595132017677,0.8283399353613146,0.5063163392685202,0.04338324512499339,0.0565315301374781,-1.2733709191731788,-8.952896381505475,ok
58462,McCoy Solar Energy Project Hybrid,True,2.5-4.5h,CS,230.0,33,33.0,True,0.9281652061946533,0.6153964778355223,0.2675636860154445,0.6300638060583283,0.27353069522854057,0.5046859206896959,0.3565331108297878,0.1550143960129512,0.9076791956348769,0.8563373030190201,0.9105010340916673,0.09387048849100876,0.016754759626969713,0.34340353220480063,-2.6035277608001484,-151.50590357510322,ok
58585,Sierra Nevada Brewing Co Hybrid,True,1.5-2.5h,CS,0.5,29,29.0,True,0.8021800843254578,0.0003596695069417755,0.0719339013883551,0.00021758569049613972,0.00016684981017559515,0.0006034380525447508,5.0735880320544564e-05,0.010147176064108913,0.7823834196891192,0.6843765571496664,0.75,0.05041712862806558,0.09476458098341997,0.0003003994405949095,1.8298041938156688,-7.102778571725973,ok
58639,KRS I Anahola Solar Hybrid,True,<1.5h,CS,6.0,3,,False,,,,,,,,,,0.107380758500697,,,,,,,insufficient_history
59020,Gila Bend Hybrid,True,2.5-4.5h,CS,32.0,24,24.0,True,0.8421654037373587,0.07249405106170734,0.22654390956783543,0.20345377176573173,0.12592641481745354,0.07695262731962008,0.0775273569482782,0.24227299046336936,0.8253402937015173,0.8179165986386123,0.8270081446400985,0.9046426018746199,0.005477596167018824,0.005017989027250909,-9.444954408502076,-101.78338407858828,ok
59118,Cameron Wind 1 LLC,False,1.5-2.5h,CS,16.4,23,23.0,True,0.7600272380459135,0.008956312425415322,0.05461166113058123,-0.07158038818038147,0.0071099675458691745,0.005149432880991606,-0.07869035572625065,-0.47981924223323574,0.766145230993974,0.7432808232997415,0.7703549060542797,0.031708035507200916,0.053305442726426795,0.01080035631112689,1.1641395410613427,93.82561088935546,ok
59150,RE Mustang LLC,True,<1.5h,CS,75.0,36,36.0,True,0.8591595813154319,0.017245489612936423,0.022993986150581895,0.15512267727776757,0.0825812808663156,0.019687379931895593,0.07254139641145198,0.09672186188193597,0.8592705351814729,0.8577412167321982,0.8584255528469871,0.010080273114896676,0.005652800766977684,0.029308926393845032,-1.3948075197230387,-110.4700137482431,ok
59256,Vaca Dixon Battery Storage System,False,>4.5h,CS,2.0,10,10.0,True,0.7736545426451329,0.0678008129526838,3.3900406476341898,,0.05483787929051921,0.032937953938249456,,,0.47364280094413846,0.2994114754089889,0.4775808936825886,0.47985021092234326,0.338760710697631,0.024957511279654263,,,ok
59257,Yerba Buena,False,>4.5h,CS,4.0,15,15.0,True,0.6578581657747814,0.17231511352135068,4.307877838033767,0.15984485122492426,0.18526479267246418,,-0.025419941447539923,-0.635498536188498,0.46576663452266154,0.3547665853541736,0.4172661870503597,0.5199858633250485,0.22073717300044143,0.04591799747487495,,,insufficient_history
59444,Desert Star Hybrid,True,2.5-4.5h,CS,10.0,24,24.0,True,0.9309969480946377,0.14655013793046012,1.4655013793046012,0.13456853759275753,0.1015875025602302,0.0940210050282898,0.03298103503252732,0.3298103503252732,0.8269214068606165,0.8266653729901448,0.8269094562764573,0.2772465681292259,0.046999101283499864,0.05044717868934139,-7.309219632782655,-72.04175885487992,ok
59871,Desert Quartzite,True,<1.5h,CS,150.0,13,13.0,True,0.9819380959567404,2.062667396091285,1.3751115973941899,1.830709623006304,1.223897594116556,1.3152470566751646,0.6068120288897481,0.40454135259316537,0.8708791369345045,0.8635213218101185,0.8539048878735045,0.4450940552153875,0.05130310741235498,0.694411098157386,,,insufficient_history
59939,RE Tranquillity,True,2.5-4.5h,CS,72.0,36,36.0,True,0.9386580713580555,0.6457437596725173,0.8968663328784963,0.6370262125827033,0.6295379482865532,0.6589488924584102,0.007488264296150127,0.010400367077986288,0.8662532215767784,0.8601908535665403,0.8689660334707978,0.7456545091753154,0.01075592710260882,0.0646790982645193,-0.36222959929729265,-9.46385405837518,ok
59949,AES Warrior Run Energy Storage Project,False,<1.5h,BL,11.0,64,64.0,True,0.8358080168816934,0.042278907662262846,0.38435370602057134,0.0837482445931769,0.04133312453348272,0.050541100179299935,0.042415120059694174,0.3855920005426743,0.8094517891140727,0.8029126903844201,0.8096844050472093,0.5488933393185136,0.007613619976587436,0.004867697179120259,0.7260841559768986,16.99493590742361,ok
59957,Grand Ridge Battery Projects,True,<1.5h,CT,36.0,18,18.0,False,0.42023940088174483,-0.1429921479778489,-0.3972004110495803,-0.46627084915548045,-0.14975414815547608,,-0.3165167010000044,-0.8792130583333455,0.5122854561878952,0.21619212896117282,0.3584859823699039,0.006587743680730673,0.6608303070849593,0.43898391674006204,,,ok
59959,Elwood Energy Storage Center,False,<1.5h,CS,19.8,34,34.0,True,0.8043280134257443,0.07553056498709969,0.3814674999348469,0.10924709441325503,0.07435950266742496,0.09164454428385518,0.034887591745830074,0.1761999583122731,0.7480138246779479,0.675313123561375,0.6811121315253994,0.9385580197670428,0.019378355930703733,0.003416251094269553,-5.85503597809659,-29.1571856113167,ok
59960,Jake Energy Storage Center,False,<1.5h,CS,19.8,24,24.0,True,0.8250286417222582,0.0741118744123351,0.37430239602189447,0.08289380691578287,0.0672511864008576,0.07320502889030427,0.015642620514925265,0.07900313391376396,0.7152075508041992,0.5215458433708585,0.7169798588451981,0.9675902809059661,0.027341694067080872,0.002891800588495282,14.68231024907107,115.40762465434189,ok
59993,Babcock Solar Energy Center Hybrid,True,2.5-4.5h,CS,10.0,65,65.0,True,0.731294329816425,0.029432641845372823,0.2943264184537282,0.03858864981351935,0.0245120063405612,0.03102080622008585,0.014076643472958152,0.14076643472958153,0.7434477448396364,0.6131661543620404,0.7678571428571429,0.2818782788176334,0.05593045834073182,0.005918711850056514,-0.9905183859304851,23.34895561009781,ok
60014,Manatee Solar Energy Center,True,1.5-2.5h,CS,409.0,43,43.0,True,0.8190477455146773,1.6857550697090629,0.4121650537185973,2.188003316327977,1.3856496006525132,2.0706274434377385,0.8023537156754637,0.1961745026101378,0.6841563121071595,0.6041755439668409,0.6527777777777778,0.4749105560996304,0.09894396965366163,0.27683008008827764,8.184736455716974,-30.360737515114373,ok
60016,MESA 1,False,<1.5h,CS,2.0,6,,False,,,,,,,,,,0.694075729741911,,,,,,,insufficient_history
60061,Citrus Solar Energy Center Hybrid,True,2.5-4.5h,CS,4.0,82,82.0,True,0.8843011307123912,-0.0008276728689994484,-0.02069182172498621,-0.0026579342533369454,-0.0007460205192982461,0.002753897417280671,-0.0019119137340386993,-0.047797843350967484,0.9106040268456376,0.8846062105633491,0.9248918969731152,0.006874428904540819,0.02067736534155213,0.0011122374025940738,-2.9521015333438267,19.070317201407956,ok
60092,"Blythe Solar II, LLC",True,>4.5h,CS,115.0,57,57.0,True,0.9480133547013689,0.8033175061517268,0.6985369618710667,0.5434611558513405,0.8580800053650358,1.3647372908817568,-0.31461884951369534,-0.27358160827277855,0.889787996255256,0.8855429848936297,0.9038590604026846,0.26225197510736187,0.020697693286029755,0.18167724290176926,0.1409676110109897,-23.823827475749997,ok
60093,"Blythe Solar 110, LLC",True,>4.5h,CS,63.0,36,36.0,True,0.9231635697824907,0.3772376063428831,0.5987898513379097,0.6058192930294453,0.565817026588173,0.4048687547082211,0.04000226644127225,0.06349566101789246,0.8883017693303421,0.8876775981198769,0.8856839708231508,0.15111230627119632,0.018096454960246363,0.15333832817897627,3.283083315343828,79.34289531871306,ok
60094,"Blythe Solar III, LLC Hybrid",True,>4.5h,CS,115.0,51,51.0,True,0.9292955575427352,0.7110520596238787,0.6183061388033728,0.6358630667668639,0.8464612364489233,1.317364006352294,-0.21059816968205947,-0.18312884320179085,0.8820745287567173,0.876910287404107,0.8921353021258771,0.21174974912073585,0.021595392232807497,0.1959855108636321,-1.3006521655642511,-79.13709303191263,ok
60095,"Blythe Solar IV, LLC",True,<1.5h,CS,47.0,35,35.0,True,0.83787768279524,0.026572228241297246,0.05653665583254733,0.24921734965179232,0.28756832971191854,0.032907590743132445,-0.038350980060126216,-0.08159782991516216,0.8408640134350615,0.820038872205764,0.8453341013824884,0.0580269983862991,0.014637690970408623,0.018636964540823267,-3.1368437393766824,-142.64970338090473,ok
60123,Castle Gap Solar Hybrid,True,2.5-4.5h,CS,9.9,61,61.0,True,0.5700588824439203,-0.0684952300161189,-0.6918710102638272,-0.21879430663875282,-0.06546078607251793,-0.14227052133529747,-0.1533335205662349,-1.5488234400629786,0.5676755705473,0.6305396550494006,0.8529801324503311,0.03813425305103546,0.10624652220409624,0.044785139384740186,6.190873485076798,-68.03582960431291,ok
60231,Genentech-Oceanside Hybrid,True,<1.5h,CS,2.0,28,28.0,True,0.8008782755859111,0.0028782712845688186,0.14391356422844093,0.002024135575260589,0.002849991120287375,0.007350129113368113,-0.0008258555450267862,-0.04129277725133931,0.7982623437168892,0.7657621502336662,0.8,0.8154884947865623,0.011634860761671915,0.00026850220569591646,-0.6347236937131818,96.16048978189701,ok
60233,RE Garland,True,2.5-4.5h,CS,88.0,36,36.0,True,0.913879395371857,0.4250034878757505,0.4829585089497165,0.4347349357174398,0.28412629485372626,0.26733099861886006,0.15060864086371356,0.1711461827996745,0.8744080448567267,0.8690114775468765,0.8755480827843887,0.506991350411955,0.011262769231712232,0.07187535952112807,-0.8130407067317458,-18.115337557872774,ok
60297,Clinton Battery,False,<1.5h,CS,10.0,30,30.0,True,0.8243657100249681,0.03348443653099221,0.3348443653099221,0.03262193763488886,0.03061031889214797,0.03349237768130702,0.0020116187427408894,0.020116187427408894,0.7247354979934331,0.725200640643281,0.7292936991869918,0.3817113583312354,0.08789215046297755,0.00805363739293777,-9.627887624174344,20.29921130713501,ok
60316,Scott Solar Farm,True,<1.5h,CS,40.0,21,21.0,True,0.8188354828808176,0.01784238842635182,0.044605971065879546,0.046777420703318834,0.01914169991923163,0.04127005194580145,0.027635720784087204,0.06908930196021801,0.8010892998978781,0.7545290098642211,0.7958333333333333,0.3894883812010884,0.023061700324591122,0.0051247879783155,1.0212156458373831,74.9105073655055,ok
60390,Beech Ridge Energy Storage,True,<1.5h,CT,31.5,22,22.0,False,0.43691421114902623,-0.012277452967083128,-0.03897604116534326,-0.01243913842831984,-0.14393843860964994,0.4214238675417273,0.1314993001813301,0.4174580958137463,0.42195103966966524,0.2816406542882595,0.3786157788399941,0.029484150962300282,0.17985412096861658,0.015750715396378224,,,ok
60441,Salem Smart Power Center,True,<1.5h,BL,5.0,2,,False,,,,,,,,,,0.13565912529183974,,,,,,,insufficient_history
60467,Red Rock,True,2.5-4.5h,CS,41.0,12,12.0,True,0.9185416118091672,0.1434914957748896,0.3499792579875356,0.17943475104328785,0.16057012590909883,,0.018864625134189017,0.04601128081509517,0.8923465096719932,0.8299435910276952,0.8933412044769529,0.23322571639527145,0.018996761242246852,0.08227572432070432,,,insufficient_history
60491,Springbok 3 Solar Farm Hybrid,True,<1.5h,CT,1.5,10,10.0,True,0.8607025051670518,-0.0001511678830764688,-0.010077858871764588,,0.0007765884883729992,-0.0005082394504922735,,,0.8602941176470589,0.887734438984439,0.9,0.06143930411560039,0.05220704268471586,0.0002088923691502905,,,insufficient_history
60506,ETT Presidio NaS Battery,True,<1.5h,BL,4.0,45,45.0,True,0.8684418427188454,-0.0005021207123668165,-0.012553017809170411,-0.0004815526234304415,9.004298467916743e-05,-0.0032318357335155467,-0.0005715956081096089,-0.014289890202740223,0.8839137645107794,0.8842703636840678,0.8604651162790697,0.06734888385429438,0.02078622685170523,0.000284949772313023,1.3123049807802483,65.63913605794562,ok
60518,Stafford Hill Solar Hybrid,True,1.5-2.5h,CS,2.0,13,13.0,False,1.1512400778543503,-0.0019823389414135675,-0.09911694707067838,0.07435584117821664,0.006455446488011566,-0.00140129015710023,0.06790039469020508,3.395019734510254,2.457174638487208,0.7735400920522469,1.3035714285714286,0.042054571743257885,0.19724416871697645,0.0028526293550452607,,,insufficient_history
60546,KIUC Kapaia PV and BA Storage Project Hy,True,2.5-4.5h,CS,13.0,36,36.0,True,0.9067119129910699,0.04125637495764744,0.3173567304434418,0.03903227462124202,0.03731815766206697,0.04162368917663125,0.0017141169591750535,0.013185515070577336,0.886925017014292,0.8863499841906373,0.8868925332305206,0.1810407180413528,0.009387563889755559,0.015048549113348844,0.7352449443261673,35.965187961903816,ok
60562,GMP Solar - Panton Hybrid,True,2.5-4.5h,OT,1.0,71,71.0,False,1.6267033030375881,0.023260084685969816,2.3260084685969815,0.020849550245126018,0.02496286780812355,0.021651104001809415,-0.004113317562997532,-0.4113317562997532,1.1751615218951903,0.7686406808701398,1.5217391304347827,0.041304701398861665,0.16836303886418547,0.013490476867395238,5.683344141329418,32.39498222054804,ok
60565,Borrego Springs Energy Storage,True,2.5-4.5h,CS,1.5,21,21.0,True,0.6014072456812202,-0.0009011445526277009,-0.060076303508513396,0.0006936247483066431,-0.0008682793258824588,-0.00032477379895302786,0.001561904074189102,0.10412693827927347,0.625,0.6441996141775481,0.6086956521739131,0.5362882590780391,0.032869783548303236,0.00019223947103852264,,,ok
60566,Pala Energy Storage Yard,True,1.5-2.5h,CS,1.0,12,12.0,True,0.9292476344197769,0.08445054362209507,8.445054362209508,0.12739426628186346,0.10247670263893388,0.09513777085804104,0.024917563642929574,2.491756364292957,0.882727638460507,0.8798053033463417,0.8800809927931569,0.5101925964757555,0.019938740875577014,0.026166645221423784,,,insufficient_history
60567,Ortega Highway Energy Storage,True,2.5-4.5h,CS,2.0,6,,False,,,,,,,,,,0.630946830946831,,,,,,,insufficient_history
60568,Canyon Crest Academy,True,2.5-4.5h,CS,1.0,8,,False,,,,,,,,,,0.7307692307692307,,,,,,,insufficient_history
60569,El Cajon Energy Storage,False,2.5-4.5h,CS,7.5,83,83.0,True,0.9128111064383959,0.03276920152332499,0.4369226869776666,0.03451449481641927,0.03377280991620702,0.029898127429745014,0.0007416849002122514,0.009889132002830018,0.8619320564797986,0.8530117227199152,0.86,0.6352204856874858,0.00866493149126309,0.002759156423196937,0.6651541080385335,9.26782303791585,ok
60570,Escondido Energy Storage,False,2.5-4.5h,CS,30.0,68,68.0,True,0.9092809583221533,0.10811557357630724,0.3603852452543575,0.09186618979867428,0.1303631795340698,0.09125979824361076,-0.03849698973539553,-0.12832329911798512,0.878236295659195,0.8609427719732026,0.8788299995096394,0.6363667383982168,0.006432261837634654,0.010059915983045764,1.3010279504829685,18.96635645423392,ok
60607,CMEEC - Polaris Park Solar Hybrid,True,2.5-4.5h,CS,0.8,21,21.0,True,0.8111173756603263,0.0016292409854013813,0.20365512317517265,0.0034364500889775473,0.004391374536922247,-0.0003897270885448078,-0.0009549244479446998,-0.11936555599308747,0.762962962962963,0.5687063863863953,1.0,0.03344462448224916,0.2361706573964239,0.002009364542981144,,,ok
60609,CMEEC - Norwich Stott St Solar Hybrid,True,2.5-4.5h,CS,0.8,20,20.0,True,0.7044008249994548,-0.0003645790493153504,-0.04557238116441879,-0.0002758116687065741,0.000460317295059175,0.0034822948578751623,-0.000736128963765749,-0.09201612047071862,0.7435897435897436,0.7380547055103027,0.7596153846153846,0.03278817688498947,0.09505589397841466,0.0004667212976096557,,,insufficient_history
60641,Henrietta D Energy Storage LLC,False,2.5-4.5h,CS,10.0,18,18.0,True,0.8845186131202828,0.10351252590484777,1.0351252590484776,0.13366879664072115,0.09764166887602392,0.10204253877311054,0.03602712776469723,0.3602712776469723,0.8115349404943546,0.7599089854190374,0.8153349494196075,0.8982368343584235,0.012961889880101891,0.00871029349875324,,,ok
60649,Rabbit Hill Energy Storage Project,False,<1.5h,CS,9.9,31,31.0,True,0.9094209039892787,0.07918289719045944,0.7998272443480751,0.08978795086036323,0.08825658477263368,0.06266503626964014,0.001531366087729552,0.015468344320500524,0.6566583696328563,0.5794257397357934,0.6387434554973822,0.73525107783327,0.0702166990848449,0.008823312363413369,-4.2378393063175395,-13.70811986014673,ok
60654,Townsite Solar Project Hybrid,True,2.5-4.5h,CS,90.0,48,48.0,True,0.8449073341417299,-0.2422556991313511,-0.26917299903483455,0.15877073353388982,-0.15738121990350196,-0.1679664528669253,0.3161519534373918,0.3512799482637686,0.860895458896097,0.8619184742237594,0.8616535415286313,0.06714214160087717,0.013088260479670216,0.13313898118205042,0.5941127344793725,46.20367398276651,ok
60656,McHenry Battery Storage,False,<1.5h,CS,20.0,13,13.0,True,0.8984719048103316,0.05936145401681884,0.2968072700840942,0.07357117901627763,0.05786930510947689,0.08083263506343788,0.015701873906800744,0.07850936953400373,0.8859883590217581,0.8851041945658802,0.8879703534777651,0.33358863320608867,0.007506556634669935,0.025297276267385704,,,insufficient_history
60660,Willey Battery Utility,False,<1.5h,CS,6.0,33,33.0,True,0.8241185560438105,0.009604893241216312,0.16008155402027188,0.0029627212462934246,0.035366479108768584,0.030510041583080075,-0.03240375786247516,-0.5400626310412526,0.8207070707070707,0.8128744490765011,0.8280254777070064,0.18313912527069487,0.02435728673803246,0.0036433020225995817,0.46859804009176814,15.81602079349636,ok
60661,Mira Loma Energy Storage Facility,False,2.5-4.5h,CS,20.0,24,24.0,True,0.8806199270661379,0.05721744910346818,0.2860872455173409,0.05676475826216462,0.07998199120830814,0.1340883135470139,-0.023217232946143515,-0.11608616473071758,0.853671985387876,0.8332379097094066,0.8509251452199533,0.6698041071311289,0.018609723054508736,0.008565033815593268,4.836365279292018,115.50937924241695,ok
60690,"Blue Summit Storage, LLC",False,<1.5h,CS,30.0,84,84.0,True,0.8719498045384412,0.14760367190710574,0.49201223969035246,0.1429630886784748,0.1436058647792487,0.18027047966325754,-0.0006427761007739008,-0.002142587002579669,0.7991746508138058,0.7815531275140958,0.7903005261351939,0.7211903259586742,0.012161009693567672,0.010134893943834726,-2.8372294792507446,-25.50245290402075,ok
60698,Stanton Energy Reliability Center Hybrid,True,<1.5h,CS,20.0,33,33.0,False,0.4386325920209454,-0.00040986715382018447,-0.002049335769100922,-0.008752156120451179,-0.009699831233321717,-0.0007969710182331461,0.0009476751128705378,0.004738375564352689,0.4342560553633218,0.36110128153442844,0.41818181818181815,0.002235411624003647,0.1348558588513743,0.001555240509225873,,,ok
60760,PPA Grand,False,2.5-4.5h,BL,2.0,15,15.0,True,0.7897577140097038,0.011444661350018396,0.5722330675009198,0.011431410883681815,0.012041831197310138,0.016089707301819474,-0.0006104203136283234,-0.03052101568141617,0.684913217623498,0.5946452690565144,0.6097560975609756,0.8429058182883469,0.07079159006845957,0.001370319363281379,,,insufficient_history
60815,Hampshire College Hybrid,True,<1.5h,CS,1.0,25,25.0,True,0.6818409697806237,0.0014604773015403727,0.14604773015403727,0.0011095908913566098,0.00259685918178518,0.0030639421272501194,-0.0014872682904285704,-0.14872682904285706,0.6147186147186147,0.5150291523618331,0.6,0.29221156186225217,0.12021350634005422,0.00047395152814765215,-4.151638290314833,76.20026816164986,ok
60906,Mt. Tom Solar Project Hybrid,True,1.5-2.5h,CS,3.1,29,29.0,True,0.8514816123025354,0.016079771254693877,0.5187022985385121,0.015808104615029874,0.015867493874665482,0.01908459446972656,-5.938925963560812e-05,-0.0019157825688905844,0.6477104874446086,0.5774503916357274,0.625,0.8208191026772209,0.05066975189218085,0.0014458395828789703,-9.404869911661567,-41.76575504649695,ok
60959,Chocksett Rd Energy Storage Project,True,1.5-2.5h,CS,2.0,24,24.0,True,0.6114414139690132,0.005309434692849016,0.2654717346424508,0.005298453919717838,0.007426181949685037,0.010295429908375998,-0.0021277280299671986,-0.10638640149835993,0.5376,0.5093736331740821,0.5192307692307692,0.11397173102547176,0.21137912215136948,0.003156182880251692,,,ok
60974,Glendale Battery Energy Storage System,True,<1.5h,CS,2.0,1,,False,,,,,,,,,,1.0,,,,,,,insufficient_history
60996,Iron Horse Battery Storage Hybrid,True,<1.5h,CS,10.0,12,12.0,True,0.8286944865457395,0.06695372915176392,0.6695372915176393,0.072100972723235,0.06532923222644463,0.060019603131016765,0.006771740496790371,0.06771740496790371,0.5290123456790123,0.5262279875813155,0.5376313813813813,0.7930088575462307,0.1153361823798882,0.010817119631334861,,,insufficient_history
61068,AES Lawai Solar Hybrid,True,>4.5h,CS,20.0,70,70.0,True,0.9944218325210277,0.020298300544463625,0.10149150272231813,0.0032110604113894693,0.02079343130059884,0.016978409492411337,-0.01758237088920937,-0.08791185444604685,0.9734805135354461,0.9719475676792981,0.9782852919004696,0.5901878050329531,0.0063507584131392856,0.00205117420038964,-0.23916532163418155,-5.108335106539482,ok
61098,Battle Mountain Solar Project,True,<1.5h,CS,25.0,54,54.0,True,0.9280100855522927,-0.004017288886702368,-0.01606915554680947,-0.004679523591569904,-0.015377806468950393,0.04274108133643746,0.01069828287738049,0.04279313150952196,0.9288422503925549,0.9185467057935695,0.94161499099695,0.0016558970977708087,0.01102121128410486,0.013679015684473309,-0.6307741032633871,6.955937942933317,ok
61107,Vanadium Redox Flow Battery Plant,True,2.5-4.5h,CS,2.0,23,23.0,True,0.6876602917140875,0.12072714568274572,6.036357284137286,0.11246011395575836,0.12327718795157416,0.11696383587125526,-0.010817073995815801,-0.54085369979079,0.4873864783047427,0.39402095396438863,0.5043731778425656,0.8556781984366048,0.06627272898531583,0.010819470890919483,2.420254106009061,19.397611340653658,ok
61168,"Eland Solar & Storage Center, Phase 1 Hy",True,2.5-4.5h,CS,150.0,14,14.0,True,0.9169052200995254,0.7971387143557377,0.5314258095704918,1.2127073881903447,0.8948306009438841,1.0533918919447258,0.3178767872464606,0.21191785816430708,0.8818800247371676,0.879580501308305,0.8824378539197413,0.7081425983600314,0.009416816700226167,0.14772985603572983,,,insufficient_history
61169,"Eland Solar & Storage Center, Phase 2 Hy",True,2.5-4.5h,CS,150.0,6,,False,,,,,,,,,,0.8928386986879316,,,,,,,insufficient_history
61186,Boston Medical Center CHP Plant,False,<1.5h,CS,1.0,20,20.0,True,0.697492246742211,0.0005436954376452257,0.05436954376452257,0.0005998704314273103,0.0003757485239857493,,0.000224121907441561,0.0224121907441561,0.7381974248927039,0.6014115884115884,0.6761363636363636,0.11412948871590611,0.10319885723569014,0.0003570307505510569,,,ok
61197,Pima Energy Storage System,True,<1.5h,CS,10.0,8,,False,,,,,,,,,,0.14559381175069222,,,,,,,insufficient_history
61204,"AES ES Alamitos, LLC",False,2.5-4.5h,BL,100.0,60,60.0,True,0.9455165239692912,0.9962720087407377,0.9962720087407377,1.005820500578665,0.9304947004599455,0.9798224273419202,0.07532580011871937,0.07532580011871937,0.8777884673693389,0.8735013423577686,0.879906060682003,0.4943418101616972,0.012225675316467897,0.1323057694409657,-0.19588678640714577,-3.1301123796724784,ok
61334,Volkman Road Solar Array Hybrid,True,>4.5h,CT,1.0,22,22.0,True,0.9028657909494526,-0.0001694113741592907,-0.016941137415929067,-0.00030992824179410596,-0.000185489241220812,0.0009138759430912144,-0.00012443900057329397,-0.012443900057329397,0.9104477611940298,0.920496879755412,0.9186431329288473,0.08464167136954304,0.019870010251088775,0.00012457503584756833,-0.34360301569206864,-84.53563672349401,ok
61365,Fallbrook Energy Storage,False,<1.5h,CS,40.0,30,30.0,True,0.8329299128899332,0.20465514576064534,0.5116378644016133,0.19475740330189606,0.24069178277651335,0.24155683210261925,-0.04593437947461729,-0.11483594868654322,0.8018840530199508,0.7967604225579437,0.7978750419694439,0.4621681465705786,0.013049521544880182,0.04172217191503364,1.3266158094517235,16.2925592313493,ok
61366,Top Gun Energy Storage,False,2.5-4.5h,CS,30.0,53,53.0,True,0.9090481509269153,0.28396262372990694,0.9465420790996899,0.2848458407762466,0.29235010248565546,0.2693363731213963,-0.007504261709408877,-0.025014205698029587,0.8299286299286299,0.8061656905147785,0.8244766505636071,0.5487791863821471,0.0168555091696335,0.03605552624382302,0.08399089257582233,-4.8993737035592035,ok
61431,Beacon BESS 1,True,<1.5h,CS,20.0,76,76.0,True,0.7497740825805426,0.06368659275805076,0.3184329637902538,0.07309929286299384,0.04963013672340154,0.0233584762149629,0.0234691561395923,0.1173457806979615,0.6453249577192559,0.6396260007953699,0.6638711114236819,0.2241168621211881,0.05394154630747613,0.013775045593053332,-4.975713988000316,-23.402186148921224,ok
61552,Fort Detrick Solar PV,True,<1.5h,CS,6.0,20,20.0,True,0.8503537815753076,0.000789153038335617,0.01315255063892695,0.028048444134797533,0.004111992849725392,,0.02393645128507214,0.39894085475120233,0.8519447929736512,0.8500253601745292,0.8549891774891775,0.0011854945818787765,0.015143210974086036,0.00539905328994479,,,insufficient_history
61661,Vista Energy Storage System,False,<1.5h,BL,40.0,84,84.0,True,0.942018699963208,0.27937818987306967,0.6984454746826743,0.27500225656782246,0.30672605442101797,0.2737573684939276,-0.03172379785319551,-0.07930949463298878,0.8549439527079299,0.8426816609109096,0.8407488927394073,0.5486620225134464,0.014268239032571748,0.027982342124072367,0.8081883461231228,16.13172823739394,ok
61667,Wimauma Solar and Battery Storage,True,1.5-2.5h,CS,40.0,8,,False,,,,,,,,,,0.7113556819616156,,,,,,,insufficient_history
61678,Pinal Central Energy Center Hybrid,True,2.5-4.5h,CS,10.0,84,84.0,False,1.0231973043676668,0.2610913427424112,2.6109134274241117,0.3630001179882639,0.2943113153398648,0.2809281346107299,0.0686888026483991,0.686888026483991,0.8752347633953231,0.8728403186838588,0.8598349543811328,0.08848263482756469,0.06258240452157036,0.09254202439830071,-1.5434489520539338,-29.21060455677135,ok
61721,Baldwin (CA),True,>4.5h,CS,1.0,72,72.0,True,0.8783722445257017,-0.00021785450252717104,-0.021785450252717106,-8.889621032868078e-06,-0.00037531631528642446,-0.0001894286345410433,0.0003664266942535564,0.036642669425355635,0.8812699605485629,0.890768343460626,0.8808735414695679,0.11163263328483508,0.00908881879456821,7.345447074336617e-05,-1.3204014140769231,-58.40174664681545,ok
61722,HEBT Irvine 1,False,>4.5h,CS,5.5,36,36.0,True,0.8560022433404636,-0.0014965146817406526,-0.027209357849830047,-0.001386153273031219,-0.0015103844650483438,-0.0024299526234191934,0.0001242311920171249,0.002258748945765907,0.8530273931062368,0.864731098299567,0.8793987621573829,0.1537858061397801,0.00691007453439349,0.0006020375080110158,-4.030470389635949,-146.1579622264035,ok
61723,HEBT Irvine 2,False,>4.5h,CS,5.8,36,36.0,True,0.8609065399646447,-0.0004298669840563675,-0.007411499725109784,-0.0003636871242225664,-0.0009024976291476685,-0.0016280987825346759,0.0005388105049251021,0.009289836291812105,0.8574009138242482,0.8636372875204684,0.8787002977754423,0.020379267883371854,0.006204236324549461,0.0005111275928732416,-2.512095971855285,-24.543737913783584,ok
61730,MA Solar Storage 1 Hybrid,True,1.5-2.5h,CS,1.0,36,36.0,True,0.9319727165624808,-0.00018914809661811115,-0.018914809661811114,-0.00017872856287807254,-0.00015196675542707798,0.0006092163235674219,-2.676180745099456e-05,-0.002676180745099456,0.9437609841827768,0.951131164427948,0.956439393939394,0.13612790903466676,0.0118750418961798,8.171723282557679e-05,1.2672978465843097,-74.27555952810803,ok
61737,Navy Yard Peaker Station,True,<1.5h,CS,6.2,12,12.0,True,0.9197078342669692,-0.00927063907300584,-0.14952643666138452,0.006401457848800819,0.0018475853644666922,-0.003903256695369466,0.004553872484334127,0.07344955619893753,0.9285797779076563,0.9287783481905506,0.9293162689111443,0.07261645872620226,0.012157943800749282,0.010476635452684768,,,insufficient_history
61741,Kingsberry Energy Storage System,True,1.5-2.5h,CS,1.5,2,,False,,,,,,,,,,0.585,,,,,,,insufficient_history
61763,Sunshine Gateway Solar Energy Center,True,2.5-4.5h,CS,30.0,45,45.0,True,0.8779542284716606,0.13999901362387285,0.46666337874624286,0.2998904218284029,0.10291406449423514,0.12000349085538506,0.1969763573341678,0.6565878577805593,0.7991267226759712,0.7924056012249412,0.8174216027874565,0.27873106398104186,0.04580417173433189,0.03434366789351915,-0.4313341576428246,-7.069277751861771,ok
61795,Pacific Union College BESS,True,1.5-2.5h,CS,1.0,12,12.0,True,0.5901023503694296,0.001928957253687005,0.1928957253687005,0.0039789860491870645,0.0032439803228032425,0.00227418141704143,0.000735005726383822,0.0735005726383822,0.5045045045045045,0.37843243712808927,0.458041958041958,0.04934146401259809,0.4956090077065823,0.0026774962055312085,,,insufficient_history
61801,"Cascade Energy Storage, LLC",False,2.5-4.5h,CS,25.0,14,14.0,True,0.9495810230811547,0.4176993331819093,1.6707973327276373,0.4130299173356161,0.5054435540608176,,-0.09241363672520153,-0.3696545469008061,0.8409745175391833,0.8380953465563283,0.8386808488568613,0.35930981615017,0.05740975700841326,0.16101363438215835,,,insufficient_history
61803,"Sierra Energy Storage, LLC",False,2.5-4.5h,CS,10.0,4,,False,,,,,,,,,,0.9019588762497734,,,,,,,insufficient_history
61861,AES ES GILBERT,True,2.5-4.5h,BL,10.0,39,39.0,True,0.8725812553973546,0.017087946998201594,0.17087946998201592,0.017961290147361003,0.04619334287515999,0.01859752838689852,-0.02823205272779899,-0.2823205272779899,0.863692795068282,0.862591112772534,0.8584544758990054,0.19363153651435228,0.010189878825785727,0.0057328126303670375,-6.061221364445819,-121.89319283342961,ok
61891,"Stryker 22, L.L.C.",False,<1.5h,CS,19.8,83,83.0,True,0.8843831001591755,0.08776711067162646,0.4432682357152851,0.12623040677883382,0.09258596278840059,0.06571722545569178,0.03364444399043323,0.16992143429511733,0.8689722549151386,0.8685278056491156,0.8675373134328358,0.16247142950672033,0.005350342382014056,0.02214117205073526,0.10758138292227303,10.846069442302658,ok
61892,Plumsted 537 LLC,False,<1.5h,CS,19.8,82,82.0,True,0.8778072364121164,0.009868263888646669,0.04983971660932661,0.010801850554699366,-0.023974324256422982,-0.04180287470941709,0.03477617481112235,0.17563724652081994,0.8757703204462668,0.8761204382355496,0.8719042274281639,0.00650550380297743,0.0044675433915099625,0.01363446263948579,-0.05518433917264746,-17.01443921498828,ok
61901,Redstone Arsenal Hybrid,True,1.5-2.5h,CS,1.0,10,10.0,True,0.8677956632120573,0.0012578697653028814,0.12578697653028814,-0.0002594759504308913,0.0005712314752062929,,-0.0008307074256371841,-0.08307074256371841,0.8480801335559266,0.8145791704306957,0.8435193519351936,0.9849240876945239,0.011761431632857255,5.502133285978688e-05,,,insufficient_history
61909,Parkview Battery,False,<1.5h,CS,1.1,9,,False,,,,,,,,,,0.39607878504937327,,,,,,,insufficient_history
61923,ACUA,False,<1.5h,CS,1.0,30,30.0,True,0.7968605411510356,0.003047673067291358,0.3047673067291358,0.01761475637745943,0.014637454369626142,0.0023929260565965778,0.002977302007833289,0.2977302007833289,0.8664627930682977,0.7869640922145006,0.8942728219368274,0.11267957595111677,0.06309237421049244,0.001616244271262646,17.65976869556783,5.495324803342005,ok
61925,Casa Mesa Wind Energy Center Hybrid,False,<1.5h,CS,1.0,73,73.0,True,0.6998438709444471,0.003144704514421705,0.31447045144217045,0.004583617756653828,0.0025498349119228614,0.0033919142756083584,0.0020337828447309666,0.20337828447309667,0.6499261447562777,0.6270717071960681,0.6363636363636364,0.28411580232971023,0.043349767010549795,0.0005924127037109442,1.6812195526696005,33.930298444655435,ok
61956,MCRD Parris Island PV Hybrid,True,1.5-2.5h,CS,4.0,34,34.0,True,0.7714133691893322,0.00502362154341459,0.12559053858536476,0.013620640665331496,0.011789106826321949,0.001861486490898301,0.0018315338390095474,0.04578834597523868,0.7689289917614751,0.7073281243517529,0.7541208791208791,0.22417640869825817,0.06300487843620492,0.001652070065278238,-2.0606588294841304,-7.278124550123974,ok
61995,UC Merced Solar Hybrid,True,1.5-2.5h,CS,0.5,19,19.0,True,0.8232010861535644,0.005576014317598251,1.1152028635196503,0.005087959001397533,0.005404209965602096,0.004257221345206768,-0.0003162509642045631,-0.06325019284091263,0.609271523178808,0.6233115468409586,0.625,0.3152394688244674,0.18030629714209126,0.00199318902005034,,,insufficient_history
62147,KCE NY 1,False,<1.5h,CS,20.0,34,34.0,True,0.8733827094409337,-0.02596378788288556,-0.1298189394144278,-0.02586692976043798,-0.023820986803122838,-0.029719915561811198,-0.0020459429573151423,-0.010229714786575712,0.881169148820524,0.8816159434048242,0.88276989888386,0.03254525620037663,0.010439655698087701,0.02502445023108791,-0.3347280265816184,29.353556293612254,ok
62175,Diablo Energy Storage,False,2.5-4.5h,CS,200.0,45,45.0,True,0.8602799075374028,0.44396208894980077,0.22198104447490036,1.3097010707857897,-0.09526151925309814,0.07947887313976182,1.4049625900388878,0.7024812950194439,0.8473926179841254,0.845358769737513,0.8481085892300846,0.043362393155075285,0.017543835522095593,0.31800120220568384,-3.554471936835071,-40.90730571139008,ok
62219,Ashburnham Energy Storage Project,True,<1.5h,CT,3.0,36,36.0,True,0.9208285562904356,0.003302513171295333,0.1100837723765111,0.006863108457039817,0.0018558261922143717,0.007010125400603675,0.0050072822648254455,0.16690940882751484,0.8648648648648649,0.8424993118340466,0.84026369168357,0.12027311160992193,0.06416751986466587,0.001531774232362703,-4.958398029428281,-116.53107176082267,ok
62235,Lone Star Solar,True,2.5-4.5h,CS,66.0,13,13.0,True,0.9680343880491371,0.09654261027697876,0.1462766822378466,0.08664787781442801,0.059600006218530815,0.14605857426176155,0.027047871595897194,0.04098162363014726,0.9312148808370471,0.928092531597782,0.9345258184272697,0.38250549273700796,0.018532717576291713,0.03698455569311367,,,insufficient_history
62248,Arrow Canyon Solar Hybrid,True,>4.5h,CS,75.0,25,25.0,True,0.8266930389609392,-0.8143004775493483,-1.0857339700657977,-0.2588740558642857,-0.93945920514253,-0.7255078784451205,0.6805851492782443,0.9074468657043258,0.8784844316409598,0.8818160228455985,0.8792436235708003,0.12018587362644217,0.04250398277886745,0.45939844889784304,15.629641828357446,224.67371754149767,ok
62257,Station 9 Energy Storage System,False,1.5-2.5h,CS,2.0,36,36.0,True,0.9340343934587781,0.006894557149643727,0.3447278574821864,0.0083832796510899,0.0065614664420062495,0.011624110373815067,0.00182181320908365,0.0910906604541825,0.782312925170068,0.7590780510968913,0.75,0.4042685645151094,0.071426347000453,0.001435347938532173,0.21588030065496291,-96.20591239110755,ok
62373,I25 Battery Storage,False,2.5-4.5h,CS,4.0,61,61.0,True,0.840709177195895,0.010407297655362954,0.26018244138407387,0.008553282639373352,0.011757868301296165,0.028407557541216728,-0.003204585661922813,-0.08011464154807033,0.8712586122510447,0.7392805426930104,0.8356164383561644,0.23283896671639803,0.04325833625327127,0.002459390018295461,-3.2549489164167644,92.82853114745767,ok
62381,GMP Solar/Storage-Milton Hybrid,True,2.5-4.5h,OT,2.0,61,61.0,False,2.312997132240143,-0.0011563150688007713,-0.057815753440038566,-0.009826648419402754,-0.005353760377550605,0.03195545461207892,-0.004472888041852149,-0.22364440209260744,2.4109778597785976,0.6203047035182452,6.833333333333333,0.0001543267403188997,0.14211148595110717,0.012117026946296565,,,ok
62382,GMP Solar/Storage-Ferrisburgh Hybrid,True,2.5-4.5h,OT,2.0,60,60.0,False,2.15802781747535,-0.01274726312064824,-0.637363156032412,-0.012335933612557089,-0.0137923956348731,-0.010400098755320481,0.0014564620223160105,0.07282310111580052,2.2658227848101267,0.6266815188574385,9.299107142857142,0.051875037423639636,0.08890597037943575,0.007155772627217091,,,ok
62383,GMP Solar/Storage-Essex Hybrid,True,2.5-4.5h,OT,2.0,60,60.0,False,1.5696012599144373,-0.017249900134187153,-0.8624950067093576,-0.02227599673843196,-0.01885359632841513,0.027641195427288108,-0.003422400410016832,-0.1711200205008416,2.410226385636222,0.6222557854088248,4.851398601398602,0.03191253573088659,0.14315127768502228,0.012475249197354191,,,ok
62441,Kearny Mesa Storage LLC,True,<1.5h,CS,1.0,24,24.0,True,0.9392751374126445,0.001309413422329605,0.1309413422329605,0.0027030173386674056,0.00041913935259655174,0.0009600686135968081,0.002283877986070854,0.2283877986070854,0.9228464419475655,0.9230956957546993,0.9294019933554818,0.022855269000419343,0.02873165075587831,0.001825373438381725,6.004019128393421,291.75643682851313,ok
62444,Meyersdale Battery,True,<1.5h,CT,18.0,79,79.0,True,0.8614478002018583,0.05054149342417899,0.28078607457877214,0.32878450310599694,0.15761686016613732,0.05367424720372395,0.17116764293985962,0.9509313496658867,0.8554205942011693,0.8243085335422957,0.8574859887910328,0.1681989972381277,0.013964338027402962,0.012808572373801112,0.27323434139312147,18.721171639721764,ok
62490,Echo River Solar,True,2.5-4.5h,CS,30.0,33,33.0,True,0.8894498494750066,0.09480179162928173,0.3160059720976058,0.0657611648269373,0.09514903656275778,0.045963644638506405,-0.029387871735820484,-0.09795957245273496,0.8291326601189652,0.7777951595266568,0.8341044282881692,0.571563446981882,0.02721462235961717,0.01474167162750047,-4.543962521093685,-79.56199396229543,ok
62494,Skeleton Creek Energy Center Hybrid,True,2.5-4.5h,CS,252.0,2,,False,,,,,,,,,,0.8285363944817179,,,,,,,insufficient_history
62497,Orange County Energy Storage 2,False,2.5-4.5h,CS,9.0,7,,False,,,,,,,,,,0.8093301571178765,,,,,,,insufficient_history
62499,Orange County Energy Storage 3,False,2.5-4.5h,CS,6.0,7,,False,,,,,,,,,,0.8448506290947169,,,,,,,insufficient_history
62541,Lake Placid Solar Power Plant,True,1.5-2.5h,CS,17.3,32,32.0,True,0.9329865331188882,0.007277330597664399,0.04206549478418728,0.0002244818520196921,0.00239832118341735,0.007746116355928069,-0.002173839331397658,-0.012565545268194554,0.9191159181754056,0.9000908871426407,0.9125100563153661,0.36260950207166653,0.013095219396721251,0.0017615488024573973,-1.499807194914109,-86.42191993851279,ok
62561,"Roadrunner, LLC Hybrid",True,1.5-2.5h,CS,63.3,9,,False,,,,,,,,,,0.752201986949014,,,,,,,insufficient_history
62562,"High Lonesome Wind Power, LLC Hybrid",False,<1.5h,CS,63.3,13,13.0,True,0.8639798047182689,0.255185379207332,0.4031364600431785,0.1749466199609398,-0.029865228564987228,-0.04607326920337863,0.20481184852592701,0.3235574226317962,0.7752100840336135,0.769065560242603,0.7761627906976745,0.297765905882184,0.07644064429742214,0.11815794144468961,,,insufficient_history
62564,Elkhorn Battery Energy Storage System,False,2.5-4.5h,CS,182.5,32,32.0,True,0.8769885433426212,0.38381036618447084,0.2103070499640936,0.3850961404709853,0.5536990520010204,0.19365669075073363,-0.16860291153003515,-0.09238515700275898,0.8565705489124819,0.8319808989158369,0.8585147820227438,0.8024130286953489,0.007432143514455085,0.03477252589177664,-1.8847598387690165,-97.43085715793403,ok
62585,Beebe Substation Battery Storage,False,<1.5h,CT,3.0,34,34.0,True,0.9757011052421852,0.005091193144907059,0.16970643816356865,0.0060198857566294214,0.0047651129816236055,0.006751198961414098,0.001254772775005816,0.041825759166860536,0.8631256384065373,0.8319707219647838,0.8544973544973544,0.28897182497910034,0.06299156214339814,0.0014117579396028053,,,ok
62604,Outer Cape Community Battery,False,1.5-2.5h,BL,25.0,31,31.0,True,0.8886319417057783,0.002040908119994988,0.008163632479979952,0.000915488873002795,0.0009753786186728323,0.011761179622994762,-5.988974567003736e-05,-0.00023955898268014945,0.8888311688311689,0.7960619938856717,0.9242424242424242,0.08261641734239722,0.06274064204470094,0.0012628935860898036,,,ok
62609,Commerce ESS,False,<1.5h,CS,10.0,71,71.0,True,0.9634088178111744,0.0947583654496125,0.9475836544961249,0.11012779331313907,0.09929804707028998,0.09175142048219907,0.01082974624284909,0.10829746242849089,0.668036103330221,0.6496701364911551,0.670995670995671,0.7706069519238664,0.03361956366443775,0.006223958383432374,-2.6406297254342634,-28.706953660104357,ok
62644,Minuteman Energy Storage,False,1.5-2.5h,CS,5.0,80,80.0,True,0.8672447609323717,0.010084411849663601,0.201688236993272,0.009702709485150153,0.010188843718610471,0.010496475306829322,-0.00048613423346031796,-0.00972268466920636,0.7648093841642228,0.7596674907920216,0.7698612862547289,0.2936463543400133,0.03734588395726766,0.001770932717608634,-3.272905549298679,-16.008312499357533,ok
62652,Happy Hollow CSG Hybrid,True,1.5-2.5h,CS,3.3,24,24.0,True,0.9277233627382988,0.015025334671118702,0.45531317185208187,0.014944945286572274,0.013661283354743857,0.014793174922445841,0.0012836619318284167,0.03889884641904293,0.8471400394477318,0.841693059920838,0.8469982078853047,0.9054552219233368,0.00816581165883278,0.0010351376339235968,0.6643450990062684,6.304620043150806,ok
62682,Noland Wastewater Treatment Plant Hybrid,True,1.5-2.5h,BL,6.0,35,35.0,True,0.642318154584921,0.0012490573270034163,0.020817622116723604,0.002816160277107398,0.001462713749065899,,0.001353446528041499,0.022557442134024986,0.6728714236470182,0.5655646319336836,0.6486486486486487,0.04218424878548921,0.09126622771240026,0.0010360750820652095,2.460106769052012,-286.06483962128925,ok
62683,Westside Wastewater Treatment Plant Hybr,True,1.5-2.5h,BL,6.0,31,31.0,True,0.695194767152294,0.002299282358587613,0.03832137264312688,0.005030059202306218,0.002832911661055289,,0.0021971475412509286,0.03661912568751548,0.7042494859492803,0.6212162524987123,0.6893939393939394,0.04925897944487434,0.11160432841853613,0.001875779215999714,,,ok
62695,CED Northampton Solar LLC Hybrid,True,1.5-2.5h,CS,2.3,24,24.0,True,0.8786998984035125,0.0008707884736921736,0.03786036842139886,-0.0062654254195276225,0.0006179667505808005,-0.007361444525585178,-0.006883392170108423,-0.2992779204394967,0.8890258939580764,0.8743390737126129,0.8888888888888888,0.0896523523057261,0.05074848985905015,0.0005915944949242835,-4.057857925227932,-100.5053017593442,ok
62714,Eyak Service Center BESS,False,<1.5h,CS,1.0,28,28.0,True,0.58821611523655,0.0010685772107878455,0.10685772107878455,0.0006668882487949682,0.0010341420689665125,0.0030471153093899416,-0.0003672538201715443,-0.03672538201715443,0.606280193236715,0.48517987187830675,0.5147058823529411,0.12881997408460488,0.11358854468712326,0.0005449812804155632,-10.132765867579913,-137.01290839205106,ok
62733,East Hampton Energy Storage Center,False,>4.5h,BL,5.0,11,11.0,True,0.9462241234026814,0.016415760077428565,0.3283152015485713,0.015856852982394323,0.016397156534247396,,-0.0005403035518530726,-0.010806071037061452,0.9300199642744562,0.8359200088835491,0.9302134646962233,0.803746095097665,0.01663396001819898,0.002703892721743539,,,ok
62734,Montauk Energy Storage Center,False,>4.5h,BL,5.0,14,14.0,True,0.9170981190751849,0.060909469115811056,1.218189382316221,0.08900041793196176,,,,,0.870879562630648,0.7906345731365467,0.8739070150763066,0.0949635068193454,0.054406992374208325,0.05428112811101865,,,ok
62745,Wheatridge Hybrid,True,2.5-4.5h,CS,30.0,45,45.0,True,0.7440622921343707,0.024342292505648996,0.08114097501882998,-0.5866456862239564,-0.10768717021034588,-0.04071710699199546,-0.4789585160136105,-1.5965283867120352,0.7485923105467804,0.7794342832564403,0.7783783783783784,0.00022064476943672862,0.11874351021228463,0.24988058440492347,-10.5602021598993,22.33715126992802,ok
62753,Prospect Storage,True,<1.5h,CS,9.9,54,54.0,False,1.2940100489684352,0.03806293104125701,0.384474050921788,0.039993089201772566,0.04027342661993148,0.03518104636969361,-0.0002803374181589158,-0.002831691092514301,0.5450130743369443,0.48046991834286756,0.4891252955082742,0.7473573426065435,0.10772354629718961,0.0030689495122899484,-1.1118036016685664,11.188857483937559,ok
62754,San Diego International Airport BESS,False,1.5-2.5h,CS,2.0,7,,False,,,,,,,,,,0.8627093798920473,,,,,,,insufficient_history
62801,Vallecito,False,<1.5h,CS,10.0,24,24.0,True,0.8812076768346803,0.05159754404101424,0.5159754404101424,0.06370716082576337,0.05741096546327862,0.052713344288539785,0.006296195362484755,0.06296195362484755,0.8503985521198352,0.8480864793087558,0.8502432134326818,0.4720036268236666,0.011160577750532905,0.011634842049128886,-4.100745337119397,-70.56984343682008,ok
62835,Acushnet Ball Plant 2,False,1.5-2.5h,CS,1.5,22,22.0,True,0.7531648925308347,-0.0012365320943879521,-0.08243547295919681,-0.0009241260417471829,-0.0012628876441341435,-0.001709507665903707,0.00033876160238696055,0.022584106825797368,0.7542972699696663,0.8105137611135067,0.7850574712643679,0.3489340857325409,0.03463662115754298,0.00037768625225989555,6.122538926928459,-110.59048319151916,ok
62839,98th Street Battery Storage Station,True,>4.5h,CS,2.0,10,10.0,True,0.7819526254808778,0.009545900376667244,0.4772950188333622,-0.004913434515278346,,0.007923436919050517,,,0.7146643109540636,0.4642069898910444,0.7342761075949367,0.677671241602327,0.0985394431777251,0.0023276190550494567,,,ok
62844,Cranberry Point Energy Storage,False,1.5-2.5h,CS,150.0,8,,False,,,,,,,,,,0.8436906954334661,,,,,,,insufficient_history
62856,Marengo Battery Storage LLC,True,<1.5h,CS,20.0,21,21.0,True,0.8351421194980528,-0.0717286450844171,-0.35864322542208554,-0.05476595682161001,-0.0710752758008327,-0.009387899460123307,0.016309318979222692,0.08154659489611346,0.8579123365571374,0.8553233672240832,0.8567134268537074,0.9628880261834665,0.006879417190374948,0.00323061317839024,,,ok
62862,Nabb Battery Energy Storage System,False,<1.5h,CS,5.0,15,15.0,True,0.8689665060436357,-0.0009302744988349722,-0.018605489976699443,-0.0007381696372389295,0.004503137277058975,-0.00015070316474517412,-0.005241306914297904,-0.10482613828595808,0.8814762242725337,0.8346367042629522,0.891566265060241,0.05348284975801543,0.01849263977382288,0.0010854164859598523,,,insufficient_history
62874,Acorn I Energy Storage LLC,False,2.5-4.5h,CS,2.0,36,36.0,True,0.8943866608020633,-0.00037964700276820325,-0.018982350138410164,0.01248621617709195,0.007985017456784064,-0.0004037757321952886,0.004501198720307886,0.22505993601539429,0.9068241469816273,0.9002346740221809,0.9226661730363958,0.00503899912922845,0.014395814656019667,0.00091489531673757,-5.558603597515989,-123.02317341452897,ok
62875,Wildcat I Energy Storage LLC,False,2.5-4.5h,CS,3.0,36,36.0,True,0.9971191108652414,0.019731074332241076,0.6577024777413693,0.019081326551461948,0.023175851942916315,0.019440606227464855,-0.004094525391454367,-0.13648417971514556,0.9050377391609619,0.8936868330668353,0.9161592505854801,0.7226033037345534,0.013579473045475651,0.002096582444498103,0.3495130431144295,102.74534019605592,ok
62889,Hecate Energy Johanna Facility,False,2.5-4.5h,CS,20.0,24,24.0,True,0.9556417556257352,0.2812544096416289,1.4062720482081446,0.25822545528334906,0.2049950007309172,0.266718580779363,0.05323045455243186,0.2661522727621593,0.8577302460803655,0.8570273404846825,0.858492837520631,0.2584046514333771,0.04394107647100628,0.1015830702796314,,,ok
62907,Hinesburg,False,<1.5h,CS,1.9,34,34.0,True,0.8789278543651301,0.0027265053470309593,0.14350028142268206,0.004941688043896837,0.010051351269071194,0.03399191504333756,-0.005109663225174357,-0.26892964343022935,0.8731196860693263,0.8724309226381785,0.88183963832192,0.013308026859040645,0.029574472166351565,0.0041501646588829825,5.056943468295804,143.96470205785232,ok
62908,Anoka BESS,False,1.5-2.5h,CS,6.0,35,35.0,True,0.5360259362059301,0.010458569426625973,0.17430949044376623,0.00419425198616168,0.011575098575337171,0.02482183058117467,-0.007380846589175491,-0.12301410981959153,0.4867678958785249,0.34262075643434714,0.4470588235294118,0.2893581196082051,0.10456044561463894,0.0028531386445955695,-11.91149004269466,-56.78253068096713,ok
62937,Athens BESS,True,1.5-2.5h,CS,6.0,30,30.0,True,0.5082720181255713,0.003986122930599231,0.06643538217665385,0.001025759350986282,0.008433377044514379,,-0.007407617693528097,-0.12346029489213495,0.49652220438737293,0.3347247964894292,0.4641025641025641,0.033009811179163795,0.135489401234651,0.004077192213942854,-7.906676951034106,-43.66715842780033,ok
62964,El Sol BESS,False,<1.5h,CS,50.0,16,16.0,True,0.8949841577780299,0.10307357728178153,0.20614715456356306,0.13410172642295434,0.11385494033542558,0.13996424254853573,0.020246786087528765,0.04049357217505753,0.8810280869104399,0.8802836926461837,0.8808195876640438,0.18947950556681026,0.011161983304190246,0.056974983762335896,,,insufficient_history
62968,Syncarpha Tewksbury Hybrid CSG,True,1.5-2.5h,CT,2.0,32,32.0,True,0.8758860031451045,0.0024943691923526557,0.12471845961763278,0.0008773433858960725,0.0028572375504200844,0.002973398803406958,-0.001979894164524012,-0.0989947082262006,0.8488499452354874,0.8409426365493993,0.8412698412698413,0.4772829888495903,0.013356332857845807,0.00047659057079310385,1.7371789248741765,59.98472206429862,ok
62969,Syncarpha Puddon I Hybrid CSG,True,1.5-2.5h,CT,4.0,24,24.0,True,0.8798671113977481,-0.00035004539009948364,-0.00875113475248709,0.0005563242342348982,-0.001502054933996727,-0.00010859885268107319,0.002058379168231625,0.05145947920579063,0.8838358872960949,0.8842925463003258,0.8879227053140096,0.0032543896376013848,0.01812309043037787,0.001306081908795599,-0.7761756170401206,-9.937761042093427,ok
62970,Syncarpha Puddon II Hybrid CSG,True,1.5-2.5h,CT,4.0,23,23.0,True,0.7999820992688677,0.001177430767986121,0.029435769199653024,0.01756995131289475,0.03353328611998344,0.0015037963156395919,-0.015963334807088694,-0.39908337017721734,0.840134153158189,0.8105788804131727,0.8688524590163934,0.1949430150877859,0.0761989592763899,0.0005221378839906298,,,insufficient_history
62971,Syncarpha Westminster Hybrid CSG,True,1.5-2.5h,CT,2.9,12,12.0,True,0.9530972481826678,0.0060876429751371645,0.20991872328059188,0.007913264798243074,0.009120769880602314,0.006264020992129149,-0.0012075050823592403,-0.04163810628824967,0.8919226393629124,0.8580495783513342,0.9176829268292683,0.4167557542565453,0.12301380557795552,0.0022773700408268774,,,insufficient_history
62972,Syncarpha Leicester Hybrid CSG,True,1.5-2.5h,CT,2.0,36,36.0,True,0.9935175292643156,0.00035611461141628553,0.017805730570814277,7.998051335934451e-05,0.0012496682036486338,0.0002436745341370039,-0.0011696876902892893,-0.058484384514464464,0.9895833333333334,0.9846510029783025,0.9827380952380952,0.004135188356256925,0.0175935659926493,0.0009477698304499056,1.1467742152181577,225.11886916405862,ok
62973,Syncarpha Halifax Hybrid CSG,True,1.5-2.5h,CT,1.6,36,36.0,False,1.0151776861115809,0.006118335519260316,0.38239596995376973,0.0040074032516931035,0.008084759605049034,0.006499636127649082,-0.00407735635335593,-0.25483477208474564,0.9121155053358443,0.8974047094234961,0.8983268983268984,0.32427056300096413,0.03792141739165491,0.0015146995182402638,2.3701433986193168,51.92210928695936,ok
62974,Syncarpha Millbury Hybrid (CSG),True,1.5-2.5h,CT,3.8,12,12.0,True,0.965174264328367,0.015479609108233577,0.4073581344271994,0.013814953732241543,0.016544112833905545,0.015289428222197319,-0.002729159101664002,-0.071819976359579,0.8961748633879781,0.8818114167550295,0.9098114979055323,0.8890100224514981,0.013809415727783731,0.001729611415098875,,,insufficient_history
62975,Syncarpha Blandford Hybrid CSG,True,1.5-2.5h,CT,3.9,35,35.0,True,0.9459822064007167,0.007489330246765539,0.19203410889142408,-0.00351859330192575,0.004834018364493964,0.0076135040277323035,-0.008352611666419714,-0.2141695299081978,0.8989430265532353,0.8870924353569496,0.9050279329608939,0.5119377101881499,0.01890793127747248,0.0012729609386228802,4.0723288058624245,120.79815413971878,ok
62976,Syncarpha Northampton Hybrid CSG,True,1.5-2.5h,CT,2.0,24,24.0,True,0.947862675959828,0.007368844376153804,0.3684422188076902,0.006166728599089975,0.007277890226191517,0.007620547726734639,-0.001111161627101542,-0.0555580813550771,0.7592067988668555,0.7351931192242529,0.7627877237851662,0.7190149891770983,0.060425072222243484,0.0009821111659740892,-7.163260068683147,28.775319123836685,ok
62977,Syncarpha Northbridge I Hybrid(CSG),True,1.5-2.5h,CT,4.0,12,12.0,True,0.8766826742313996,0.006886651162004933,0.17216627905012333,0.005704427815202683,0.008092732929511999,0.006853463420617591,-0.0023883051143093158,-0.0597076278577329,0.816350710900474,0.7991408054991652,0.8095238095238095,0.8072039500381545,0.020211221719277552,0.0010643035514660644,,,insufficient_history
62978,Syncarpha Northbridge II Hybrid CSG,True,1.5-2.5h,CT,3.0,34,34.0,True,0.8390793236054852,0.00012412472898220805,0.004137490966073601,0.0002708978294822858,0.003673547876214605,0.0024947913584458152,-0.003402650046732319,-0.11342166822441065,0.84318269602163,0.8390388382841092,0.8386996904024768,0.0020706439625808315,0.01180089097949768,0.00048170428332938015,2.7626061595832767,117.47220741298983,ok
62981,East Pulaski BESS,False,1.5-2.5h,CS,2.0,24,24.0,False,0.410499252390951,-0.02525698479627185,-1.2628492398135924,-0.032663229991972,-0.02103830448529434,-0.03067247180819702,-0.01162492550667766,-0.581246275333883,0.5411844792375766,0.6060923079830842,0.8129251700680272,0.2628571077284041,0.30288927719260705,0.009017499794154607,-16.210098625735682,75.05771164209256,ok
62999,"Finchville Solar, LLC Hybrid CSG",True,<1.5h,CT,3.0,23,23.0,True,0.968099226017036,-7.101794551317832e-06,-0.00023672648504392772,0.002126553781422153,-1.629092644858509e-05,4.645277165002554e-05,0.002142844707870738,0.07142815692902459,1.006322444678609,0.906986989424425,0.98,5.799905457304355e-05,0.04521496999411953,0.00020348640781673417,,,ok
63000,"RT 52 Walden Solar 1, LLC Hybrid",True,1.5-2.5h,CT,4.0,15,15.0,True,0.7382281879854787,-2.1300238861237866e-05,-0.0005325059715309467,0.0006422342752924791,-0.00016296860234354764,,0.0008052028776360268,0.02013007194090067,0.8751793400286944,0.763232005466376,0.8407079646017699,0.00010254722132141403,0.13146807701111202,0.0005833491642822586,,,ok
63011,"Cronin Road Solar 1, LLC CSG Hybrid",True,>4.5h,CT,1.5,32,32.0,True,0.9820130131075392,0.0014218864181238427,0.09479242787492284,0.006537867263511251,0.005683007634602303,0.00023568636978278957,0.0008548596289089478,0.05699064192726319,0.9715994020926756,0.9695303962198683,0.9793265132139812,0.026921627277471716,0.022907765315738477,0.0015607291252493515,-0.5791078774998224,-26.899422362017123,ok
63022,Fort Carson Battery Energy Storage Syste,False,1.5-2.5h,CS,4.2,31,31.0,True,0.5047209926509766,-0.007077572972031763,-0.16851364219123247,-0.0053856741142424905,-0.006753902724400547,-0.01063032655444478,0.0013682286101580569,0.03257687167042993,0.5375009695183433,0.497274783636924,0.5483870967741935,0.05683430773270415,0.07338793728463484,0.005353946991920368,17.75927171143649,135.62064387869336,ok
63044,Ryan Road Solar LLC Hybrid(CSG),True,2.5-4.5h,CT,4.3,35,35.0,True,0.9517953100614247,0.00263156653463914,0.06119922173579396,-0.0023540605522155995,0.00260993022792581,0.002173619886013262,-0.0049639907801414095,-0.11544164604980023,0.9444444444444444,0.9026230099056729,0.9481481481481482,0.9408477105591779,0.007109162832061295,0.00011486388412505572,1.6636112573349875,32.231342847627594,ok
63064,Asheville-Rock Hill Battery,False,<1.5h,CS,8.8,58,58.0,True,0.8631836329681731,0.01808754638524814,0.20554029983236521,0.014357766014258158,0.021554871193095546,0.024360503086195005,-0.007197105178837388,-0.08178528612315213,0.6507390855964249,0.582214304512536,0.6339285714285714,0.6974275026325735,0.06047307547308557,0.0015920284870039058,-0.9332195721879546,-2.4555540943420646,ok
63090,Athens - Coopers Corner BESS,True,1.5-2.5h,CS,3.0,2,,False,,,,,,,,,,0.23597968538059078,,,,,,,insufficient_history
63172,Arroyo Solar Energy Storage Hybrid,True,2.5-4.5h,CS,150.0,30,30.0,True,0.9659420577996153,1.4481316157431845,0.965421077162123,1.392531394137274,1.4375698166532913,1.2319665556514923,-0.04503842251601742,-0.03002561501067828,0.90385536471059,0.9032957163973222,0.9039782467046324,0.28874697891293766,0.021520140858704493,0.4295189774837964,1.2852075736106061,18.974681418286853,ok
63186,Imeson Solar,True,<1.5h,CS,5.0,12,12.0,True,0.9880116494679181,0.0013045533898418573,0.026091067796837147,0.0010560809240230324,0.0012931796531537795,0.000886630333107181,-0.00023709872913074714,-0.004741974582614943,0.9609544468546638,0.923987685994265,0.963063063063063,0.9902383867378394,0.004850581089366594,4.095932373733082e-05,,,insufficient_history
63214,Middleton Solar Park,True,1.5-2.5h,CS,3.0,24,24.0,True,0.9693682393218473,0.014724422165520975,0.49081407218403245,0.016870143411261317,0.012974822381917769,0.014945490725016707,0.0038953210293435486,0.12984403431145164,0.6995661605206074,0.6670081280272427,0.6672811059907834,0.819874053047673,0.06026378454937307,0.0014714363738757485,,,ok
63238,Willis Battery Storage,False,<1.5h,CS,20.0,9,,False,,,,,,,,,,0.34328828769604874,,,,,,,insufficient_history
63255,2W Permian Solar Project Hybrid,True,<1.5h,BL,40.0,45,45.0,False,0.458767311191174,-0.003096956158570503,-0.007742390396426258,0.0018181188282309704,-0.020646095498617466,0.00733725315461564,0.022464214326848437,0.0561605358171211,0.49708406690140844,0.4507969823949482,0.46190476190476193,0.0015451000405717341,0.09510375653569811,0.012005679737303092,-2.6302388506920167,16.280824490166566,ok
63264,Partridge Hill Solar Hybrid,True,<1.5h,CS,1.3,35,35.0,True,0.9205843765399213,0.0033308238471886345,0.25621721901451033,0.001042039795679085,0.0026467235798516738,0.0031529180633336536,-0.0016046837841725888,-0.12343721416712221,0.8609715242881072,0.8366355054749706,0.8604651162790697,0.6737957185166028,0.02039690021625906,0.00040343669777239874,2.779988781291616,8.390588346639724,ok
63280,"AES Kekaha Solar, LLC Hybrid",True,>4.5h,CT,14.0,36,36.0,True,0.9681410309143991,-0.00100919243263691,-0.007208517375977928,-0.01671858834570821,-0.031431073476829614,-0.0013065063911836237,0.014712485131121403,0.10508917950801003,0.9709033405811425,0.9615349726468285,0.959432388989351,0.008084338000757807,0.010280772060961818,0.0019171216392277193,,,ok
63324,Camp Atterbury Microgrid Hybrid,True,<1.5h,BL,5.0,22,22.0,True,0.8980894271930941,0.003710825057608585,0.0742165011521717,0.005892795273794278,0.003762090216790624,-0.0001436445040586188,0.002130705057003654,0.042614101140073087,0.8872266973532796,0.8074901348317157,0.8952246242188819,0.507517154451262,0.017949846931324964,0.0008173831361265455,-4.514150862426717,-37.67264706558598,ok
63337,"Lansing Renewables, LLC",True,<1.5h,CT,3.0,36,36.0,True,0.911751671085616,0.0010695202130824443,0.03565067376941481,-0.0008661436895152891,0.0010555764252731022,4.9797392407446805e-05,-0.0019217201147883915,-0.06405733715961305,0.9180959047952397,0.8894176166592983,0.8991525423728814,0.20802476403397097,0.019061510757371107,0.0003578885632715368,2.0358193959698814,114.00438130782385,ok
63338,"Granby Solar, LLC CSG",True,<1.5h,CT,2.0,36,36.0,True,0.8859840453576925,-0.00012563645108599434,-0.006281822554299717,-5.623486419079667e-05,0.0009100907927654296,0.0023329398222506677,-0.0009663256569562263,-0.048316282847811316,0.8888888888888888,0.8880340199256539,0.8934751773049645,0.0019094219786564004,0.008848711237865875,0.0004926179367861995,1.3743088396499907,87.68895535231384,ok
63339,"Hales Mills Solar, LLC",True,2.5-4.5h,CS,3.0,11,11.0,True,0.9166885745777739,0.0006706360480893795,0.02235453493631265,0.0005196338892427428,0.0009559673960578588,,-0.00043633350681511593,-0.014544450227170531,0.8997050147492626,0.8535835036264129,0.8928571428571429,0.27610285372528576,0.03410080357853656,0.0003619667045109274,,,insufficient_history
63340,"Owlville Creek Solar 2, LLC",True,2.5-4.5h,CS,3.0,33,33.0,True,0.9046778598276258,0.0010049999673238622,0.03349999891079541,-0.0008018801135962479,0.0009937957428778317,0.0001826753438006129,-0.0017956758564740796,-0.05985586188246932,0.8901251738525731,0.8826070277195281,0.8979591836734694,0.21390160633182131,0.015630387226099805,0.0003460322941963589,-0.7857019954232741,56.4682371930744,ok
63341,"Owlville Creek Solar, LLC",True,2.5-4.5h,CS,3.0,33,33.0,True,0.9014873136771633,-9.14409808198054e-05,-0.0030480326939935133,-0.0005232769471869296,-0.00010581401212981075,-4.103380479311154e-05,-0.0004174629350571189,-0.01391543116857063,0.9078048780487805,0.9058979923177244,0.896551724137931,0.008689750500625815,0.010543410562412847,0.00017541275659649233,4.643625136833535,119.61619050934651,ok
63352,Gemini Solar Hybrid,True,<1.5h,CS,380.0,21,21.0,True,0.9288207910680369,3.054581383224931,0.803837206111824,1.7881822017611808,0.1103102220909816,-0.20248763079070906,1.6778719796701993,0.4415452578079472,0.8771656261415531,0.8772762830028834,0.8758020959789906,0.06568877582713295,0.05619155847851528,2.6428657265632847,,,insufficient_history
63398,Kearsarge Amesbury Hybrid,True,1.5-2.5h,CS,1.6,36,36.0,True,0.8939560338675093,0.004294723027798795,0.26842018923742467,0.005728554963842345,0.004468155792534518,0.004538359929847424,0.001260399171307827,0.07877494820673919,0.8688691232528589,0.8640950989257795,0.8699853504620239,0.6622152660851744,0.005402254684217167,0.0005260367877752521,-2.6400267284345795,-62.74792161663304,ok
63415,"Middletown Solar 1, LLC Hybrid CSG",True,2.5-4.5h,CS,1.6,4,,False,,,,,,,,,,1.0136777702879827,,,,,,,insufficient_history
63420,Fresno Bullard High School Hybrid,True,<1.5h,CS,0.4,27,27.0,False,1.0296561366271744,0.0013744758692066472,0.3436189673016618,0.0013829258166499167,0.001345251427509336,0.001394516104748021,3.7674389140580564e-05,0.009418597285145141,0.8702702702702703,0.8024557746779969,0.8571428571428571,0.9241553241436892,0.029189655491513616,7.875119998397754e-05,,,ok
63421,Fresno Hoover High School Hybrid,True,<1.5h,CS,0.2,12,12.0,False,1.2560599376048567,0.0005115690584616143,0.2557845292308071,0.0009630298734410838,0.0005178475291555581,0.00047265296007555633,0.0004451823442855257,0.22259117214276283,1.1685393258426966,1.0887254901960786,1.1715686274509804,0.40123835545757913,0.03888207745357852,0.0001976196083774762,,,insufficient_history
63422,Fresno Sunnyside High School Hybrid,True,<1.5h,CS,0.3,12,12.0,True,0.7655040027724519,-0.0011916235613127603,-0.39720785377092016,-0.001225752148743884,-0.0011963881827017362,-0.001169238586412129,-2.9363966042147884e-05,-0.009787988680715962,0.8641975308641975,0.8735119047619048,0.8571428571428571,0.27015331168528023,0.08382958764481635,0.0006193694135638347,,,insufficient_history
63458,Rush Springs Energy Storage (BA),False,1.5-2.5h,CS,10.0,20,20.0,True,0.9027720491479634,0.050926186736431116,0.5092618673643112,0.05162998495259907,0.05296551759287802,0.05839439196280866,-0.0013355326402789483,-0.013355326402789483,0.8688190660487854,0.862911970787309,0.8707227085292628,0.6713308068861084,0.009566431867022716,0.008398778279033587,0.026554367963926535,19.91000036640488,ok
63468,Hurteau Solar Project Hybrid,True,<1.5h,CS,1.3,23,23.0,True,0.7117606932354993,0.005539583280627437,0.4261217908174951,0.020455629541288434,0.019568960625264576,-0.0006740422608766582,0.0008866689160238576,0.06820530123260443,0.6283687943262412,0.38701358913207035,0.55,0.01695784623041774,0.4133174426610137,0.009203821188355422,,,ok
63469,Alicea Solar Project Hybrid CSG,True,1.5-2.5h,CS,1.5,32,32.0,True,0.9459751048105524,0.0014045970666342722,0.09363980444228481,0.0012905512312511073,0.0031694958116467017,0.0028440376011612347,-0.0018789445803955944,-0.12526297202637296,0.9264705882352942,0.8892892735446877,0.9230769230769231,0.581008450212909,0.016443719345278638,0.00021777224959734933,7.20977405615771,44.10737365749687,ok
63470,McDougle-Mitchell Solar Project Hybrid C,True,1.5-2.5h,CS,2.9,36,36.0,False,1.0146104910183806,0.005503781755222491,0.1897855777662928,0.0077085939778326965,0.008113180451864663,0.005822707216739545,-0.00040458647403196664,-0.013951257725240229,0.923342939481268,0.8998430443189915,0.9322222222222223,0.5570969255249605,0.03334783414004304,0.0008416096613319134,5.621443043170021,-80.59942906131685,ok
63472,Cycz Solar Project CSG Hybrid,True,1.5-2.5h,CS,1.3,36,36.0,True,0.764503491356373,-0.00033772652185342196,-0.025978963219493997,-0.0016034935675988014,-0.0013994272164375811,-0.0003011741575583887,-0.00020406635116122025,-0.01569741162778617,0.786144578313253,0.7989936253272591,0.8377192982456141,0.03436531138970411,0.042827136694903116,0.0003070237673330971,-6.925417629393463,-11.797822853434417,ok
63473,West A&B Solar Project Hybrid CSG,True,1.5-2.5h,CS,1.8,34,34.0,True,0.9314307737539076,0.0011314913441452113,0.06286063023028951,0.0005794704577851233,0.0010628135448451418,0.001195461412994891,-0.0004833430870600185,-0.026852393725556582,0.9189016602809706,0.9118956125791177,0.9166666666666666,0.14080159255361768,0.01471425505378457,0.0004941049389519455,4.113038506342008,110.87150359759717,ok
63474,Annese Solar Project Hybrid CSG,True,1.5-2.5h,CS,3.5,36,36.0,True,0.9281640206590686,0.00660407452661792,0.18868784361765484,0.005496078722500816,0.013916317353318082,0.006677967385469742,-0.008420238630817267,-0.24057824659477903,0.8663148636763413,0.8380142776949552,0.8753880266075388,0.499651194277114,0.047724811188520004,0.0011333798206319362,5.712910649927698,-3.2515951590235557,ok
63475,Randall Solar Project Hybrid,True,1.5-2.5h,CT,3.3,36,36.0,True,0.9599784892500128,0.004079253197482673,0.12361373325705072,0.0063111332498656525,0.005729916250955473,0.00409484599739333,0.0005812169989101792,0.017612636330611494,0.9104335397808481,0.8971240266254275,0.9082633053221288,0.39999497346619917,0.022129359498575783,0.0008568235241023683,4.6659199778914475,-25.858433270944676,ok
63486,D'Arrigo Brothers - Phase 4,True,1.5-2.5h,CS,0.5,36,36.0,False,1.272380451084325,0.00996309408612288,1.992618817224576,0.01062531890155648,0.01079691162248398,0.010369747962324908,-0.00017159272092749991,-0.03431854418549998,0.8404669260700389,0.8415261707738825,0.8460526315789474,0.11993256375555439,0.18871434850539548,0.0046285418001421426,,,ok
63510,Walnut Unified School District Walnut HS,True,<1.5h,CS,0.5,23,23.0,True,0.9579729082596938,0.0011682151865129444,0.2336430373025889,0.001172879782566575,0.0011714642608916784,0.00010014326264319547,1.4155216748966935e-06,0.0002831043349793387,0.8813056379821959,0.8540745487496055,0.896551724137931,0.7511870827643384,0.036121776782138224,0.0001467153676490938,3.18025224118687,11.484390077180763,ok
63522,Hickory Park Solar Hybrid,True,1.5-2.5h,OT,40.0,43,43.0,True,0.9408566751732573,0.24957557832949154,0.6239389458237288,0.31041262861664004,0.24891005707533423,0.02606064199197873,0.06150257154130581,0.15375642885326452,0.8496029244926258,0.833818997621932,0.8216503992901508,0.02448836302209012,0.1222080093209916,0.2460064577814643,-3.319679639245125,-2.1647584473399406,ok
63535,Solar BESS Hybrid,True,2.5-4.5h,BL,1.0,36,36.0,True,0.9582165019326429,0.0056134276061811424,0.5613427606181143,0.009371599230075378,0.005868433262205751,0.002947360392259898,0.0035031659678696273,0.3503165967869627,0.8889318885448917,0.8658823075613772,0.8963890696161354,0.8589109549741267,0.019937779592925045,0.00039017662120215585,-6.024242260201672,-149.8015664334244,ok
63585,NY3 Battery,True,2.5-4.5h,CS,3.0,30,30.0,True,0.9846531691095622,0.015475587594602996,0.5158529198200998,0.0024607862465689558,0.015773963580208324,0.013760639872909125,-0.013313177333639369,-0.4437725777879789,0.864,0.7509687580036877,0.8653348131705513,0.7950336632865121,0.039027546146171106,0.00148496645359431,-2.1452386215988737,-19.61584431931818,ok
63609,Allergan,False,>4.5h,CS,1.5,24,24.0,True,0.8657968384577748,0.00016475759630032555,0.010983839753355037,-0.0003773436569158316,-7.62692522721844e-05,4.518390796743435e-05,-0.00030107440464364723,-0.020071626976243147,0.8640541848089018,0.865268416970463,0.8564102564102565,0.000719125180002167,0.017723573029626547,0.0013094099802561914,-9.785572967179972,-217.0129873367007,ok
63610,Baker,False,>4.5h,CS,1.2,24,24.0,True,0.8190020779202754,-0.0017170735029536047,-0.14308945857946706,-0.006995924361208813,-0.004508847058613369,-0.002836614663228081,-0.0024870773025954434,-0.20725644188295364,0.8339670468948035,0.8402260257210882,0.8355614973262032,0.06836379775466128,0.025021953416908983,0.001351411573354549,-13.010677093046702,-230.86434774015584,ok
63611,CSU Long Beach,False,>4.5h,CS,2.5,24,24.0,True,0.812499968276374,-0.006075399143050559,-0.24301596572202233,-0.024794212369518558,-0.017067459821731454,-0.0094237607912635,-0.007726752547787104,-0.30907010191148415,0.8298642533936652,0.8394186677831242,0.8377331420373028,0.12457750789222655,0.02370263923606126,0.003433622183507905,-14.660270398592923,-275.06685319940397,ok
63612,DATS,False,>4.5h,CS,1.0,24,24.0,True,0.8601196940212905,0.0020414000878313547,0.20414000878313546,0.008223236039412572,0.005655519828788412,0.002889445440587846,0.00256771621062416,0.25677162106241597,0.8381201044386423,0.8277862992790949,0.8403361344537814,0.1973647887536395,0.024816529930900083,0.0008776898089967637,-11.953656986236764,-108.00913203582769,ok
63613,Downey,False,>4.5h,CS,2.0,24,24.0,True,0.8765584126540653,0.0037953771775977936,0.18976885887988967,0.010145257811293046,0.007719363994667841,0.004370772049444251,0.002425893816625205,0.12129469083126025,0.8546562228024369,0.8434447887791648,0.8407407407407408,0.3907721734545119,0.014835936262708386,0.0010103495489652136,-7.54847033181663,-55.228762457368994,ok
63614,LAWRP,False,>4.5h,CS,1.0,24,24.0,True,0.8418099295205518,-0.000500640922840266,-0.0500640922840266,-0.003637371787234328,-0.002458999297545009,-0.0011888533876215095,-0.001178372489689319,-0.11783724896893191,0.8465080583269379,0.8512220223792696,0.8481532147742818,0.006985748560684013,0.0282608295040958,0.0012725834521832512,-14.608298068291967,-172.29323974627152,ok
63615,Long Beach Convention Center,False,>4.5h,CS,1.5,24,24.0,True,0.8068131969863795,-0.005118124846272284,-0.3412083230848189,-0.015838240783874646,-0.011118514850292796,-0.006029785736068835,-0.00471972593358185,-0.3146483955721233,0.8238705738705738,0.839883532746125,0.8512437810945274,0.2969572167663683,0.018117615040508028,0.0016789720645038057,-12.542150151489984,-187.54228870924715,ok
63616,OCSD,False,>4.5h,CS,4.9,24,24.0,True,0.8827240718502088,0.001204507164525977,0.024581778867877085,0.0024051632302759807,0.0011947329824041199,0.0014443324860489136,0.0012104302478718608,0.02470265811983389,0.8800965665236051,0.8796657930871848,0.8801595744680851,0.3385120866621635,0.0013288798225919323,0.00035898137260957977,-0.1534515730918041,11.156099422353002,ok
63617,SOCCD,False,>4.5h,CS,1.3,24,24.0,True,0.8072996237107737,-0.0038780171129305313,-0.2983090086869639,-0.011620480555303861,-0.00865544292197733,-0.004618012574164473,-0.0029650376333265303,-0.22807981794819462,0.8244360902255639,0.8373714874124754,0.8338779956427015,0.3201331873314711,0.015677532352372,0.0012048832096348669,-10.42763396524852,-198.66275824831345,ok
63685,Luna Storage,False,2.5-4.5h,CT,100.0,41,41.0,True,0.8870416551308891,0.5480630725778244,0.5480630725778244,1.0460354193498957,1.0088059453037406,0.5616964838787566,0.037229474046155175,0.037229474046155175,0.8579979913491972,0.8487266101545284,0.8601332064700286,0.9698047181607637,0.004595778651424653,0.015485514354437057,-4.3194337274927825,-71.01639209364336,ok
63721,Cool Springs Solar (Hybrid),True,1.5-2.5h,CS,40.0,49,49.0,False,1.0375511220375948,0.2364791874615432,0.591197968653858,0.396089606000263,0.34357929793330944,0.24563999428610583,0.05251030806695356,0.1312757701673839,0.9617475372359454,0.9538930148112185,0.975181598062954,0.20390635562855353,0.02766771226658623,0.06815703551359627,-0.7494340967600099,-36.93299587578241,ok
63722,Rawhide Prairie Solar Hybrid,True,1.5-2.5h,CS,1.0,26,26.0,True,0.8290727786287488,3.651424833676827e-05,0.0036514248336768267,-0.0001904010672206355,0.003414979091361765,0.0004237757553050439,-0.0036053801585824003,-0.36053801585824,0.8362004487658938,0.8320684002443499,0.8377221856484529,0.00012402086024676517,0.02374293547614659,0.0006692408496184987,,,ok
63723,Ho'Ohana Solar 1,True,2.5-4.5h,CS,52.0,6,,False,,,,,,,,,,0.9392731816842743,,,,,,,insufficient_history
63727,Slate Hybrid,True,2.5-4.5h,CS,140.3,38,38.0,True,0.8723909701245726,0.47226202388126515,0.33660871267374565,0.6170137691924658,0.4866299565822461,0.4900909722940577,0.13038381261021964,0.09293215439074813,0.8526179714536849,0.8489423596856823,0.8505010414375581,0.4541932924758696,0.006857355999387126,0.08628411513871184,-2.6583240864620383,-45.632351832632715,ok
63728,Taos Mesa Energy Facility Hybrid,True,1.5-2.5h,CS,12.5,38,38.0,True,0.8606909586129449,0.012590105569987856,0.10072084455990285,0.02321627160726386,0.013294332720105061,0.02322714122910238,0.0099219388871588,0.0793755110972704,0.8494255587031792,0.8484061487804392,0.8449232709690981,0.058361989968390926,0.013063119576268377,0.008428592667465493,-4.191029768355619,-74.9849908709143,ok
63731,Neptune Energy Center Hybrid,True,2.5-4.5h,CS,125.0,31,31.0,True,0.8846019420034676,0.6787546892761207,0.5430037514208965,1.007768566712064,0.670486177914127,0.6597301300663124,0.3372823887979369,0.2698259110383495,0.8424797772345841,0.839698558009444,0.8398879215450815,0.2114403175895262,0.022976596077571347,0.24340933347705732,-10.152717877613028,-176.17606594285874,ok
63735,Silverstrand Grid Energy Storage System,False,2.5-4.5h,CS,11.0,21,21.0,True,0.8542330050071866,-0.016932269345628144,-0.1539297213238922,0.0022773897172141755,0.015375216347608339,-0.014943013952178119,-0.013097826630394164,-0.11907115118540149,0.8626929610754118,0.8631919910832276,0.8653395784543325,0.008362696962216143,0.029515588351309286,0.042300121592756826,,,insufficient_history
63737,Chisholm Grid Energy Storage System,False,<1.5h,CS,100.0,49,49.0,True,0.9421974299855146,0.29450091756459157,0.29450091756459157,0.30517489693216493,0.2942493163143342,0.29109514467540165,0.010925580617830721,0.010925580617830721,0.9081238487851943,0.899223615606953,0.910941475826972,0.7433226833608033,0.006149671189914752,0.025243105099782136,-0.06472126098170305,32.67867741461457,ok
63757,Madero Grid,False,<1.5h,CS,100.0,31,31.0,True,0.8764119579254709,0.36863086638104575,0.36863086638104575,0.38675813396618447,0.09456677404861132,-0.0195138896747984,0.29219135991757317,0.29219135991757317,0.8388002356497016,0.8313295586866203,0.8390604610700304,0.4354446768756757,0.015647632150591388,0.07794342010435351,4.638101585010846,135.92759188958703,ok
63763,CES Agawam Tuckahoe Solar Hybrid,True,1.5-2.5h,CS,2.6,36,36.0,False,1.0000000000000002,-3.191508777360407e-18,-1.2275033759078488e-16,-5.249501536425601e-19,1.0374824166315898e-17,9.955184371845175e-18,-1.0899774319958458e-17,-4.192220892291714e-16,1.0,1.0,1.0,,7.917230164763122e-17,1.595028763276363e-18,-2.1090314171823348e-14,-19.957069723556852,ok
63774,Mount Kisco Landfill Solar & Storage CSG,True,2.5-4.5h,CS,0.7,6,,False,,,,,,,,,,0.8539697628710764,,,,,,,insufficient_history
63776,Thunder Wolf Energy Center Hybrid,True,2.5-4.5h,CS,100.0,31,31.0,True,0.9048898275441748,0.8338209275693328,0.8338209275693329,0.8129354238002862,0.667864259068993,0.6602208102278073,0.1450711647312931,0.1450711647312931,0.8426906567541295,0.8415435422563992,0.8407175275556517,0.19518290172417896,0.03222130747880694,0.3144137309650126,0.9106178688185986,47.02780831169218,ok
63804,Partridgeville Hybrid CSG,True,1.5-2.5h,CS,2.0,36,36.0,True,0.8502568218654875,0.0008453657607684322,0.042268288038421614,0.0011772396181619045,0.0006309112936712559,0.0011956052948727308,0.0005463283244906487,0.027316416224532434,0.8592436974789915,0.8111578943413807,0.8768939393939394,0.35956778705467984,0.04544422952483166,0.000193486821774248,-10.21972890523357,-124.92754650634986,ok
63805,Williamsville Hybrid CSG,True,1.5-2.5h,CS,3.3,36,36.0,True,0.8394791267704619,0.0020053244152675076,0.060767406523257815,0.0007523838696023404,0.0020119298258599724,0.006279104084330881,-0.001259545956257632,-0.03816805928053431,0.8327020202020202,0.8163621701234688,0.8757575757575757,0.2327282362458083,0.04453607836154186,0.0006244465232457714,-2.3482564800344568,-98.88903651375948,ok
63834,Gateway Energy Storage System,False,2.5-4.5h,BL,250.0,63,63.0,True,0.8680103750325272,0.40043973086969004,0.160175892347876,0.2527301223335081,0.8263830311945686,1.200279083096491,-0.5736529088610605,-0.22946116354442417,0.8723933616138398,0.8318420922454791,0.8672156459083891,0.5042330046934905,0.02461947564510179,0.05083881444529176,-1.7726407430591469,-23.12592149234778,ok
63843,"Johanna Energy Center, LLC",True,2.5-4.5h,CS,80.0,24,24.0,True,0.9124191054090874,0.3997750610011663,0.4997188262514578,0.520511259563644,0.4338044812123573,0.4893865599046139,0.08670677835128665,0.10838347293910833,0.8827429025800815,0.8827645478244933,0.8832696157367939,0.05477466645790929,0.0328552713812071,0.3540643195632314,-1.625617601484836,-45.464786001128296,ok
63848,Solar Blue,True,2.5-4.5h,CS,225.0,23,23.0,True,0.8972591340361035,0.30175660854658076,0.13411404824292478,0.6840397311550808,0.5266892908884233,0.4337262738021507,0.15735044026665745,0.06993352900740331,0.8907036245423954,0.8903466547700338,0.8897218782422437,0.022032815938533568,0.013029073345755208,0.43870671362473457,,,insufficient_history
63849,Chestnut,True,2.5-4.5h,CS,135.0,23,23.0,True,0.950659773562823,1.6300870229060789,1.2074718688193178,1.6471083216966091,1.6068222184952106,1.7788812361741912,0.04028610320139858,0.029841557926961915,0.8905656283040385,0.8902307996673862,0.8889295039164491,0.5204350421617823,0.015025784874393516,0.3414613852479497,,,insufficient_history
63859,"Golden Field Solar III, LLC",True,<1.5h,CS,147.0,22,22.0,True,0.878272420622298,-0.09792006994677864,-0.06661229248080179,-0.4512660335631027,-0.09433107046452624,1.865633722636213,-0.3569349630985764,-0.2428129000670588,0.8955171784889974,0.8958282441300497,0.8961810963081054,0.026146258130856137,0.031257733678819996,0.13362841390765268,,,insufficient_history
63891,Saticoy,True,2.5-4.5h,CS,100.0,57,57.0,True,0.8934396344571396,0.4539057766170317,0.45390577661703174,0.4049150104800863,-0.12891754291893473,0.22204301182322478,0.533832553399021,0.533832553399021,0.8659895576695594,0.8647451891550112,0.8659600997506235,0.11244772564393146,0.016750420326071446,0.1719515115001912,0.5843026352492001,21.85339553517136,ok
63892,Lily Solar Hybrid,True,<1.5h,CS,55.2,51,51.0,True,0.9137059162366312,0.1394271070282751,0.252585338819339,0.11823231485459862,0.15592350684946094,0.12310907935248759,-0.037691191994862316,-0.06828114491822883,0.8087456328186634,0.7779015944432165,0.8034257748776509,0.7862681832921892,0.017556929784341528,0.010384806622249583,-0.6096590788542877,1.7830697829426119,ok
63900,AES Waikoloa Solar Hybrid,True,2.5-4.5h,CS,30.0,24,24.0,False,1.2167831921842283,0.8434210707656834,2.8114035692189447,0.39139262390772944,0.3893548439827967,0.6636938911635561,0.002037779924932759,0.006792599749775863,0.9700098462884963,0.9737592667873919,0.9852276093778166,0.08980931146205418,0.14587306439249897,0.5724513934892934,,,ok
63905,Azure Sky Solar,True,<1.5h,CS,91.2,41,41.0,True,0.9299038691761142,0.6206626627534565,0.6805511652998426,0.632750668028212,0.595870063218253,0.5951326968657142,0.03688060480995903,0.04043925966004279,0.7132894034721964,0.6529807039624298,0.6844127332601537,0.9735384731942247,0.013170860315011213,0.016385292809143942,-1.2279468150435666,-3.1596626821738276,ok
63913,Dodge Flat,True,2.5-4.5h,CS,50.0,45,45.0,True,0.9346001614503446,0.16344091351262446,0.3268818270252489,0.16257537574245892,0.1041146452273219,0.012839015966306365,0.05846073051513702,0.11692146103027404,0.9135594383400667,0.9016480697964597,0.905859235441229,0.29134222922470177,0.009673517583957124,0.03887255714071593,0.577217937663226,4.5796548477801515,ok
63930,Cal Flats BESS,True,2.5-4.5h,CS,60.0,50,50.0,True,0.8986463854944442,0.23821694525732703,0.39702824209554505,0.37329796101671464,0.32548148020641343,-0.41490902709516925,0.04781648081030121,0.07969413468383535,0.8700808625336928,0.8393609977599507,0.8416432923457156,0.00720559290703604,0.0713862807166808,0.4035959805196712,-3.1229145058969308,-57.004246477636364,ok
63933,Dry Lake Solar Energy Center,True,1.5-2.5h,CS,100.0,20,20.0,True,0.9180314214975117,0.5338125271398346,0.5338125271398346,1.1147771051291453,0.8660576713978709,0.9003579190293294,0.24871943373127436,0.24871943373127436,0.8889105706921645,0.8889526593045982,0.8911727994538483,0.017221669193800748,0.06396701606641789,0.9504793228483688,,,insufficient_history
63943,Coso Battery Storage,False,2.5-4.5h,CS,60.0,45,45.0,True,0.9459968923603456,0.936345108943462,1.5605751815724367,0.9507820060474665,0.8196292195752938,0.7279521698937156,0.13115278647217277,0.2185879774536213,0.8627809968536895,0.8586201803919683,0.8593027614644508,0.4073040698658097,0.020233638615185637,0.17224963733166612,-1.637563875054971,-9.00345734978101,ok
63995,Trenton,False,<1.5h,CS,11.0,13,13.0,True,0.6778429372264685,0.004078722090538978,0.03707929173217253,0.007153954070919626,0.0023527822389180788,,0.004801171832001547,0.04364701665455952,0.6535947712418301,0.5273459889547605,0.5714285714285714,0.21867498232484395,0.20318262608577306,0.0023245778092847768,,,insufficient_history
63996,Cape San Blas,False,2.5-4.5h,CS,5.5,22,22.0,True,0.8217199813534167,4.421891373054551e-05,0.000803980249646282,0.005033423916114036,-0.0001673190328541966,0.0008913383403578739,0.0052007429489682325,0.09455896270851333,0.845360824742268,0.7883779863634196,0.8470713273500237,6.25715424087403e-05,0.050578105658988876,0.001249945432255118,-11.66997499587005,260.45863401165724,ok
63998,Jennings Energy Storage Facility,False,<1.5h,CS,5.5,20,20.0,True,0.595045609883632,-0.00030687635122121545,-0.005579570022203917,-0.00035309209892409217,0.011497531666098898,0.007106243271963684,-0.01185062376502299,-0.21546588663678162,0.6737012987012987,0.571257397054392,0.6535714285714286,0.010825869368208285,0.12338162620256994,0.0006914044222844386,-40.55473237285157,-297.4296833376698,ok
63999,Micanopy Energy Storage Facility,False,<1.5h,CS,8.3,21,21.0,True,0.9335541408496006,0.01663150056313705,0.20037952485707286,0.015764793256964588,0.018053854317290993,0.016949187847474886,-0.0022890610603264056,-0.027579048919595246,0.7266251113089938,0.6645421426790166,0.7090909090909091,0.7268140536910666,0.07860881311308254,0.0023392258426444728,-8.550475393504081,-11.857930731003748,ok
64000,Amaterasu LLC,True,1.5-2.5h,CT,3.2,34,34.0,True,0.8653510728458698,0.0002048497766345631,0.006401555519830096,-0.014028145368235956,8.609494697424151e-05,-0.0007955987940757392,-0.014114240315210198,-0.44107000985031863,0.9074912016088487,0.8511611653627827,0.9076510721247564,0.008879660308379389,0.050050861404288216,0.000382582872765015,4.577999104696133,136.40406587897894,ok
64050,Fort Bragg - Camp Mackall PV BESS System,True,<1.5h,CS,2.0,6,,False,,,,,,,,,,0.5520833333333334,,,,,,,insufficient_history
64084,Blanchard Road 1 Community Solar,True,2.5-4.5h,CS,5.0,9,,False,,,,,,,,,,1.0,,,,,,,insufficient_history
64087,Blanchard Road 2 Community Solar,True,2.5-4.5h,CS,5.0,9,,False,,,,,,,,,,1.0,,,,,,,insufficient_history
64089,Ignacio Grid Energy Storage System,False,<1.5h,CS,100.0,31,31.0,True,0.8773549418055371,0.4166773606959148,0.4166773606959148,0.37253773840870097,0.18904145523686597,0.06109186260033928,0.183496283171835,0.183496283171835,0.8380800185393502,0.8343090816252156,0.8387525864617204,0.3562869571466939,0.015649556800650707,0.10400329483862379,6.243863370825371,156.27019408293293,ok
64090,NYS Rte 12 Community Solar,True,2.5-4.5h,CS,5.0,9,,False,,,,,,,,,,1.0,,,,,,,insufficient_history
64092,Great Lakes Seaway Community Solar,True,2.5-4.5h,CS,5.0,9,,False,,,,,,,,,,1.0,,,,,,,insufficient_history
64103,Desert Harvest II LLC,True,2.5-4.5h,CS,35.0,55,55.0,True,0.9498524986862953,0.36412612050329135,1.0403603442951181,0.3319369411603912,0.3684312202514369,0.3183541891375284,-0.03649427909104569,-0.1042693688315591,0.8299004149377593,0.7778918755605975,0.8208130081300813,0.6979697082602718,0.023693995962179634,0.03290189128057314,3.585724929381367,11.326001914850224,ok
64105,"Maverick Solar 6, LLC",True,2.5-4.5h,CS,50.0,42,42.0,True,0.867908830720661,-0.0743766978660786,-0.1487533957321572,-0.07579241239935658,-0.2770670787630489,0.06910114202932134,0.20127466636369234,0.4025493327273847,0.8807703858161976,0.8870472925721656,0.8796806107753792,0.34466485288965465,0.01913234497509205,0.01621586530620392,-9.227175733874166,-119.37140760250671,ok
64128,Ware Palmer Road Solar LLC CSG,True,1.5-2.5h,CS,2.0,28,28.0,False,1.0046983715092874,0.0039626986069528115,0.19813493034764057,0.00378225896443114,0.004095154607793515,0.004409928048484285,-0.0003128956433623752,-0.015644782168118758,0.9186746987951807,0.555042925562865,0.45,0.9659586105719071,0.04015055546717326,0.00014589108296115104,-33.187249488533396,-11.597342004366382,ok
64129,East Brookfield Adams Road Solar LLC CSG,True,1.5-2.5h,CS,3.1,24,24.0,True,0.9708821798285527,0.00243554783667497,0.07856605924757967,0.004375071130957827,0.002003150283703704,0.005895584261242106,0.002371920847254123,0.07651357571787494,0.9580369843527738,0.9556861686636756,0.964781746031746,0.04309648996823623,0.0193434306846058,0.0024467998620184566,-2.4105139119904235,-105.32426907176036,ok
64140,"BWC Stony Brook, LLC Hybrid",True,1.5-2.5h,CT,0.7,35,35.0,True,0.9308155237948829,0.0019410181184242184,0.2772883026320312,0.003582353916507301,0.002524405885787821,0.0020541098975237404,0.0010579480307194799,0.1511354329599257,0.8527004909983633,0.8157926102896536,0.8571428571428571,0.5268706720287901,0.04290271789834162,0.0003201920479791566,0.27517555326082904,-144.68664538711678,ok
64147,ZPD-PT Solar Project 2017-038 Hybrid LLC,True,1.5-2.5h,CT,3.5,36,36.0,True,0.9835808577412011,0.006452609985822338,0.18436028530920964,0.005988064397990824,0.005791110287903645,0.006585081887602245,0.000196954110087179,0.0056272602882051145,0.9157254561251086,0.8887098079949283,0.926120857699805,0.21222675395425705,0.06012638723593997,0.0021320456797185973,-0.29090116589836007,23.984732935246626,ok
64148,Fish Springs,True,2.5-4.5h,CS,25.0,44,44.0,True,0.8804297693595694,-0.023365177747360005,-0.09346071098944002,0.2846728725939072,-0.016458335863090135,0.10143335591910177,0.30113120845699737,1.2045248338279895,0.8898122773974131,0.8783122476200395,0.9039105203496784,0.0021967719158767496,0.034074534912590555,0.07683770988635165,-0.472583581794433,-5.902708558592753,ok
64164,"Azure Sky Wind Project, LLC Hybrid",False,1.5-2.5h,CS,120.0,12,12.0,True,0.9121999309868798,1.3113723805506685,1.092810317125557,1.2369874263055696,1.3082454875985152,1.2170563832538264,-0.07125806129294565,-0.05938171774412138,0.7724555691946416,0.7632863320683748,0.7750483382821295,0.9820465588008933,0.009963209939372246,0.05607042465429813,,,insufficient_history
64170,"BWC Muddy Brook, LLC Hybrid",True,1.5-2.5h,CT,0.9,35,35.0,True,0.8855639503965513,9.023468189331809e-05,0.010026075765924231,0.0006071685662631311,0.0009463584411537099,8.406421843733337e-05,-0.00033918987489057887,-0.037687763876730986,0.9083469721767594,0.8760891834259357,0.9,0.01060323168176791,0.03668073175378724,0.00015173390678206418,4.873920949680378,67.22478293953466,ok
64182,"BWC Lake Lashaway, LLC Hybrid",True,1.5-2.5h,CT,3.7,34,34.0,True,0.9725219815741015,0.003181042589467142,0.08597412403965249,0.004701380083711192,0.0038563701118359676,0.0033446902894643696,0.0008450099718752247,0.022838107347979045,0.9469888207717274,0.9365892285235513,0.9444444444444444,0.3075689173197037,0.014158900502372418,0.0008437456562037028,-0.4812564433967938,-39.17397075002183,ok
64185,ZPD-PT Solar Project 2017-023 LLC Hybrid,True,1.5-2.5h,CT,1.9,35,35.0,True,0.9305139834044462,0.0020567197266763036,0.10824840666717388,0.00038351105329908564,-0.0009256791406487341,0.0018858188684260093,0.0013091901939478196,0.06890474704988525,0.9019607843137255,0.8946350590177233,0.9411764705882353,0.10960248133579575,0.042445775070943825,0.0010204692461165165,5.984158348530541,32.19051723173464,ok
64187,ZPD-PT Solar Project 2017-021 LLC Hybrid,True,2.5-4.5h,CT,0.7,36,36.0,True,0.9867905782630307,0.0009178001304171192,0.13111430434530275,0.0016367460062496576,0.0016225761163640021,0.0009870154862116132,1.4169889885655472e-05,0.002024269983665068,0.9504373177842566,0.9237125580249295,0.9486842105263158,0.2194465201792285,0.03236243222495028,0.00029685586887542593,3.2725306406492365,120.5093275372374,ok
64197,"Fifth Standard Solar PV, LLC (Hybrid)",True,<1.5h,CS,137.0,28,28.0,True,0.9323794797997154,1.5424655018698175,1.1258872276422025,1.5236703700090035,1.0727948560207414,1.220340783130911,0.4508755139882621,0.3291062145899723,0.857949427600956,0.8545131661941553,0.856935181197982,0.5754246656618955,0.017333973319266154,0.25984354265836207,0.19588751067648533,6.922861330811745,ok
64198,"Horn Rapids Solar, Storage and Training",True,2.5-4.5h,CS,1.0,36,36.0,False,1.0802846978341907,0.0017636585497055389,0.17636585497055388,0.002111451299079194,0.011893233203069247,0.016319527214792302,-0.009781781903990053,-0.9781781903990052,1.1123277993641822,0.7937126811750004,0.799982911825017,0.0024875579764063183,0.10715903633205641,0.006056860963903873,2.218020732419705,232.18890352715124,ok
64207,Crane Battery Energy Storage System,False,<1.5h,CS,5.0,23,23.0,True,0.9133503437225359,0.005073166030281812,0.10146332060563626,0.005339495944039849,0.007013506298085383,0.002068565811203008,-0.0016740103540455334,-0.033480207080910665,0.8880351262349067,0.8798567073338964,0.8983957219251337,0.21891847999828185,0.02032263883227549,0.002091107683269442,-1.3194586964242119,309.0985027325212,ok
64213,Auburn Solar Project,True,1.5-2.5h,CS,3.8,33,33.0,True,0.8985951582542007,0.002550305089592064,0.0671132918313701,0.0010135130367902824,0.0012632644584923253,0.0032571645398557134,-0.00024975142170204296,-0.006572405834264289,0.882404181184669,0.8637230542360775,0.891156462585034,0.3527767628201478,0.027433081744109012,0.0006204236665978279,4.421774971751582,25.902541906835253,ok
64222,Burt County Solar Hybrid,True,2.5-4.5h,CS,0.7,36,36.0,True,0.9106735346778018,-9.181213773393714e-05,-0.013116019676276736,-9.012902730341551e-05,-0.00013296318388134,1.0852567341109734e-05,4.2834156577924485e-05,0.006119165225417784,0.9186813186813186,0.9210527465704106,0.9166666666666666,0.033827048491369194,0.013247126789916554,8.415036916112686e-05,-4.906842501209944,-158.67716800522115,ok
64223,Dodge County Solar Hybrid,True,2.5-4.5h,CS,0.7,35,35.0,True,0.8927778967463126,-0.0004451993668583863,-0.06359990955119804,-0.0004421737227182904,-0.00043229850133530293,-0.0004152628719210406,-9.875221382987472e-06,-0.0014107459118553533,0.9143518518518519,0.926922132206539,0.9090909090909091,0.27475139705488794,0.013437638998566523,0.00012591314272787535,-0.3401988964858982,-31.0113092234574,ok
64231,Hadley 3 Solar (North),True,2.5-4.5h,CS,1.0,12,12.0,True,0.9089298358038154,0.003049251333806609,0.3049251333806609,0.012904722046904498,0.013012823965113628,0.009082389616624156,-0.0001081019182091296,-0.01081019182091296,0.8528735632183908,0.8517814302044902,0.8554006968641115,0.21459184819655863,0.04621749231188726,0.0018447363887870369,,,insufficient_history
64256,AES Maui Kuihelani Solar Hybrid,True,2.5-4.5h,CS,60.0,17,17.0,False,1.0478999892880854,0.569662064453209,0.9494367740886818,0.5443412337660308,0.63510374246915,0.5430743617411408,-0.0907625087031192,-0.15127084783853198,0.9746221954614102,0.9744807027413481,0.9783223374175306,0.1059313929181499,0.05439899339247623,0.4273116677673581,,,insufficient_history
64293,Alvin,False,<1.5h,CS,9.9,24,24.0,True,0.9428786368409601,0.015546101715157959,0.157031330456141,0.01578561960425052,0.013692934376851346,0.015436066002953617,0.002092685227399173,0.021138234620193663,0.9238841152764048,0.920061869096351,0.9215045571460523,0.8578947905554569,0.0028883268129472365,0.0013489571322058214,-2.9444873124434023,-61.583344399492354,ok
64294,Odessa,False,<1.5h,CS,9.9,24,24.0,True,0.9535428297298371,0.022858686605121914,0.23089582429416072,0.020787336719142326,0.02406881504376705,0.022796387014451643,-0.003281478324624724,-0.033146245703280036,0.9242248511559576,0.9207254512354908,0.9233821138211382,0.8885150117389062,0.0032485621296095735,0.0017262979086416865,-3.1997669005849785,-90.78057363122083,ok
64295,Angleton,False,<1.5h,CS,9.9,24,24.0,True,0.9302740636020617,0.010999215949850495,0.11110319141263125,0.02550706209058042,0.014595774573088048,0.013436698857945658,0.01091128751749237,0.11021502542921587,0.9171824806080076,0.9154179692744696,0.9204878136393844,0.08575861480360147,0.013751375860712145,0.00765670558373808,-1.3633660890507135,4.796030240617711,ok
64296,Brazoria,False,<1.5h,CS,9.9,24,24.0,True,0.9417952227116423,0.013995944570986848,0.14137317748471565,0.0029711391968555104,0.006774399108212053,0.01144441285872872,-0.003803259911356543,-0.03841676678137922,0.9238974685559624,0.9217473293155515,0.9229201032017933,0.3771128201968974,0.006869026393075657,0.0038349519005590207,-1.193888081360133,-24.94469775932883,ok
64297,Heights,False,<1.5h,CS,9.9,24,24.0,True,0.9301774265387908,0.007403409020769788,0.07478190930070493,0.005455113898841719,0.0038858902527782353,0.006732350700571553,0.0015692236460634838,0.015850743899631148,0.9217681907944706,0.9203658142600385,0.9197446018264597,0.13463114435403245,0.00674877138760495,0.004001734442790329,-2.919238673976785,-46.01561960355488,ok
64298,Magnolia TX,False,<1.5h,CS,9.9,24,24.0,True,0.9192788514933378,-0.0019586561872241208,-0.019784405931556774,-0.003357731766252048,0.0017166409944406888,0.005530006488049623,-0.005074372760692737,-0.05125629051204785,0.9243697478991597,0.922993351199302,0.9222760256703035,0.03056509948779329,0.006203613347576666,0.002351761556622919,-9.354032721908684,-276.81444266690164,ok
64312,Bat Cave,False,<1.5h,CS,100.0,51,51.0,True,0.8516246884092873,0.6893328137330095,0.6893328137330095,0.8651536987433148,0.7450831774670417,0.6291803762788071,0.12007052127627316,0.12007052127627316,0.7675759809302763,0.7570514053245437,0.7664203612479474,0.7254409122548304,0.014871336975928831,0.060582585182968655,2.756596627506378,34.31194556863416,ok
64314,Dickinson,False,<1.5h,CS,9.9,24,24.0,True,0.926302859945274,0.0023860540248887736,0.024101555806957307,0.006398868502283219,0.0077750872162291465,0.0029212709262273636,-0.0013762187139459278,-0.013901199130766947,0.9239640827086251,0.9227999546163925,0.9246739577452026,0.046682726276166875,0.004685982165110136,0.002298844301877491,-4.63616590644036,-174.32270457180036,ok
64315,Loop 463,False,<1.5h,CS,9.9,24,24.0,True,0.9457336943646488,0.019251105057971934,0.19445560664618114,0.01485513588716732,0.015325638970230216,0.018323326723438824,-0.0004705030830628957,-0.0047525563945747034,0.9214258039519566,0.9189025087468446,0.9207652215114901,0.7239951929620481,0.004489600468562539,0.0025341645148945894,-0.10245369223089397,5.016542302499504,ok
64316,Lopeno,False,<1.5h,CS,9.9,36,36.0,True,0.9680767470932984,0.028847954468666955,0.29139347948148436,0.03676729720221844,0.038187136352736906,0.029463668951586187,-0.0014198391505184649,-0.014341809601196614,0.9283085112407271,0.9119935364727293,0.9033572008685131,0.8485965235527642,0.009160198763103991,0.0020897429315789914,-2.2123023482871305,-85.35676697076875,ok
64317,North Fork TX,False,<1.5h,CS,100.0,50,50.0,True,0.8055161029364404,0.4088053401327177,0.4088053401327177,0.8643719017758154,0.5996851645388688,0.3829265750566949,0.2646867372369466,0.2646867372369466,0.7632951474403338,0.7457845651622633,0.7584478578510419,0.24023365020472542,0.02536595323472874,0.104934681530729,6.757477938018863,62.70725896871414,ok
64318,Pueblo BA,False,<1.5h,CS,19.8,36,36.0,True,0.9256892020930259,0.06050549229656755,0.3055832944271088,0.06859532060967605,0.06712805800728924,0.06123063746312978,0.001467262602386804,0.007410417183771737,0.8867170742170742,0.8725878282213002,0.882730339379439,0.9644964333936474,0.003451581622722406,0.001990861366854679,-1.64544749322375,-25.97473986854924,ok
64319,Ranchtown,False,<1.5h,CS,9.9,24,24.0,True,0.9354666635450929,0.018884963833798334,0.1907572104424074,0.01736264472147674,0.014622559064354843,0.01844377369054287,0.0027400856571218966,0.027677632900221176,0.9107213713197365,0.9085990270094556,0.9105322128851541,0.6423876122221033,0.0055667074626796695,0.0030040870666312846,-2.892114426442482,-88.65409235269615,ok
64321,Sweeny,False,<1.5h,CS,9.9,24,24.0,True,0.9205115192497717,-0.0007423045340689517,-0.007498025596656078,0.00527191717300869,0.00833860977768103,4.767832837454805e-05,-0.0030666926046723393,-0.030976692976488276,0.9227972830766287,0.9219784039070064,0.924168839969608,0.0008705410997987828,0.011140749427202,0.005361508700158309,-4.171299114635877,-75.65195688043825,ok
64322,Zapata,False,<1.5h,CS,19.8,36,36.0,True,0.9326810678973798,0.05446014584458271,0.2750512416393066,0.06315189621097449,0.0517599834356583,0.05462492535207698,0.01139191277531619,0.057534913006647426,0.8964998813072034,0.8890119283529629,0.8951965310776351,0.9511068533556113,0.0034877623965112623,0.0021176231699446516,-1.8836152273762206,-93.3451749339466,ok
64374,Norwich Solar and Energy Storage CSG,True,2.5-4.5h,CS,5.0,15,15.0,True,0.8330544543413283,7.854006104892606e-05,0.0015708012209785212,0.0036790675884967147,0.00023780167962988283,,0.003441265908866832,0.06882531817733663,0.8823529411764706,0.7786718511055835,0.8333333333333334,0.0003534198151852186,0.11044326571288998,0.0011585035073186324,,,insufficient_history
64395,ZPD-PT Solar Project 2017-006 LLC Hybrid,True,1.5-2.5h,CT,2.5,35,35.0,True,0.7809569893642467,-0.0004713358298303364,-0.01885343319321346,-0.004399989716598384,-0.0017709157365611264,0.0016466748300759454,-0.0026290739800372575,-0.1051629592014903,0.8340175953079179,0.7990608731333356,0.8478260869565217,0.004678656379031421,0.0712600783282915,0.0011967255650659828,9.889052609893549,157.1732396507871,ok
64400,BYU - Hawaii,True,<1.5h,CS,1.9,12,12.0,True,0.897487893126131,0.007651772611902475,0.40272487431065657,0.009157701113751308,0.010610122718699082,0.008587935027563201,-0.0014524216049477748,-0.07644324236567236,0.8556557945870923,0.8555900364850261,0.8566289825282631,0.07518959853488771,0.061354071324333494,0.008486126970466367,,,insufficient_history
64423,TX7 Flat Top,False,1.5-2.5h,CS,9.9,17,17.0,True,0.8548895478999269,-0.0003839789666953443,-0.003878575421165094,0.0006022868794754868,0.009774316042459435,0.003944538503549165,-0.009172029162983947,-0.09264675922206007,0.8601443671049239,0.8563993908691069,0.8538205980066446,0.0005903547730110592,0.014063800609574129,0.004079219122552371,-5.081196068179839,-160.7190883925414,ok
64424,TX8 Worsham,False,1.5-2.5h,CS,9.9,19,19.0,True,0.89225053326142,0.028487568993619157,0.2877532221577692,0.02774650946173951,0.03689885459497078,0.03317232482176479,-0.009152345133231272,-0.09244793063869973,0.816160650251016,0.6428655615633744,0.8201438848920863,0.9703362398579856,0.025713260542015743,0.0012080444207287113,,,insufficient_history
64425,TX2 Port Lavaca,False,<1.5h,CS,9.9,8,,False,,,,,,,,,,0.3195508393441905,,,,,,,insufficient_history
64426,Wilmot Energy Center LLC,True,1.5-2.5h,CS,30.0,55,55.0,True,0.9526821351562551,0.2293903256045202,0.764634418681734,0.2387539357183543,0.17634529599992957,0.3261620844851777,0.062408639718424724,0.20802879906141578,0.8565295210476234,0.8433071401737405,0.8771256171146462,0.6418559911732988,0.026227635894354905,0.023536788707249515,1.234708373968588,-0.24274585922484435,ok
64432,Breckenridge Solar,True,1.5-2.5h,CS,2.2,32,32.0,True,0.8509096640695647,0.004038455023220149,0.18356613741909766,0.0036452564132466655,0.004496195393138956,0.004368526860957236,-0.0008509389798922904,-0.03867904454055865,0.7940140845070423,0.7375695182869088,0.7718360071301248,0.6124792109957249,0.049438556690187534,0.0005864843798288919,12.12309307076345,78.70706945376787,ok
64436,Wilmarth Solar,True,1.5-2.5h,CS,2.3,26,26.0,True,0.902883639594586,0.005600916761036129,0.2435181200450491,0.004505353793816587,0.004688638153047994,0.007984973200994684,-0.00018328435923140648,-0.007968885183974195,0.8249097472924187,0.6715248986965542,0.8,0.6585792187898575,0.05687597531765535,0.0008231793400621124,-5.664372610468392,-20.223037043216845,ok
64442,Mt Pleasant Community Center,True,2.5-4.5h,CS,0.7,5,,False,,,,,,,,,,0.9021776941964836,,,,,,,insufficient_history
64446,Arlington Microgrid,True,<1.5h,CS,1.0,29,29.0,True,0.7387830216587841,0.00028454738923959944,0.028454738923959944,0.0029152281896070117,0.002260320081543555,0.00030257133886463634,0.0006549081080634567,0.06549081080634567,0.8088235294117647,0.7127152551610756,0.8571428571428571,0.012009266902794136,0.14353491399320994,0.0004966962832746208,-3.57717458659397,81.87061133975749,ok
64450,"Grissom Solar, LLC",True,<1.5h,CS,10.0,33,33.0,True,0.8533815461325691,0.0018345501088556356,0.018345501088556357,0.00012409444494054702,0.0013652555515421211,0.0017135443468253213,-0.001241161106601574,-0.012411611066015741,0.8364440078585462,0.8384188590243223,0.875,0.036920716390692054,0.040383433570930105,0.001682847231203714,-4.114102666890959,96.61210523375226,ok
64481,Arlington Energy Center II,True,2.5-4.5h,CT,132.0,41,41.0,True,0.8476322792256885,0.04847278776208669,0.036721808910671734,0.32298729235039825,-0.007163677570668145,-0.07555247036920548,0.3301509699210664,0.25011437115232305,0.8473343911653377,0.8465675719765426,0.8445278075503155,0.0014257364851731902,0.017558982493348727,0.20541693582145681,-1.8736610098290154,-111.75830594150673,ok
64489,Resurgence Solar,True,2.5-4.5h,CS,75.0,29,29.0,True,0.8445866539489165,-0.09579139121775991,-0.12772185495701321,0.2741652789128568,-0.05931158884848758,-0.03734768473449927,0.3334768677613444,0.4446358236817925,0.8533062346704644,0.854939704628985,0.8581481481481481,0.03382724250347624,0.015134331426507256,0.09852324197439609,1.040490230163787,70.26289415304207,ok
64508,Hall Solar Energy Storage,True,1.5-2.5h,CS,2.5,31,31.0,True,0.7637164775428569,0.006068464194546009,0.24273856778184036,0.015229861046909283,0.009066172284083823,0.006690802532854038,0.0061636887628254595,0.24654755051301838,0.6618464961067854,0.605309620580109,0.625,0.362302062664695,0.09216947019764747,0.0014950368511838826,-10.908337803002407,-6.7308628442139256,ok
64509,South River H4 Solar Energy Storage,True,1.5-2.5h,CS,0.6,28,28.0,True,0.7334884147874257,-2.024478820172146e-05,-0.0033741313669535767,-0.0003920687310662829,0.0002919622253569143,0.0010811034894327516,-0.0006840309564231971,-0.1140051594038662,0.7551020408163265,0.7669784580498866,0.75,0.00012827402174586666,0.10356639130502386,0.00035053335683458953,20.048256944623766,155.46209522953217,ok
64510,Arba Solar Energy Storage,True,1.5-2.5h,CS,5.1,36,36.0,True,0.927723299861652,0.013249623521971735,0.2597965396465046,0.014894922577636444,0.01155591803362836,0.014140886130457758,0.003339004544008083,0.06547067733349182,0.7597336065573771,0.7387842246941342,0.7562304010562799,0.6964663569489127,0.03842343536059762,0.0015000903791646946,-0.825629804299039,0.3910820777765587,ok
64511,Rose Acre Solar Energy Storage,True,1.5-2.5h,CS,2.5,34,34.0,True,0.8520624799531502,0.012372280779044861,0.49489123116179445,0.014605375717020915,0.013136187770588578,0.008475136303872404,0.0014691879464323373,0.05876751785729349,0.6423297785069729,0.6203557739385458,0.6317411402157165,0.5365803146588737,0.09194486118134909,0.0020325659660775973,-1.444374255871319,15.454335588572388,ok
64512,Hamlet Solar Energy Storage,True,1.5-2.5h,CS,0.5,35,35.0,True,0.7859993947063704,0.0007596472903266619,0.1519294580653324,0.0008166212407050848,0.0018054086187822374,0.002437259387814489,-0.0009887873780771526,-0.1977574756154305,0.7085714285714285,0.693639770723104,0.7142857142857143,0.17553149453443917,0.0902245584522089,0.00028659230999345886,8.570654411755838,94.47434090996319,ok
64513,Wake RJ3 Solar Energy Storage,True,1.5-2.5h,CS,0.6,28,28.0,True,0.690676475424651,0.00020504139063463712,0.03417356510577285,5.306013965403005e-05,0.0007327036911890348,0.0023555803949217857,-0.0006796435515350048,-0.11327392525583414,0.6956521739130435,0.6657194060419866,0.7321428571428572,0.011614595531061811,0.138455293439982,0.0003709505174457679,15.48388462217781,180.9181271470122,ok
64514,Ludie Brown Solar Energy Storage,True,<1.5h,CS,2.5,35,35.0,True,0.773838437756037,0.007056569728316511,0.28226278913266045,0.013154154960370238,0.00781998510749646,0.0047825367614880415,0.005334169852873778,0.21336679411495113,0.6527117031398668,0.6263427767920621,0.6486486486486487,0.2956331464182772,0.10042508637555732,0.0018960926722845653,-3.372380848746512,23.09061548759477,ok
64516,Lowe Solar Energy Storage,True,1.5-2.5h,CS,2.5,35,35.0,True,0.8041386345915384,0.007673277728345572,0.3069311091338229,0.01349139053730641,0.007651707427619457,0.006729686202480695,0.005839683109686953,0.23358732438747812,0.6577380952380952,0.6364515048199954,0.6538461538461539,0.2924834612065943,0.10781331338478155,0.0020775026619353973,-5.009294619570905,21.595876430801454,ok
64520,Spencer Meadow Solar Energy Storage,True,1.5-2.5h,CS,2.5,34,34.0,True,0.8725276552438582,0.006875394852109693,0.2750157940843877,0.009454440210350877,0.006129667196104137,0.004854027789549493,0.0033247730142467397,0.13299092056986958,0.7149220489977728,0.6848475759404088,0.6984848484848485,0.5387871638906776,0.07080980828438295,0.0011245136411056934,-0.5373028269760924,15.10535076561818,ok
64522,Old Cedar Solar Energy Storage,True,1.5-2.5h,CS,1.3,35,35.0,True,0.8351567928417578,0.0033180117230681575,0.25523167100524285,0.005536030768642226,0.003118243871897955,0.00359247965982103,0.002417786896744271,0.185983607441867,0.6970873786407767,0.6702705969927333,0.6923076923076923,0.5959934497516584,0.052670073374569235,0.00047554805100308284,-9.732602866251721,-48.93376919461513,ok
64528,Gambit Energy Storage - Angleton Storage,False,1.5-2.5h,CS,100.0,54,54.0,True,0.7848989352622862,0.3452737193314352,0.3452737193314352,0.30585035636494873,0.7228268933277889,0.42136172898950647,-0.4169765369628402,-0.4169765369628402,0.7543187383681066,0.7446254922673823,0.7451359587435538,0.15972440730912985,0.037544892155694516,0.10982142712887688,3.4539634447527194,41.00689746174526,ok
64529,Golden Triangle,True,2.5-4.5h,CS,50.0,11,11.0,True,0.8834271522826347,0.30476710018055153,0.6095342003611031,0.28233357086524596,0.30052906893860865,,-0.01819549807336268,-0.03639099614672536,0.8294527511220213,0.8222052300164931,0.836464483807479,0.38447981198968906,0.039762813658712044,0.1285379023815211,,,insufficient_history
64545,Ranchland Wind Storage,False,<1.5h,CS,73.0,16,16.0,True,0.9798102124159794,0.6912337534426168,0.946895552661119,0.7071321436067883,0.735633804325687,0.8725758775754765,-0.028501660718898703,-0.039043370847806444,0.7994892309083101,0.7921457723598624,0.8095877706629013,0.7004548823103761,0.04433907065036202,0.12080974242387454,,,insufficient_history
64546,Wynwood Energy Storage,False,2.5-4.5h,BL,10.0,24,24.0,True,0.8339577727599545,0.044218110388968654,0.4421811038896865,0.051135585638935555,0.04138597049907577,0.04138549068778143,0.009749615139859787,0.09749615139859787,0.754663372452131,0.7513212097863523,0.7503134796238244,0.5592287611986819,0.025762831475785137,0.008369523125332533,17.656992307674674,152.91849564309564,ok
64564,Arlington Energy Center III,True,2.5-4.5h,CT,110.0,41,41.0,True,0.8318822671568049,0.12898168622105943,0.11725607838278129,0.479523543786059,0.2417632953967729,-0.09100003951705529,0.23776024838928608,0.21614568035389645,0.8254437720498055,0.8253109953394131,0.8318913882603487,0.007239962932917732,0.02886497647977415,0.24185201982446555,0.40331804605716615,-103.44277495353677,ok
64601,County of San Diego COC Hybrid,True,2.5-4.5h,CS,0.4,32,32.0,True,0.8749377990743771,-0.0037306063735712113,-0.9326515933928028,-0.004248238208305539,-0.008619616413842686,-0.009216977770828761,0.004371378205537147,1.0928445513842866,1.1151685393258426,0.7512880894904889,0.8165266106442577,0.05057531067589405,0.22865862725135647,0.0029510718365373763,,,ok
64611,SEPV Sierra,True,<1.5h,CS,8.3,36,36.0,False,1.4631235096977926,0.04602396360052125,0.5545055855484488,0.026639862475424207,-0.08915202131404251,-0.10969069115454416,0.11579188378946673,1.3950829372224904,1.341419261404779,0.9364783930750299,0.9437837837837838,0.0026616059000738046,0.1887245421512724,0.15278965590717938,-5.813696669061453,-283.4072466824642,ok
64612,Kearny North Energy Storage,False,2.5-4.5h,CS,10.0,16,16.0,True,0.8657584326675926,0.052993436645072875,0.5299343664507288,0.04704677774423274,0.05788193316844639,0.035148030617422166,-0.01083515542421365,-0.1083515542421365,0.8125978090766823,0.8089584965620529,0.8108532183247734,0.2767003617486111,0.03862972744267388,0.022898779082637898,,,insufficient_history
64614,Kearny South Energy Storage,False,2.5-4.5h,CS,10.0,24,24.0,True,0.8569308695509751,0.0371521114775194,0.371521114775194,0.05578496273965404,0.0378484476381053,0.04678246905997254,0.017936515101548742,0.17936515101548742,0.8311436796650091,0.819051905193657,0.8288181786160864,0.767172406266525,0.008912379605879773,0.004363579560593753,5.217451244188536,74.61774629029473,ok
64617,Kearsarge William Way,True,2.5-4.5h,CS,2.6,36,36.0,True,0.9248960727675164,0.009670573194701023,0.37194512287311626,0.010990666124836124,0.009813841044828246,0.009338878329208329,0.0011768250800078782,0.04526250307722608,0.8923884514435696,0.8845086361734833,0.8935274444225851,0.9279864238225919,0.0036360720968898145,0.00046200761701338544,-1.3935386802254852,-26.282479462944497,ok
64618,Kearsarge Haverhill,True,>4.5h,CS,2.0,30,30.0,True,0.8521905098389841,0.005349176921189931,0.26745884605949655,0.005366027462837285,0.0079377639285772,0.013801354405491306,-0.002571736465739915,-0.12858682328699575,0.8365766896840343,0.8223067023787268,0.8402908862107352,0.8459496377117547,0.008818996199105894,0.0004313870007905833,-3.1705622548164247,-36.16934548263555,ok
64619,Kearsarge Upper Union,True,>4.5h,CS,0.8,33,33.0,True,0.9208841719883558,0.0021899771726640424,0.2737471465830053,0.003379092053067624,0.0016694393226781084,0.0010156646259074354,0.0017096527303895155,0.2137065912986894,0.8972503617945007,0.8919977020552886,0.9154929577464789,0.15149651078094528,0.025502345503186044,0.0009308597288576737,1.3116231134206353,-30.87913508420128,ok
64620,Kearsarge Montague BD(CSG),True,2.5-4.5h,CS,1.3,36,36.0,True,0.9263033868634144,0.013158593772848573,1.0121995209883516,0.014347971195267751,0.013940161898793609,0.013414858022021286,0.0004078092964741424,0.031369945882626336,0.841231593038822,0.8294078352020984,0.845017015070491,0.8372880679287067,0.010946787144419674,0.00099481487658939,-1.7481825848581045,-8.798449542880391,ok
64624,Hudson - High Desert Hybrid,True,<1.5h,CS,50.0,49,49.0,True,0.8881756231906266,0.1015579988938123,0.2031159977876246,0.08360977012320996,0.0012440616173703914,0.09348791917274556,0.08236570850583956,0.16473141701167912,0.8754800873320691,0.8752533049610245,0.8749736008447729,0.05542706224352201,0.011976527988404418,0.061153599545908446,2.5336155186454357,65.58191910767907,ok
64627,Blodgett Solar CSG,True,<1.5h,CS,5.0,19,19.0,True,0.9095050232412154,0.0053695324691203665,0.10739064938240733,0.005254253581771177,0.00368241681995757,-0.003994250375113298,0.0015718367618136066,0.031436735236272134,0.8248407643312102,0.4601700329703028,0.8157894736842105,0.6229323461370109,0.05491309398914865,0.0010132140661063072,,,insufficient_history
64630,"Rabbitbrush Solar, LLC",True,2.5-4.5h,CS,20.0,39,39.0,True,0.855600067359754,0.01707762363556122,0.08538811817780609,0.028154276367983174,0.018259587677299495,0.01105001205321724,0.009894688690683679,0.04947344345341839,0.8504890060345426,0.8489149581025695,0.8562091503267973,0.02037069632305133,0.015194513654636614,0.019469487636928583,2.637553873455876,48.5133495196456,ok
64633,Rexford Solar Farm,True,2.5-4.5h,CS,240.0,11,11.0,True,0.9315476355188276,1.7248493966003728,0.7186872485834886,4.139980143344568,3.2384858777773524,,0.9014942655672153,0.3756226106530064,0.8871067866359769,0.8826515599864362,0.8710786276865572,0.38911814903032027,0.029553546579575287,0.7203901964140363,,,insufficient_history
64636,Big Rock Solar Farm,False,<1.5h,CS,200.0,7,,False,,,,,,,,,,0.7054672067937914,,,,,,,insufficient_history
64640,Hot Springs Energy Storage & Microgrid,True,<1.5h,CS,4.4,28,28.0,True,0.8570990312705857,0.006129336646113423,0.13930310559348688,0.005807684801942738,0.010211775065488789,0.008470542475738923,-0.004404090263546051,-0.10009296053513751,0.7879939209726444,0.7097012706427415,0.7867924528301887,0.5851600828769516,0.06075633021278516,0.0010121146802443786,,,ok
64656,AES West Oahu Solar Hybrid,True,2.5-4.5h,CS,12.5,18,18.0,False,1.0887189775816182,0.16767153035786353,1.3413722428629082,0.1951905540790307,0.25906426472939137,0.20612960651193105,-0.06387371065036068,-0.5109896852028855,0.9846047096578342,0.984544292358572,0.9771389324960753,0.09284406781984789,0.07693243243748765,0.13102773366410472,,,insufficient_history
64664,"Clark Road Solar 1, LLC",True,<1.5h,CS,3.3,36,36.0,False,1.007150366973502,0.015663573551222335,0.4746537439764344,0.023344169800259273,0.020469383244462288,0.017089705932612113,0.0028747865557969855,0.08711474411506016,0.8874651810584958,0.8781335770206719,0.8985858386075949,0.7572372794244614,0.017435968853974314,0.0015209901336862902,5.0416489234632715,148.7777575639856,ok
64672,"Blue Jay Solar I, LLC",True,1.5-2.5h,CS,51.6,31,31.0,True,0.7554862587384277,0.1623956653553811,0.31472028169647503,0.16534368395696852,0.29241303457642764,0.31630961545480796,-0.12706935061945912,-0.2462584314330603,0.7156374062637847,0.6828411646430127,0.6887994634473508,0.4852851214690932,0.041470081023165524,0.0310570575600476,7.40835731208845,24.187186190919256,ok
64686,Orangeville Storage,True,<1.5h,OT,24.7,36,36.0,True,0.861793562642186,0.12771550903304557,0.517066838190468,0.17418939685184476,0.040507270026553306,0.09332057619290832,0.13368212682529146,0.5412231855274957,0.8100336090026812,0.8264386835781254,0.8247576559293215,0.017558514657301516,0.12862150237653205,0.16383762336195506,-0.9932148869584949,-5.421855996626734,ok
64695,Angel Fire Energy Facility,True,2.5-4.5h,CS,3.7,28,28.0,True,0.8914219547371712,0.021319809681386786,0.5762110724699131,0.015098388532256743,0.02087991230655707,0.02204356954818953,-0.0057815237743003255,-0.1562573993054142,0.8219981668194317,0.7635354785785734,0.8293320152520831,0.9426778312907689,0.00914191346634791,0.0010310418864238932,-3.2687493329512,-31.4652530627131,ok
64696,"Dunstable Solar 1, LLC",True,2.5-4.5h,CS,4.5,36,36.0,False,1.0059809903678645,0.00453508626878904,0.10077969486197867,-0.020656498027870743,0.0030178304176202743,0.004213462585601412,-0.023674328445491017,-0.5260961876775782,0.9791757681665939,0.9561343097030226,0.9689522875187233,0.030672963610504755,0.040459477874079955,0.004372233905365061,0.89602634941172,185.99759762289537,ok
64701,LeConte Energy Storage,False,1.5-2.5h,CS,125.0,40,40.0,True,0.8638619103098113,0.5806471461606307,0.4645177169285046,0.4878467295824217,0.3321028710973257,0.49886245757631553,0.15574385848509598,0.12459508678807679,0.8211746884332187,0.8220250633870048,0.804112446058072,0.03312897179046581,0.05525508668914073,0.508862904542726,-2.4742463136704695,29.581822212619347,ok
64712,Sanborn BESS 1,False,1.5-2.5h,CS,100.0,50,50.0,True,0.935740461357164,1.268909504654031,1.268909504654031,1.4628496451635908,1.4218761540986633,1.1931676481225064,0.040973491064927536,0.040973491064927536,0.8232051378683876,0.8210583492699395,0.8180100850275075,0.4143094903036929,0.026237302487161045,0.21776179336127943,1.0725924243094138,11.949600225826575,ok
64713,Sanborn BESS 2,False,2.5-4.5h,CS,100.0,50,50.0,True,0.9206950837408592,1.28828179895641,1.28828179895641,1.4285235405127321,1.3090429086080566,1.13262344939094,0.1194806319046755,0.1194806319046755,0.8549660571218886,0.8523940611162756,0.8545592361499164,0.3878291660252855,0.0164155711684319,0.2336180187062463,-0.6276733133521556,-5.797321073751675,ok
64719,Glenmere Lake,True,2.5-4.5h,CT,2.0,34,34.0,True,0.9119299218652229,2.588612336183223e-05,0.0012943061680916114,2.653442768262124e-05,0.00026829780650839,0.00028130735167916556,-0.00024176337882576875,-0.012088168941288438,0.9381443298969072,0.9300893300456106,0.9282051282051282,0.00028167861070771405,0.036836132574453784,0.000272617617461467,-6.781531946030639,-134.13622671095183,ok
64726,West Haydenville PJ Community Solar,True,1.5-2.5h,CT,3.6,32,32.0,True,0.9692415703752386,0.0057377474801864736,0.15938187444962426,-0.001017506599242603,0.0024914105122650953,0.009776034052112288,-0.0035089171115076983,-0.09746991976410273,0.9074321317311972,0.8464579487979847,0.9023809523809524,0.2693846010310409,0.04464874158103359,0.0017251975437160595,1.4478026530922072,-67.49084919104001,ok
64727,Brookwood Drive Community Solar,True,2.5-4.5h,OT,3.0,34,34.0,True,0.8903791188493776,0.0004895916229056194,0.016319720763520645,0.0005495525096577691,0.00016198623607641545,0.000495656743778045,0.0003875662735813537,0.012918875786045123,0.8645881805490926,0.8888012853923235,0.9433760683760684,0.12463598760647077,0.04054925959992457,0.00022936735342986674,-5.649323947569236,5.298292582885898,ok
64731,Maple(CSG),True,1.5-2.5h,CS,2.3,20,20.0,False,0.44173830447165685,-0.001365410960285157,-0.05936569392544161,-0.0017319229470653327,-0.0010001204235298787,-0.0017092502177292997,-0.0007318025235354541,-0.03181750102328062,0.4845605700712589,0.6378438830057662,0.5071428571428571,0.48138790099869355,0.15579801410968352,0.00033404184133856846,,,ok
64743,Tierra Buena Energy Storage,False,<1.5h,CS,5.0,36,36.0,True,0.9386743112706966,0.07026130938086801,1.4052261876173602,0.08450674947397549,0.07168254531899787,0.0707357434864967,0.01282420415497762,0.2564840830995524,0.8401852593058494,0.83345806904408,0.8495800486259486,0.526806561578437,0.023944926179837688,0.011420116901305762,1.8418411137026536,41.25863927209997,ok
64752,John Hopkins Middle School Microgrid,True,>4.5h,CS,2.5,22,22.0,True,0.8170873208542812,0.0012130355544047193,0.048521422176188767,0.0035667183140982196,0.01079768460710529,0.0012158729803998826,-0.00723096629300707,-0.2892386517202828,0.860236220472441,0.7922421057836134,0.83375104427736,0.16472057545355823,0.051291681808732885,0.0006108020681296099,3.2872774568554997,45.6838465207115,ok
64759,Old Middleboro Road Solar,True,2.5-4.5h,CS,4.5,23,23.0,True,0.8966456028825873,-0.002002982133302541,-0.0445107140733898,-0.004045185646549597,-0.002403836962352114,-0.002036347298070529,-0.0016413486841974825,-0.036474415204388495,0.9045371098872279,0.906056509326945,0.900990099009901,0.02325710379554935,0.016509890781597723,0.002832564077321741,-0.5148082179973017,100.37906598887247,ok
64760,Ocean State BTM,False,2.5-4.5h,CS,3.0,36,36.0,True,0.9229158515301026,0.030392265496149404,1.0130755165383134,0.035755736435164956,0.02772464660318465,0.03992320923307726,0.008031089831980306,0.26770299439934353,0.7486377635631367,0.7412304710884554,0.7440787893346145,0.4278652955301351,0.05751915464780082,0.006027250350300135,-14.113975092481956,-77.056151939704,ok
64761,Patchogue ESS,False,>4.5h,CS,2.0,5,,False,,,,,,,,,,0.9028572704936341,,,,,,,insufficient_history
64763,Rumford ESS,False,1.5-2.5h,CS,4.9,22,22.0,True,0.5984753834944726,-0.005518476470321551,-0.11262196878207248,-0.005008909512114645,-0.006873559833719663,-0.006466586952219586,0.0018646503216050185,0.03805408819602078,0.6447602131438721,0.6629407707732867,0.6391694725028059,0.09681890736023213,0.13219501924081345,0.003768873210046253,0.09500314431359042,161.08526304884788,ok
64764,Madison BTM,False,1.5-2.5h,CS,1.5,22,22.0,True,0.6542003582841462,-0.0008073255352162683,-0.05382170234775123,-0.0012881206753499017,-0.0008077775362986344,0.0005353404457887818,-0.0004803431390512673,-0.03202287593675115,0.6344339622641509,0.7022388427505576,0.648320895522388,0.11631641351076627,0.082835120602122,0.0004975784744279823,-16.324701800550294,13.458559145620045,ok
64765,Madison ESS,False,1.5-2.5h,CS,4.9,22,22.0,True,0.5837949146866845,-0.004272971992581083,-0.08720351005267515,-0.0004963797833949738,-0.015088814765652651,-0.013847950747312772,0.014592434982257678,0.2978047955562791,0.6069767441860465,0.6609870535081026,0.5716255678131084,0.017564461056968628,0.21265282464723378,0.0071457804118361026,,,ok
64766,Redwood Coast Airport Microgrid,True,2.5-4.5h,CS,2.2,19,19.0,True,0.8767738781474212,0.034563511889882985,1.5710687222674082,0.08302235344153942,0.03899136713505513,0.021091558060618295,0.04403098630648429,2.0014084684765585,0.7801196240387354,0.4999980115235298,0.8556149732620321,0.16853311336180732,0.15959052063237442,0.018619724885959952,,,ok
64811,Upton County BESS,False,<1.5h,CS,24.8,23,23.0,True,0.831973533286258,0.05870782980419895,0.23672512017822153,0.11507630207848935,0.1241844258397186,0.04907855342253117,-0.009108123761229256,-0.036726305488827646,0.7777777777777778,0.7330279142264956,0.7762345679012346,0.6350547722836417,0.05146729738046214,0.009711685985138425,,,insufficient_history
64844,Three Rivers Solar LLC,True,1.5-2.5h,CS,1.4,8,,False,,,,,,,,,,0.8472700031665135,,,,,,,insufficient_history
64851,Daggett 2,True,<1.5h,CS,131.0,23,23.0,True,0.9601453873130841,1.0556073884117012,0.8058071667264894,0.43450922314617446,-0.16735844376406372,0.9781960495280705,0.6018676669102382,0.459440967107052,0.906295417031099,0.908062938084189,0.9175679240305988,0.03191971702282037,0.08466703150634604,1.2685831689914235,,,insufficient_history
64852,Daggett 3,True,<1.5h,CS,149.0,28,28.0,True,0.9108473361993463,-0.20654410791605632,-0.13862020665507135,-0.22030966959775153,0.24027299510965797,0.3524697969649982,-0.4605826647074095,-0.3091158823539661,0.9215533800590165,0.923946190901343,0.936957578894206,0.022768362041330037,0.019675043631551575,0.26537438550883163,-3.6915617770006035,94.13633282242867,ok
64864,Chaparral Springs,True,2.5-4.5h,CS,88.0,9,,False,,,,,,,,,,0.8581189318124216,,,,,,,insufficient_history
64875,276 Federal Rd(CSG),True,1.5-2.5h,CS,3.3,35,35.0,True,0.7367398822098357,0.005071937328610453,0.15369507056395315,0.0016971013223268227,0.006169847075963778,0.005098264828254835,-0.004472745753636955,-0.13553775011021077,0.7410772225827384,0.6663840544969402,0.7692307692307693,0.16237410744325542,0.12987416573496446,0.0020053194542503047,8.77713287396122,-96.86553573948473,ok
64876,0 Hammond St CSG,True,<1.5h,CS,5.0,36,36.0,True,0.9173212542768018,0.007646308201938014,0.15292616403876028,0.003927424693649486,0.00984893600514428,0.008883548439236734,-0.005921511311494794,-0.1184302262298959,0.8893893230891509,0.8745545405605468,0.8803571428571428,0.16654641019313554,0.04277874719846938,0.002933495412639899,-2.600905884707979,27.234005024410564,ok
64877,Edwards Sanborn E3,True,2.5-4.5h,CS,11.0,44,44.0,True,0.885959700667628,0.06817565234522238,0.6197786576838399,0.07996936057564823,0.07172343634884769,0.05677840182366721,0.008245924226800538,0.07496294751636853,0.8342689773004638,0.8325931715202657,0.8211372392719543,0.11900697643267544,0.03325866718789045,0.0286223099914745,4.4142150756246545,74.01667516474315,ok
64878,Edwards Sanborn E1A,True,1.5-2.5h,CS,144.0,41,41.0,True,0.8148689740952283,-0.20823191226537763,-0.14460549462873448,-0.2079196610459496,-0.25781292758947916,-0.05945514703550493,0.049893266543529546,0.034648101766339964,0.8313439958130012,0.8316092895779376,0.82168260976208,0.9353373547713003,0.008015016485613527,0.008767132651372368,1.9294823542327602,13.360910400082219,ok
64879,Edwards Sanborn E2,True,1.5-2.5h,CS,120.0,44,44.0,True,0.8851640150422837,0.7825085561087797,0.6520904634239831,1.0052228006987547,0.9097248759753133,0.7491619596454998,0.09549792472344143,0.07958160393620119,0.8128836739451395,0.8110017419021639,0.8105978565756995,0.28318937116738996,0.026438339433356717,0.19210036646182918,-6.587724546901027,-68.29788750951977,ok
64908,Scarlet Solar (CA),True,>4.5h,CS,40.0,19,19.0,True,0.8746540783401976,0.2679371063636531,0.6698427659091327,0.33669280478915586,0.573920962058378,0.4034538933785158,-0.23722815726922208,-0.5930703931730552,0.8278026905829596,0.8257506034072971,0.8373063170441001,0.10331002961514069,0.052137315756458386,0.1914512980243111,,,insufficient_history
64915,Flower Valley I,False,1.5-2.5h,CS,9.9,24,24.0,True,0.925795268713615,0.0351793872129406,0.3553473455852586,0.03178264680226496,0.03268201789994241,0.028620423967291676,-0.0008993710976774524,-0.00908455654219649,0.885684136475554,0.8856266704992702,0.8836943561208267,0.041691177992005723,0.05065862434971282,0.03595899867596512,12.853115704936396,252.91793314863304,ok
64916,Swoose I,False,1.5-2.5h,CS,9.9,24,24.0,True,0.9301701284811139,0.037948721525090316,0.3833204194453567,0.03386831524443368,0.033504825328959036,0.026802133795037725,0.0003634899154746421,0.0036716153078246677,0.8841076888656872,0.883560683225255,0.8825323496555576,0.14499502468722636,0.029786726312309948,0.019646879419306918,0.4594725593126876,34.24825001248868,ok
64917,Triple Butte I,False,1.5-2.5h,CS,7.5,24,24.0,True,0.9118238967736176,0.018964638885403732,0.2528618518053831,0.01837049398464139,0.01700198634217725,0.018802424082460054,0.0013685076424641424,0.018246768566188565,0.8844516888526669,0.8843291802868789,0.8853781228082904,0.0347226788111904,0.039025209420117835,0.021318305274031352,8.606542029373884,274.76736324412445,ok
64921,Santa Ana Storage 2,False,2.5-4.5h,CS,20.0,12,12.0,True,0.8899107822133598,-0.062129921433067975,-0.31064960716533985,-0.08358736333941962,-0.05964494865688395,-0.08000005446980177,-0.023942414682535662,-0.11971207341267831,0.8949362514840241,0.8954372753528346,0.8962849008668767,0.04694303416716994,0.010206601783741186,0.0885267775814112,,,insufficient_history
64928,Edwards Sanborn S3,True,1.5-2.5h,CS,33.0,42,42.0,False,1.112530609123401,0.7731248322072145,2.342802521840044,0.8518356494389081,0.8542522733912878,0.7633592901011809,-0.0024166239523797373,-0.007323102885999203,0.8209705084933326,0.8202555913909199,0.8153460523025973,0.41763600888418795,0.06168424975608418,0.14435037469018955,2.8410851303847346,12.284401118149278,ok
64929,Edwards Sanborn S1,True,1.5-2.5h,CS,40.0,42,42.0,True,0.8307616187409477,-0.03884480349519676,-0.0971120087379919,-0.03529978342621497,-0.05733962646809511,-0.02863382052401136,0.02203984304188014,0.055099607604700354,0.8445523179938772,0.8485350050789664,0.8515323606022178,0.009552934936086999,0.03399674691839214,0.06253888845101861,-3.7000409904248563,-98.13881497485013,ok
64970,59 Federal Rd(CSG),True,2.5-4.5h,CS,5.0,21,21.0,True,0.8800679165606177,0.0409259279737691,0.818518559475382,0.05748908935372753,0.0977040284415912,0.03670341078865497,-0.04021493908786368,-0.8042987817572737,0.7367391835736984,0.6134667721713287,0.7425742574257426,0.4847824212134143,0.08328463107016833,0.009679293068923062,-8.609015478836941,-28.151954592216473,ok
64980,UMass Boston,True,2.5-4.5h,BL,0.5,27,27.0,True,0.7737292959243907,0.002600893701601364,0.5201787403202729,0.00190037585939934,0.0026864240428620748,0.006673272422064198,-0.0007860481834627347,-0.15720963669254695,0.7297297297297297,0.5891987904444652,0.7272727272727273,0.27225598523270245,0.13494123726917343,0.0008504586482163496,18.081133173578124,133.70797114276695,ok
64993,"BigBeau Solar, LLC",True,2.5-4.5h,CS,40.0,36,36.0,False,1.0491212291459302,0.413457152085101,1.0336428802127524,0.4083094840461985,0.38626628924200485,0.4539355530064481,0.022043194804193644,0.05510798701048412,0.9273650266594298,0.9199082076657723,0.9302654488368773,0.314161702889695,0.03686409471406341,0.10476718992411493,2.726707269063239,241.5472090692556,ok
65014,ASD Cotuit MA Solar LLC,True,1.5-2.5h,CS,2.5,12,12.0,True,0.9764318674120435,0.0006400077579838207,0.02560031031935283,0.0006386331727317837,0.0006670842084232467,0.0012681971238333938,-2.8451035691463e-05,-0.00113804142765852,0.9242424242424242,0.6414878948212281,0.9075,0.31065175952424273,0.09909570454057293,0.0003014863578261993,,,insufficient_history
65015,ASD Wallum MA Solar LLC(CSG),True,2.5-4.5h,CS,3.8,33,33.0,False,1.0065217851290311,0.008330696440487383,0.2192288536970364,0.005936133553314817,0.00982167949543356,0.010782056512848432,-0.003885545942118743,-0.10225120900312483,0.9553984226271417,0.7795418837412759,0.9548022598870056,0.8522633111390441,0.045104555032492936,0.0006229565360753995,0.10761092349152915,47.637556881621705,ok
65018,Mossy Branch Battery Facility,False,2.5-4.5h,OT,65.0,14,14.0,True,0.8920460666518433,0.33080510615654607,0.5089309325485324,0.4948507662733853,0.4479136196137665,0.3922042680675152,0.04693714665961879,0.07221099486095198,0.8654678712927574,0.8639573037870727,0.8635484354910166,0.31349482597577427,0.016056504588076136,0.14131501212637515,,,insufficient_history
65028,"Roseland Solar Project, LLC",True,1.5-2.5h,CS,51.8,30,30.0,True,0.7999427236182662,0.3885321783948101,0.7500621204533013,0.3822029140184472,0.5081105416981533,0.5092915352761977,-0.1259076276797061,-0.2430649183005909,0.6758580228806101,0.636920603296284,0.6476281394554655,0.8776272818830317,0.034405419125813956,0.027417965339938836,10.774429127132047,20.188213787903383,ok
65029,Bissell Solar and Battery Generator,True,1.5-2.5h,BL,0.3,12,12.0,True,0.8708049618202042,0.0012043266591378326,0.4014422197126109,0.000826786966594396,0.001062001943485466,0.0012759842238454196,-0.00023521497689107007,-0.07840499229702337,0.734375,0.553063973063973,0.6666666666666666,0.8589829182425832,0.07240884267720797,0.00015430780651701253,,,ok
65035,Fox Hills Battery Station,False,2.5-4.5h,CS,7.5,15,15.0,True,0.9002196139130004,0.05724004615800691,0.7632006154400921,0.02583657856914283,0.07897947062599635,0.11755207269250785,-0.05314289205685352,-0.7085718940913802,0.8466777102889748,0.8090631140224184,0.859392575928009,0.2875728958554863,0.04262197870628714,0.024987599738872553,,,insufficient_history
65044,Dry Bridge Storage,False,2.5-4.5h,CS,20.0,24,24.0,True,0.9543138806401691,0.16840083228822159,0.8420041614411079,0.15595455446605622,0.10710981017468056,0.11390159397614553,0.048844744291375655,0.24422372145687826,0.8995691404061287,0.8968487354250261,0.9152522552622786,0.16863871970360522,0.034728979070054254,0.07971666876262257,-5.690546073652392,-243.46657036552992,ok
65053,Blythe Mesa Solar II,True,2.5-4.5h,CS,112.0,34,34.0,True,0.9309252660707081,0.6734140690957089,0.6012625616925972,0.9537954856331003,0.6960493303585542,0.8722397343519978,0.25774615527454614,0.23013049578084477,0.8955194090116546,0.8940237449039977,0.8917614223045489,0.29557408059622303,0.012729650761883591,0.18377722370400806,2.6386831686681007,56.30779229192162,ok
65054,71 Charlotte Furnace Rd Hybrid(CSG),True,>4.5h,CS,1.0,36,36.0,True,0.8844846614901739,0.0016668370752365312,0.1666837075236531,0.000701985045657915,0.002011842137728419,0.002259943418860941,-0.0013098570920705042,-0.1309857092070504,0.870110701107011,0.8507686771950573,0.8708791208791209,0.2462986643674997,0.054764717017596075,0.0005000602197487462,0.6925003718908274,20.45727093689984,ok
65055,77 Farm to Market Rd Hybrid(CSG),True,1.5-2.5h,CS,2.2,30,30.0,True,0.8757796253410397,0.0019113226120794065,0.08687830054906392,0.0032252559500451587,0.0018510185296394008,0.0015294091222946525,0.0013742374204057579,0.06246533729117081,0.9040284360189573,0.6495043961720615,0.7638888888888888,0.4498210598325696,0.08093364226889657,0.0003994726688477175,6.580245663805082,51.85614700634067,ok
65056,160 Tihonet Rd Hybrid(CSG),True,1.5-2.5h,CS,3.3,21,21.0,True,0.9428019402867102,0.0029211794061564478,0.0885205880653469,0.005064976985354883,-0.0002516407880335204,0.003789723073769714,0.005316617773388404,0.1611096294966183,0.8984007525870179,0.7773674607012443,0.9113924050632911,0.4755736776600543,0.08298172182838187,0.0007037440990223858,-7.883917872886211,27.393099677562983,ok
65057,299 Farm to Market Rd Hybrid(CSG),True,1.5-2.5h,CS,2.3,36,36.0,True,0.8466817160587315,-0.00494571374973527,-0.2150310325971857,-0.005880332590588224,-0.00443998846790318,-0.004539558290838559,-0.001440344122685044,-0.0626236575080454,0.9828259172521467,0.9371013907894508,1.0709255533199196,0.2742046460184523,0.06870834655360497,0.001379936828025573,4.193317001771046,-79.53568072152581,ok
65058,Waiawa Solar Power Hybrid,True,<1.5h,CS,36.0,30,30.0,True,0.9691426386697612,0.18945547822232758,0.5262652172842432,0.12026111690165042,0.28225177219036685,0.12103201599293967,-0.16199065528871642,-0.44997404246865674,0.9238974922455333,0.913062482033863,0.975939804901261,0.33864236078143184,0.029372157011367802,0.05003520663361026,-6.4195876549869215,182.28865304463878,ok
65098,South Sioux City Energy Storage,False,1.5-2.5h,CS,1.5,18,18.0,True,0.7858210964901807,-3.34909862500927e-05,-0.0022327324166728467,-0.0001428043382010935,-0.00031311554696850156,0.0023553582657670907,0.00017031120876740807,0.01135408058449387,0.8738170347003155,0.7909904188015132,0.8193473193473193,3.059327830312597e-05,0.10327792329561744,0.0015137295657568395,,,insufficient_history
65114,196 Tremont St(CSG),True,>4.5h,CS,1.5,31,31.0,True,0.7903016413816655,-9.671942365450894e-05,-0.0064479615769672625,-0.00015772656890422168,0.00025120210249815673,-0.0004702575619716685,-0.0004089286714023784,-0.027261911426825224,0.8160552897395003,0.7716257303306645,0.888,0.005333623039922353,0.06624695066832229,0.0002452687742626766,-1.6019007947162105,158.51557926836975,ok
65140,Crimson,False,2.5-4.5h,CS,350.0,39,39.0,True,0.8745705232951128,-0.4856860305561308,-0.13876743730175167,-0.35525410378161515,-0.44526627750004555,-0.2965489660584259,0.0900121737184304,0.02571776391955154,0.8821214910124531,0.8823732968127552,0.8829787234042553,0.03980014086429662,0.008361885869019144,0.3921870640026439,-1.1163699445776103,-61.758707138030125,ok
65154,UMass PV Lot 22,True,1.5-2.5h,CS,2.0,11,11.0,True,0.777450363016969,0.00583505491907737,0.2917527459538685,0.005480447694864502,0.008598571582749057,0.005737727275053108,-0.0031181238878845545,-0.15590619439422773,0.6967930029154519,0.6333036032364688,0.7,0.4937067164292709,0.17625189026006619,0.001969655434097116,,,insufficient_history
65174,Cranberry Highway Solar LLC,True,1.5-2.5h,CS,2.0,36,36.0,True,0.9409424693942982,0.00036690283329693173,0.018345141664846586,-0.0035813216239041976,0.0012584154470318566,2.768246336428681e-05,-0.004839737070936054,-0.24198685354680272,0.9360795454545454,0.9524429981808669,0.9746558197747184,0.0010037941419935859,0.06477228087172573,0.001985048846123922,10.138505476077697,171.56391647979922,ok
65217,South Goshen Community Solar,True,2.5-4.5h,OT,4.5,33,33.0,True,0.8424329952682031,0.0026556833539976912,0.05901518564439314,0.0025109470196951564,0.009190446595311798,0.008560902514927441,-0.006679499575616641,-0.14843332390259203,0.8637646110439339,0.811485963900414,0.8214285714285714,0.3557739675417294,0.03129919803011432,0.0006418410594805543,-4.084242190351355,-56.56450208306004,ok
65239,"AE-ESS NWS 1, LLC",False,>4.5h,CS,5.0,7,,False,,,,,,,,,,0.8639899581982918,,,,,,,insufficient_history
65240,Maysville BESS,False,1.5-2.5h,CS,5.0,24,24.0,True,0.7664129639743756,0.025729879185491536,0.5145975837098307,0.044967852692413574,0.028845576054053343,0.024459292168279353,0.01612227663836023,0.3224455327672046,0.6188436830835118,0.6060071999037492,0.6311007957559682,0.5498050028089327,0.07937827762882554,0.00496389281489233,-12.528665288136398,-56.89123020117288,ok
65241,McKinney BESS,False,1.5-2.5h,CS,5.0,24,24.0,True,0.756470404468765,0.029750154384228598,0.595003087684572,0.05093337499260622,0.03394416704967455,0.029113654369002328,0.01698920794293167,0.3397841588586334,0.5736766809728183,0.5535918115943971,0.536595394736842,0.5940608870827737,0.10408061848704318,0.005243156885344267,-19.109113963470882,-62.17495107051032,ok
65242,Charlemont A,True,1.5-2.5h,CS,2.5,14,14.0,True,0.9283347268261808,0.0009619104061060582,0.03847641624424233,,-0.00010523354794724567,0.004738067861424485,,,0.924812030075188,0.8959936935575159,0.9134883720930232,0.12621385042817013,0.07065310183080402,0.0007306225466403841,,,insufficient_history
65243,New Rosewood BESS,False,2.5-4.5h,CS,2.5,23,23.0,True,0.8071200619638195,0.015573869933663163,0.6229547973465265,0.02437220044064065,0.015887089738948052,0.013918010288971664,0.008485110701692597,0.3394044280677039,0.6083650190114068,0.5829567226118876,0.5942028985507246,0.6300757300158308,0.08832959718190121,0.002604035694899158,,,ok
65244,Queens Creek BESS,False,1.5-2.5h,CS,2.5,23,23.0,True,0.7428404095914347,0.013072756195254557,0.5229102478101824,0.026143155185483432,0.014827701350544533,0.013561697597614992,0.011315453834938899,0.45261815339755596,0.5950184501845018,0.5697789492041077,0.5833333333333334,0.5408935408338151,0.09371995506243772,0.002628199438508621,-4.264397764069721,-15.007175837490264,ok
65245,Rocky Point BESS,False,<1.5h,CS,5.0,22,22.0,True,0.7748903881143501,0.01397956358809871,0.2795912717619742,0.03109075722506225,0.0163519888840322,0.015447989057069024,0.01473876834103005,0.294775366820601,0.6095693779904306,0.5710475460029139,0.603385511467055,0.5206261163275359,0.09956934443599946,0.002999527348652815,-13.917073855549269,-63.37373209419383,ok
65246,Walkers Crossroads BESS,False,1.5-2.5h,CS,5.0,24,24.0,True,0.7641319907480444,0.027513256249582646,0.5502651249916529,0.049795487520518524,0.028104530023914095,0.02540452959361752,0.021690957496604428,0.4338191499320886,0.6098418277680141,0.5883672625172,0.5857142857142856,0.5993104763626349,0.08872400773052251,0.004796326196834623,-19.6191794807455,-75.0726676740292,ok
65247,Zion Hill BESS,False,1.5-2.5h,CS,5.0,24,24.0,True,0.8464697090780401,0.037825288325874715,0.7565057665174943,0.05423922070959648,0.03337515601024374,0.028015787521665014,0.020864064699352744,0.41728129398705494,0.6014298480786416,0.57685444500818,0.5695486248190551,0.6520051473774553,0.11429198812008239,0.005891580344549674,-21.086135945398738,-51.53546883172535,ok
65248,Collier BESS,False,1.5-2.5h,CS,2.5,24,24.0,True,0.7873695614244438,0.014630966690484066,0.5852386676193626,0.02190387863128154,0.015552402329478384,0.013608140168446706,0.006351476301803155,0.2540590520721262,0.6131578947368421,0.5886949427396045,0.6064425770308124,0.7422548590550825,0.06926142037409198,0.0018381476774497264,-13.87995911430484,-39.947038538416265,ok
65249,Docs Road BESS,False,1.5-2.5h,CS,5.0,22,22.0,True,0.7375233342216099,0.023905806771749468,0.4781161354349894,0.031201902704494473,0.022169113067805862,0.02310547160463499,0.009032789636688611,0.18065579273377222,0.5982905982905983,0.5541543907459411,0.6008145363408521,0.8205995901183981,0.056247187591074686,0.0024993925709487913,-14.5652010806516,-48.18983194070272,ok
65250,Five Points BESS,False,1.5-2.5h,CS,5.0,23,23.0,True,0.8732786718975758,0.03436425502631996,0.6872851005263992,0.04450574902049316,0.026059831980474405,0.025305497147942446,0.018445917040018755,0.3689183408003751,0.6331938633193863,0.6211794328982841,0.6451612903225806,0.6570065758703485,0.08852278356369922,0.005418203653094323,,,ok
65259,Byrd Ranch Storage,False,<1.5h,CS,50.0,29,29.0,True,0.8600885698405578,0.2221699651285391,0.4443399302570782,0.21197917573312391,0.2040030969028603,0.2512831265377427,0.007976078830263605,0.01595215766052721,0.7389791183294664,0.6037033334076312,0.7623376623376623,0.9268524945359735,0.030631489888392018,0.012011518464555402,1.2933787364663967,-6.722128634095068,ok
65271,Noble Solar,True,<1.5h,CS,125.0,31,31.0,True,0.8809729398996299,0.18293207841819806,0.14634566273455846,0.18901303111393897,0.21600844468329625,0.15274203029992586,-0.02699541356935728,-0.021596330855485825,0.7969640425639215,0.6555271117489998,0.833467417538214,0.4447590355178449,0.07697259573917112,0.03795502045909582,5.94795516458616,-105.45313026663506,ok
65291,Golden Triangle II,True,2.5-4.5h,CS,50.0,19,19.0,True,0.9935729580312532,0.6524192446837078,1.3048384893674156,0.9675916830090652,0.8386174534598796,0.6642112308931805,0.12897422954918558,0.25794845909837116,0.8141776309358566,0.7949505992686707,0.813768115942029,0.7044177337881778,0.0471448910002746,0.10250058623528031,,,insufficient_history
65382,Lincoln WWTF Hybrid,True,1.5-2.5h,CS,1.0,12,12.0,True,0.7920641795865541,0.000994495886307003,0.0994495886307003,0.0066806501105605605,0.002290954271157358,0.0010694031688030516,0.004389695839403202,0.4389695839403202,0.7848101265822784,0.7576398893184955,0.7811671087533156,0.9105697674646558,0.021277578971345672,9.855724558189676e-05,,,insufficient_history
65396,Black Walnut Energy Storage LLC,False,<1.5h,CS,15.0,2,,False,,,,,,,,,,0.8925877767766948,,,,,,,insufficient_history
65397,Santa Paula Energy Storage LLC,False,<1.5h,CS,30.0,14,14.0,True,0.8725674470605146,-0.07400205385069783,-0.24667351283565944,-0.0656870445175674,-0.11124490952516038,-0.11962189800609434,0.04555786500759297,0.1518595500253099,0.8995599062230083,0.9019017600525447,0.9032447040965763,0.04061302344531159,0.05164336615177491,0.10382869576918359,,,insufficient_history
65408,Gilead Oceanside Solar Project,True,2.5-4.5h,CT,0.7,7,,False,,,,,,,,,,0.8550366212551087,,,,,,,insufficient_history
65409,Gilead Foster City Solar Project,True,1.5-2.5h,CT,0.5,36,36.0,True,0.8127766989968787,-0.002552664519113411,-0.5105329038226822,-0.0036165025160261313,-0.0034797708176396566,-0.0027699159355092143,-0.0001367316983864747,-0.02734633967729494,0.8754208754208754,0.8732326987482267,0.875,0.5485105570270195,0.016515081312522138,0.0003971783688845376,-8.207546100636048,-107.73733232541073,ok
65410,Cunningham Storage,False,1.5-2.5h,CS,190.0,29,29.0,True,0.9172379350389457,0.6900270951983959,0.36317215536757674,0.6566387016798962,0.5193848428743717,0.6716752603879597,0.13725385880552454,0.07223887305553923,0.8544295029277573,0.8478367802609014,0.8557079598228751,0.738840886745646,0.011377942511205622,0.07895168343107947,-3.999354839018574,-42.66714855229878,ok
65422,FPL Chipola River Solar Energy Center,True,2.5-4.5h,CS,74.5,1,,False,,,,,,,,,,0.748898678414097,,,,,,,insufficient_history
65429,FPL Shirer Branch Solar Energy Center,True,2.5-4.5h,CS,74.5,1,,False,,,,,,,,,,0.785007072135785,,,,,,,insufficient_history
65433,Blackwater River Solar Energy Center,True,2.5-4.5h,CS,74.5,1,,False,,,,,,,,,,0.781651376146789,,,,,,,insufficient_history
65441,USS Itasca Clean Energy Solar LLC,True,2.5-4.5h,CS,1.0,33,33.0,True,0.780699474197645,0.0020506632437032714,0.20506632437032715,0.00040076038947028285,0.00274850811983248,0.0015910569618073351,-0.0023477477303621972,-0.2347747730362197,0.6606060606060606,0.636039031222322,0.6428571428571429,0.11808245604466161,0.14877593983658066,0.0010065487236208214,2.9956656369113954,57.05810407083962,ok
65456,Separator (Etiwanda) BESS,False,2.5-4.5h,CS,112.5,11,11.0,True,0.8303321781198587,-0.1941869660337702,-0.1726106364744624,-0.7350432428491143,-0.602083377620611,,-0.13295986522850323,-0.11818654686978065,0.8409775694676933,0.8430933412999561,0.8332426550598476,0.09435895296789831,0.020155119994689146,0.2005327521294293,,,insufficient_history
65457,Cathode (Hinson) BESS,False,2.5-4.5h,CS,200.0,11,11.0,True,0.8459380631504823,0.631725948661167,0.3158629743305835,1.2320073917330694,0.7945914637822864,,0.437415927950783,0.2187079639753915,0.8270725213231644,0.8078165730077761,0.8296622613803231,0.9634082900359907,0.009085859874859915,0.04103870278659461,,,insufficient_history
65468,Highland Park Borough Solar,True,2.5-4.5h,BL,0.6,8,,False,,,,,,,,,,0.6257750091482149,,,,,,,insufficient_history
65469,Sealed Air Madera Solar Project,True,2.5-4.5h,CS,0.8,36,36.0,False,1.1201132240232916,0.015675498757849977,1.959437344731247,0.00836668200724918,0.011028681502267951,0.01938223054671622,-0.0026619994950187707,-0.33274993687734633,0.8760806916426513,0.8661647837276899,0.8905982905982905,0.5524496733709003,0.0563870240850063,0.002419671939508854,9.346332784938108,218.99013295095168,ok
65472,Chukar Battery Energy Storage System,False,2.5-4.5h,CS,10.0,24,24.0,True,0.9303682311784718,0.1597311802783671,1.597311802783671,0.19050789873602558,0.17726630320969458,0.16313911252212732,0.013241595526331001,0.13241595526331001,0.8356955952900131,0.8353105481955486,0.8328900709219859,0.18408983342435548,0.055406518631138046,0.07169430024586257,2.359371512600679,37.06810315389906,ok
65489,Dickens,False,<1.5h,CS,200.0,11,11.0,True,0.9098030841735583,-0.26797990610895517,-0.13398995305447758,0.14432727301904888,0.11725756027107948,,0.027069712747969404,0.013534856373984702,0.9250258133119635,0.9255457094272779,0.9210632952427263,0.011664945567470553,0.056570706986040616,0.8222269685006106,,,insufficient_history
65490,Hydra,False,<1.5h,CS,200.0,11,11.0,True,0.9301273328229928,0.7322451438252376,0.3661225719126188,0.11206159712449393,-0.11027975157590283,,0.22234134870039676,0.11117067435019838,0.8920379627617184,0.8877860786529594,0.8762322996952859,0.2638002868820658,0.0312488803643326,0.40775137632380914,,,insufficient_history
65491,Paleo,False,<1.5h,CS,200.0,11,11.0,True,0.9896490506138483,2.072329271436852,1.036164635718426,-0.1667803576405117,-0.446366217143621,,0.2795858595031093,0.13979292975155466,0.8612361684758448,0.8409600024602394,0.8259622044127832,0.6506603456857465,0.04608435166526669,0.5061558725075408,,,insufficient_history
65492,Pavo,False,<1.5h,CS,175.0,13,13.0,True,0.9582840311415897,0.14889280611087102,0.0850816034919263,0.8546300712457031,0.2540867051787813,0.23493004788339472,0.6005433660669218,0.34316763775252673,0.9380593708462561,0.9476680701572396,0.9384628775350335,0.027629518760881155,0.025181475323812832,0.26632172502090995,,,insufficient_history
65493,Tortolas,False,<1.5h,CS,50.0,10,10.0,True,0.9485619304664423,0.28687958628751203,0.5737591725750241,0.2995501582498471,0.3183570153633592,,-0.0188068571135121,-0.0376137142270242,0.8795816939324912,0.879235602151749,0.8777110052687801,0.4306880317538764,0.03397420230251497,0.11661338648778999,,,insufficient_history
65499,Danville BESS 1,False,1.5-2.5h,CS,10.5,33,33.0,True,0.886298414805537,0.03742049233603538,0.35638564129557504,0.049025753349088694,0.03801909862326908,0.03665288445941278,0.01100665472581961,0.10482528310304391,0.867738442707843,0.8251987664322382,0.8685622317596566,0.9760486129004423,0.002223445986248801,0.00105283002264984,-0.15569825838394924,10.766086873599994,ok
65530,Portage Industrial Battery,False,1.5-2.5h,CS,5.0,24,24.0,True,0.8817345173495149,0.03331684615858559,0.6663369231717118,0.03567374710075927,0.04182201095888416,0.0322741387653306,-0.006148263858124892,-0.12296527716249782,0.7571877265039865,0.751957208373046,0.7588914966600468,0.6613922988221773,0.03171432368347221,0.005082429836367091,-5.321593127181356,-23.321623351949654,ok
65531,Deer Run Battery,False,1.5-2.5h,CS,5.0,24,24.0,True,0.7742686192330244,0.008555460894062401,0.17110921788124803,0.009859184796480697,0.01419605121978913,0.017077794105981516,-0.004336866423308433,-0.08673732846616866,0.745359477124183,0.7431323158649282,0.7418295813586098,0.1209402930789577,0.03555592408762982,0.004917628858599903,-17.36984976893571,-200.55837151756896,ok
65562,Amazon Bakersfield 1 Solar Project,True,2.5-4.5h,BL,1.6,22,22.0,True,0.8696017779303341,0.002202077778515127,0.13762986115719544,0.004903114308392881,0.0015778497345099324,0.0018242356077308084,0.0033252645738829486,0.20782903586768425,0.8586337760910816,0.7970888960514327,0.8533026113671275,0.17461955732586942,0.015148588213028039,0.0010705286686907164,-0.23984459562007748,-30.59253078349483,ok
65568,Google Moffett Park Solar Project,True,1.5-2.5h,CS,0.6,36,36.0,True,0.8953718193212168,0.00017762834622267134,0.029604724370445226,0.0016073369018901897,0.0022141931951855705,0.00040336189857805623,-0.0006068562932953808,-0.10114271554923014,0.8911968348170128,0.8921807592860329,0.8908730158730158,0.01075092273871292,0.014329865156919643,0.0002922151782942812,3.87829085920973,177.58473226265022,ok
65588,Antlia,False,1.5-2.5h,CS,70.0,5,,False,,,,,,,,,,0.8629704871194684,,,,,,,insufficient_history
65589,Carina,False,1.5-2.5h,CS,150.0,4,,False,,,,,,,,,,0.8744223603468189,,,,,,,insufficient_history
65591,AVEP BESS,False,2.5-4.5h,CS,126.0,9,,False,,,,,,,,,,0.8295193312463013,,,,,,,insufficient_history
65614,Orange Coast College PH2 Solar Project,True,1.5-2.5h,CS,2.1,36,36.0,True,0.517306634341064,-0.0825724051128167,-3.9320192910865095,-0.08069921141010278,-0.08614397623043583,-0.09002122057958552,0.005444764820333056,0.25927451525395506,1.149032992036405,0.8588135797628352,0.8643021552626072,0.40804574612213873,0.24764282066249793,0.017056311606064266,13.199554932654234,205.78217069443605,ok
65633,Boaz Microgrid Battery,False,<1.5h,CS,3.6,8,,False,,,,,,,,,,0.3470577640958076,,,,,,,insufficient_history
65635,Hecate Energy Desert Storage 1 LLC,False,1.5-2.5h,CS,10.0,7,,False,,,,,,,,,,0.7863686663444379,,,,,,,insufficient_history
65644,Lumina II Solar Project,True,1.5-2.5h,CS,160.0,3,,False,,,,,,,,,,0.8417890677076163,,,,,,,insufficient_history
65645,Lumina Solar Project,True,1.5-2.5h,CS,160.0,4,,False,,,,,,,,,,0.834762378244462,,,,,,,insufficient_history
65650,Brockelman Road Solar 2,True,<1.5h,CT,2.0,24,24.0,True,0.9292164674941247,0.001077142488215483,0.05385712441077414,0.0005754356346916649,0.0005996872911365346,0.0009661069899337253,-2.425165644486969e-05,-0.0012125828222434845,0.9067599067599068,0.905334656633638,0.9080338266384778,0.13025239228303465,0.019071292814677596,0.0005934246521213146,8.713800954222927,124.89939380114126,ok
65656,"Ortega Grid, LLC",False,1.5-2.5h,CS,20.0,6,,False,,,,,,,,,,0.7988035402733903,,,,,,,insufficient_history
65657,"San Jacinto Grid, LLC",False,<1.5h,CS,65.0,3,,False,,,,,,,,,,0.7963099298177153,,,,,,,insufficient_history
65669,Faunce Corner Community Solar,True,2.5-4.5h,CS,1.0,29,29.0,True,0.7691832251783953,0.002952666416661554,0.2952666416661554,0.0018348666640698843,0.003522311377561018,0.0038842225390091395,-0.0016874447134911335,-0.16874447134911336,0.7501836884643645,0.6126866384001892,0.7142857142857143,0.7140277153964131,0.04669304568867933,0.00035961428927118287,12.047383579106818,67.9477285661642,ok
65670,Ventura,True,>4.5h,CS,1.0,30,30.0,True,0.7716825365124651,0.0005147869897754975,0.05147869897754975,-0.00036521147628984117,0.0009427251959357916,0.0009082458253966368,-0.0013079366722256328,-0.13079366722256328,0.77909887359199,0.7737091180207687,0.7400645802285146,0.1582126327205241,0.052448714238553844,0.00022440326425780604,-7.983156201037213,-1.5545127635672218,ok
65672,Sanborn BESS 3,False,2.5-4.5h,CS,169.0,26,26.0,True,0.8762478477094194,0.16185355895801473,0.09577133666154718,0.2960828402773218,0.11951917643511774,0.6405079071673585,0.17656366384220407,0.104475540735032,0.8721735151193788,0.8715569539157906,0.8683239055224952,0.007795375334968324,0.016593173507301193,0.3727337689342276,5.385875531628213,81.79497767624197,ok
65673,Sanborn BESS 4,False,2.5-4.5h,CS,47.0,26,26.0,True,0.9529212000748494,0.6339005470765795,1.3487245682480413,0.6372425913133011,0.4571937527451035,0.9699812461500058,0.1800488385681976,0.3830826352514842,0.8725780057481538,0.8704658068959381,0.8747408511846804,0.14480781180420044,0.0529086397639463,0.3144498361858522,,,ok
65674,Edwards Sanborn E1B,True,<1.5h,CS,136.0,26,26.0,True,0.9493936733641385,1.3347977832762423,0.9814689582913547,1.9805398036220954,1.537976326104351,1.7202202779771258,0.4425634775177443,0.32541432170422374,0.8554823802169845,0.8534919898380977,0.8524996829113256,0.42980859945671446,0.028677472466185572,0.3138214590387772,1.985819980141607,9.254568775572645,ok
65675,Edwards Sanborn E4,True,<1.5h,CS,100.0,26,26.0,False,1.0514039829614383,0.8562101969147724,0.8562101969147725,1.4174024113127062,1.3023684415298689,1.0707938615192119,0.11503396978283731,0.1150339697828373,0.8262063043959046,0.8335759754377018,0.8237771903399418,0.09736196315798129,0.16621067334545758,0.5321535075446614,11.791344222235695,148.22896298209272,ok
65677,Edwards Sanborn S4,True,<1.5h,CS,18.8,30,30.0,True,0.9279206146504556,0.014420717039191136,0.07670594169782519,0.007972843101471354,0.0031496814403318895,0.011958492286928487,0.004823161661139465,0.025655115218826942,0.9096691294571153,0.9089629150110385,0.903927780511811,0.036060599481571254,0.02347827715639697,0.014090170051840862,1.0708101256730818,-2.747156795728098,ok
65692,NY6 Battery,False,1.5-2.5h,CS,20.0,24,24.0,True,0.9013533637499144,0.16228402391778474,0.8114201195889237,0.15964167529572337,0.1539330077401804,0.1437601563795955,0.005708667555542973,0.028543337777714867,0.8630280217482225,0.8617366591047092,0.86226343359243,0.6609366549174225,0.007967741971528436,0.024781348168993435,0.08351796113837236,18.58298088413447,ok
65693,TX10 Hummingbird Storage,True,1.5-2.5h,CS,100.0,15,15.0,True,0.8792877456157113,0.5380577824104877,0.5380577824104877,0.6575506421726259,0.5371189752694726,0.4698705761803389,0.12043166690315332,0.12043166690315332,0.8299721314914147,0.8124326558441572,0.8301474604041508,0.9451457918140075,0.00994333076597394,0.0359511522220622,,,insufficient_history
65694,TX11 Republic Road Storage,False,<1.5h,CS,50.0,31,31.0,True,0.8842341439747224,0.37064174580948356,0.7412834916189671,0.4016670725157856,0.3602416918021772,0.3635462687986118,0.041425380713608406,0.08285076142721681,0.630174856589951,0.5161595721876114,0.585945945945946,0.9579617334977222,0.02869736066929028,0.014417954571941402,4.092852653385892,11.124810278532381,ok
65695,TX12 Silicon Hill Storage,True,<1.5h,CS,100.0,34,34.0,True,0.5899611358780413,0.07536289111705145,0.07536289111705145,0.5463690066806652,0.08102684857736853,0.09117512562768187,0.4653421581032967,0.4653421581032967,0.6254215304798962,0.5391267079632538,0.6164195123346514,0.1011426782902104,0.09803672995399268,0.03971556240879276,12.149721687331287,37.8777666615588,ok
65696,TX13 Endurance Park Storage,False,<1.5h,CS,50.0,30,30.0,True,0.8967478242342567,0.3002327287779988,0.6004654575559976,0.29639409155037433,0.17199215682641852,0.20785494979263355,0.1244019347239558,0.24880386944791164,0.8071527190130495,0.7780244829273866,0.807784830254608,0.9674029527568124,0.012616875469468549,0.010415123989567673,-1.0733106993809476,0.19078082932520699,ok
65698,TX15 Limousin Oak Storage,True,1.5-2.5h,CS,100.0,15,15.0,True,0.902760396354243,0.7548211299920243,0.7548211299920243,0.7919225746441638,0.6489658732515451,0.6583387346244554,0.14295670139261873,0.14295670139261873,0.8294445206956726,0.8198539150161802,0.8337874659400545,0.7317431648067438,0.02098792210907498,0.12675597319317225,,,insufficient_history
65699,TX19 River Valley Storage 1,False,1.5-2.5h,CS,50.0,30,30.0,True,0.8230700917997681,0.20378724659690303,0.40757449319380606,0.10339910225926707,0.2752912761857857,0.2949923670858261,-0.17189217392651862,-0.34378434785303724,0.7948529058501353,0.7111784066073074,0.7587105067981923,0.6959562161096753,0.05713631063632503,0.02545511662533823,7.9601732291443295,52.42375805434547,ok
65700,TX21 River Valley Storage 2,False,1.5-2.5h,CS,50.0,29,29.0,True,0.8356688524124009,0.1884524603421713,0.3769049206843426,0.07690991186568075,0.223506137642088,0.27248992462095684,-0.14659622577640724,-0.2931924515528145,0.8029358726944857,0.7203820080081444,0.7807054823629409,0.6606519655249338,0.054216359638759204,0.025992989599007414,11.386105125693023,74.39874667984475,ok
65701,TX23 Roughneck Storage,False,<1.5h,CS,50.0,27,27.0,True,0.8722154657218585,0.31299380606906885,0.6259876121381377,0.32163346170368656,0.3013665600312197,0.3212130920871554,0.020266901672466864,0.04053380334493373,0.6502651375015415,0.5657800374140078,0.6308411214953271,0.9566042926047692,0.02921825129507371,0.013332849053954486,-1.3946312941905936,5.259656036622533,ok
65711,Vikings Energy Farm,True,2.5-4.5h,CS,150.0,17,17.0,True,0.8916422400812453,0.06625172200578158,0.044167814670521055,0.0635613997932242,0.15270004164810483,-0.02860710289431833,-0.08913864185488063,-0.059425761236587084,0.888484383155116,0.8876648797684864,0.8863260647091238,0.050887033659283265,0.007551842025466431,0.07387660460871204,,,insufficient_history
65733,Carris Storage I,False,1.5-2.5h,CS,10.0,7,,False,,,,,,,,,,0.7902944321475145,,,,,,,insufficient_history
65734,Oberon Solar Project,True,2.5-4.5h,CS,125.0,28,28.0,True,0.9372946888892822,0.7897994587367899,0.6318395669894319,0.9187415603206217,0.7680444898356336,0.6003864942086836,0.15069707048498815,0.12055765638799051,0.8989485981308412,0.8918220052935781,0.897291916587968,0.7905809666109277,0.00746592972161742,0.0797195899051155,4.770942926380925,114.42222689466305,ok
65735,Oberon II Solar Project,True,2.5-4.5h,CS,125.0,28,28.0,True,0.9383479977309027,0.8136212648366543,0.6508970118693235,0.921170831744915,0.7951480836153647,0.6133188602666383,0.12602274812955028,0.10081819850364022,0.8971607911831253,0.8899880152911157,0.8926594775618932,0.748052122828194,0.008915743200740577,0.09260299621077446,-1.5296377194117565,-149.01461146942728,ok
65743,Victory Pass,True,2.5-4.5h,CT,50.0,22,22.0,True,0.850454630481038,-0.24712617363231099,-0.49425234726462197,-0.5807305154588549,-0.2931561980249647,0.61753762558552,-0.2875743174338902,-0.5751486348677805,0.8831212511912103,0.8955065687606809,0.8629540714772677,0.02971890977562952,0.06541144292591898,0.3157447179412683,,,insufficient_history
65744,Arica Solar,True,2.5-4.5h,CT,136.0,22,22.0,True,0.8259467933237654,-0.3466011772763532,-0.25485380682084796,-3.0108331420416774,-0.590117777730523,4.306593938242139,-2.4207153643111545,-1.7799377678758488,0.8510440936717242,0.86919495425362,0.9181763102847116,0.011408493673065623,0.07233174131849089,0.7214551205067218,,,insufficient_history
65809,Caterina,False,<1.5h,CS,9.9,36,36.0,True,0.9304110123917357,0.021586404894177354,0.2180444938805793,0.0215182616863066,0.0225559730008948,0.023083786201562335,-0.001037711314588203,-0.010481932470587908,0.852650228849845,0.8491064459835354,0.8453857263807958,0.45546708309796036,0.020112568914687858,0.004047850193813138,-4.89613181451364,-41.799756217221,ok
65810,Cedarville (TX),False,<1.5h,CS,9.9,24,24.0,True,0.9257030722352855,0.020864833997019112,0.210755898959789,0.02069970909519433,0.020288428735570116,0.019373431746545076,0.00041128035962421233,0.004154347066911235,0.8507364255880413,0.8457935513245104,0.8574603174603175,0.8574880174973616,0.009575208832016405,0.0018134903719880286,-11.966137555570269,-255.33374673221348,ok
65811,Coyote Springs (TX),False,<1.5h,CS,9.9,24,24.0,False,1.019344440158795,0.04054137880615559,0.4095088768298544,0.04019068080286706,0.03835637063677808,0.03868035070691521,0.0018343101660889746,0.01852838551605025,0.857461521302699,0.8496106374286189,0.8806654799397509,0.9055991670057987,0.014422550616366377,0.0027906609838884576,-12.592572800455198,-285.7032764572337,ok
65812,Farmersville (TX),False,<1.5h,CS,9.9,21,21.0,True,0.9549263523818058,0.02492312877468473,0.2517487755018659,0.02440897638191196,0.02486360344484464,0.020594498726588792,-0.000454627062932679,-0.004592192554875545,0.8223259152907394,0.8065194672143599,0.8414634146341463,0.9347008913790084,0.013782111524597095,0.001511273471675319,,,insufficient_history
65813,Faulkner,False,<1.5h,CS,9.9,24,24.0,True,0.9255122803240863,0.016627904606322012,0.16795863238709102,0.0164994925245574,0.017163873512927023,0.014114135613958849,-0.0006643809883696249,-0.006710919074440655,0.8620448179271709,0.8558793987741599,0.8679457698572386,0.8832842125965826,0.007680849479456904,0.0012886671325194451,-6.169702303257144,-167.10573284964883,ok
65814,Gomez,False,<1.5h,CS,9.9,24,24.0,True,0.9361464574908734,0.02365023012181828,0.23889121335169977,0.0233354158461285,0.02387246242672528,0.0206658585471936,-0.0005370465805967818,-0.005424712935321028,0.8465426142889961,0.8397030877953021,0.8591362401774792,0.8870786707245343,0.010166726142725855,0.0017989991282411067,-5.433707585303171,-73.960808134733,ok
65829,Holcomb (TX),False,<1.5h,CS,9.9,24,24.0,True,0.9432380404452745,0.02895724656413911,0.29249744004180916,0.02942583013406006,0.028643429603903356,0.028506319426051946,0.0007824005301567058,0.007903035658148544,0.8214376428752858,0.812916463923643,0.8361743798055998,0.8705745811479824,0.014930899998801156,0.002380415239284003,-5.190898942332914,-46.30818763964527,ok
65830,Junction (TX),False,<1.5h,CS,9.9,24,24.0,True,0.948834750857378,0.02141993199559814,0.21636294945048623,0.02134669872398843,0.021470940748502466,0.021632934733593876,-0.00012424202451403674,-0.0012549699445862296,0.8553902375358914,0.8516165892078962,0.8641711229946525,0.6397259200312992,0.020166924941930488,0.003427096097204053,-18.24852872623362,-277.460801439994,ok
65831,Lonestar,False,<1.5h,CS,9.9,36,36.0,True,0.9384307279611244,0.017327225672978595,0.17502248154523833,0.01672446773273757,0.015500689824672799,0.01934310136368582,0.0012237779080647698,0.01236139301075525,0.8735021993022903,0.8683706007452021,0.8769642122583299,0.6732081897235336,0.011033961108673362,0.0020703818892979647,-4.001183002404407,-82.57273688248917,ok
65832,Olney,False,<1.5h,CS,9.9,24,24.0,True,0.9237228469183036,0.02290807132223486,0.23139465982055413,0.023762409630886223,0.020935177496807983,0.023196127591883848,0.0028272321340782405,0.02855790034422465,0.8033106134371957,0.7934049132455318,0.8127081021087681,0.876765297909137,0.015438742897941136,0.0018310576573655174,-5.208056749782473,-72.10879694246405,ok
65833,Rattlesnake (TX),False,<1.5h,CS,9.9,24,24.0,False,1.0050024734374883,0.03874311847446206,0.3913446310551723,0.037209066041653104,0.024542342261012925,0.019685098319330237,0.012666723780640179,0.1279467048549513,0.84874715261959,0.8430609246781632,0.8753378378378378,0.5266681272980067,0.041931616940702555,0.007830645988194447,-9.488317561578986,-159.8657900054435,ok
65834,Saddleback BESS2,False,<1.5h,CS,9.9,24,24.0,True,0.934691841801244,0.03141140855725275,0.31728695512376515,0.03102807467134916,0.02870844070593011,0.028225332001158388,0.0023196339654190483,0.02343064611534392,0.8233648881239243,0.8165832748333588,0.8324254824973732,0.9416237667601016,0.008861664743853965,0.0016674599038231566,-11.3146370706746,-153.0925683854616,ok
65835,Screwbean,False,<1.5h,CS,9.9,24,24.0,True,0.9142742488698422,0.010365743051016563,0.10470447526279357,0.010490341690176489,0.012811114332880647,0.010748790524156967,-0.0023207726427041577,-0.023442147906102603,0.8758304696449026,0.8734609944704573,0.8794083014424492,0.6085488597604473,0.009324675198410372,0.0017724751434903228,-6.591308017750909,-224.67165142198436,ok
65836,Toyah Power Station,False,<1.5h,CS,10.4,24,24.0,True,0.997621753206053,0.008978984579514123,0.0863363901876358,0.008814427107546138,0.014470856902345171,0.011164706488513228,-0.005656429794799033,-0.05438874802691378,0.9588568612958857,0.9564427391580379,0.9639517345399699,0.2444402293402984,0.017383223752974474,0.003365611299535775,,,ok
65837,Val Verde,False,<1.5h,CS,9.9,24,24.0,True,0.9218714598482415,0.011493816776649514,0.1160991593600961,0.011405170403778454,0.0093231565058803,0.010352019842615317,0.002082013897898154,0.021030443413112665,0.8514628657164292,0.8457336633250087,0.8601868487243982,0.8441396254826975,0.009716932122814926,0.001052964291301994,-1.7712086847644113,-49.25248843146587,ok
65857,Sunlight Storage,False,2.5-4.5h,CS,230.0,30,30.0,True,0.9399172460218913,3.3806887237050796,1.4698646624804694,4.536117613381198,3.066913248048236,3.3991255780082916,1.469204365332962,0.6387845066665052,0.8325099696446641,0.8275543301143509,0.839291946788512,0.4151491170924889,0.0358895191507762,0.7583098285455235,-4.849612496428314,-49.356167305654736,ok
65860,Avila,False,1.5-2.5h,CS,160.0,4,,False,,,,,,,,,,0.8765858831220914,,,,,,,insufficient_history
65861,Cachi,False,1.5-2.5h,CS,200.0,4,,False,,,,,,,,,,0.8656262105976174,,,,,,,insufficient_history
65866,Canoe,True,2.5-4.5h,CS,74.5,1,,False,,,,,,,,,,0.7782152230971129,,,,,,,insufficient_history
65888,Kayak,True,2.5-4.5h,CS,74.5,1,,False,,,,,,,,,,0.7517934002869441,,,,,,,insufficient_history
65927,Fourmile Creek,True,2.5-4.5h,CS,74.5,1,,False,,,,,,,,,,0.7639664804469274,,,,,,,insufficient_history
65933,Sagebrush ESS,False,2.5-4.5h,CS,80.0,32,32.0,True,0.8332022086053114,0.3717349587765357,0.4646686984706696,0.8415446214080212,0.37407668959981616,0.598954551632217,0.46746793180820506,0.5843349147602563,0.803376101490278,0.8007854484744615,0.7846453849834573,0.08429257932447431,0.042225448653057204,0.2236951009098779,6.587452379142113,-45.05313941906319,ok
65945,Brookville Smart Bus Depot Microgrid,True,2.5-4.5h,CS,1.5,32,32.0,True,0.9261369603631521,0.0008374497851604053,0.055829985677360354,6.904280034080197e-05,-0.0011942094650077748,0.0005431379302516787,0.0012632522653485767,0.08421681768990512,0.9155617585484996,0.9098781104908072,0.9107794361525705,0.09652079794110413,0.014994832532451572,0.00046778552191709436,-1.9391224714611743,-44.02165598022121,ok
65950,Kearsarge 100 Sohier Rd,True,2.5-4.5h,CS,1.8,30,30.0,True,0.9422296759086605,0.008775433179796167,0.48752406554423144,0.008859388499795881,0.0075470602544513935,0.016600479115975838,0.0013123282453444875,0.07290712474136042,0.8850537284272224,0.8440475716205296,0.894522892597347,0.7394812118828499,0.020167154106567844,0.0009843408314774331,-0.06588749880609,-55.52022214495695,ok
65951,Bowling Green Energy Storage Project,False,<1.5h,CS,12.0,24,24.0,True,0.9049378089911841,-0.012801888739546876,-0.10668240616289063,0.01281692864830735,-0.004682472167934465,-0.004870106964563537,0.017499400816241815,0.14582834013534846,0.9087962529274005,0.9088908204004099,0.9088331706282495,0.03913727210302653,0.005163523436337773,0.013523780268699047,-3.100910442805155,-83.68176392288946,ok
65952,Andover Energy Storage Project,False,<1.5h,CS,20.0,24,24.0,True,0.8974409169145189,-0.010783281692729478,-0.05391640846364739,0.03599841672120438,0.008676114473148042,-0.0009155249645110002,0.02732230224805634,0.13661151124028167,0.8994593827262726,0.8995913243626302,0.8996621992656995,0.03285686653740083,0.003200481222876153,0.01247302849766384,1.0565229235322369,83.18622484374261,ok
65953,Howell Energy Storage Project,False,<1.5h,CS,7.0,24,24.0,True,0.8969256798681657,-0.003063473807916424,-0.0437639115416632,-0.007837856186184156,-0.009042887082928195,0.0016649469613445765,0.0012050308967440394,0.017214727096343422,0.8984990680487884,0.8987862124137034,0.9008088276956201,0.0008369438892449343,0.015518623160456605,0.022566948800552326,3.144751428861498,197.75095773172114,ok
65956,Storey Solar and Storage,True,2.5-4.5h,CS,88.0,26,26.0,True,0.8418272706775888,-0.2447215306374498,-0.2780926484516475,-0.10240555696283116,-0.435221942503102,-0.20020518123882575,0.3328163855402708,0.3782004381139441,0.862770547224887,0.8637342910870223,0.8590461330637216,0.05750917004181488,0.024944703647608073,0.20222580652522087,-2.0750103997159743,-11.317254341068693,ok
65962,"Mesquite Solar 4, LLC",True,>4.5h,CS,10.0,18,18.0,True,0.9266983769171698,0.03455465970109555,0.3455465970109555,0.13728439978652518,0.04604390572541976,0.03230674538864743,0.09124049406110542,0.9124049406110541,0.8612836438923396,0.6445295311567756,0.8610530908297658,0.7153034629598275,0.07394733823487849,0.00544995049685223,,,ok
65963,"Mesquite Solar 5, LLC",True,2.5-4.5h,CS,60.0,30,30.0,True,0.8829448656384089,-0.09572181350895533,-0.15953635584825887,-0.08537322396430963,0.03390830605479251,0.08077873697277344,-0.11928153001910213,-0.1988025500318369,0.8933690233401315,0.8936580528571458,0.8889151005295493,0.08945703742266564,0.009478189283737075,0.05771316180322783,9.25226888613248,124.35975293390082,ok
65980,CED West Side Canal Battery Storage,False,2.5-4.5h,CS,131.0,31,31.0,True,0.8401643182006256,0.6083308736590833,0.46437471271685754,0.5835920825208829,-0.3010937464295538,-0.2599448048959035,0.8846858289504367,0.6753326938552952,0.8146957785477339,0.8003453895717777,0.8198112308132329,0.9001393154310836,0.011137467220119997,0.03762558518660988,-2.9448501060330883,-128.32662966168516,ok
65987,Desert Peak Energy Storage I,True,2.5-4.5h,CS,325.0,30,30.0,True,0.8793562443175093,0.0032254831242244726,0.0009924563459152223,-0.04727152598622997,-0.04690039637438591,0.10682883599378919,-0.00037112961184405935,-0.00011419372672124902,0.8759250752819885,0.8832918546065902,0.8761928014792255,0.0006975652142597877,0.01773774420693351,0.023071287091562927,1.9222783979053355,193.94453436321882,ok
65988,Desert Peak Energy Storage II,True,2.5-4.5h,CS,75.0,30,30.0,True,0.8752864987607,-0.018617178022082556,-0.024822904029443406,-0.047234907619248846,-0.07021135976974979,0.02674200831705978,0.022976452150500946,0.030635269534001263,0.876207491438137,0.8801775104662218,0.8759790215550953,0.019063202205176988,0.010001693238026575,0.025238144463156944,1.3871293261057953,190.03769572793948,ok
66006,House Mountain,False,1.5-2.5h,CS,73.2,23,23.0,True,0.7980114438628735,-0.6454209058178854,-0.8817225489315372,-0.7111554239335716,-0.8840555837558269,-0.9200392368489738,0.17290015982225537,0.23620240412876417,0.903550426887779,0.9093139393668848,0.9156792504822265,0.1203441532261732,0.08959431260486984,0.3807827624941989,,,insufficient_history
66007,Flower Valley II,False,1.5-2.5h,CS,101.0,36,36.0,True,0.9095923192216967,0.4307045701934034,0.4264401685083202,0.5730520737458014,0.43366554924247197,0.4074116744944841,0.1393865245033294,0.13800645990428653,0.8529364503277499,0.8498667752488775,0.855702715942162,0.4137202174112714,0.01694327328564734,0.08793041208885397,-0.19288248913019418,12.252168675222078,ok
66008,Swoose II,False,1.5-2.5h,CS,101.0,36,36.0,True,0.9039044119759959,0.41214255182460874,0.4080619324996126,0.29880018437049105,0.17678070299197404,0.09068302056200311,0.12201948137851701,0.12081136770150198,0.852305050462485,0.8519908335826185,0.8550820482963144,0.08011232240757671,0.04027355108935001,0.2395111505194683,-1.825557777334092,-1.073820250696793,ok
66009,Crossett Power Management LLC,False,1.5-2.5h,CS,203.0,36,36.0,True,0.8784450048356195,0.015586817365971513,0.007678235155650992,0.005704851958566584,-0.030556310263379335,-0.09314155158730034,0.03626116222194592,0.017862641488643312,0.8770471009386362,0.8769051541717604,0.8832472366959152,0.0015343106984030408,0.011357373834740994,0.06819113268973408,-5.758313605352919,-210.88282487922223,ok
66050,Lancaster Area Battery,False,2.5-4.5h,CT,127.0,40,40.0,True,0.9127393605921882,0.8558384453970787,0.6738885396827391,1.5163019318588091,1.3603965427065248,1.1169673936557962,0.15590538915228436,0.12276014893880657,0.8719106253605672,0.8717580387052388,0.8734974762164861,0.13120340477706816,0.022134730848852865,0.35726172912071125,0.8404589744228841,19.677582728405994,ok
66067,Kapolei Energy Storage,False,2.5-4.5h,CS,185.0,24,24.0,True,0.9392672606481408,0.844044557157514,0.45624030116622377,0.5135856537244101,0.5679988138690614,0.6285851789507205,-0.05441316014465125,-0.029412518997108787,0.9044402316903593,0.904324991712686,0.9027528822296416,0.09516806176778614,0.027205229537548198,0.5548714530801625,0.19038810330776423,7.1219373435389945,ok
66075,Blacksmith Road Solar 1,True,1.5-2.5h,CT,2.0,36,36.0,True,0.9149237415884293,0.001053881692493028,0.0526940846246514,0.0006078724597235938,0.0007866054116452975,0.0013658669616508218,-0.0001787329519217037,-0.008936647596085185,0.9084429824561403,0.9075305951939815,0.902938808373591,0.054630995580759234,0.007192216068023187,0.0007518540158149273,3.7114789082744704,196.4189741618925,ok
66076,Electric Avenue Lunenburg Solar 1,True,<1.5h,CT,1.0,24,24.0,True,0.9460972532593755,0.001683918629149249,0.1683918629149249,0.009271140425475147,0.008555154280579723,0.005059636615906357,0.0007159861448954238,0.07159861448954238,0.9299516908212561,0.9290531674531769,0.9150717703349283,0.029032154270140276,0.026348426147368452,0.0020762160967207964,13.145699598061459,234.2955180054685,ok
66128,Lake Mabel Solar and Battery Storage,True,2.5-4.5h,CS,40.0,9,,False,,,,,,,,,,0.7640949064274605,,,,,,,insufficient_history
66129,Dover Solar and Battery Storage,True,1.5-2.5h,CS,15.0,10,10.0,True,0.8809306476675843,0.06331144579359738,0.42207630529064916,0.09225369810415132,0.20894632240489627,,-0.11669262430074495,-0.777950828671633,0.7828777720474471,0.7774194508555974,0.8017561851044738,0.07197931182549977,0.25882902418456133,0.08037337801354336,,,insufficient_history
66137,Zier Solar,True,1.5-2.5h,CS,40.4,21,21.0,True,0.8769750800581395,0.2534806278110873,0.6274272965620974,0.2509030909560789,0.2717641819639161,0.279441341016025,-0.02086109100783723,-0.05163636388078523,0.8115560752216701,0.8057473919950963,0.8059762586983218,0.5668464245185123,0.021457495526836127,0.050834226498329596,,,insufficient_history
66163,Jicarilla Solar 1 LLC,True,2.5-4.5h,CS,20.0,30,30.0,True,0.8400218401318934,-0.04005142628780467,-0.20025713143902332,-0.07809104124245594,-0.05854144924337366,-0.22014255250580902,-0.019549591999082287,-0.09774795999541144,0.8549835852483877,0.8584120962603735,0.8626140112659862,0.019217353151050554,0.030913534109137036,0.05407276427865771,-1.8832064977924758,38.12592442474783,ok
66170,Revolution,False,1.5-2.5h,CS,150.0,24,24.0,True,0.8635933440919207,0.13355766545045725,0.08903844363363816,0.06659744920873184,0.11867224863234542,0.12679004875501038,-0.05207479942361358,-0.03471653294907572,0.8537526101115451,0.8512848556581739,0.8483705529438507,0.2823675977251944,0.0070885958113701755,0.045394273398027034,-3.678773981253548,-72.11749788705457,ok
66180,Huxley Solar,True,<1.5h,CS,5.0,15,15.0,True,0.7845440677588517,0.0005080196950524671,0.010160393901049343,0.0005778586697452719,0.014357649309093815,0.000922538487289421,-0.013779790639348543,-0.2755958127869709,0.8001319261213721,0.7958114033593809,0.8106796116504854,0.0030688890485863762,0.0776505690526907,0.0025395154196888223,,,insufficient_history
66181,"Beacon Solar, LLC",True,1.5-2.5h,CS,5.0,16,16.0,True,0.9461443474690364,0.00352215929789822,0.0704431859579644,0.008863621630671935,0.004469778953100161,0.004814579821120299,0.004393842677571774,0.08787685355143549,0.920371599203716,0.9209723774639361,0.9324908925318762,0.01925651669362949,0.06375622649581696,0.006717904512235727,,,insufficient_history
66182,Town of Amherst Solar,True,<1.5h,CS,2.5,20,20.0,True,0.691923283037832,-0.000988085909283159,-0.03952343637132636,-0.0018041757933467304,-0.0012716461665011791,-0.00039104031608219367,-0.0005325296268455513,-0.021301185073822053,0.7213270142180095,0.7289817709616714,0.7366071428571428,0.059548478095787116,0.09421661418091899,0.0009255317614386745,,,insufficient_history
66208,North Central Valley,False,2.5-4.5h,CS,132.0,28,28.0,True,0.8923894284991213,0.2384834576330051,0.18066928608560992,0.47851551617431837,0.14150897382809136,0.31364668376899557,0.337006542346227,0.2553079866259295,0.884079379579778,0.8832599697761168,0.8868190144559257,0.01087535955628749,0.025347006806261462,0.4460415167428248,-1.99314411740363,-125.61556615257716,ok
66218,Dubois Solar (Hybrid),True,1.5-2.5h,CS,2.0,15,15.0,True,0.991651275278779,0.004427279286102082,0.2213639643051041,0.004283294942123154,0.004194122430287482,,8.917251183567215e-05,0.004458625591783607,0.9363336992316136,0.9261789732192958,0.9347826086956522,0.38437371820397237,0.03237358681292262,0.0015539855528202422,,,ok
66222,Landau II Solar (Hybrid),True,1.5-2.5h,CS,4.0,16,16.0,True,0.8556826983031961,-0.0010354335393855324,-0.02588583848463831,0.003934106678434084,0.002756252280259921,-0.001178247800215366,0.0011778543981741628,0.02944635995435407,0.9242636746143057,0.8799217540743001,0.9172346640701071,0.1135856998817335,0.056820283837037584,0.0007730627694111131,,,ok
66228,Salt Point Solar (Hybrid),True,<1.5h,CS,2.0,20,20.0,True,0.9373761343782899,0.0011547133395139867,0.05773566697569934,0.00011388559095065688,0.0012038539195818787,0.0018147552339872208,-0.0010899683286312218,-0.05449841643156109,0.9272151898734177,0.9094638816695744,0.9289318755256518,0.43946908089020276,0.027298464284609882,0.0003073785477383114,,,ok
66232,Svenski Solar (Hybrid),True,1.5-2.5h,CS,2.0,11,11.0,True,0.9198460132173744,0.0005342234080191253,0.026711170400956268,0.0005259867816024107,0.0015145194531512775,,-0.0009885326715488667,-0.049426633577443334,0.9382022471910112,0.9082166936716152,0.944954128440367,0.0726913243631645,0.04764953315531034,0.0006360225733063565,,,ok
66263,Eleven Mile Solar Center,True,2.5-4.5h,CS,300.0,19,19.0,True,0.9215923846810119,0.9656405346632893,0.32188017822109644,0.9404189251356423,0.7762134503734075,0.711681372630251,0.1642054747622348,0.05473515825407826,0.9032234736060665,0.9019622116217448,0.9038541234977207,0.8530518273531736,0.0025964915035682832,0.09720428570582221,,,insufficient_history
66265,Paradise Energy Storage,False,<1.5h,CS,10.0,22,22.0,True,0.9183452477792224,0.08834570521584506,0.8834570521584506,0.17177121093615674,0.08199678330388202,0.09043833914157913,0.08977442763227472,0.8977442763227473,0.8552836540877343,0.8467153218314878,0.8628137091004038,0.29623645954038513,0.04007665639839118,0.03044840668068672,,,insufficient_history
66266,Clairemont Energy Storage,False,<1.5h,CS,10.0,22,22.0,True,0.9059622559685988,0.065574812261506,0.65574812261506,0.06511961721209245,0.0691350020969955,0.057183260537037574,-0.0040153848849030505,-0.040153848849030505,0.844611848825332,0.8407458779143585,0.8516347805689133,0.462499761295302,0.0219665761260972,0.01580722489969047,,,insufficient_history
66270,Proxima,True,2.5-4.5h,CS,162.0,18,18.0,True,0.9279100552353855,1.5728756694062327,0.9709109070408845,1.0016823140292486,1.2754281760756363,1.6891728448017804,-0.27374586204638773,-0.16897892718912824,0.8557718880488812,0.8507358255068715,0.8705978481066357,0.1956722912377009,0.055009219306879034,0.7972348096077265,,,insufficient_history
66278,Elliott Energy Storage,False,<1.5h,CS,10.0,21,21.0,True,0.8931064096619887,0.056775156845431,0.5677515684543101,0.14146622255867622,0.0535315599052251,0.07652306237438565,0.08793466265345112,0.8793466265345112,0.8526239311462583,0.8478330265726971,0.8629441624365483,0.08313859572011773,0.053154021122231096,0.043254574633033414,,,insufficient_history
66279,Boulevard Energy Storage,False,<1.5h,CS,10.0,19,19.0,True,0.9366208353640053,0.08899384003982687,0.8899384003982688,0.10565903144217278,0.06493064467825398,0.04657842219785608,0.04072838676391881,0.40728386763918806,0.8511696316010646,0.8263697725142497,0.848381601362862,0.7881707875498418,0.028579289669900903,0.011189694888697732,,,insufficient_history
66280,Pala Gomez Creek BESS,False,<1.5h,CS,10.0,21,21.0,True,0.8825452798527931,0.0207331145681323,0.207331145681323,0.028651096369484125,0.007589125980454343,0.03354880819783771,0.02106197038902978,0.21061970389029777,0.8732839171060187,0.8729139237848509,0.8783592644978784,0.04380567172657868,0.016783424938417155,0.022222640291416275,,,insufficient_history
66281,Melrose BESS,False,<1.5h,CS,20.0,22,22.0,True,0.881883878603393,0.1150290751164402,0.575145375582201,0.11504376189712548,0.09577472833790084,0.07375010373276449,0.019269033559224644,0.09634516779612322,0.8192504960503163,0.8145376984990805,0.8190724740154911,0.4227857867687671,0.026120662836277907,0.03005390774609574,,,insufficient_history
66285,Condor Energy Storage LLC,False,2.5-4.5h,CS,200.0,18,18.0,True,0.9781380445580823,2.756290814043648,1.378145407021824,2.782763688208142,2.8275795316365606,2.6613077088018455,-0.04481584342841849,-0.022407921714209245,0.8913792683224061,0.8891322947991205,0.8992610758955282,0.49526247609921203,0.026535367664505104,0.6956329267717649,,,insufficient_history
66286,Peregrine Energy Storage LLC,False,1.5-2.5h,CS,200.0,7,,False,,,,,,,,,,0.8727733365021074,,,,,,,insufficient_history
66325,Hemmingway BESS,False,2.5-4.5h,CS,116.0,10,10.0,True,0.9539762582926201,0.5313823671228045,0.4580882475196591,1.5575483812949873,0.9328592095792374,,0.6246891717157499,0.5385251480308189,0.878062047492216,0.8595839908093514,0.8771051663438236,0.5405666127550133,0.05290067198405696,0.17320036881299142,,,insufficient_history
66326,Black Mesa BESS,False,2.5-4.5h,CS,40.0,10,10.0,True,0.9196629921234103,0.05811928024379455,0.14529820060948637,-0.2119097126636149,-0.15632776943075788,,-0.055581943232857034,-0.13895485808214258,0.9079930495221546,0.9058823419531258,0.9091026918412974,0.3742946883155229,0.009544190399623264,0.026567661098285397,,,insufficient_history
66327,Elmore BESS,False,2.5-4.5h,CS,4.0,11,11.0,True,0.9051889259592838,0.0012134231791669236,0.03033557947917309,0.0057322813563062906,0.001682990393504453,0.0020783037561056057,0.004049290962801837,0.10123227407004592,0.9049906591940219,0.9033104272678344,0.9092827004219409,0.005270670788857679,0.02233337119670628,0.005556618087226018,,,insufficient_history
66328,Filer BESS,False,1.5-2.5h,CS,2.0,10,10.0,True,0.9035339023939455,0.001483325137328456,0.07416625686642281,-0.0014572578406370218,-0.02724119686671923,-0.015329577424922428,0.025783939026082208,1.2891969513041104,0.9022954679223072,0.8976465125575708,0.9085783531187415,0.02002210032071683,0.03487027897988715,0.0036689744497673035,,,insufficient_history
66329,Melba BESS,False,2.5-4.5h,CS,2.0,5,,False,,,,,,,,,,0.9079221641849744,,,,,,,insufficient_history
66330,Weiser BESS,False,2.5-4.5h,CS,3.0,10,10.0,True,0.8915385803827369,-0.009188748259461487,-0.30629160864871624,0.0018375024534496975,-0.004675659766208477,-0.007563919093900837,0.006513162219658175,0.21710540732193914,0.9141868512110727,0.916579567967078,0.919443203008214,0.16644490584708038,0.025859920007731605,0.007270148152191204,,,insufficient_history
66333,Superstition Energy Storage,False,2.5-4.5h,CS,90.0,18,18.0,True,0.9484135423081004,1.0705107751575669,1.189456416841741,1.0835362420253631,0.972119324054483,0.9109948374050231,0.11141691797088016,0.12379657552320017,0.8786112163796729,0.8746287093639679,0.8848611177458028,0.8410630520869751,0.010410071679128958,0.11634003999046663,,,insufficient_history
66334,Sierra Estrella Energy Storage,False,2.5-4.5h,CS,250.0,20,20.0,True,0.8833050772404515,-0.3975743585278306,-0.1590297434111322,0.36650536041725523,-0.35876835992031314,-0.5195845055597271,0.7252737203375683,0.29010948813502735,0.8918018899385035,0.8940071107181927,0.893213862139772,0.562197512751907,0.00406631401500159,0.08269452685481003,,,insufficient_history
66336,St. Gall Energy Storage I,False,1.5-2.5h,CS,102.6,22,22.0,True,0.9049007392562359,0.4038641749963908,0.39362980019141414,0.4214306359883575,0.428966762094117,0.5485871488772665,-0.007536126105759489,-0.007345152149863049,0.8606338704513926,0.8578692507924344,0.8519542530546791,0.3218476752031444,0.021640506148867426,0.1310867426631538,,,insufficient_history
66337,Tidwell Prairie Storage 1,False,1.5-2.5h,CS,200.0,3,,False,,,,,,,,,,0.8376506513297817,,,,,,,insufficient_history
66338,Callisto I Energy Center,False,<1.5h,CS,223.4,17,17.0,True,0.8497120385503208,-0.11921773143986068,-0.05336514388534498,-0.14108052316181757,-0.13293084008834294,-0.5988972638612411,-0.008149683073474634,-0.0036480228618955388,0.8567637863542023,0.8579663488306641,0.8591868019563472,0.053873573326245316,0.013143172759603163,0.12899768584735036,,,insufficient_history
66357,Yellow Pine Solar,True,2.5-4.5h,CS,65.0,30,30.0,True,0.8544360385628191,-0.20447432666539228,-0.3145758871775266,-0.08975194717402474,-0.18158433766250687,-0.09334367442808696,0.09183239048848213,0.14128060075151097,0.8709185558065818,0.8717866896725787,0.8730099913635124,0.0778697450789847,0.015345336644599404,0.132975468857476,0.5825117222351421,51.04995225798642,ok
66394,"Goleta Energy Storage, LLC",False,2.5-4.5h,CS,60.0,23,23.0,True,0.920390146404798,0.3912430094411108,0.6520716824018513,0.3976469220699287,0.3771379644618865,0.4557022212580423,0.020508957608042166,0.03418159601340361,0.864512592785277,0.8591984070789279,0.8684684684684685,0.7995036687755639,0.009313208177395156,0.04275431257587839,,,insufficient_history
66408,Buena Vista Energy Center,True,2.5-4.5h,CS,50.0,31,31.0,True,0.8941620414090894,-0.0025049472095796826,-0.005009894419159365,-0.018664232302182976,-0.24352780781564823,-0.01746246987673303,0.22486357551346525,0.4497271510269305,0.8892431690359152,0.9017586873400841,0.9232419547079856,4.1074524909756605e-05,0.03093464609441269,0.07257789782957244,1.6735272088345114,105.38782157562822,ok
66420,Five Wells Solar Center - Hybrid,True,<1.5h,CS,262.5,10,10.0,True,0.924874555073608,1.1464281299042296,0.4367345256778017,0.9604155054070382,0.8824584726631259,,0.0779570327439123,0.029697917235776115,0.8501007194244604,0.8488632241139733,0.8513580034464647,0.695591730071377,0.02291922582876112,0.26813459994092514,,,insufficient_history
66423,Stanton Battery Energy Storage,False,2.5-4.5h,CS,68.8,26,26.0,True,0.9199259331533991,0.27652707233646395,0.4019288842099767,0.24831520304325838,0.22700416900732703,0.2326134236816612,0.021311034035931348,0.030975340168504867,0.8980722956714521,0.8979243166185433,0.8967328881532743,0.10207996417018483,0.01631910839882059,0.16740969744985826,1.7642780669562712,82.84270632500579,ok
66461,Beaumont BESS,False,2.5-4.5h,CS,116.6,17,17.0,True,0.9454403266418292,1.017259431177342,0.8724351896889726,1.0299265066246202,1.0604821198300256,1.0804789589300088,-0.030555613205405452,-0.026205500176162484,0.8813219188317927,0.8793783023392765,0.8833912037037037,0.5090467301031423,0.021449171248575562,0.2579451389297021,,,insufficient_history
66462,Placerita ESS,False,2.5-4.5h,CS,88.0,14,14.0,True,0.9542122477444742,0.8161059966884717,0.9273931780550816,0.5641421633764456,1.1186629407136406,1.270899724641765,-0.554520777337195,-0.6301372469740851,0.888939128468886,0.8890510382418749,0.90481012487635,0.14134576562905643,0.057677430386075985,0.5806623971503776,,,insufficient_history
66488,Davis Solar,True,1.5-2.5h,CS,2.0,13,13.0,True,0.9021987092423764,0.0029007398977556214,0.14503699488778107,0.003684528825518197,0.0007535018351251987,,0.0029310269903929983,0.1465513495196499,0.8734643734643734,0.8188657905263134,0.8771929824561403,0.7469733743860323,0.06357720779577676,0.0005090295526205844,,,insufficient_history
66494,Menifee Power Bank,False,2.5-4.5h,CS,680.0,19,19.0,True,0.8828758607741893,1.0812186255351728,0.15900273904929013,1.003746151497282,1.2584685297823246,-0.13798746508752385,-0.2547223782850425,-0.03745917327721214,0.8736561290230419,0.8726635691146334,0.8731594261314255,0.12072944472026403,0.009797428410338926,0.7076910791559405,,,insufficient_history
66499,Federalsburg Energy Storage 1 LLC,True,1.5-2.5h,CT,1.2,13,13.0,True,0.843621810538923,0.00045144467684185574,0.037620389736821316,-0.0006981867524152069,0.00022194982961305435,0.000744897253889218,-0.0009201365820282613,-0.07667804850235511,0.8210526315789474,0.824090012551551,0.8,0.032292917548051414,0.19981358504269436,0.0007451204996376336,,,ok
66500,Valley Center 85,False,1.5-2.5h,CS,85.0,36,36.0,True,0.8061599827573263,0.22091255835788615,0.25989712747986604,0.3246884671915286,0.1730766991668946,0.35916130268976904,0.151611768024634,0.17836678591133412,0.7859805789682522,0.7868610882285757,0.7781336583916871,0.02312928152625726,0.03921139151874613,0.24621721886909104,4.517132745062282,52.78181459779686,ok
66502,Valley Center 54,False,2.5-4.5h,CS,54.0,36,36.0,True,0.9107852012398823,0.7194810158283352,1.3323722515339542,0.5679646010621999,0.7219552429791457,0.5984091299325983,-0.15399064191694578,-0.28516785540175144,0.8086008901474488,0.8026117166195643,0.8039238640785555,0.37657768757199905,0.03824802985831919,0.1587609757271201,9.48434013565296,35.61253700556883,ok
66505,EnerSmart Chula Vista Sub Station,False,1.5-2.5h,CS,6.0,13,13.0,True,0.8177610294963829,0.0031408873278884085,0.052348122131473475,0.004502336183016917,0.00419597509987272,0.010098887005054655,0.00030636108314419704,0.0051060180524032835,0.8111627906976744,0.8225465309910902,0.8051470588235294,0.046246338030913936,0.023223373190656555,0.004300663364490401,,,insufficient_history
66533,BCE Los Alamitos 1,True,1.5-2.5h,CS,10.0,12,12.0,True,0.9048771091863262,0.01688027806388157,0.16880278063881568,0.0065918099709515385,0.0075035146085744,0.010374405305369126,-0.0009117046376228618,-0.009117046376228618,0.8846789956397534,0.8844536677502931,0.8852134972671936,0.35853084171796223,0.010876022882711734,0.007140098880709636,,,insufficient_history
66540,Shamrock Wind,True,<1.5h,CS,100.0,12,12.0,True,0.848205282657254,-0.2035418041623361,-0.2035418041623361,0.28257354152042985,-0.07063639600806472,-0.5445027049977413,0.35320993752849456,0.35320993752849456,0.8607342080615349,0.8617829775197654,0.859916929373447,0.017339303319337862,0.04348453240018252,0.4845511077753303,,,insufficient_history
66574,San Juan Solar I,True,>4.5h,CS,100.0,15,15.0,True,0.9716411762019379,1.7546850181851754,1.7546850181851754,2.2781586499961533,1.0187506207009496,5.623982942270873,1.2594080292952037,1.2594080292952037,0.8692230674367208,0.8625293910619997,0.8909641595153963,0.16203945999012503,0.12642578571996066,1.1066973811459537,,,insufficient_history
66575,Sunlight Storage II,False,2.5-4.5h,CS,230.0,21,21.0,True,0.992775620400551,6.376503458049694,2.7723928078476927,5.572632861537304,6.34906255335336,8.956253677136392,-0.7764296918160554,-0.3375781268765458,0.8357261101012724,0.8355349808453806,0.8562855428228503,0.14421466373477454,0.11373930831256937,3.5635553484836433,,,insufficient_history
66598,Baldy Mesa Solar & Storage,True,2.5-4.5h,CS,75.0,15,15.0,True,0.8596289116853189,-0.2783058063590074,-0.37107440847867657,-0.3058677782677107,-0.2167429385670693,-0.4065788351455666,-0.08912483970064142,-0.11883311960085521,0.9021210013908206,0.9096363698811875,0.9244620114185331,0.073738454253511,0.06167750708801564,0.27357121142309554,,,insufficient_history
66599,Dark Sky Energy Center,False,<1.5h,CS,7.3,4,,False,,,,,,,,,,0.818902588697403,,,,,,,insufficient_history
66606,Cross Town Energy Storage,False,1.5-2.5h,CS,175.0,2,,False,,,,,,,,,,0.799365318281593,,,,,,,insufficient_history
66616,Wolf Tank Storage,False,<1.5h,CS,150.0,30,30.0,True,0.9211494406899783,1.3786575304106936,0.9191050202737958,1.4541296255565594,1.1274485427892549,1.1940044898346376,0.32668108276730456,0.21778738851153637,0.7363421684515502,0.7089349127709579,0.7389892517780147,0.9432953375914717,0.02049167657529836,0.06387970801046627,-3.416609375289098,-18.207396175753274,ok
66617,Cald BESS,False,2.5-4.5h,CT,100.0,16,16.0,True,0.923583743258195,0.8421281547266494,0.8421281547266494,1.2157381060196917,1.0807375181502037,0.9923148166689707,0.135000587869488,0.135000587869488,0.879515758032683,0.8415060186490545,0.8795625864806556,0.05659051088569167,0.060204527073950194,0.918951269839251,,,insufficient_history
66619,Lakeview Battery Storage Facility,False,2.5-4.5h,CS,1.2,7,,False,,,,,,,,,,0.847892803608533,,,,,,,insufficient_history
66620,Resurgence Solar II,True,>4.5h,CS,40.0,28,28.0,True,0.951233496545676,0.40280567208568174,1.0070141802142043,0.2671099810784986,0.2732473931825374,0.4468138528849716,-0.006137412104038786,-0.015343530260096968,0.8781150057858242,0.8544399758469413,0.8807635060597989,0.26957945913887016,0.03329518526137175,0.13003252431455745,-7.513668775315086,-308.0192498069425,ok
66627,Sonoran Solar Energy,True,2.5-4.5h,CS,260.0,31,31.0,True,0.8886032643414276,0.21387714637607894,0.08226044091387652,1.4059790636425817,0.2429711009431659,0.4979354848283979,1.1630079626994159,0.44731075488439076,0.8857011372519353,0.8832302080047755,0.8814526149327911,0.10385175018812187,0.008435538236330899,0.11666709993647496,-3.929519643041715,-116.36421542520215,ok
66636,McFarland A Solar and Storage,True,2.5-4.5h,CS,100.0,25,25.0,True,0.9403727184284402,0.22544028897617477,0.22544028897617477,0.21530217339247215,0.22499750287027462,0.20238777412863004,-0.009695329477802467,-0.009695329477802467,0.9235268490680791,0.9148610428101679,0.9265918991565484,0.8901340762937708,0.005860865427870684,0.016514727293432285,-1.8822814807671617,-272.28935826623837,ok
66637,McFarland B Solar and Storage,True,2.5-4.5h,CS,150.0,13,13.0,True,0.9710834138379084,0.717006364942433,0.4780042432949553,0.7395040246107079,0.7036884801034575,0.20489020631901383,0.03581554450725033,0.02387702967150022,0.9203570457186657,0.8666098578888803,0.9202642405980181,0.9803488075974449,0.01504325415018834,0.03060770802217297,,,insufficient_history
66648,Blackwell?s Corner Storage Facility,False,>4.5h,CS,2.0,10,10.0,True,0.7800185995006365,-0.0003520505636106372,-0.01760252818053186,-0.0003543021269644661,-0.00035658644191726926,,2.2843149528031705e-06,0.00011421574764015853,0.7844574780058651,0.7904155566944504,0.7847494553376906,0.4244957643627192,0.00929956287763309,0.00014492644258901904,,,insufficient_history
66650,Bear Canyon,False,2.5-4.5h,CS,13.0,17,17.0,False,1.0153398516107655,0.24485077017927587,1.8834674629175066,0.25471316653566844,0.24341041446055142,0.26940501311168574,0.011302752075117023,0.08694424673166941,0.8833752182987605,0.8812363878012581,0.8870292887029289,0.8567594799480684,0.01623277720794545,0.02584992754717531,,,insufficient_history
66659,Acid BESS,False,<1.5h,CS,97.0,10,10.0,True,0.9049303534130833,0.10022568119744957,0.10332544453345316,0.09592585555599606,0.09982415176756196,,-0.0038982962115658992,-0.004018862073779278,0.8815338324819817,0.8787815470574534,0.8803607581854065,0.5362268617347017,0.011786800062954727,0.03295433374174385,,,insufficient_history
66660,Lead BESS 1,False,<1.5h,CS,99.4,5,,False,,,,,,,,,,0.9392508993595683,,,,,,,insufficient_history
66661,Electrolyte BESS,False,<1.5h,CS,99.4,8,,False,,,,,,,,,,0.8275087544700801,,,,,,,insufficient_history
66662,Lead BESS 2,False,<1.5h,CS,32.0,5,,False,,,,,,,,,,0.9413545123905871,,,,,,,insufficient_history
66666,Tumbleweed Energy Storage,False,2.5-4.5h,CS,125.0,18,18.0,True,0.8652643167399953,0.23454943475310347,0.18763954780248276,0.22981922538074456,0.10543635985148266,0.23778806714282535,0.12438286552926191,0.09950629242340953,0.8547099388449035,0.8499345542276172,0.8552535652760915,0.7668811977976429,0.005022582201941643,0.03232950132951198,,,insufficient_history
66669,West Ford Flat,False,2.5-4.5h,CS,25.0,17,17.0,True,0.9121723125129346,0.17838350473822653,0.7135340189529061,0.1666451930653555,0.11736750713743806,0.04368127417538477,0.04927768592791744,0.19711074371166976,0.860135551447936,0.8521372882092331,0.8533081285444234,0.9061885573725678,0.008822237344918488,0.014819299768126945,,,insufficient_history
66688,"Bright Arrow Solar, LLC",True,<1.5h,CS,103.6,11,11.0,False,1.0822180963244268,1.5900176974490945,1.5347661172288558,1.531365801554382,1.6646799997972102,1.253745552193961,-0.13331419824282809,-0.12868165853554836,0.8351059091799833,0.8330922984102643,0.8497926875235582,0.30741215278730094,0.1423341376753953,0.7955319396132489,,,insufficient_history
66690,"Brazos Bend BESS, LLC",False,<1.5h,CS,100.0,16,16.0,False,1.0147764112324045,1.2695121398719607,1.2695121398719607,1.2253342797530067,1.4175177355714144,1.2950893282724023,-0.19218345581840768,-0.19218345581840768,0.7666063497285738,0.760869516835316,0.7700439575757722,0.6924704544830405,0.060839658973850456,0.22610784952799703,,,insufficient_history
66694,Atrisco Energy Storage,True,2.5-4.5h,CS,300.0,11,11.0,True,0.8920057884745841,-4.902805312951844,-1.6342684376506145,-7.040795119304052,-5.571784395325416,-23.443096631438934,-1.469010723978636,-0.489670241326212,0.9824562901972173,0.9000053591227556,0.8995051105418915,0.4835587705400233,0.11171707421211553,1.688920527182224,,,insufficient_history
66699,Lockhart Solar PV II,True,<1.5h,CS,59.7,4,,False,,,,,,,,,,0.7921896866850293,,,,,,,insufficient_history
66716,Saint Energy Storage II LLC,False,2.5-4.5h,CS,100.0,26,26.0,True,0.9154210820173724,0.9882338805207763,0.9882338805207762,0.9008936710962827,0.5901954920015674,0.9071963425762489,0.3106981790947153,0.3106981790947153,0.8399257667342178,0.8343129433316492,0.8482345092519836,0.29626030139460535,0.036852338638956914,0.3109019267062958,-4.258755545946613,-64.88391173004698,ok
66726,Inland Empire Energy Storage,False,2.5-4.5h,CS,70.0,14,14.0,True,0.8706394994260834,-0.20939923721608072,-0.29914176745154386,-0.14484675810589526,-0.20835101195844696,-0.30649478590226426,0.0635042538525517,0.09072036264650243,0.8891200684911051,0.8953699280502335,0.8881701344476474,0.8859835015500863,0.004202689841795149,0.021684804175405078,,,insufficient_history
66727,Georgia Ballard BESS,False,1.5-2.5h,CS,5.0,23,23.0,False,1.157648618484189,0.09039093965816414,1.807818793163283,0.062499729406025745,0.05723953400102737,0.08965839907419476,0.005260195404998377,0.10520390809996756,0.7684117125110914,0.74777508766038,0.7763157894736842,0.2932291728594415,0.1543974064872621,0.030623228411387076,,,ok
66728,Springfield BESS,False,1.5-2.5h,CS,5.0,23,23.0,False,1.32094708898956,0.11749389095543819,2.3498778191087637,0.08766971010671548,0.08178141974391087,0.10990615309955853,0.00588829036280461,0.11776580725609219,0.7431111111111111,0.7175643742638945,0.7471910112359551,0.48055584994947087,0.14038088249189998,0.026656500524853993,,,ok
66757,Bottleneck Energy Storage,False,2.5-4.5h,CS,80.0,14,14.0,True,0.8428711303906976,-0.06466932222407146,-0.08083665278008932,-0.08215555657350637,-0.18950434403920466,-0.21261787580047567,0.10734878746569829,0.13418598433212287,0.8490065012361505,0.8505753473509683,0.8454374093765105,0.042823818771289046,0.01644300196132001,0.08825939202581896,,,insufficient_history
66758,Justin Court Energy Storage,False,<1.5h,CS,20.0,23,23.0,True,0.8989227073536014,0.0463564333755767,0.23178216687788347,0.13998216645614298,0.08794877331998228,0.05856187730776537,0.05203339313616069,0.26016696568080344,0.8897467696123534,0.8890388133597792,0.8903225806451613,0.10645414592996894,0.008231096919930455,0.029307413982952002,,,insufficient_history
66764,SCH - (2A) 156 Barhydt Rd Glenville,True,2.5-4.5h,CS,2.5,15,15.0,True,0.7373973099091038,-0.0009770722197832327,-0.03908288879132931,0.00481231029743448,0.009662691259948869,-0.0006702555742019242,-0.004850380962514389,-0.19401523850057556,0.7821276595744681,0.7522471501527227,0.8352941176470589,0.04022142087933556,0.0841622964488799,0.0013237677959001765,,,insufficient_history
66765,SCH County - (2B) 4982 Rynex Corners Rd,True,2.5-4.5h,CS,2.5,16,16.0,True,0.9995354627137383,0.010666679649733023,0.4266671859893209,0.002203831128953027,0.013640291308729666,,-0.011436460179776639,-0.45745840719106556,0.8772763262074426,0.8167912223855258,0.8714914694551459,0.623247622346044,0.0627618480800604,0.0022164754230781453,,,insufficient_history
66767,Source Power Company - Richland,True,2.5-4.5h,CS,2.5,24,24.0,True,0.9498020390016462,0.0012399513202489042,0.049598052809956175,0.0017722060553099829,0.0012508165742041318,0.0015005228773015628,0.000521389481105851,0.020855579244234042,0.9379042690815006,0.9074024377977784,0.9313063063063063,0.4345506726109246,0.01955789052580357,0.0003015573565322208,-0.044742994866066234,-0.6608158573071043,ok
66772,Estrella Solar & Storage,True,2.5-4.5h,CS,28.0,22,22.0,True,0.8930483178366376,0.010826326727732281,0.03866545259904386,0.03479775170979732,0.010673565520331576,-0.045497549184710516,0.024124186189465744,0.08615780781952052,0.8904403707762016,0.8888740436566362,0.8934191874393813,0.2878465807432733,0.004983367347152849,0.003807784626544802,,,insufficient_history
66773,Raceway Solar & Storage,True,2.5-4.5h,CS,80.0,20,20.0,True,0.892592271029523,-0.058378280839174006,-0.0729728510489675,-0.11265588823874617,-0.05415365175640703,-0.1913643350612352,-0.05850223648233914,-0.07312779560292393,0.8960438464096595,0.9015065356060699,0.8976357960479859,0.38092676172697637,0.0055969385552552065,0.017541443208616267,,,insufficient_history
66782,Hamilton BESS,False,<1.5h,CS,9.9,24,24.0,True,0.9647987445555614,0.027850959487917566,0.2813228231102784,0.02713895732105387,0.028738801096466187,0.032890690750774575,-0.0015998437754123178,-0.016160038135477957,0.849425568320704,0.8416079231869334,0.8661785462244178,0.7148631372094741,0.022001100177447486,0.003750110400973634,-9.28436944594792,-141.65543669829438,ok
66783,Weil Tract BESS,False,<1.5h,CS,9.9,20,20.0,True,0.9266891340014893,0.017479179934398667,0.17655737307473401,0.01776230270418299,0.014776562352814677,0.014661971032670744,0.0029857403513683135,0.03015899344816478,0.8139204545454546,0.8017372157112957,0.8313809748057452,0.9282403907883215,0.012207519929208604,0.0011454987035511835,,,insufficient_history
66784,Pauline BESS,False,<1.5h,CS,9.9,24,24.0,True,0.9184405400931458,0.01558098880104971,0.15738372526312838,0.017730724237373565,0.01430984713315415,0.010381925745004494,0.0034208771042194153,0.0345543141840345,0.8280914939242316,0.8198422209112463,0.8432104184957565,0.6129551350727409,0.024299809398103736,0.0026396721237732894,-13.480349705452127,-169.06619702617118,ok
66788,Mineral Wells East BESS,False,<1.5h,CS,9.9,24,24.0,True,0.9458748419414112,0.026422966830897596,0.2668986548575515,0.026781679988343354,0.02695991507908106,0.025442218280815745,-0.00017823509073770435,-0.0018003544518960036,0.8054313099041533,0.7925401074090783,0.8285414311096753,0.8947917307877566,0.016585541199759097,0.0019316756097969956,-12.535983793608974,-119.94294976592347,ok
66789,Lufkin South BESS,False,<1.5h,CS,9.9,23,23.0,True,0.8251199377317431,0.00458497451175505,0.04631287385611162,0.016673781219912743,0.015259723214258482,0.0040834724064601246,0.001414058005654261,0.01428341419852789,0.8094405594405595,0.8000717392624775,0.8263473053892215,0.1825931855541043,0.023659789731176585,0.002116918423613909,,,insufficient_history
66790,Judkins BESS,False,<1.5h,CS,9.9,24,24.0,False,1.0312594512826632,0.03038875523033024,0.30695712353868926,0.017254478237525545,0.022088114863080023,0.031060502015544958,-0.0048336366255544785,-0.04882461237933816,0.9023234829686443,0.8944739604070113,0.9041843834557403,0.815440715223647,0.018139181553689872,0.003082288769101203,,,ok
66791,Garden City East BESS,False,<1.5h,CS,9.9,23,23.0,True,0.9263171475116087,0.010838619929989699,0.10948100939383533,0.011894547443798562,0.01123160677954226,0.011104403554735824,0.0006629406642563018,0.00669637034602325,0.88425,0.8598756872731387,0.8870056497175142,0.28602537504710424,0.018974523720720927,0.0037368309105942172,,,insufficient_history
66792,Falfurrias BESS,False,<1.5h,CS,9.9,18,18.0,True,0.9680026861024678,0.024148021491437344,0.2439194090044176,0.02440959593858512,0.023794565145296737,0.02424237733638123,0.000615030793288382,0.006212432255438201,0.807109252483011,0.8016775038232955,0.8149704326174914,0.7865620874994552,0.02923208825756509,0.0031447841358987257,,,insufficient_history
66794,Diboll BESS,False,<1.5h,CS,9.9,24,24.0,True,0.8226624459595294,0.006541163749504804,0.06607236110610913,0.010452461390011976,0.006142650811805711,0.00264799913917193,0.004309810578206265,0.043533440183901664,0.7849588719153937,0.783684153888287,0.779901430460392,0.1535593963613081,0.03379012037714643,0.003274188862331307,-30.457003415212608,-280.7755135548977,ok
66795,CISCO BESS,False,<1.5h,CS,9.9,17,17.0,True,0.9745254667140292,0.03231614878263388,0.32642574527913004,0.035022125273931566,0.032975330489652004,0.030193115959185324,0.0020467947842795625,0.02067469479070265,0.8349928876244666,0.833358047718078,0.8385093167701864,0.47462954113891764,0.04840130633368618,0.008778683898176947,,,insufficient_history
66799,Bishop Ranch - BR 1-Y,True,1.5-2.5h,CS,0.7,10,10.0,True,0.9267848795307209,0.0012321711999442218,0.17602445713488885,0.0034103004785902315,0.0025895633410902034,,0.0008207371375000281,0.11724816250000401,0.8476190476190476,0.8446153846153847,0.8397435897435898,0.16425800612305086,0.09058249523157258,0.0009826500921162444,,,insufficient_history
66801,"Fence Post Solar Hybrid Project, LLC",True,1.5-2.5h,CS,72.0,16,16.0,True,0.8492916759297722,-0.06572573375626993,-0.09128574132815269,-0.0714652237005386,-0.004040070953137221,-0.09282750942517703,-0.06742515274740138,-0.09364604548250192,0.8677088510369132,0.8683414043163541,0.8695071127563968,0.1600732152948342,0.017543430714119762,0.04023766833646865,,,insufficient_history
66804,Borden County BESS,False,1.5-2.5h,CT,150.0,17,17.0,True,0.845923913628312,0.5754320075956241,0.38362133839708273,0.5691726574576387,0.5614675710322237,0.5240507387860236,0.007705086425415009,0.005136724283610006,0.8175143858720815,0.8163690018009329,0.8151367732674057,0.15607973067249026,0.027186336017381164,0.34548233102366693,,,insufficient_history
66807,SEPV Cuyama Hybrid,True,2.5-4.5h,CS,3.0,24,24.0,True,0.9547817038721514,0.005593623918793825,0.18645413062646082,0.000985320946189111,0.0008716818527731992,0.0051957894784803605,0.00011363909341591185,0.003787969780530395,0.9433378696028702,0.9418330597481995,0.9457679849982952,0.2259948262267536,0.006152925259359598,0.0022070115538663335,1.2316365310101058,134.39662308104167,ok
66814,Sky Ranch Solar,True,2.5-4.5h,CS,50.0,21,21.0,True,0.8827964675538102,0.20825756033242326,0.4165151206648465,0.19671459112267092,0.2186873073842426,0.1783831820022753,-0.021972716261571684,-0.04394543252314337,0.8617668189999333,0.8614557672016122,0.8626923651576274,0.20183876787702137,0.013067512060971448,0.09500949235602787,,,insufficient_history
66871,"GulfStar Power, LLC",True,1.5-2.5h,CS,300.0,6,,False,,,,,,,,,,0.7909434938779211,,,,,,,insufficient_history
66872,"Estonian Solar Project, LLC",True,1.5-2.5h,CS,100.0,11,11.0,True,0.9271287888041503,0.6168905817222298,0.6168905817222298,0.5999816533501365,0.5881071025769296,,0.011874550773206982,0.011874550773206982,0.8471806190551264,0.8396846002232945,0.8398780022874571,0.881710537158088,0.014758089768812158,0.0753176739891487,,,insufficient_history
66885,Baldy Mesa 2_Silver Peak Hybrid,True,2.5-4.5h,CS,25.0,11,11.0,True,0.8989637594467004,0.011027358524220803,0.04410943409688321,-0.03780073219373731,-0.22244403996063045,,0.18464330776689314,0.7385732310675726,0.895706817341712,0.8304609755458131,0.9215148188803512,0.00010514435219610707,0.18266084189306983,0.35845482627890213,,,insufficient_history
66905,Ables Springs Solar & Storage,True,1.5-2.5h,CS,100.0,12,12.0,True,0.7682452834150211,-0.04950249138229517,-0.04950249138229517,0.5150258739911814,0.04347872797232919,-0.04758613629743008,0.47154714601885217,0.47154714601885217,0.7811850459838843,0.783740947682301,0.7879874148958119,0.003804667155297703,0.09606276357225313,0.2533033733847255,,,insufficient_history
66925,SR McNeal,True,<1.5h,BL,20.0,23,23.0,True,0.9288527109598527,0.060268561787268554,0.30134280893634274,0.06469656493452426,0.06588898913920624,0.060951529973936255,-0.0011924242046819772,-0.005962121023409886,0.9107282246549262,0.9084556057292702,0.9116424116424117,0.822913555302338,0.0030281497112419286,0.006100939689156944,,,insufficient_history
66926,SMT Mercedes LLC,False,<1.5h,CS,10.0,24,24.0,True,0.9193992719419611,0.021353131095122557,0.21353131095122557,0.018702288604103265,0.027195560264302965,0.022809340650151663,-0.0084932716601997,-0.08493271660199701,0.8428215014742572,0.8231541279206512,0.8506963284499909,0.7677147891755252,0.018690616005796468,0.0025041541093449387,-4.198387287137255,-38.36427580575762,ok
66927,SMT Mission LLC,False,<1.5h,CS,10.0,24,24.0,True,0.9481743857282546,0.027630935112983646,0.27630935112983646,0.02739768483332835,0.028787623384201853,0.02730160336170888,-0.0013899385508735033,-0.013899385508735033,0.8137651821862348,0.7762101673074587,0.8133436839608401,0.9327944203604016,0.01744521879356979,0.0015812259691944195,1.3719036786716445,-7.720930522270152,ok
66928,SMT Santa Rosa LLC,False,<1.5h,CS,10.0,24,24.0,True,0.9436047023980547,0.025258798999071595,0.25258798999071597,0.023587823543534545,0.026055737895052247,0.023786931717294655,-0.002467914351517702,-0.02467914351517702,0.8102484472049689,0.773423204856424,0.8005952380952381,0.9317356453871523,0.01819293133048391,0.0014576457663243734,0.99471311556347,2.313985764904499,ok
66929,SMT Alamo LLC,False,<1.5h,CS,10.0,24,24.0,True,0.9352903354265615,0.02330566503138134,0.2330566503138134,0.023112432381107904,0.027804791765080925,0.0210927049341198,-0.00469235938397302,-0.0469235938397302,0.8308685130411401,0.8081167579915917,0.8333333333333334,0.7164483041761053,0.02830384129499849,0.0031258911771141697,-0.7533639261165459,-3.5885842901340617,ok
66930,SMT Bay City LLC,False,<1.5h,CS,10.0,24,24.0,True,0.9455867154463626,0.026993420170998816,0.26993420170998816,0.03685180585383783,0.0276167233418186,0.027355212824684085,0.009235082512019228,0.09235082512019227,0.8327005821311061,0.8113333488430219,0.8397530864197531,0.8560072210552035,0.018696147809183782,0.002360359840842223,1.1007346479316904,2.0734100257122017,ok
66931,SMT Elsa LLC,False,<1.5h,CS,10.0,24,24.0,True,0.9421711762524848,0.027081118185699,0.27081118185699,0.028611613127826514,0.02887093036734898,0.026450466727164217,-0.0002593172395224663,-0.0025931723952246633,0.8301933564700049,0.8026992395797654,0.8300820761805676,0.965935238084945,0.00964219614103784,0.0010842612230510603,-0.5248331790095796,-8.178296477936394,ok
66932,SMT Los Fresnos LLC,False,<1.5h,CS,10.0,24,24.0,True,0.9729588380524072,0.027172850962396636,0.2717285096239664,0.02394311043689895,0.026971968811610146,0.027399838672614054,-0.003028858374711195,-0.03028858374711195,0.8157806753594116,0.7818598522233903,0.8120199692780339,0.9104206417055534,0.021721348422901104,0.0018172170042334299,3.6253758172923507,3.2175709851147967,ok
66933,SMT Harlingen II LLC,False,<1.5h,CS,10.0,24,24.0,True,0.9370902296614819,0.02763820491980769,0.2763820491980769,0.02717587461889382,0.02833249685290691,0.027036914859198742,-0.0011566222340130897,-0.011566222340130897,0.8217746047934728,0.7964224870595006,0.8120444955887994,0.9070048888440406,0.01623033787297242,0.001886790744012021,0.9732703711190076,-5.499165338556742,ok
66934,SMT Rio Grande I LLC,False,<1.5h,CS,10.0,24,24.0,True,0.9345023341154186,0.025257629420143403,0.252576294201434,0.023665917894605232,0.026713246319955933,0.024752826980966546,-0.003047328425350701,-0.030473284253507007,0.8216245883644346,0.794501312668282,0.8124521072796935,0.8952637948151313,0.017704713299756907,0.0018418495528482487,-0.47421087401904505,-5.713778413798176,ok
66935,SMT Rio Grande II LLC,False,<1.5h,CS,10.0,24,24.0,True,0.9301980218712811,0.02446032777407825,0.2446032777407825,0.02470436686620199,0.025363374326268225,0.024181108518287305,-0.0006590074600662348,-0.006590074600662348,0.8186301369863014,0.7879282102615378,0.8125671000835024,0.8860544907352199,0.01972662458785901,0.0018701193477831887,-2.0629280901001343,-23.039529797449003,ok
66946,"Lockhart ESS, LLC",False,2.5-4.5h,CS,45.0,18,18.0,True,0.9095193371509597,0.32702998807571365,0.7267333068349192,0.28855760952117165,0.19082698901788128,0.2893386569221047,0.09773062050329037,0.21717915667397858,0.8739702860468077,0.873430001593285,0.8745642717957147,0.17787460583710157,0.02490431935492991,0.17576793213216174,,,insufficient_history
66949,Sagebrush Solar 2 ESS 40,False,2.5-4.5h,CS,40.0,16,16.0,True,0.8096191423711778,-0.08124784535844835,-0.20311961339612086,-0.05419409963708138,0.06485908257769905,-0.1717824587539398,-0.11905318221478044,-0.2976329555369511,0.8204056145304482,0.8226788771463445,0.822598781512635,0.021263045096147293,0.034387645178774864,0.1473221668437022,,,insufficient_history
66950,Sagebrush Solar 2 ESS 59,False,2.5-4.5h,CS,59.0,16,16.0,False,1.092347308701758,2.2567914784679384,3.825070302488031,1.3828743508352783,2.0602464284028836,1.9922675328721713,-0.6773720775676053,-1.1480882670637378,0.837636936177762,0.8366606236615173,0.8166934776268346,0.2652397453011175,0.12970279064460705,1.003878012901994,,,insufficient_history
66951,Scarlet II Hybrid,True,2.5-4.5h,CS,150.0,12,12.0,True,0.8829767026715525,0.6694071116833619,0.44627140778890795,0.5915358625849656,0.7491454769631831,0.6633829738204727,-0.15760961437821752,-0.10507307625214501,0.8441515195815669,0.7855214053074913,0.8477454410981191,0.4978889873932343,0.03133741286045176,0.2125807500655083,,,insufficient_history
66966,Acton-Boxborough Schools BESS,False,1.5-2.5h,CS,2.1,24,24.0,True,0.8507861521103847,0.0037598551329209693,0.17904072061528423,0.003610440394533743,0.0036265423662485514,-0.0017887079497607538,-1.610197171480858e-05,-0.0007667605578480275,0.805184603299293,0.800494624221091,0.8181400688863376,0.4408187087727301,0.028326113036726813,0.0009028302016101489,8.26103726641383,153.84963711744263,ok
67019,"Copperhead Solar, LLC",True,<1.5h,CS,100.0,16,16.0,False,1.10235862549689,0.748477959134043,0.748477959134043,0.6995738942915293,0.8420841369419654,0.7490339614795796,-0.1425102426504361,-0.1425102426504361,0.8417229273561977,0.8331838654716285,0.8434926660386871,0.8050760311757349,0.041015682230363615,0.09843038239969631,,,insufficient_history
67036,Davistown-Mercer,False,1.5-2.5h,CS,2.5,13,13.0,True,0.8700755696932547,0.007239267382684329,0.28957069530737317,0.004076225772407337,0.0032487941831252937,0.012552957921716693,0.0008274315892820433,0.03309726357128173,0.8222222222222222,0.8042202519280924,0.8284023668639053,0.2524396033708961,0.0696039621334581,0.00375614780380767,,,insufficient_history
67037,Medoc,False,1.5-2.5h,CS,2.5,13,13.0,True,0.8856118923597956,0.010548075145656288,0.42192300582625153,0.018096719873368052,0.008870358117848991,0.015029470045026331,0.009226361755519061,0.36905447022076243,0.8212867355043686,0.7876427963580893,0.8282828282828283,0.6888053484352281,0.04083704617143052,0.0021376897719583895,,,insufficient_history
67039,"Northern Orchard Solar PV, LLC",True,2.5-4.5h,CS,92.0,6,,False,,,,,,,,,,0.9482954741859638,,,,,,,insufficient_history
67040,Archie Horne,False,1.5-2.5h,CS,10.0,13,13.0,True,0.8795897553860503,0.03811637395333503,0.3811637395333503,0.04478801330814183,0.038861807407215405,0.0395772276846145,0.005926205900926428,0.05926205900926428,0.7122153209109731,0.7012218819688696,0.7163120567375887,0.5776776419597587,0.08861733256908545,0.009826401244349173,,,insufficient_history
67041,McLauchin,False,1.5-2.5h,CS,15.0,13,13.0,True,0.7801669292162235,0.015014677026123618,0.10009784684082412,0.0206738212671546,0.007860833346273475,0.02673035636559264,0.012812987920881124,0.08541991947254082,0.7353177795655672,0.7353368842369015,0.7475728155339806,0.07761667056702881,0.10651115896460633,0.015606225218070433,,,insufficient_history
67042,Butler,False,1.5-2.5h,CS,10.0,13,13.0,True,0.8372344618063777,0.027067237767237514,0.2706723776723752,0.02984417347175705,0.02648252791984884,0.030013747158383855,0.00336164555190821,0.0336164555190821,0.7146054840514829,0.7026259219589857,0.7079646017699115,0.514912471460966,0.07902464277764122,0.007921199375341791,,,insufficient_history
67043,Double Creek,False,1.5-2.5h,CS,5.0,13,13.0,True,0.8531752019397096,0.01676922101783131,0.3353844203566262,0.01561032414650914,0.015086703707645666,0.018599552435184984,0.000523620438863474,0.01047240877726948,0.7168674698795181,0.6965996500989108,0.7096774193548387,0.7789846798188931,0.049459398269147414,0.0026931669566086828,,,insufficient_history
67044,Fairfield Harbor,False,1.5-2.5h,CS,5.0,13,13.0,True,0.887073066157401,0.017747868811864794,0.3549573762372959,0.019062367478253257,0.017715170253324346,0.01837201143610539,0.0013471972249289102,0.026943944498578207,0.7330677290836654,0.7158557592153906,0.7368421052631579,0.7250330438389758,0.06158098379446457,0.0032954233924435135,,,insufficient_history
67083,"Longbow BESS, LLC",False,1.5-2.5h,CS,174.0,12,12.0,True,0.8577549366816277,0.4588620103039616,0.26371379902526526,0.3273098962487381,0.5148387387132177,0.4498184962824427,-0.18752884246447965,-0.10777519681866646,0.8296392612426111,0.641500067958144,0.8324563222953472,0.9063743101793595,0.007260313720744528,0.04663648658860772,,,insufficient_history
67091,Yellow Pine II,True,2.5-4.5h,CS,85.0,19,19.0,True,0.8950550955279222,0.14708688907881945,0.17304339891625817,0.38596887219467507,0.16680926318855216,0.09387268320306352,0.2191596090061229,0.2578348341248505,0.8861971612352411,0.8860752435788953,0.8876038442743118,0.03284027606752071,0.015262241955349035,0.19359547566292815,,,insufficient_history
67092,Paulsell,True,2.5-4.5h,CS,15.0,18,18.0,True,0.9161752794431411,0.10363262939974434,0.6908841959982955,0.0736809534170411,0.03696702498710257,0.10674835420568256,0.036713928429938536,0.24475952286625693,0.8679921773142112,0.8546116876045433,0.8710820816070766,0.6770953339229935,0.018948575210237833,0.01789158334738294,,,insufficient_history
67093,Mojave 16/17/18 BESS,False,<1.5h,CS,77.0,22,22.0,True,0.9623290281036153,0.2638551926486549,0.3426690813618895,0.28549224083226343,0.24219544558712747,0.25267572161016866,0.043296795245135966,0.0562296042144623,0.8731754008135918,0.8720643955235516,0.8755163253993696,0.3103459726807696,0.036727337997773134,0.08795149560656505,,,insufficient_history
67122,BRIGHT Battery,False,1.5-2.5h,CS,1.0,24,24.0,True,0.8140819609666804,-0.0024064215981364086,-0.24064215981364087,-0.003202072982086468,-0.0021502668034142423,-0.004592593078352774,-0.0010518061786722256,-0.10518061786722256,0.844845908607864,0.8642947122850958,0.9016129032258065,0.07642394668133423,0.051092627121267005,0.001783536401029617,-13.95631597363832,11.983639280843942,ok
67162,Groton BESS 2,False,2.5-4.5h,CS,2.0,19,19.0,True,0.8475751262383361,0.014706029670261035,0.7353014835130517,0.015406949340716004,0.024754581837196837,0.021958947857041465,-0.009347632496480834,-0.46738162482404166,0.7804265997490589,0.7478259935326587,0.7777777777777778,0.8970836107129863,0.02426011389035448,0.0012080830374260024,,,insufficient_history
67170,Amazon SAN3 Solar Project,True,2.5-4.5h,CS,2.4,18,18.0,True,0.8399010898972445,-0.004974630962240182,-0.20727629009334095,-0.0006796865648127925,-0.004651330991299872,-0.0026458372569750878,0.003971644426487079,0.1654851844369616,0.8684456928838952,0.8381032825006827,0.8705300127713921,0.4607134056145422,0.015068023590145876,0.0013455358237022157,,,insufficient_history
67175,Rodeo Ranch Energy Storage,False,1.5-2.5h,CS,300.0,23,23.0,True,0.8377217810268723,0.559462527027293,0.1864875090090977,0.9925031781133513,0.7172866052111968,0.5881233147518674,0.2752165729021545,0.0917388576340515,0.8166354959370566,0.8151088269121971,0.8177478675952735,0.24681571633448296,0.013565482410921589,0.21326794029738347,,,insufficient_history
67183,Franklin Battery Storage,False,2.5-4.5h,CS,60.0,14,14.0,True,0.9051502241888938,0.16581526018473391,0.2763587669745565,0.46114726555348584,0.23915089535372844,0.20998781175114867,0.2219963701997574,0.369993950332929,0.889089415782307,0.8873582026816237,0.8896660503305921,0.18961751897817114,0.014882563648198982,0.09895543805839886,,,insufficient_history
67185,Groton BESS 1,False,2.5-4.5h,CS,2.0,18,18.0,True,0.8699925437087878,0.008220725537944777,0.4110362768972389,0.006504700467859779,-0.005588414360636286,-0.005178717504870865,0.012093114828496065,0.6046557414248033,0.8421773365285861,0.823635655347929,0.8422730099502487,0.6529801866561392,0.018213283047215877,0.001498225869236816,,,insufficient_history
67186,Holden BESS 1,False,2.5-4.5h,CS,5.0,17,17.0,True,0.8828905297753751,0.007078699120625417,0.14157398241250835,0.0069621133356921275,0.003563905597809732,0.005628438596760594,0.0033982077378823957,0.06796415475764792,0.8708206686930091,0.8556380064046277,0.8747826086956522,0.9381373994587677,0.005107539805718545,0.00046934120606599637,,,insufficient_history
67187,Paxton BESS 1,False,2.5-4.5h,CS,3.0,13,13.0,True,0.9026102208839794,0.016253916355437027,0.5417972118479009,0.020679766547614668,0.016827361346895837,0.0178992480818638,0.00385240520071883,0.12841350669062768,0.8577010745685445,0.8543683336812217,0.857707509881423,0.658177455497936,0.01466143040571336,0.0035317546699277563,,,insufficient_history
67236,Anemoi Energy Storage,False,1.5-2.5h,CS,200.0,19,19.0,True,0.8306417900368726,0.7959404471173153,0.39797022355865763,0.7238478565023706,0.4446523923607317,0.24853821575743862,0.2791954641416389,0.13959773207081946,0.7866747533320513,0.7804981651235238,0.788002033553635,0.6553768069234268,0.01707114920357232,0.13998542848440443,,,insufficient_history
67237,Ebony Energy Storage,False,1.5-2.5h,CS,207.9,19,19.0,True,0.7668955176609644,-0.6816322400080805,-0.327865435309322,-0.7692257792317554,-1.0242718902585544,-1.0506468018732047,0.25504611102679897,0.12267730208119237,0.8001835017659819,0.8026593314801481,0.7995744993030592,0.299560205630344,0.0225830702329406,0.25279530791911003,,,insufficient_history
67275,White Plains_RFP-Gedney Way Landfill,True,2.5-4.5h,CS,1.3,12,12.0,True,0.7688682233232313,-0.0002753039132647391,-0.02117722409728762,-0.0002166749177240732,-0.0004115420505175748,-0.0002316762898692502,0.0001948671327935016,0.014989779445653969,0.8664122137404581,0.7108246178311968,0.8758974358974358,0.08948816849058094,0.12181213685118937,0.0002776977567852676,,,ok
67278,Bishop Ranch - BR 2600,True,1.5-2.5h,CS,1.1,2,,False,,,,,,,,,,0.6785714285714286,,,,,,,insufficient_history
67281,FFP - NY Urbanski,True,2.5-4.5h,CS,4.0,5,,False,,,,,,,,,,0.568849990589121,,,,,,,insufficient_history
67282,FFP - NY Varano,True,1.5-2.5h,CS,5.0,6,,False,,,,,,,,,,0.6275237308825203,,,,,,,insufficient_history
67284,Ganado Solar,True,1.5-2.5h,CS,70.5,22,22.0,True,0.8305396977949797,0.17767499812544169,0.2520212739367967,0.3754228920448399,0.16821033570135147,0.14005010563292997,0.20721255634348845,0.2939185196361538,0.8088853877138483,0.7847138079630817,0.8053047149092651,0.5832819813976566,0.023894603142030693,0.03358096570194029,,,insufficient_history
67285,Sun Streams 3,True,2.5-4.5h,CS,215.0,19,19.0,True,0.899101229037048,1.3039299701988516,0.6064790559064426,2.5786309331699644,1.3387802114795644,0.355496570734281,1.2398507216904,0.5766747542746047,0.8671331033605697,0.8589142683086471,0.858816339003769,0.8154630197584256,0.010194744574826008,0.1504420961812117,,,insufficient_history
67291,Sun Streams 4,True,2.5-4.5h,CS,300.0,10,10.0,True,0.8352811190761213,-2.4772948784416027,-0.8257649594805343,0.5796050003922577,-1.1214652613798237,,1.7010702617720814,0.5670234205906938,0.8783171246160162,0.880792442092314,0.8750599439550173,0.2279499390234001,0.040812462210018816,1.6118911169406056,,,insufficient_history
67296,CVEC Round 4 Brewster Captn Golf Course,True,1.5-2.5h,CS,0.4,33,33.0,True,0.8524561081219785,0.00016045353331141493,0.040113383327853726,-2.6974265446912094e-05,0.0001232219347757901,0.0006868954309546708,-0.0001501962002227022,-0.03754905005567555,0.832,0.8533779351961169,1.0,0.016331813452221344,0.10971473735456513,0.00022365342110312203,,,ok
67299,Pome BESS,False,2.5-4.5h,CS,100.0,3,,False,,,,,,,,,,0.7528612404351066,,,,,,,insufficient_history
67300,Rattlesnake Ridge Battery Storage,False,2.5-4.5h,CS,11.8,19,19.0,True,0.8795666617603953,0.08757090293401554,0.7421262960509791,0.09427679879814035,0.07715427113312917,0.06793984346067604,0.017122527665011184,0.14510616665263715,0.8261050875729775,0.8299493396592554,0.8751099384344767,0.1273734535016079,0.08393719270209937,0.055591720518458954,,,insufficient_history
67301,Parkway Battery Storage,False,2.5-4.5h,CS,7.8,20,20.0,True,0.8797333719311418,-0.0006944861635781657,-0.008903668763822637,0.023615064351647213,-0.0010577477684900226,0.04758237033038343,0.024672812120137236,0.31631810410432354,0.8871087928464978,0.8823872153595369,0.8904971449525905,0.0035877879327446127,0.013152822654669317,0.0027279316427698103,,,insufficient_history
67302,Frederick Battery Storage,False,2.5-4.5h,CS,7.8,14,14.0,True,0.882532767015583,0.013412495738763493,0.17195507357389095,0.005357924873402295,0.009006961291888582,0.04766452704620749,-0.003649036418486287,-0.04678251818572163,0.8765033734232913,0.8258584459151027,0.8798695353627832,0.2575069809308105,0.0192799321669145,0.006574620019189783,,,insufficient_history
67303,Mead Battery Storage,False,2.5-4.5h,CS,7.8,18,18.0,True,0.9558851940630706,0.08498707315794561,1.0895778609993028,0.07351277378156659,0.05736069382812695,0.08883903526969814,0.01615207995343964,0.207077948121021,0.877653112270421,0.8308876138911184,0.8834682860165646,0.8156309555541765,0.014578179681785009,0.010101596895193802,,,insufficient_history
67304,Davis Battery Storage,False,2.5-4.5h,CS,11.8,16,16.0,True,0.9865626901962505,0.18297587376337363,1.5506429979946916,0.18343386763909042,0.18118547275125532,0.18363223199762266,0.002248394887835098,0.01905419396470422,0.8778445574562079,0.868292876624229,0.8868686540606051,0.9649578296831666,0.008048931001667096,0.009319039289931132,,,insufficient_history
67305,Bromley Battery Storage,False,2.5-4.5h,CS,11.8,18,18.0,True,0.9319502226239836,0.083383861828616,0.7066428968526779,0.04218289643955399,0.05653198490584187,0.07829851124084806,-0.01434908846628788,-0.1216024446295583,0.8832349358073283,0.8770701785422131,0.89068531931321,0.7875582531758998,0.010241482458774116,0.010826812163008756,,,insufficient_history
67306,Keenesburg Battery Storage,False,2.5-4.5h,CS,11.8,19,19.0,True,0.9263665121732955,0.0802558399980349,0.6801342372714821,0.06800834277249262,0.11845243924857711,0.07076220899658604,-0.050444096476084485,-0.42749234301766514,0.8819856926078474,0.8742391292773126,0.8865143699336773,0.6112416420935984,0.014940831311976956,0.015523354899988196,,,insufficient_history
67307,Platte Valley Battery Storage,False,2.5-4.5h,CS,7.8,17,17.0,True,0.8784697765475927,-0.013141227572988615,-0.1684772765767771,-0.013453245645487433,-0.008943406223813944,-0.02510288035088533,-0.004509839421673489,-0.05781845412401909,0.8900298594421382,0.8942150505987175,0.890495867768595,0.5203534213392048,0.007336696859009244,0.003257630143903527,,,insufficient_history
67321,Yuma Solar + Storage,True,2.5-4.5h,CS,70.0,10,10.0,True,0.9788410095382489,0.7983894511593604,1.1405563587990863,0.7704808864193304,0.789627244887757,,-0.019146358468426605,-0.027351940669180865,0.9034075699983939,0.8994898057807467,0.9002821273261326,0.16671746118690478,0.07606904682628851,0.6310668878313929,,,insufficient_history
67323,High Mesa CO,True,1.5-2.5h,CS,11.2,9,,False,,,,,,,,,,0.864640553724246,,,,,,,insufficient_history
67328,Pluto Energy Storage,False,2.5-4.5h,CS,75.0,6,,False,,,,,,,,,,0.7765963390427789,,,,,,,insufficient_history
67454,Scatter Wash 1,False,2.5-4.5h,CS,170.0,8,,False,,,,,,,,,,0.8812242753385268,,,,,,,insufficient_history
67455,Scatter Wash 2,False,2.5-4.5h,CS,85.0,8,,False,,,,,,,,,,0.8854202346787801,,,,,,,insufficient_history
67474,Harquahala 2,True,2.5-4.5h,CS,300.0,9,,False,,,,,,,,,,0.8954899293394045,,,,,,,insufficient_history
67489,Cavalry Solar Hybrid,True,2.5-4.5h,CS,45.0,20,20.0,True,0.8924757355998987,-0.052343586602845556,-0.1163190813396568,0.027768253312334373,-0.09293992803599703,-0.3441748597893581,0.1207081813483314,0.268240402996292,0.8983227073510618,0.9045052341056092,0.9102352242672527,0.014032959937295031,0.026598392340583258,0.10341505819778643,,,insufficient_history
67493,Pavlov,False,<1.5h,CS,9.9,17,17.0,True,0.9386529661204305,0.023968014472849134,0.24210115629140538,0.024143707084130453,0.026511742687792543,0.0264755912361624,-0.00236803560366209,-0.023919551552142322,0.821323219553308,0.8043531873079646,0.8322981366459627,0.9783525236036559,0.010152028831915568,0.000920539399702966,,,insufficient_history
67494,Mainland,False,<1.5h,CS,9.9,20,20.0,True,0.942856719215171,0.026432536535601014,0.2669953185414244,0.026565553893917945,0.022702667626756316,0.024289154055314784,0.003862886267161629,0.039019053203652815,0.7938650306748466,0.7682649638418855,0.8252380149970512,0.9397114024807773,0.017615747788399222,0.0015780578895559817,,,insufficient_history
67495,Russek,False,<1.5h,CS,9.9,16,16.0,True,0.9047926652199222,0.007062074398430558,0.0713340848326319,0.0074923791456748875,0.01744743912317411,0.01859484760297099,-0.009955059977499221,-0.10055616138888102,0.8704174228675136,0.8504023090221876,0.8762631417780953,0.658515846820924,0.03726941900870302,0.0013591595243375308,,,insufficient_history
67496,Sandlake,False,<1.5h,CS,9.9,17,17.0,True,0.9006653310346958,0.002595102863677734,0.02621316023916903,0.0028779847821274566,0.0046874009065542245,0.0026656754587063257,-0.0018094161244267678,-0.01827693054976533,0.8909209666884389,0.8905525179918196,0.8975609756097561,0.1131610589541795,0.01020379711385916,0.0018757839835251136,,,insufficient_history
67498,McFarland C,False,2.5-4.5h,CS,185.0,7,,False,,,,,,,,,,0.902349919988616,,,,,,,insufficient_history
67503,Serrano,True,2.5-4.5h,CS,213.8,9,,False,,,,,,,,,,0.9266717024313286,,,,,,,insufficient_history
67545,Marshall Solar Plus LLC,True,>4.5h,CS,5.0,12,12.0,True,0.9727186056837575,0.14089532017159093,2.8179064034318184,0.08219721690353873,0.06334131111903825,0.12701382559016616,0.018855905784500485,0.3771181156900097,0.8119160460392688,0.7007331387447177,0.823051948051948,0.9619233103128275,0.020422645823926167,0.008864534529621474,,,insufficient_history
67549,Kuna BESS,False,2.5-4.5h,CT,150.0,7,,False,,,,,,,,,,0.8728473890464482,,,,,,,insufficient_history
67573,Happy Valley Battery Storage,False,2.5-4.5h,CS,82.0,6,,False,,,,,,,,,,0.8663804321538399,,,,,,,insufficient_history
67577,Monument Valley,True,1.5-2.5h,CS,1.0,24,24.0,False,1.0035059447374908,0.004216452811835786,0.4216452811835786,0.002749905557185125,0.0026820398597382656,0.00394446699805849,6.786569744685923e-05,0.006786569744685923,0.9918097338163491,0.9876886453444662,0.9933642926313936,0.8088736556585321,0.002024733720973186,0.0004369742392604291,,,ok
67578,Sandwich,True,1.5-2.5h,CS,2.0,24,24.0,True,0.9944137116736833,-0.0005018320696844101,-0.025091603484220504,0.003678939080202264,0.00027046118588960986,-4.574807675833847e-05,0.0034084778943126543,0.1704238947156327,0.9946862634256642,0.9958749012331612,1.0,0.006215257681260078,0.004499264665715252,0.0013528936675560844,-1.7109450607604617,-70.52451799167142,ok
67579,AES ES Alamitos 2 LLC,False,2.5-4.5h,CS,82.0,12,12.0,True,0.888687045468851,0.058031556462244754,0.07077019080761555,-0.0703438350507486,0.04811961946773369,0.05048861434405846,-0.11846345451848228,-0.14446762746156375,0.8845600041435748,0.875036920829742,0.8825404217932299,0.41142782584738247,0.005626974326031713,0.021949127012846945,,,insufficient_history
67598,Desert Willow Energy Storage,False,1.5-2.5h,CS,150.0,8,,False,,,,,,,,,,0.8100863058981049,,,,,,,insufficient_history
67680,Kola Energy Center,False,>4.5h,CS,400.0,6,,False,,,,,,,,,,0.8294162408060437,,,,,,,insufficient_history
67695,Holtville,True,2.5-4.5h,CS,30.0,16,16.0,True,0.9144743868491515,0.1554785783660907,0.518261927886969,0.14981697015315976,0.06971776823134115,0.16124509239114668,0.0800992019218186,0.2669973397393953,0.8666666666666667,0.8720866092386852,0.8589572694304042,0.03812134300899561,0.09233679945990707,0.20872890323063276,,,insufficient_history
67698,Coffee Creek BESS,False,1.5-2.5h,CS,17.0,13,13.0,True,0.896684038903342,0.010220211910439468,0.0601188935908204,0.07386462615168309,0.05039590976737808,0.00023699067298857998,0.023468716384305005,0.13805127284885296,0.8880855397148676,0.8856739263025649,0.888243831640058,0.055947788652316865,0.027839997704456904,0.012658146050621865,,,insufficient_history
67710,TAG,True,2.5-4.5h,OT,57.8,5,,False,,,,,,,,,,0.8907253103152983,,,,,,,insufficient_history
67711,Seaside BESS,False,2.5-4.5h,CS,200.0,6,,False,,,,,,,,,,0.8898086300227388,,,,,,,insufficient_history
67712,Constable BESS,False,2.5-4.5h,CS,75.0,13,13.0,True,0.8760838921469852,-0.07918361505773974,-0.10557815341031966,0.1895757559277524,-0.01348500885494354,-0.058873360480811515,0.2030607647826959,0.27074768637692787,0.8844095422800157,0.8855208800159086,0.8882496763986768,0.10808833407958873,0.01268980388268313,0.0685820548341506,,,insufficient_history
67721,Al Pastor Battery Storage Plant,False,<1.5h,CS,100.3,14,14.0,True,0.9094796584125201,1.0149820452927065,1.0119462066726885,0.9880068480963202,0.9951877095225559,0.9642502432875366,-0.007180861426235641,-0.007159383276406421,0.7667468639823263,0.7647712813443628,0.7613144978596695,0.7586122343664085,0.034401625741887744,0.16527814996368162,,,insufficient_history
67734,Silver State South Storage,False,2.5-4.5h,CT,200.0,9,,False,,,,,,,,,,0.8494441957220742,,,,,,,insufficient_history
67736,Silver Peak,False,2.5-4.5h,CS,279.0,7,,False,,,,,,,,,,0.9044529983439122,,,,,,,insufficient_history
67737,SMT Ironman Battery Storage Plant,False,<1.5h,CS,304.0,7,,False,,,,,,,,,,0.8349428637787931,,,,,,,insufficient_history
67738,Citadel Battery Storage Plant,False,<1.5h,CS,204.0,13,13.0,True,0.7872114583009499,0.6938584450527238,0.34012668875133517,0.8406975681632942,0.901787097084841,0.6867297666372292,-0.06108952892154673,-0.029945847510562125,0.7424859726242807,0.7338488011001346,0.7322757540148844,0.7319770734640617,0.02038433235977871,0.12659360549534146,,,insufficient_history
67739,Wigeon Whistle Battery Storage Plant,False,<1.5h,CS,120.0,13,13.0,True,0.802756066521573,0.6208401264261393,0.5173667720217827,0.9531440104919049,0.9272920292578142,0.6032625937530347,0.025851981234090715,0.021543317695075594,0.7357317762290451,0.7313302983812762,0.724822695035461,0.4547010752196585,0.04272740284407209,0.20499240288106987,,,insufficient_history
67740,Anole Energy Storage,False,1.5-2.5h,CS,240.0,6,,False,,,,,,,,,,0.7753118102687258,,,,,,,insufficient_history
67743,Bishop Ranch BR 1-X,True,1.5-2.5h,CS,0.5,14,14.0,True,0.9732824429317123,0.003474321567214084,0.6948643134428168,0.005123159022763439,0.0040617202347949235,0.004036575205943257,0.0010614387879685156,0.2122877575937031,0.8185840707964602,0.8151105786444132,0.7947368421052632,0.43457450981546175,0.07225361424784972,0.0011440235282891972,,,ok
67745,White Plains RFP Shapham Place,True,<1.5h,CS,5.0,3,,False,,,,,,,,,,0.6851190476190476,,,,,,,insufficient_history
67752,Fort Duncan BESS,False,1.5-2.5h,CS,102.6,7,,False,,,,,,,,,,0.8184777077401958,,,,,,,insufficient_history
67758,Slocum Energy Storage,False,2.5-4.5h,CS,14.0,11,11.0,True,0.8676483585951738,0.04227259252365129,0.30194708945465204,0.05277242431402937,0.02378296067944973,,0.02898946363457964,0.20706759738985456,0.842793093580082,0.8414570125578199,0.8512763596004439,0.03316521210031864,0.08517276070548407,0.07608032748594593,,,insufficient_history
67762,Stampede Solar Hybrid,True,1.5-2.5h,CS,72.2,15,15.0,True,0.8147365756633776,-0.08450171118461329,-0.11703838114212367,0.12560136851644144,-0.0694715806699353,0.04614965288934659,0.19507294918637674,0.2701841401473362,0.8396301302267705,0.8386998667819523,0.8355523569629363,0.07726058912470735,0.035187727250648046,0.0809942810639442,,,insufficient_history
67764,Rosamond South 1,True,2.5-4.5h,CS,117.0,5,,False,,,,,,,,,,0.8856980266519727,,,,,,,insufficient_history
67828,Mordor ES1,False,2.5-4.5h,CS,25.0,8,,False,,,,,,,,,,0.8675923308394875,,,,,,,insufficient_history
67829,Mordor ES2,False,2.5-4.5h,CS,20.0,8,,False,,,,,,,,,,0.8912678258569886,,,,,,,insufficient_history
67843,Farmersville West,True,1.5-2.5h,CS,9.9,12,12.0,True,0.8760878137781335,-0.018561117034457113,-0.18748603065108194,-0.10739695697613814,-0.1229236852249528,-0.0269404927181374,0.015526728248814653,0.15683563887691568,0.9122018665744901,0.9003943947946638,0.9136149590819732,0.38069890724423927,0.0428886414302176,0.007486248122614791,,,insufficient_history
67845,Junction BESS,False,1.5-2.5h,CS,9.9,12,12.0,True,0.8088689373886623,0.012724389013712244,0.12852918195668933,0.07702038888278206,0.06767995824476927,0.014572238603649888,0.009340430638012792,0.09434778422235143,0.8064811424386672,0.7803556877739352,0.8118535326931129,0.22581866198074263,0.05433959945925967,0.0074503791100872414,,,insufficient_history
67850,Arrowleaf Solar and Storage,True,2.5-4.5h,CS,35.0,1,,False,,,,,,,,,,0.8730853391684902,,,,,,,insufficient_history
67851,Montague Energy Storage,False,<1.5h,CS,20.0,14,14.0,True,0.877254757868496,0.12632902749843294,0.6316451374921648,0.10510233382855075,0.12480763901349363,0.2001721993029983,-0.019705305184942887,-0.09852652592471443,0.8570385555025133,0.8023115411918035,0.865442323703417,0.9829153188323931,0.018596905158490534,0.004807927578176833,,,insufficient_history
67855,Westwing,False,2.5-4.5h,CS,200.0,15,15.0,True,0.9403306753052717,1.3778764872728795,0.6889382436364397,0.9077696434097593,1.1929834137254753,1.446065336991201,-0.28521377031571604,-0.14260688515785802,0.872142395981093,0.863096982716372,0.8745833333333334,0.5559318126974946,0.025589104646716262,0.341548734472605,,,insufficient_history
67860,GFTX BESS,False,1.5-2.5h,CS,125.0,19,19.0,True,0.951635631474143,1.3418678052957356,1.0734942442365885,1.406491962073963,1.412063416310406,1.574818826091162,-0.0055714542364428965,-0.0044571633891543165,0.8326156112915648,0.7673294099675924,0.8207808177067323,0.3735166919503705,0.05105543264496986,0.42148780861277846,,,insufficient_history
67861,Connolly BESS,False,1.5-2.5h,CS,125.0,17,17.0,True,0.8315510251765523,-0.059416179365897284,-0.047532943492717826,-0.08101715502892975,-0.15684747026568271,-0.2723618851406701,0.07583031523675296,0.060664252189402364,0.8410263936792153,0.8396149555394873,0.8492156100090756,0.024119840239322676,0.020328904968114108,0.09758209174536941,,,insufficient_history
67869,Sundial (Troutdale) BESS,False,2.5-4.5h,CT,200.0,13,13.0,True,0.8848605171827063,0.1804353374181611,0.09021766870908055,0.14443881752886667,0.6327021935495584,0.7606205110779042,-0.4882633760206917,-0.24413168801034588,0.8796228986083628,0.8799630226267223,0.8804879857609018,0.007709568223475016,0.025909225975998366,0.6172052724659005,,,insufficient_history
67880,"Arthur Kill Energy, LLC",False,2.5-4.5h,CS,5.0,5,,False,,,,,,,,,,0.49544710927389785,,,,,,,insufficient_history
67882,"Empire Clean Energy, LLC",False,2.5-4.5h,CS,10.0,7,,False,,,,,,,,,,0.6321812685734534,,,,,,,insufficient_history
67883,"Gabby Giffords Clean Energy, LLC",False,2.5-4.5h,CS,8.0,7,,False,,,,,,,,,,0.48778826561722494,,,,,,,insufficient_history
67886,Gunther,False,2.5-4.5h,CS,3.0,15,15.0,True,0.7826743883822919,0.012480236999185896,0.4160078999728632,0.012452525354520492,0.011249618318135911,0.012902197060050644,0.0012029070363845807,0.04009690121281936,0.7145575642245481,0.4585518300432043,0.6610169491525424,0.8096594496589942,0.08903615438697814,0.0016782846497447946,,,ok
67893,Dunns Bridge II Solar,True,2.5-4.5h,CS,56.3,12,12.0,True,0.8096994495228691,-0.8936908015218957,-1.5873726492396019,0.9836134611637448,-0.6197323524615851,-0.5714119839470735,1.6033458136253298,2.8478611254446355,0.8645367573860664,0.8764018302468936,0.8820879128608137,0.22199827699039776,0.05759593508307394,0.5290573660460121,,,insufficient_history
67898,Escape Solar Plant,True,2.5-4.5h,CS,100.0,1,,False,,,,,,,,,,0.8777204170462597,,,,,,,insufficient_history
67899,PNY BESS LLC,False,<1.5h,CS,6.2,24,24.0,True,0.9436931843835425,0.020432520162508867,0.3295567768146591,0.01826185380660767,0.009322081794337541,0.011674747907898552,0.00893977201227013,0.14418987116564724,0.925274247854893,0.9247561692760601,0.9249342571631108,0.12354730647573842,0.01271897437216058,0.011602676803358164,3.2919679534281467,184.801022290683,ok
67905,Roadrunner Reserve Phase 1,False,2.5-4.5h,CS,200.0,6,,False,,,,,,,,,,0.8710704045964198,,,,,,,insufficient_history
67931,Daggett 1,False,2.5-4.5h,CS,113.5,4,,False,,,,,,,,,,0.8216334132802462,,,,,,,insufficient_history
67948,Hampton Substation Energy Storage,False,>4.5h,CS,1.8,24,24.0,True,0.9110367428182382,0.0001905348420513345,0.010585269002851916,0.0011437737218025022,0.00041122551972955267,0.0016369045114773932,0.0007325482020729495,0.04069712233738608,0.9067484662576687,0.9068313606515094,0.906084656084656,0.014841088393305779,0.01248077012905495,0.0003309659634000647,2.048112863012599,286.88015348554023,ok
67963,Tynan,False,<1.5h,CS,9.9,9,,False,,,,,,,,,,0.8966275180096451,,,,,,,insufficient_history
67968,Burksol Energy Storage,False,1.5-2.5h,CS,100.0,9,,False,,,,,,,,,,0.8570406421663287,,,,,,,insufficient_history
67973,Sierra Pinta BESS,False,<1.5h,BL,113.0,2,,False,,,,,,,,,,0.8377118515788277,,,,,,,insufficient_history
68012,Caballero,False,2.5-4.5h,CS,99.7,9,,False,,,,,,,,,,0.851183578599435,,,,,,,insufficient_history
68023,BCE Seal Beach,True,2.5-4.5h,CS,16.7,2,,False,,,,,,,,,,0.9196953991728158,,,,,,,insufficient_history
68058,Prairie Center Energy LLC,False,>4.5h,CS,35.4,13,13.0,True,0.9055186174815618,0.0633363157689123,0.17891614623986526,-0.5035203851685939,-0.03298716174254728,0.06085700405100133,-0.4705332234260466,-1.3291898966837474,0.9150403596607745,0.8582648780517041,0.8952164009111617,0.18113601639871946,0.08541535575390581,0.040603169236534405,,,insufficient_history
68064,CA- US Foods- Livermore,True,1.5-2.5h,CS,1.2,17,17.0,False,3.811698247225677,0.24138299748280045,20.11524979023337,0.37247851963913325,0.3265397133517509,0.28819048765048055,0.04593880628738234,3.828233857281862,0.7324584895554366,0.7386285507202843,0.7540983606557377,0.7288704999080071,0.19232070436272902,0.03801230862068235,,,insufficient_history
68069,Old Frontier Solar III,True,<1.5h,CT,2.0,20,20.0,True,0.9135004380375882,-0.0004960348524813826,-0.02480174262406913,-0.00019328087255061368,-0.0010338578567075714,-0.0005253877168204492,0.0008405769841569577,0.042028849207847885,0.9282218597063622,0.9283211576329519,0.9226190476190477,0.08244990930560647,0.015677500020174373,0.00039002795829962914,8.123599967720669,54.62382899513772,ok
68146,Angelo Storage,False,1.5-2.5h,CS,100.0,11,11.0,True,0.9317561300534495,0.6841130719143992,0.6841130719143992,0.691171948921651,0.562231575304641,,0.12894037361701005,0.12894037361701005,0.8426956521739131,0.8393442474041095,0.8368,0.3833743925879749,0.05292320817150498,0.289205043143688,,,insufficient_history
68147,Coffeen Solar BESS,True,2.5-4.5h,CS,2.0,13,13.0,True,0.6781727386445171,6.995836902389262e-05,0.0034979184511946307,-0.01873235513724866,-0.011805485842228907,-0.00035447655485808157,-0.006926869295019752,-0.3463434647509876,0.6801242236024845,0.6890386984708546,0.6864406779661016,0.0009489319093449744,0.07132495436654492,0.0006844152097133426,,,insufficient_history
68148,Baldwin Solar BESS,True,2.5-4.5h,CS,2.0,11,11.0,True,0.5782232969233774,-0.01265249040534025,-0.6326245202670124,-0.03859035305313967,-0.014050414845545508,,-0.02453993820759416,-1.226996910379708,0.6560913705583756,0.7047853831392087,0.7111111111111111,0.12487024163673532,0.2416569937759217,0.011165071584918983,,,insufficient_history
68189,Great Kiskadee Storage,False,1.5-2.5h,CS,100.0,11,11.0,True,0.8997999117978416,0.5087716466932152,0.5087716466932152,0.4267658834108584,0.4107598532907501,,0.016006030120108317,0.016006030120108317,0.79242241031842,0.7860206499556792,0.7888550282977798,0.5611931734171833,0.05044429410040365,0.14996231764770032,,,insufficient_history
68266,North Juvenile Detention Center Solar,True,1.5-2.5h,CS,0.3,21,21.0,True,0.7929694672285444,0.0007314251803872529,0.24380839346241764,0.0007934506428892759,0.002256036581176923,0.0012996088411066282,-0.001462585938287647,-0.48752864609588237,0.7571428571428571,0.7409795231223802,0.7777777777777778,0.15242847649432367,0.11461056993587493,0.00039568376464000255,17.401021150158236,178.1071230515903,ok
68322,Atlas VII,False,2.5-4.5h,CS,300.0,2,,False,,,,,,,,,,0.8521913746019724,,,,,,,insufficient_history
68324,Atlas IX,False,2.5-4.5h,CS,150.0,2,,False,,,,,,,,,,0.9060924217805584,,,,,,,insufficient_history
68423,St Gall Energy Storage II,False,1.5-2.5h,CS,100.0,4,,False,,,,,,,,,,0.8922067569662798,,,,,,,insufficient_history
68424,Tibbits Energy Storage,False,2.5-4.5h,CS,104.9,7,,False,,,,,,,,,,0.8530896174104775,,,,,,,insufficient_history
68475,Kearsarge Riverpark I LLC,False,1.5-2.5h,CS,5.0,8,,False,,,,,,,,,,0.8072784331077301,,,,,,,insufficient_history
68476,Kearsarge Riverpark II LLC,False,1.5-2.5h,CS,5.0,8,,False,,,,,,,,,,0.8162583220289518,,,,,,,insufficient_history
68493,Central Heating Plant,False,<1.5h,CS,3.3,23,23.0,True,0.8561754102681096,0.03164756710875907,0.9590171851139114,0.02040306243404008,0.030618336899248685,0.03035914570042968,-0.010215274465208604,-0.30955377167298803,0.7513798896088313,0.7214975220607344,0.7272727272727273,0.5579821724219864,0.05875281326517369,0.00614667729969866,-4.0549349360188245,-84.90887763928113,ok
68496,Lower Rio Energy Storage,False,1.5-2.5h,CS,60.0,5,,False,,,,,,,,,,0.8068130286605845,,,,,,,insufficient_history
68522,Bishop Ranch - BR 8-O,True,1.5-2.5h,CS,0.5,1,,False,,,,,,,,,,1.0,,,,,,,insufficient_history
68524,Bishop Ranch - BR 15-AA,True,1.5-2.5h,CS,0.5,5,,False,,,,,,,,,,0.82,,,,,,,insufficient_history
68547,Tipton 1 - (CA),True,2.5-4.5h,CS,1.0,10,10.0,True,0.9213647586016759,0.0023340941621148863,0.23340941621148864,0.0018471118497825098,0.002131185616665027,,-0.00028407376688251726,-0.028407376688251725,0.9053916581892166,0.7585990846729884,0.8986938267765512,0.16303115248974676,0.017418302129296705,0.0018697895419207177,,,insufficient_history
68548,Tipton 2 - (CA),True,2.5-4.5h,CS,0.7,8,,False,,,,,,,,,,0.8506806999366933,,,,,,,insufficient_history
68576,Breckinridge Energy Storage,False,2.5-4.5h,CS,65.0,8,,False,,,,,,,,,,0.8524201937232367,,,,,,,insufficient_history
68577,Woodward Energy Storage,False,2.5-4.5h,CS,40.0,8,,False,,,,,,,,,,0.8435029376439505,,,,,,,insufficient_history
68596,Dominguez Energy Storage,False,2.5-4.5h,CS,200.0,1,,False,,,,,,,,,,0.9214608920491273,,,,,,,insufficient_history
68605,Mauna Loa Macadamia Nut,True,2.5-4.5h,CS,0.5,22,22.0,True,0.8659601457098094,-1.3077685615074942e-05,-0.0026155371230149886,-0.00016399847625879368,0.0004922436683646769,0.0010903071865553528,-0.0006562421446234706,-0.1312484289246941,0.8710691823899371,0.8700011015920107,0.8793939393939394,0.00019803677672558528,0.024929910845061264,0.00020777819206322005,4.721947645485843,211.87002123553208,ok
68613,Guajillo Energy Storage,False,<1.5h,CS,228.7,3,,False,,,,,,,,,,0.8956820048217141,,,,,,,insufficient_history
68617,Sky Ranch BESS II,False,2.5-4.5h,CT,100.0,2,,False,,,,,,,,,,0.8887295505120562,,,,,,,insufficient_history
68679,Partridge Solar,True,<1.5h,CS,3.0,24,24.0,False,1.0278706761421441,0.00399666331614937,0.13322211053831232,0.0036620150580377034,0.0036052908190421754,0.003923980564203747,5.672423899552798e-05,0.0018908079665175992,0.9595426561125769,0.9456320125309778,0.9632749326145553,0.37766991432407604,0.031020933411719107,0.0010938063175974907,,,ok
68680,Saddleback Solar,True,<1.5h,CS,2.5,24,24.0,True,0.9928796239496789,0.0017160013932070318,0.06864005572828127,6.343072447719347e-05,-0.0012137935942976522,0.0013436525150849641,0.0012772243187748457,0.05108897275099383,0.9689265536723164,0.9589765248859136,0.9671336206896552,0.5424691414159752,0.009499619508559813,0.0003359920271301631,,,ok
68683,Crockett BESS,False,1.5-2.5h,CS,10.0,9,,False,,,,,,,,,,0.6182566929375743,,,,,,,insufficient_history
68684,Century BESS,False,1.5-2.5h,CS,10.0,12,12.0,True,0.8285213832433916,-0.005530302431849749,-0.05530302431849749,0.028352952727113412,-0.011941409688441547,0.004200327394660202,0.04029436241555496,0.40294362415554963,0.8386617100371747,0.8386533755598161,0.8324742268041238,0.004974355959987076,0.05591808171301868,0.024734184093754857,,,insufficient_history
68685,Liggett Switch,False,<1.5h,CS,10.0,12,12.0,True,0.8878701083565734,0.032395121238876466,0.3239512123887647,0.03698761439391296,0.03458120304356464,0.02440794092835766,0.002406411350348317,0.02406411350348317,0.8076429030186255,0.8040825344013355,0.805930545365615,0.5524513362098391,0.0346296818486951,0.009220462966922131,,,insufficient_history
68686,Citrus City BESS,False,1.5-2.5h,CS,9.9,6,,False,,,,,,,,,,0.7700209145924135,,,,,,,insufficient_history
68687,Rio Grande City BESS 2,False,1.5-2.5h,CS,9.9,6,,False,,,,,,,,,,0.7746960264426012,,,,,,,insufficient_history
68742,Skyline Solar,True,<1.5h,CS,3.0,24,24.0,True,0.9960384933903009,0.0016892666326019702,0.056308887753399005,0.0017492723553217426,0.0009067519579913847,0.00166855175147138,0.0008425203973303579,0.02808401324434526,0.9691629955947136,0.9596085394273772,0.9627586206896552,0.5891278386328347,0.008436963138297076,0.00030077064623093303,,,ok
68743,Adams Grove Solar,True,<1.5h,CS,3.3,24,24.0,False,1.0104077402268439,0.008354704969831307,0.25317287787367593,0.015121012577908849,0.011803324244965309,0.00936145394430919,0.00331768833294354,0.10053601008919819,0.9537845705967977,0.9435161497081666,0.9573215152986887,0.7639597486937995,0.010907061937274294,0.0009900966097150714,,,ok
68773,Apollo,True,1.5-2.5h,CS,1.3,19,19.0,True,0.9260953967065956,0.0009087031199645168,0.06990023999727052,0.0007716313281279105,-0.004831803121336338,0.003000555154384403,0.005603434449464248,0.4310334191895575,0.9283242708848245,0.9207465817298889,0.9318181818181818,0.07496430477776961,0.026661402442002442,0.0007741935440401741,,,insufficient_history
68801,Kingman Energy Storage,False,2.5-4.5h,CS,50.0,2,,False,,,,,,,,,,0.7311789600594363,,,,,,,insufficient_history
68802,Minco II Energy Storage,False,<1.5h,CS,65.0,8,,False,,,,,,,,,,0.860680710399425,,,,,,,insufficient_history
68809,Hidden Lakes Reliability Project,False,1.5-2.5h,CS,220.0,1,,False,,,,,,,,,,0.5960679611650486,,,,,,,insufficient_history
68816,Google Bayhill Solar PV and Microgrid,True,1.5-2.5h,CS,2.6,18,18.0,True,0.6724679966121232,0.00017174066209812744,0.006605410080697209,-0.006122060262426405,-0.00018650366738532832,0.010019233122071246,-0.005935556595041076,-0.2282906382708106,0.7339312406576981,0.685290793545619,0.7349498327759196,0.0010257604048354851,0.13237641693852434,0.0013398843690289376,,,insufficient_history
68842,Chillingham Storage,False,<1.5h,CS,150.0,6,,False,,,,,,,,,,0.8165762448945663,,,,,,,insufficient_history
68868,Shallow Basket,True,2.5-4.5h,CS,50.0,5,,False,,,,,,,,,,0.9037289519569814,,,,,,,insufficient_history
68874,Inertia Energy Storage,False,2.5-4.5h,CS,13.0,8,,False,,,,,,,,,,0.7976926479095263,,,,,,,insufficient_history
68875,Wakefield MA BESS 1,False,2.5-4.5h,CS,5.0,7,,False,,,,,,,,,,0.8873576394280293,,,,,,,insufficient_history
68878,Longhorn Storage,False,<1.5h,CS,165.0,9,,False,,,,,,,,,,0.8649598491157736,,,,,,,insufficient_history
68879,Bocanova Energy Storage,False,1.5-2.5h,CS,150.0,5,,False,,,,,,,,,,0.7918471761913519,,,,,,,insufficient_history
68891,Visalia - (CA),True,2.5-4.5h,CS,1.0,6,,False,,,,,,,,,,0.8890080855949779,,,,,,,insufficient_history
68895,Libra Storage,False,<1.5h,CS,236.3,8,,False,,,,,,,,,,0.7010730246785721,,,,,,,insufficient_history
68896,Sun Valley Storage,False,<1.5h,CS,123.3,8,,False,,,,,,,,,,0.8002593742576957,,,,,,,insufficient_history
68906,Pine Forest Solar I,True,<1.5h,CS,200.0,1,,False,,,,,,,,,,0.9723320158102767,,,,,,,insufficient_history
68912,Padua 1,False,2.5-4.5h,CS,50.0,6,,False,,,,,,,,,,0.7416011833936929,,,,,,,insufficient_history
68997,Thermo Fisher Pleasanton,True,2.5-4.5h,CS,0.7,7,,False,,,,,,,,,,0.912846748237298,,,,,,,insufficient_history
69023,Knightdale Battery,False,1.5-2.5h,CS,100.0,2,,False,,,,,,,,,,0.7370540063767634,,,,,,,insufficient_history
69026,Tanzanite Storage,False,<1.5h,CS,283.2,2,,False,,,,,,,,,,0.8430111745082827,,,,,,,insufficient_history
69045,Sealy BESS,False,1.5-2.5h,CS,200.0,5,,False,,,,,,,,,,0.9478369398165419,,,,,,,insufficient_history
69122,Jackson Fuller Energy Storage,False,<1.5h,CS,100.0,4,,False,,,,,,,,,,0.8887031124924694,,,,,,,insufficient_history
69128,Chesapeake Beach BESS,False,1.5-2.5h,CS,1.1,11,11.0,True,0.868193147534934,0.005758248641557223,0.5234771492324748,0.005953310877817065,0.005799257540803544,0.008054811149197361,0.0001540533370135216,0.014004848819411053,0.8146067415730337,0.7367527817976555,0.8235294117647058,0.9868022554937802,0.010426949178127025,0.000221974941742923,,,insufficient_history
69171,Allen 1 Battery Energy Storage System,False,2.5-4.5h,CS,50.0,2,,False,,,,,,,,,,0.8850508572049016,,,,,,,insufficient_history
69187,Big Bend 1 Solar and Battery Storage,True,1.5-2.5h,CS,12.6,1,,False,,,,,,,,,,0.6,,,,,,,insufficient_history
69190,"GreenStruxure BBU004, LLC",True,1.5-2.5h,CS,0.2,12,12.0,True,0.790069314418679,-0.0002652581537523432,-0.1326290768761716,-0.0016370463798545767,-0.0002507683710403358,-0.0005583958019339251,-0.001386278008814241,-0.6931390044071204,0.8387096774193549,0.8549242424242425,0.8333333333333334,0.11365606203990286,0.08192399649916386,0.0002342467529949698,,,insufficient_history
69191,"GreenStruxure REP009, LLC",True,1.5-2.5h,CS,0.2,12,12.0,False,1.0365524012208454,0.0020406520369100354,1.0203260184550176,0.002936873948526214,0.002668547120374419,0.000432429426210789,0.0002683268281517951,0.13416341407589757,0.8476190476190476,0.844212962962963,0.8541666666666667,0.5066277038062279,0.09704300203061778,0.0006368129250268884,,,insufficient_history
69210,Salem Henningsen,True,1.5-2.5h,CS,1.0,12,12.0,True,1.0,4.910275618313044e-18,4.910275618313044e-16,-6.019179249782355e-17,-4.6391155135280446e-17,-2.879153815956093e-17,-1.3800637362543107e-17,-1.3800637362543106e-15,1.0,1.0,1.0,,7.441996181570042e-16,5.8370055020280915e-18,,,insufficient_history
69244,Cross Trails Energy Storage Project,False,1.5-2.5h,CS,58.3,8,,False,,,,,,,,,,0.8053692359735571,,,,,,,insufficient_history
69250,Suwannee,False,<1.5h,CS,5.0,7,,False,,,,,,,,,,0.5840441508403107,,,,,,,insufficient_history
69288,Palm Springs DAC PV,True,1.5-2.5h,CS,0.3,10,10.0,True,0.9134706585404511,0.0009943911823379332,0.33146372744597774,0.0012612961560710728,0.0011191742910210776,,0.00014212186504999522,0.047373955016665074,0.8352941176470589,0.8240995115995116,0.8333333333333334,0.45627239400277797,0.05322824997344843,0.0003837875358354791,,,insufficient_history
69298,PP Jaguar BESS LLC,False,1.5-2.5h,CS,300.0,1,,False,,,,,,,,,,0.8759948457515349,,,,,,,insufficient_history
69300,Regis Continental,False,<1.5h,CS,9.9,3,,False,,,,,,,,,,0.8542268552374589,,,,,,,insufficient_history
69301,Regis Gregory,False,<1.5h,CS,9.9,6,,False,,,,,,,,,,0.6493326717655035,,,,,,,insufficient_history
69302,Regis Palacios,False,<1.5h,CS,9.9,6,,False,,,,,,,,,,0.7173782900216558,,,,,,,insufficient_history
69331,Regis Carrizo Springs,False,<1.5h,CS,9.9,5,,False,,,,,,,,,,0.6564728578778842,,,,,,,insufficient_history
69333,Regis Goodwin LLC,False,<1.5h,CS,9.9,4,,False,,,,,,,,,,0.6095454545454546,,,,,,,insufficient_history
69334,Johnson City BESS,False,1.5-2.5h,CS,2.3,9,,False,,,,,,,,,,0.3602023812720641,,,,,,,insufficient_history
69344,Regis Hearn,False,<1.5h,CS,9.9,4,,False,,,,,,,,,,0.517959033642487,,,,,,,insufficient_history
69345,Regis Mason,False,<1.5h,CS,9.9,6,,False,,,,,,,,,,0.7455089368610563,,,,,,,insufficient_history
69346,Regis Monte Cristo LLC,False,<1.5h,CS,9.9,7,,False,,,,,,,,,,0.7878694089495484,,,,,,,insufficient_history
69347,Regis Muenster,False,<1.5h,CS,9.9,6,,False,,,,,,,,,,0.8142725455440903,,,,,,,insufficient_history
69348,Regis Pirate,False,<1.5h,CS,9.9,9,,False,,,,,,,,,,0.6581950826115935,,,,,,,insufficient_history
69349,Regis Falfurrias,False,<1.5h,CS,9.9,8,,False,,,,,,,,,,0.6437269876405823,,,,,,,insufficient_history
69350,Matta Power Station,False,1.5-2.5h,CS,10.0,12,12.0,True,0.9735051901078984,0.04757055513014992,0.4757055513014992,0.0511296075731109,0.032417650898095264,0.06289024945354543,0.018711956675015635,0.18711956675015634,0.8931962025316456,0.8924611872363454,0.8919944457795936,0.14446745737396127,0.07458772905211776,0.03660761806998547,,,insufficient_history
69353,"Sunset Ridge Energy Center, LLC",False,1.5-2.5h,CS,9.9,12,12.0,True,0.8628293564028333,0.013998110575552626,0.14139505631871338,0.004812421560784246,0.025604524689225312,0.020320587321247956,-0.020792103128441066,-0.21002124372162695,0.8369422572178478,0.7612249769101282,0.786459981018665,0.6550358191991403,0.09205742331082653,0.0032123576857649894,,,insufficient_history
69365,SMT Dallas BESS,False,<1.5h,CS,10.0,3,,False,,,,,,,,,,0.8582242225859247,,,,,,,insufficient_history
69366,SME Mission II BESS,False,<1.5h,CS,10.0,12,12.0,True,0.8802585654397413,0.015743207350039166,0.15743207350039165,0.019754825753485285,0.025334161703558022,0.0161786643176313,-0.005579335950072737,-0.05579335950072738,0.8098341232227488,0.8019549745587842,0.8277979066022545,0.281514298240535,0.07342500103643931,0.007953385835970809,,,insufficient_history
69407,Dogfish BESS,False,<1.5h,CS,75.0,7,,False,,,,,,,,,,0.7296229245922847,,,,,,,insufficient_history
69411,Snyder BESS,False,1.5-2.5h,CS,10.0,12,12.0,True,0.8920697949716209,0.02157500055266767,0.2157500055266767,-0.004502006813592446,-0.024741470489515596,0.008681136736615965,0.02023946367592315,0.2023946367592315,0.8506274131274131,0.8525460350000578,0.8509453330881902,0.0333602874219896,0.09654777654577243,0.03672554423574577,,,insufficient_history
69413,Sweetwater BESS,False,1.5-2.5h,CS,10.0,12,12.0,True,0.9226742739875498,0.04044043151317757,0.40440431513177566,0.019475303280725074,0.01819814324245756,0.030571993812235698,0.0012771600382675136,0.012771600382675136,0.863481228668942,0.8609153905937202,0.8634407756179041,0.6006720774474387,0.02098182467158763,0.0104270606199019,,,insufficient_history
69414,Blevins Solar & Storage,True,1.5-2.5h,CS,180.0,1,,False,,,,,,,,,,0.7402120717781403,,,,,,,insufficient_history
69415,Westover BESS,False,1.5-2.5h,CS,10.0,12,12.0,True,0.9156756496793809,0.03552372431518169,0.35523724315181693,0.021004434677748623,0.01953564784974192,0.03185617512606597,0.0014687868280067046,0.014687868280067047,0.868013468013468,0.8649286256395411,0.8638173834039976,0.5478738216433933,0.019215693238112078,0.010204883310268547,,,insufficient_history
69454,Crosby Clean Energy Center (BESS),False,1.5-2.5h,OT,12.0,9,,False,,,,,,,,,,0.9214409545327563,,,,,,,insufficient_history
69456,Maverick Clean Energy Center (BESS),False,1.5-2.5h,OT,12.0,8,,False,,,,,,,,,,0.8684919557151094,,,,,,,insufficient_history
69459,Spencer Clean Energy Center (BESS),False,1.5-2.5h,OT,12.0,5,,False,,,,,,,,,,0.8171860132761779,,,,,,,insufficient_history
69460,Winmil Clean Energy Center (BESS),False,1.5-2.5h,OT,12.0,12,12.0,False,1.010790106423239,0.06707574212138234,0.5589645176781861,0.08188478361153831,0.06806400700965122,0.0716425753833243,0.013820776601887089,0.11517313834905907,0.9095045500505561,0.9024412295116301,0.9052081407111701,0.7324222351657861,0.024769619819727542,0.012820640930884775,,,insufficient_history
69576,Non-PLD US-El Paso - BSSAT004,False,<1.5h,CS,9.9,8,,False,,,,,,,,,,0.818083399195078,,,,,,,insufficient_history
69727,Martinsville BESS,True,<1.5h,CS,10.1,3,,False,,,,,,,,,,0.27862901856608513,,,,,,,insufficient_history
69803,55 Drive BESS,False,<1.5h,CT,4.6,4,,False,,,,,,,,,,0.8452074146548063,,,,,,,insufficient_history
