rank,plant_id,flag_months,first_flag,last_flag,dominant_reason,mwh_at_stake,longest_run,mwh_at_stake_last24m,plant_name,state,ba,operator,nameplate_mw,e_rated_mwh,duration_h,dur_band,cod_year,chem,enclosure,hybrid,hybrid_reasons,eta_true,P_aux_mw,cum_efc,throughput_used,P_aux_pct_nameplate,warranty_headroom,implausible_e_rated,conviction_tier
1,66694,3,2025-10,2025-12,FULL_OUTAGE,101856.5,3,101856.5,Atrisco Energy Storage,NM,PNM,Atrisco Energy Storage LLC,300.0,1200.0,4.0,2.5-4.5h,2024.0,LIB,CS,True,rte_gt_1,0.8920057884745841,-4.902805312951844,287.5625,0.047927083333333335,-1.6342684376506145,0.9520729166666667,False,C
2,65857,30,2023-07,2025-12,ELEVATED_P_AUX,81894.0972659075,30,50325.304508411886,Sunlight Storage,CA,CISO,"Sunlight Storage, LLC",230.0,920.0,4.0,2.5-4.5h,2022.0,LIB,CS,False,,0.9399172460218913,3.3806887237050796,652.2358695652174,0.10870597826086957,1.4698646624804694,0.8912940217391304,False,A
3,260,31,2021-10,2025-12,LOW_ETA_AND_LOW_UTI,46934.0,12,26373.5,Dynegy Moss Landing Power Plant Hybrid,CA,CISO,Dynegy -Moss Landing LLC,750.0,3000.0,4.0,2.5-4.5h,2021.9333333333334,LIB,BL,True,rte_gt_1,0.7972132906763183,-1.1220906748874337,849.7955416666666,0.14163259027777778,-0.14961208998499118,0.8583674097222223,False,C
4,63834,4,2023-05,2025-12,PARTIAL_AVAILABILITY,30385.0,2,25184.0,Gateway Energy Storage System,CA,CISO,"Gateway Energy Storage, LLC",250.0,1000.0,4.0,2.5-4.5h,2020.0,LIB,BL,False,,0.8680103750325272,0.40043973086969004,1994.9877142857142,0.33249795238095237,0.160175892347876,0.6675020476190476,False,B
5,66575,21,2024-04,2025-12,ELEVATED_P_AUX,20096.65918682955,21,20096.65918682955,Sunlight Storage II,CA,CISO,Sunlight Storage II,230.0,920.0,4.0,2.5-4.5h,2024.0,LIB,CS,False,,0.992775620400551,6.376503458049694,559.7184782608696,0.09328641304347826,2.7723928078476927,0.9067135869565217,False,A
6,65980,17,2023-06,2025-09,THERMAL_AUX,19149.080321500634,4,16558.720214333756,CED West Side Canal Battery Storage,CA,CISO,RWE Clean Energy,131.0,524.0,4.0,2.5-4.5h,2023.0,LIB,CS,False,,0.8401643182006256,0.6083308736590833,632.2614503816794,0.10537690839694656,0.46437471271685754,0.8946230916030534,False,A
7,65744,3,2024-12,2025-02,PARTIAL_AVAILABILITY,13366.0,3,13366.0,Arica Solar,CA,CISO,"Arica Solar, LLC",136.0,544.0,4.0,2.5-4.5h,2024.0,LIB,CT,True,pv_same_plant,0.8259467933237654,-0.3466011772763532,500.89889705882354,0.08348314950980393,-0.25485380682084796,0.916516850490196,False,C
8,58462,4,2024-07,2024-11,PARTIAL_AVAILABILITY,12543.5,2,12543.5,McCoy Solar Energy Project Hybrid,CA,CISO,"McCoy Solar, LLC",230.0,920.0,4.0,2.5-4.5h,2021.0,LIB,CS,True,pv_same_plant,0.9281652061946533,0.6153964778355223,1076.6065217391304,0.17943442028985507,0.2675636860154445,0.820565579710145,False,C
9,65491,13,2024-12,2025-12,ELEVATED_P_AUX,12502.84206208576,13,12502.84206208576,Paleo,TX,ERCO,Engie North America,200.0,200.0,1.0,<1.5h,2024.0,LIB,CS,False,,0.9896490506138483,2.072329271436852,532.765,0.08879416666666666,1.036164635718426,0.9112058333333334,False,A
10,64852,4,2024-04,2025-12,PARTIAL_AVAILABILITY,12343.5,2,12343.5,Daggett 3,CA,CISO,Daggett Solar Power 3 LLC,149.0,4.6,0.030872483221476506,<1.5h,2023.0,LIB,CS,True,pv_same_plant,0.9108473361993463,-0.20654410791605632,77804.34782608696,12.967391304347826,-0.13862020665507135,0.0,True,C
11,65672,3,2024-12,2025-02,PARTIAL_AVAILABILITY,10710.0,3,10710.0,Sanborn BESS 3,CA,CISO,Terra-Gen Operating Co-BESS,169.0,676.0,4.0,2.5-4.5h,2023.0,LIB,CS,False,,0.8762478477094194,0.16185355895801473,710.491124260355,0.11841518737672584,0.09577133666154718,0.8815848126232741,False,A
12,66502,36,2023-01,2025-12,THERMAL_AUX,16005.701335081641,36,10675.335470752445,Valley Center 54,CA,CISO,Terra-Gen Operating Co-BESS 2,54.0,216.0,4.0,2.5-4.5h,2021.0,LIB,CS,False,,0.9107852012398823,0.7194810158283352,919.8858024691358,0.15331430041152264,1.3323722515339542,0.8466856995884774,False,A
13,66067,4,2024-10,2025-02,PARTIAL_AVAILABILITY,9116.0,2,9116.0,Kapolei Energy Storage,HI,HECO,"Kapolei Energy Storage I, LLC",185.0,565.0,3.054054054054054,2.5-4.5h,2023.0,LIB,CS,False,,0.9392672606481408,0.844044557157514,667.5274336283186,0.11125457227138644,0.45624030116622377,0.8887454277286135,False,B
14,67860,21,2024-04,2025-12,ELEVATED_P_AUX,8814.905019498126,21,8814.905019498126,GFTX BESS,TX,ERCO,Giga Texas Energy LLC,125.0,250.0,2.0,1.5-2.5h,2024.0,OTH,CS,False,,0.951635631474143,1.3418678052957356,509.012,0.08483533333333333,1.0734942442365885,0.9151646666666666,False,A
15,63172,6,2024-04,2025-05,PARTIAL_AVAILABILITY,8531.0,2,8531.0,Arroyo Solar Energy Storage Hybrid,NM,PNM,Arroyo Solar LLC,150.0,600.0,4.0,2.5-4.5h,2023.0,LIB,CS,True,pv_same_plant,0.9659420577996153,1.4481316157431845,745.405,0.12423416666666666,0.965421077162123,0.8757658333333334,False,C
16,64312,51,2021-10,2025-12,THERMAL_AUX,18031.914578104814,51,8487.655863872904,Bat Cave,TX,ERCO,Engie North America,100.0,110.0,1.1,<1.5h,2021.0,LIB,CS,False,,0.8516246884092873,0.6893328137330095,1779.8272727272727,0.2966378787878788,0.6893328137330095,0.7033621212121213,False,A
17,61801,16,2024-09,2025-12,ELEVATED_P_AUX,7871.373738746339,16,7871.373738746339,"Cascade Energy Storage, LLC",CA,CISO,Engie North America,25.0,100.0,4.0,2.5-4.5h,2024.0,LIB,CS,False,,0.9495810230811547,0.4176993331819093,315.5,0.052583333333333336,1.6707973327276373,0.9474166666666667,False,A
18,60641,24,2024-01,2025-12,ELEVATED_P_AUX,7858.189485611318,24,7858.189485611318,Henrietta D Energy Storage LLC,CA,CISO,Convergent Energy and Power LP,10.0,40.0,4.0,2.5-4.5h,2021.0,LIB,CS,False,,0.8845186131202828,0.10351252590484777,636.6208333333334,0.10610347222222223,1.0351252590484776,0.8938965277777777,False,A
19,63737,8,2021-10,2025-12,THERMAL_AUX,7476.111743545533,3,7279.686699592777,Chisholm Grid Energy Storage System,TX,ERCO,"Chisholm Grid, LLC",100.0,125.0,1.25,<1.5h,2021.0,LIB,CS,False,,0.9421974299855146,0.29450091756459157,2070.704,0.3451173333333334,0.29450091756459157,0.6548826666666666,False,A
20,66050,4,2024-10,2025-12,PARTIAL_AVAILABILITY,7064.0,2,7064.0,Lancaster Area Battery,CA,CISO,AES Distributed Energy,127.0,508.0,4.0,2.5-4.5h,2022.0,LIB,CT,False,,0.9127393605921882,0.8558384453970787,969.8838582677165,0.16164730971128607,0.6738885396827391,0.838352690288714,False,B
21,66500,36,2023-01,2025-12,THERMAL_AUX,8222.438006911254,36,6894.318919015459,Valley Center 85,CA,CISO,Terra-Gen Operating Co-BESS 2,85.0,212.0,2.4941176470588236,1.5-2.5h,2021.0,LIB,CS,False,,0.8061599827573263,0.22091255835788615,1169.7299528301887,0.19495499213836479,0.25989712747986604,0.8050450078616352,False,A
22,65489,2,2025-01,2025-02,FULL_OUTAGE,6616.161616161616,2,6616.161616161616,Dickens,TX,ERCO,Engie North America,200.0,200.0,1.0,<1.5h,2024.0,LIB,CS,False,,0.9098030841735583,-0.26797990610895517,600.24,0.10004,-0.13398995305447758,0.89996,False,B
23,65490,2,2025-01,2025-02,FULL_OUTAGE,6616.161616161616,2,6616.161616161616,Hydra,TX,ERCO,Engie North America,200.0,200.0,1.0,<1.5h,2024.0,LIB,CS,False,,0.9301273328229928,0.7322451438252376,923.46,0.15391000000000002,0.3661225719126188,0.84609,False,B
24,65673,26,2023-11,2025-12,ELEVATED_P_AUX,6319.5133288954885,26,6319.5133288954885,Sanborn BESS 4,CA,CISO,Terra-Gen Operating Co-BESS,47.0,188.0,4.0,2.5-4.5h,2023.0,LIB,CS,False,,0.9529212000748494,0.6339005470765795,675.031914893617,0.11250531914893616,1.3487245682480413,0.8874946808510639,False,A
25,63849,23,2024-02,2025-12,ELEVATED_P_AUX,6090.5,23,6090.5,Chestnut,CA,CISO,Chestnut Westside LLC,135.0,540.0,4.0,2.5-4.5h,2023.0,LIB,CS,True,pv_same_plant,0.950659773562823,1.6300870229060789,743.7837962962963,0.12396396604938272,1.2074718688193178,0.8760360339506172,False,C
26,64317,51,2021-10,2025-12,THERMAL_AUX,11067.975754476294,51,5846.235802265813,North Fork TX,TX,ERCO,Engie North America,100.0,110.0,1.1,<1.5h,2021.0,LIB,CS,False,,0.8055161029364404,0.4088053401327177,1796.1272727272726,0.29935454545454543,0.4088053401327177,0.7006454545454546,False,A
27,65933,21,2023-05,2025-09,THERMAL_AUX,8629.917204268717,8,5834.6001235897,Sagebrush ESS,CA,CISO,Terra-Gen Operating Co-BESS 2,80.0,320.0,4.0,2.5-4.5h,2023.0,LIB,CS,False,,0.8332022086053114,0.3717349587765357,557.271875,0.09287864583333334,0.4646686984706696,0.9071213541666666,False,A
28,62562,23,2023-06,2025-12,FULL_OUTAGE,6403.153623422582,19,5803.464530938667,"High Lonesome Wind Power, LLC Hybrid",TX,ERCO,"High Lonesome Wind Power, LLC",63.3,81.0,1.2796208530805688,<1.5h,2023.0,LIB,CS,False,,0.8639798047182689,0.255185379207332,223.22222222222223,0.037203703703703704,0.4031364600431785,0.9627962962962963,False,A
29,66616,10,2023-07,2025-08,THERMAL_AUX,7860.628960382799,4,5497.302606280781,Wolf Tank Storage,TX,ERCO,Wolf Tank Storage LLC,150.0,150.0,1.0,<1.5h,2023.0,LIB,CS,False,,0.9211494406899783,1.3786575304106936,742.12,0.12368666666666667,0.9191050202737958,0.8763133333333333,False,A
30,67721,14,2024-11,2025-12,ELEVATED_P_AUX,5433.328935466256,14,5433.328935466256,Al Pastor Battery Storage Plant,TX,ERCO,Al Pastor BESS LLC,100.3,145.0,1.4456630109670987,<1.5h,2023.9999999999998,LIB,CS,False,,0.9094796584125201,1.0149820452927065,349.46206896551723,0.05824367816091954,1.0119462066726885,0.9417563218390804,False,A
31,64164,12,2025-01,2025-12,ELEVATED_P_AUX,5173.042810381041,12,5173.042810381041,"Azure Sky Wind Project, LLC Hybrid",TX,ERCO,"Azure Sky Wind Project, LLC",120.0,190.0,1.5833333333333333,1.5-2.5h,2023.0,LIB,CS,False,,0.9121999309868798,1.3113723805506685,304.7052631578947,0.050784210526315786,1.092810317125557,0.9492157894736842,False,A
32,63685,2,2024-03,2024-04,PARTIAL_AVAILABILITY,5083.0,2,5083.0,Luna Storage,CA,CISO,AES Distributed Energy,100.0,400.0,4.0,2.5-4.5h,2022.0,LIB,CT,False,,0.8870416551308891,0.5480630725778244,1072.15,0.1786916666666667,0.5480630725778244,0.8213083333333333,False,B
33,64713,50,2021-11,2025-12,ELEVATED_P_AUX,8546.179457437791,50,5079.994188070588,Sanborn BESS 2,CA,CISO,Terra-Gen Operating Co-BESS,100.0,400.0,4.0,2.5-4.5h,2021.0,LIB,CS,False,,0.9206950837408592,1.28828179895641,1397.955,0.2329925,1.28828179895641,0.7670075000000001,False,A
34,62734,36,2023-01,2025-12,ELEVATED_P_AUX,5206.620786641405,36,5026.3077311514835,Montauk Energy Storage Center,NY,NYIS,"Montauk Energy Storage Center, LLC",5.0,40.0,8.0,>4.5h,2019.0,LIB,BL,False,,0.9170981190751849,0.060909469115811056,698.95,0.11649166666666667,1.218189382316221,0.8835083333333333,False,A
35,66408,2,2025-09,2025-10,PARTIAL_AVAILABILITY,4772.0,2,4772.0,Buena Vista Energy Center,NM,EPE,"Buena Vista Energy Center, LLC",50.0,200.0,4.0,2.5-4.5h,2023.0,LIB,CS,True,"pv_same_plant,dc_coupled",0.8941620414090894,-0.0025049472095796826,439.2625,0.07321041666666667,-0.005009894419159365,0.9267895833333333,False,C
36,66338,2,2025-05,2025-06,PARTIAL_AVAILABILITY,4373.0,2,4373.0,Callisto I Energy Center,TX,ERCO,Callisto I Energy Center,223.4,200.0,0.8952551477170994,<1.5h,2024.0,LIB,CS,False,,0.8497120385503208,-0.11921773143986068,815.275,0.13587916666666666,-0.05336514388534498,0.8641208333333333,False,B
37,66627,2,2024-08,2024-09,PARTIAL_AVAILABILITY,4253.0,2,4253.0,Sonoran Solar Energy,AZ,SRP,"Sonoran Solar Energy, LLC",260.0,1040.0,4.0,2.5-4.5h,2023.0,LIB,CS,True,pv_same_plant,0.8886032643414276,0.21387714637607894,810.5596153846154,0.13509326923076923,0.08226044091387652,0.8649067307692307,False,C
38,63727,13,2022-04,2025-09,FULL_OUTAGE,19185.314375,9,4250.0,Slate Hybrid,CA,CISO,MN8 Energy LLC,140.3,561.0,3.9985744832501777,2.5-4.5h,2021.9999999999998,LIB,CS,True,"colocated_firming,pv_same_plant",0.8723909701245726,0.47226202388126515,826.5044563279857,0.13775074272133095,0.33660871267374565,0.8622492572786691,False,C
39,62561,21,2024-04,2025-12,FULL_OUTAGE,4124.5,21,4124.5,"Roadrunner, LLC Hybrid",TX,ERCO,"Roadrunner Solar, LLC",63.3,108.6,1.7156398104265402,1.5-2.5h,2023.0,LIB,CS,True,pv_same_plant,,,94.66850828729282,0.015778084714548803,,0.9842219152854512,False,C
40,57242,9,2023-12,2025-12,PARTIAL_AVAILABILITY,4231.5,5,4006.5,Mililani South Solar Farm,HI,,Mililani I Solar LLC,39.0,156.0,4.0,2.5-4.5h,2022.0,LIB,CS,True,"rte_gt_1,pv_same_plant",0.9212717715491572,0.06797783880889584,621.8461538461538,0.10364102564102563,0.1743021507920406,0.8963589743589744,False,C
41,61365,2,2025-09,2025-10,LOW_ETA_AND_LOW_UTI,3914.4014778325122,2,3914.4014778325122,Fallbrook Energy Storage,CA,CISO,San Diego Gas & Electric Co,40.0,40.0,1.0,<1.5h,2023.0,LIB,CS,False,,0.8329299128899332,0.20465514576064534,2347.275,0.3912125,0.5116378644016133,0.6087875,False,B
42,66333,18,2024-07,2025-12,ELEVATED_P_AUX,3869.737840472366,18,3869.737840472366,Superstition Energy Storage,AZ,SRP,"Superstition Energy Storage, LLC",90.0,360.0,4.0,2.5-4.5h,2024.0,LIB,CS,False,,0.9484135423081004,1.0705107751575669,470.1277777777778,0.07835462962962964,1.189456416841741,0.9216453703703704,False,A
43,67579,2,2025-09,2025-10,PARTIAL_AVAILABILITY,3680.0,2,3680.0,AES ES Alamitos 2 LLC,CA,CISO,AES Clean Energy,82.0,328.0,4.0,2.5-4.5h,2024.0,LIB,CS,False,,0.888687045468851,0.058031556462244754,260.3628048780488,0.04339380081300813,0.07077019080761555,0.9566061991869919,False,B
44,66574,15,2024-10,2025-12,ELEVATED_P_AUX,3497.0,15,3497.0,San Juan Solar I,NM,PNM,"San Juan Solar I, LLC",100.0,561.4,5.614,>4.5h,2024.0,LIB,CS,True,pv_same_plant,0.9716411762019379,1.7546850181851754,253.61061631635198,0.04226843605272533,1.7546850181851754,0.9577315639472747,False,C
45,67236,10,2024-06,2025-09,THERMAL_AUX,3099.239266682337,4,3099.239266682337,Anemoi Energy Storage,TX,ERCO,"Anemoi Energy Storage, LLC",200.0,400.0,2.0,1.5-2.5h,2024.0,LIB,CS,False,,0.8306417900368726,0.7959404471173153,398.85,0.066475,0.39797022355865763,0.9335249999999999,False,A
46,65700,30,2023-07,2025-12,THERMAL_AUX,3476.1446344910646,30,3097.7715516498984,TX21 River Valley Storage 2,TX,ERCO,Key Capture Energy,50.0,107.0,2.14,1.5-2.5h,2023.0,LIB,CS,False,,0.8356688524124009,0.1884524603421713,475.3644859813084,0.07922741433021807,0.3769049206843426,0.9207725856697819,False,A
47,63458,4,2025-01,2025-04,FULL_OUTAGE,2868.0,4,2868.0,Rush Springs Energy Storage (BA),OK,SWPP,Rush Springs Energy Storage,10.0,20.0,2.0,1.5-2.5h,2020.0,FLB,CS,False,,0.9027720491479634,0.050926186736431116,1086.25,0.18104166666666666,0.5092618673643112,0.8189583333333333,False,A
48,61098,4,2023-12,2025-09,PARTIAL_AVAILABILITY,3277.5,2,2817.5,Battle Mountain Solar Project,NV,NEVP,RWE Clean Energy,25.0,25.0,1.0,<1.5h,2021.0,LIB,CS,True,"rte_gt_1,pv_same_plant,dc_coupled",0.9280100855522927,-0.004017288886702368,4850.76,0.8084600000000001,-0.01606915554680947,0.19153999999999993,False,C
49,57447,78,2019-01,2025-06,LOW_ETA_AND_LOW_UTI,11268.096486994495,78,2618.133146288087,Laurel Mountain Hybrid,WV,PJM,AES Distributed Energy,16.0,16.0,1.0,<1.5h,2011.0,LIB,CS,False,,0.8052400248690246,0.21454220509895694,10103.234375,1.6838723958333333,1.340888781868481,0.0,False,A
50,64528,55,2021-06,2025-12,THERMAL_AUX,5718.713737715974,55,2552.9133855450455,Gambit Energy Storage - Angleton Storage,TX,ERCO,Gambit Energy Storage LLC,100.0,200.0,2.0,1.5-2.5h,2021.0,LIB,CS,False,,0.7848989352622862,0.3452737193314352,962.635,0.16043916666666666,0.3452737193314352,0.8395608333333333,False,A
51,2324,8,2024-06,2025-09,THERMAL_AUX,2522.5632465635945,4,2522.5632465635945,Reid Gardner,NV,NEVP,Nevada Power Co,220.0,220.0,1.0,<1.5h,2023.0,LIB,CS,False,,0.8162602576506143,-0.8365393461755721,1453.990082644628,0.24233168044077133,-0.3802451573525328,0.7576683195592286,False,A
52,63943,45,2022-04,2025-12,ELEVATED_P_AUX,5206.001951600769,45,2506.6577966331033,Coso Battery Storage,CA,CISO,Arevon Asset Management,60.0,240.0,4.0,2.5-4.5h,2022.0,LIB,CS,False,,0.9459968923603456,0.936345108943462,1262.5541666666666,0.21042569444444442,1.5605751815724367,0.7895743055555555,False,A
53,64878,4,2023-11,2025-12,PARTIAL_AVAILABILITY,4861.5,2,2478.5,Edwards Sanborn E1A,CA,CISO,Terra-Gen Operating Co-Hybrid,144.0,272.0,1.8888888888888888,1.5-2.5h,2022.0,LIB,CS,True,"rte_gt_1,pv_same_plant",0.8148689740952283,-0.20823191226537763,992.7683823529412,0.16546139705882354,-0.14460549462873448,0.8345386029411764,False,C
54,64760,36,2023-01,2025-12,ELEVATED_P_AUX,3999.0489422819096,36,2257.0712273147315,Ocean State BTM,RI,ISNE,"Agilitas Energy, Inc.",3.0,10.0,3.3333333333333335,2.5-4.5h,2022.0,LIB,CS,False,,0.9229158515301026,0.030392265496149404,1441.8,0.24029999999999999,1.0130755165383134,0.7597,False,A
55,64712,50,2021-11,2025-12,ELEVATED_P_AUX,2243.8001035196967,50,2243.8001035196967,Sanborn BESS 1,CA,CISO,Terra-Gen Operating Co-BESS,100.0,200.0,2.0,1.5-2.5h,2021.0,LIB,CS,False,,0.935740461357164,1.268909504654031,1583.645,0.26394083333333335,1.268909504654031,0.7360591666666667,False,A
56,64423,9,2024-10,2025-09,FULL_OUTAGE,2231.265283692815,5,2231.265283692815,TX7 Flat Top,TX,ERCO,Key Capture Energy,9.9,16.5,1.6666666666666665,1.5-2.5h,2020.0,LIB,CS,False,,0.8548895478999269,-0.0003839789666953443,1334.2020202020203,0.22236700336700338,-0.003878575421165094,0.7776329966329967,False,A
57,65457,6,2025-02,2025-09,THERMAL_AUX,2228.9661952721963,4,2228.9661952721963,Cathode (Hinson) BESS,CA,CISO,Southern California Edison Co,200.0,800.0,4.0,2.5-4.5h,2024.0,LIB,CS,False,,0.8459380631504823,0.631725948661167,229.08875,0.038181458333333335,0.3158629743305835,0.9618185416666667,False,A
58,64197,28,2023-09,2025-12,ELEVATED_P_AUX,2203.0,28,2203.0,"Fifth Standard Solar PV, LLC (Hybrid)",CA,CISO,RWE Clean Energy,137.0,137.0,1.0,<1.5h,2023.0,LIB,CS,True,pv_same_plant,0.9323794797997154,1.5424655018698175,2488.992700729927,0.41483211678832116,1.1258872276422025,0.5851678832116789,False,C
59,63721,6,2024-04,2025-03,PARTIAL_AVAILABILITY,2177.5,2,2177.5,Cool Springs Solar (Hybrid),GA,SOCO,"Cool Springs Solar, LLC",40.0,80.0,2.0,1.5-2.5h,2021.0,LIB,CS,True,"rte_gt_1,pv_same_plant,dc_coupled",1.0375511220375948,0.2364791874615432,1377.7875,0.22963124999999998,0.591197968653858,0.77036875,False,C
60,63735,2,2025-11,2025-12,FULL_OUTAGE,2172.5,2,2172.5,Silverstrand Grid Energy Storage System,CA,CISO,"Silverstrand Grid, LLC",11.0,44.0,4.0,2.5-4.5h,2021.0,LIB,CS,False,,0.8542330050071866,-0.016932269345628144,1310.909090909091,0.2184848484848485,-0.1539297213238922,0.7815151515151515,False,B
61,65472,24,2024-01,2025-12,THERMAL_AUX,2129.6654288940513,24,2129.6654288940513,Chukar Battery Energy Storage System,NV,NEVP,Nevada Power Co,10.0,40.0,4.0,2.5-4.5h,2021.0,LIB,CS,False,,0.9303682311784718,0.1597311802783671,1329.5625,0.22159375,1.597311802783671,0.77840625,False,A
62,62175,9,2022-06,2024-09,THERMAL_AUX,15102.887862439728,4,2056.8652318169316,Diablo Energy Storage,CA,CISO,"Diablo Energy Storage, LLC",200.0,800.0,4.0,2.5-4.5h,2022.0,LIB,CS,False,,0.8602799075374028,0.44396208894980077,891.18375,0.148530625,0.22198104447490036,0.851469375,False,A
63,67489,3,2025-04,2025-06,PARTIAL_AVAILABILITY,1925.0,3,1925.0,Cavalry Solar Hybrid,IN,MISO,Cavalry Energy Center LLC,45.0,180.0,4.0,2.5-4.5h,2024.0,LIB,CS,True,pv_same_plant,0.8924757355998987,-0.052343586602845556,691.1944444444445,0.11519907407407408,-0.1163190813396568,0.884800925925926,False,C
64,66279,2,2025-11,2025-12,FULL_OUTAGE,1925.0,2,1925.0,Boulevard Energy Storage,CA,CISO,San Diego Gas & Electric Co,10.0,10.0,1.0,<1.5h,2024.0,LIB,CS,False,,0.9366208353640053,0.08899384003982687,1215.3,0.20254999999999998,0.8899384003982688,0.79745,False,B
65,67175,10,2024-04,2025-09,THERMAL_AUX,1875.9101281713347,6,1875.9101281713347,Rodeo Ranch Energy Storage,TX,ERCO,"Rodeo Ranch Energy Storage, LLC",300.0,600.0,2.0,1.5-2.5h,2023.0,LIB,CS,False,,0.8377217810268723,0.559462527027293,527.1586363636363,0.08785977272727272,0.1864875090090977,0.9121402272727273,False,A
66,66325,4,2025-06,2025-09,THERMAL_AUX,1829.0898947837156,4,1829.0898947837156,Hemmingway BESS,ID,IPCO,Idaho Power Co,116.0,464.0,4.0,2.5-4.5h,2025.0,FLB,CS,False,,0.9539762582926201,0.5313823671228045,100.89008620689656,0.016815014367816093,0.4580882475196591,0.9831849856321839,False,A
67,65699,30,2023-07,2025-12,THERMAL_AUX,2218.3354431086204,30,1772.243944166559,TX19 River Valley Storage 1,TX,ERCO,Key Capture Energy,50.0,111.0,2.22,1.5-2.5h,2023.0,LIB,CS,False,,0.8230700917997681,0.20378724659690303,447.14414414414415,0.07452402402402403,0.40757449319380606,0.925475975975976,False,A
68,389,71,2019-01,2025-11,LOW_ETA_AND_LOW_UTI,11426.126329618814,61,1754.9228312453426,El Centro Hybrid,CA,IID,Imperial Irrigation District,30.0,20.0,0.6666666666666666,<1.5h,2016.0,LIB,BL,False,,0.779930176683626,0.22299538259640445,1631.1625000000001,0.2718604166666667,0.7433179419880148,0.7281395833333333,False,A
69,66006,8,2024-06,2025-09,THERMAL_AUX,1699.3775019393456,4,1699.3775019393456,House Mountain,TX,ERCO,House Mountain,73.2,120.0,1.639344262295082,1.5-2.5h,2024.0000000000002,LIB,CS,False,,0.7980114438628735,-0.6454209058178854,612.05,0.10200833333333333,-0.8817225489315372,0.8979916666666666,False,A
70,67855,3,2024-10,2024-12,ELEVATED_P_AUX,1679.9977157526955,3,1679.9977157526955,Westwing,AZ,AZPS,AES Clean Energy,200.0,808.4000000000001,4.042000000000001,2.5-4.5h,2024.59,LIB,CS,False,,0.9403306753052717,1.3778764872728795,268.8466219981457,0.04480777033302428,0.6889382436364397,0.9551922296669757,False,A
71,66617,2,2025-03,2025-04,PARTIAL_AVAILABILITY,1630.0,2,1630.0,Cald BESS,CA,CISO,Cald BESS LLC,100.0,400.0,4.0,2.5-4.5h,2024.0,LIB,CT,False,,0.923583743258195,0.8421281547266494,458.2975,0.07638291666666668,0.8421281547266494,0.9236170833333334,False,B
72,64612,8,2025-04,2025-12,FULL_OUTAGE,1628.0,4,1628.0,Kearny North Energy Storage,CA,CISO,San Diego Gas & Electric Co,10.0,40.0,4.0,2.5-4.5h,2022.0,LIB,CS,False,,0.8657584326675926,0.052993436645072875,527.6875,0.08794791666666667,0.5299343664507288,0.9120520833333333,False,A
73,8063,5,2024-12,2025-08,PARTIAL_AVAILABILITY,1617.5,3,1617.5,DeCordova Steam Electric Station,TX,ERCO,Luminant Generation Company LLC,269.1,263.0,0.9773318468970642,<1.5h,2022.0,LIB,CS,False,,2.106075558995831,4.10190730749999,551.2737642585552,0.09187896070975919,1.5243059485321402,0.9081210392902408,False,A
74,60231,26,2023-08,2025-12,LOW_ETA_AND_LOW_UTI,1712.0,24,1530.0,Genentech-Oceanside Hybrid,CA,CISO,Tesla Inc.,2.0,2.0,1.0,<1.5h,2016.0,LIB,CS,True,pv_same_plant,0.8008782755859111,0.0028782712845688186,4822.5,0.80375,0.14391356422844093,0.19625000000000004,False,C
75,66773,2,2024-10,2024-11,PARTIAL_AVAILABILITY,1494.0,2,1494.0,Raceway Solar & Storage,CA,CISO,AES Clean Energy,80.0,320.0,4.0,2.5-4.5h,2024.0,LIB,CS,True,pv_same_plant,0.892592271029523,-0.058378280839174006,437.840625,0.0729734375,-0.0729728510489675,0.9270265625,False,C
76,67237,8,2024-06,2025-09,THERMAL_AUX,1493.5500261729348,4,1493.5500261729348,Ebony Energy Storage,TX,ERCO,"Ebony Energy Storage, LLC",207.9,400.0,1.924001924001924,1.5-2.5h,2024.0,LIB,CS,False,,0.7668955176609644,-0.6816322400080805,449.145,0.0748575,-0.327865435309322,0.9251425,False,A
77,66461,2,2025-08,2025-09,PARTIAL_AVAILABILITY,1471.0,2,1471.0,Beaumont BESS,CA,CISO,Terra-Gen Operating Co-BESS 2,116.6,400.0,3.430531732418525,2.5-4.5h,2024.0,LIB,CS,False,,0.9454403266418292,1.017259431177342,412.82,0.06880333333333333,0.8724351896889726,0.9311966666666667,False,B
78,56984,36,2023-01,2025-12,LOW_ETA_AND_LOW_UTI,2056.887291908034,36,1452.231304853018,Inadale Wind Farm LLC Hybrid,TX,ERCO,RWE Clean Energy,9.9,9.9,1.0,<1.5h,2018.0,LIB,CS,False,,0.7754770231828266,0.07031901715395816,2006.060606060606,0.33434343434343433,0.7102931025652339,0.6656565656565656,False,A
79,62444,2,2025-08,2025-09,PARTIAL_AVAILABILITY,1232.5,2,1232.5,Meyersdale Battery,PA,PJM,GlidePath Power Operations LLC,18.0,12.1,0.6722222222222222,<1.5h,2015.0,LIB,CT,True,rte_gt_1,0.8614478002018583,0.05054149342417899,20044.96556473829,3.340827594123048,0.28078607457877214,0.0,False,C
80,63900,2,2025-10,2025-11,PARTIAL_AVAILABILITY,1206.0,2,1206.0,AES Waikoloa Solar Hybrid,HI,HECO,AES Distributed Energy,30.0,120.0,4.0,2.5-4.5h,2023.0,LIB,CS,True,"rte_gt_1,pv_same_plant,dc_tight",1.2167831921842283,0.8434210707656834,591.0916666666667,0.09851527777777778,2.8114035692189447,0.9014847222222222,False,C
81,67303,19,2024-06,2025-12,ELEVATED_P_AUX,1200.1060436136956,19,1200.1060436136956,Mead Battery Storage,CO,WACM,Mead Energy Storage LLC,7.8,31.3,4.012820512820513,2.5-4.5h,2024.0,LIB,CS,False,,0.9558851940630706,0.08498707315794561,392.555910543131,0.06542598509052183,1.0895778609993028,0.9345740149094781,False,A
82,61204,8,2021-06,2025-09,PARTIAL_AVAILABILITY,16131.958052255886,3,1157.6312218418575,"AES ES Alamitos, LLC",CA,CISO,"AES ES Alamitos, LLC",100.0,400.0,4.0,2.5-4.5h,2021.0,LIB,BL,False,,0.9455165239692912,0.9962720087407377,1338.95,0.22315833333333335,0.9962720087407377,0.7768416666666667,False,A
83,66716,2,2025-06,2025-07,THERMAL_AUX,1145.863402127834,2,1145.863402127834,Saint Energy Storage II LLC,AZ,SRP,Saint Energy Storage II LLC,100.0,400.0,4.0,2.5-4.5h,2023.0,LIB,CS,False,,0.9154210820173724,0.9882338805207763,479.7425,0.07995708333333333,0.9882338805207762,0.9200429166666667,False,B
84,64256,2,2025-04,2025-05,PARTIAL_AVAILABILITY,1129.0,2,1129.0,AES Maui Kuihelani Solar Hybrid,HI,HECO,AES Distributed Energy,60.0,240.0,4.0,2.5-4.5h,2024.0,LIB,CS,True,"pv_same_plant,dc_coupled",1.0478999892880854,0.569662064453209,411.4083333333333,0.06856805555555555,0.9494367740886818,0.9314319444444444,False,C
85,60094,2,2025-04,2025-05,PARTIAL_AVAILABILITY,1104.0,2,1104.0,"Blythe Solar III, LLC Hybrid",CA,CISO,"Blythe Solar III, LLC",115.0,538.6,4.683478260869565,>4.5h,2021.0,LIB,CS,True,pv_same_plant,0.9292955575427352,0.7110520596238787,835.638692907538,0.13927311548458968,0.6183061388033728,0.8607268845154104,False,C
86,67083,7,2024-09,2025-03,LOW_ETA_AND_LOW_UTI,1094.3986861591359,7,1094.3986861591359,"Longbow BESS, LLC",TX,ERCO,"Longbow BESS, LLC",174.0,407.4,2.3413793103448275,1.5-2.5h,2024.0,LIB,CS,False,,0.8577549366816277,0.4588620103039616,238.3235149729995,0.03972058582883325,0.26371379902526526,0.9602794141711668,False,A
87,60570,10,2022-12,2025-03,FULL_OUTAGE,3525.0,6,1045.5,Escondido Energy Storage,CA,CISO,San Diego Gas & Electric Co,30.0,120.0,4.0,2.5-4.5h,2017.0,LIB,CS,False,,0.9092809583221533,0.10811557357630724,1904.7097222222224,0.3174516203703704,0.3603852452543575,0.6825483796296297,False,A
88,66008,4,2023-11,2025-09,PARTIAL_AVAILABILITY,1393.0,2,1016.0,Swoose II,TX,ERCO,Swoose II,101.0,200.0,1.9801980198019802,1.5-2.5h,2022.0,LIB,CS,False,,0.9039044119759959,0.41214255182460874,908.9833333333333,0.15149722222222223,0.4080619324996126,0.8485027777777778,False,B
89,63891,2,2025-05,2025-06,PARTIAL_AVAILABILITY,1006.5,2,1006.5,Saticoy,CA,CISO,"Ventura Energy Storage, LLC",100.0,400.0,4.0,2.5-4.5h,2021.0,LIB,CS,True,rte_gt_1,0.8934396344571396,0.4539057766170317,1348.8675,0.22481125000000002,0.45390577661703174,0.77518875,False,C
90,64928,6,2023-10,2025-12,PARTIAL_AVAILABILITY,1582.0,4,986.0,Edwards Sanborn S3,CA,CISO,Terra-Gen Operating Co-Hybrid,33.0,70.0,2.121212121212121,1.5-2.5h,2022.0,LIB,CS,True,"rte_gt_1,pv_same_plant",1.112530609123401,0.7731248322072145,1059.8142857142857,0.17663571428571428,2.342802521840044,0.8233642857142858,False,C
91,63913,6,2022-08,2025-05,PARTIAL_AVAILABILITY,3274.0,2,974.0,Dodge Flat,NV,NEVP,"Dodge Flat Solar, LLC",50.0,200.0,4.0,2.5-4.5h,2022.0,LIB,CS,True,"rte_gt_1,pv_same_plant,dc_tight",0.9346001614503446,0.16344091351262446,1065.06,0.17751,0.3268818270252489,0.8224899999999999,False,C
92,64743,36,2023-01,2025-12,THERMAL_AUX,1490.0098726289639,36,964.547453779136,Tierra Buena Energy Storage,CA,CISO,VESI 10 LLC,5.0,5.0,1.0,<1.5h,2022.0,LIB,CS,False,,0.9386743112706966,0.07026130938086801,3386.8,0.5644666666666667,1.4052261876173602,0.43553333333333333,False,A
93,67091,2,2025-08,2025-09,PARTIAL_AVAILABILITY,945.0,2,945.0,Yellow Pine II,NV,NEVP,"Yellow Pine Solar II, LLC",85.0,340.0,4.0,2.5-4.5h,2024.0,LIB,CS,True,pv_same_plant,0.8950550955279222,0.14708688907881945,537.3117647058824,0.08955196078431374,0.17304339891625817,0.9104480392156863,False,C
94,61552,15,2024-03,2025-06,LOW_ETA_AND_LOW_UTI,896.0,13,896.0,Fort Detrick Solar PV,MD,PJM,"Montevue Lane Solar, LLC",6.0,6.0,1.0,<1.5h,2024.0,LIB,CS,True,"pv_same_plant,dc_coupled",0.8503537815753076,0.000789153038335617,1471.1666666666665,0.2451944444444444,0.01315255063892695,0.7548055555555556,False,C
95,62908,61,2019-06,2025-12,LOW_ETA_AND_LOW_UTI,2098.4234770531084,50,893.3634549316738,Anoka BESS,MN,MISO,"Gopher Energy Storage, LLC",6.0,12.0,2.0,1.5-2.5h,2018.0,LIB,CS,False,,0.5360259362059301,0.010458569426625973,140.64583333333331,0.02344097222222222,0.17430949044376623,0.9765590277777778,False,A
96,64545,2,2025-09,2025-10,PARTIAL_AVAILABILITY,799.0,2,799.0,Ranchland Wind Storage,TX,ERCO,"Ranchland Wind Storage, LLC",73.0,108.6,1.4876712328767123,<1.5h,2023.0,LIB,CS,False,,0.9798102124159794,0.6912337534426168,325.7366482504604,0.054289441375076734,0.946895552661119,0.9457105586249233,False,B
97,67304,16,2024-09,2025-12,ELEVATED_P_AUX,782.2709194141687,16,782.2709194141687,Davis Battery Storage,CO,WACM,Davis UP Energy Storage LLC,11.8,47.0,3.9830508474576267,2.5-4.5h,2024.0,LIB,CS,False,,0.9865626901962505,0.18297587376337363,363.59574468085106,0.06059929078014184,1.5506429979946916,0.9394007092198582,False,A
98,60546,8,2023-02,2025-12,PARTIAL_AVAILABILITY,1352.4885,3,778.0,KIUC Kapaia PV and BA Storage Project Hy,HI,,Tesla Inc.,13.0,52.0,4.0,2.5-4.5h,2017.0,LIB,CS,True,pv_same_plant,0.9067119129910699,0.04125637495764744,1379.6923076923076,0.22994871794871793,0.3173567304434418,0.770051282051282,False,C
99,66285,18,2024-07,2025-12,ELEVATED_P_AUX,713.8659994471345,18,713.8659994471345,Condor Energy Storage LLC,CA,CISO,Condor Energy Storage LLC,200.0,800.0,4.0,2.5-4.5h,2024.0,LIB,CS,False,,0.9781380445580823,2.756290814043648,457.155,0.0761925,1.378145407021824,0.9238075,False,A
100,68683,2,2025-08,2025-09,FULL_OUTAGE,711.0,2,711.0,Crockett BESS,TX,ERCO,Prologis Logistics Services Incorporated BESS,10.0,24.8,2.48,1.5-2.5h,2024.0,LIB,CS,False,,,,133.75,0.022291666666666668,,0.9777083333333333,False,B
101,65271,2,2024-11,2024-12,PARTIAL_AVAILABILITY,681.0,2,681.0,Noble Solar,TX,ERCO,Geronimo Power,125.0,125.0,1.0,<1.5h,2022.0,LIB,CS,True,pv_same_plant,0.8809729398996299,0.18293207841819806,258.648,0.04310800000000001,0.14634566273455846,0.956892,False,C
102,64929,19,2023-04,2025-12,LOW_ETA_AND_LOW_UTI,1091.0,9,661.5,Edwards Sanborn S1,CA,CISO,Terra-Gen Operating Co-Hybrid,40.0,83.5,2.0875,1.5-2.5h,2022.0,LIB,CS,True,"rte_gt_1,pv_same_plant",0.8307616187409477,-0.03884480349519676,829.2694610778443,0.1382115768463074,-0.0971120087379919,0.8617884231536926,False,C
103,67019,2,2025-05,2025-06,PARTIAL_AVAILABILITY,658.0,2,658.0,"Copperhead Solar, LLC",TX,ERCO,Geronimo Power,100.0,100.0,1.0,<1.5h,2024.0,LIB,CS,True,pv_same_plant,1.10235862549689,0.748477959134043,311.69,0.05194833333333333,0.748477959134043,0.9480516666666666,False,C
104,66330,2,2025-10,2025-11,FULL_OUTAGE,641.5,2,641.5,Weiser BESS,ID,IPCO,Idaho Power Co,3.0,12.0,4.0,2.5-4.5h,2025.0,FLB,CS,False,,0.8915385803827369,-0.009188748259461487,220.16666666666666,0.036694444444444446,-0.30629160864871624,0.9633055555555555,False,B
105,60297,36,2023-01,2025-12,THERMAL_AUX,806.6772385172765,36,621.8705996304668,Clinton Battery,OH,PJM,"Clinton Battery Utility, LLC",10.0,4.1,0.41,<1.5h,2016.0,LIB,CS,False,,0.8243657100249681,0.03348443653099221,10445.000000000002,1.7408333333333337,0.3348443653099221,0.0,False,A
106,60123,28,2021-10,2025-12,LOW_ETA_AND_LOW_UTI,786.5,17,610.5,Castle Gap Solar Hybrid,TX,ERCO,Upton County Solar 2 LLC,9.9,42.0,4.242424242424242,2.5-4.5h,2019.0000000000002,LIB,CS,True,pv_same_plant,0.5700588824439203,-0.0684952300161189,1010.1428571428571,0.16835714285714284,-0.6918710102638272,0.8316428571428571,False,C
107,66949,2,2025-08,2025-09,PARTIAL_AVAILABILITY,609.0,2,609.0,Sagebrush Solar 2 ESS 40,CA,CISO,Terra-Gen Operating Co-BESS 2,40.0,160.0,4.0,2.5-4.5h,2024.0,LIB,CS,False,,0.8096191423711778,-0.08124784535844835,377.725,0.06295416666666667,-0.20311961339612086,0.9370458333333334,False,B
108,66329,7,2025-06,2025-12,FULL_OUTAGE,606.5,7,606.5,Melba BESS,ID,IPCO,Idaho Power Co,2.0,8.0,4.0,2.5-4.5h,2025.0,FLB,CS,False,,,,117.5,0.019583333333333335,,0.9804166666666667,False,B
109,66266,2,2024-09,2024-10,PARTIAL_AVAILABILITY,571.0,2,571.0,Clairemont Energy Storage,CA,CISO,San Diego Gas & Electric Co,10.0,10.0,1.0,<1.5h,2024.0,LIB,CS,False,,0.9059622559685988,0.065574812261506,1323.0,0.2205,0.65574812261506,0.7795,False,B
110,63611,3,2024-01,2024-03,PARTIAL_AVAILABILITY,534.9235,3,534.9235,CSU Long Beach,CA,CISO,"Hybrid-Electric Building Technologies West Los Angeles 1, LLC",2.5,15.0,6.0,>4.5h,2017.0,LIB,CS,False,,0.812499968276374,-0.006075399143050559,925.5888888888888,0.1542648148148148,-0.24301596572202233,0.8457351851851852,False,A
111,65247,20,2024-04,2025-12,LOW_ETA_AND_LOW_UTI,523.4515850453533,11,523.4515850453533,Zion Hill BESS,NC,CPLE,North Carolina El Member Corp,5.0,10.0,2.0,1.5-2.5h,2024.0,LIB,CS,False,,0.8464697090780401,0.037825288325874715,134.6,0.022433333333333333,0.7565057665174943,0.9775666666666667,False,A
112,64295,4,2024-09,2025-02,PARTIAL_AVAILABILITY,504.5,2,504.5,Angleton,TX,ERCO,Engie North America,9.9,9.9,1.0,<1.5h,2020.0,LIB,CS,False,,0.9302740636020617,0.010999215949850495,1212.9292929292928,0.20215488215488214,0.11110319141263125,0.7978451178451178,False,B
113,58383,24,2024-01,2025-12,ELEVATED_P_AUX,487.5,24,487.5,Hyder II Hybrid,AZ,AZPS,Arizona Public Service Co,14.0,42.0,3.0,2.5-4.5h,2023.0,LIB,CS,True,pv_same_plant,0.9969996837449391,0.2685274424655996,554.547619047619,0.09242460317460317,1.9180531604685687,0.9075753968253968,False,C
114,62889,24,2024-01,2025-12,ELEVATED_P_AUX,477.7154300419911,24,477.7154300419911,Hecate Energy Johanna Facility,CA,CISO,Hecate Energy Johanna Facility LLC,20.0,80.0,4.0,2.5-4.5h,2021.0,LIB,CS,False,,0.9556417556257352,0.2812544096416289,1073.56875,0.178928125,1.4062720482081446,0.821071875,False,A
115,62862,7,2024-01,2025-05,FULL_OUTAGE,470.1522727272727,5,470.1522727272727,Nabb Battery Energy Storage System,IN,MISO,"Duke Energy Indiana, LLC",5.0,5.0,1.0,<1.5h,2020.0,LIB,CS,False,,0.8689665060436357,-0.0009302744988349722,261.2,0.043533333333333334,-0.018605489976699443,0.9564666666666667,False,A
116,69803,3,2025-10,2025-12,FULL_OUTAGE,454.5,3,454.5,55 Drive BESS,NY,NYIS,"55 Drive BESS, LLC",4.6,4.6,1.0,<1.5h,2025.0000000000002,LIB,CT,False,,,,230.43478260869568,0.03840579710144928,,0.9615942028985507,False,B
117,66265,2,2024-08,2024-09,PARTIAL_AVAILABILITY,451.0,2,451.0,Paradise Energy Storage,CA,CISO,San Diego Gas & Electric Co,10.0,10.0,1.0,<1.5h,2024.0,LIB,CS,False,,0.9183452477792224,0.08834570521584506,1702.1,0.28368333333333334,0.8834570521584506,0.7163166666666667,False,B
118,65241,18,2024-02,2025-12,LOW_ETA_AND_LOW_UTI,449.81208336081795,11,449.81208336081795,McKinney BESS,NC,CPLE,North Carolina El Member Corp,5.0,10.0,2.0,1.5-2.5h,2024.0,LIB,CS,False,,0.756470404468765,0.029750154384228598,120.3,0.02005,0.595003087684572,0.97995,False,A
119,1482,33,2023-04,2025-12,THERMAL_AUX,614.3405206984236,33,446.4044936685365,Bonny Eagle,ME,ISNE,Brookfield White Pine Hydro LLC,8.0,16.0,2.0,1.5-2.5h,2023.0,LIB,CS,False,,0.7788798208882014,-0.005781701553033802,1193.875,0.19897916666666668,-0.07227126941292253,0.8010208333333333,False,A
120,63616,3,2025-01,2025-03,PARTIAL_AVAILABILITY,446.0,3,446.0,OCSD,CA,CISO,"Hybrid-Electric Building Technologies West Los Angeles 1, LLC",4.9,32.6,6.653061224489796,>4.5h,2019.0,LIB,CS,False,,0.8827240718502088,0.001204507164525977,376.111963190184,0.06268532719836399,0.024581778867877085,0.937314672801636,False,A
121,141,6,2023-10,2024-05,PARTIAL_AVAILABILITY,1543.0,3,444.5,Agua Fria,AZ,SRP,Salt River Project,25.0,100.0,4.0,2.5-4.5h,2021.0,LIB,CS,True,"rte_gt_1,pv_same_plant",0.8837122029324794,0.18180023902809994,875.65,0.14594166666666666,0.7272009561123998,0.8540583333333334,False,C
122,62964,2,2025-07,2025-08,PARTIAL_AVAILABILITY,441.0,2,441.0,El Sol BESS,AZ,AZPS,Invenergy Services LLC,50.0,50.0,1.0,<1.5h,2023.0,LIB,CS,False,,0.8949841577780299,0.10307357728178153,2450.465,0.40841083333333333,0.20614715456356306,0.5915891666666666,False,B
123,64811,6,2024-04,2024-11,LOW_ETA_AND_LOW_UTI,433.023227615642,4,433.023227615642,Upton County BESS,TX,ERCO,"VESI Upton County BESS, LLC",24.8,25.0,1.0080645161290323,<1.5h,2023.0,LIB,CS,False,,0.831973533286258,0.05870782980419895,403.62,0.06727,0.23672512017822153,0.9327300000000001,False,A
124,65249,18,2024-02,2025-12,LOW_ETA_AND_LOW_UTI,428.1503328153836,11,428.1503328153836,Docs Road BESS,NC,CPLE,North Carolina El Member Corp,5.0,10.0,2.0,1.5-2.5h,2024.0,LIB,CS,False,,0.7375233342216099,0.023905806771749468,119.1,0.01985,0.4781161354349894,0.98015,False,A
125,67284,6,2024-03,2025-08,LOW_ETA_AND_LOW_UTI,427.5,2,427.5,Ganado Solar,TX,ERCO,"Enel Green Power NA, Inc.",70.5,115.0,1.6312056737588652,1.5-2.5h,2024.0,LIB,CS,True,pv_same_plant,0.8305396977949797,0.17767499812544169,473.2260869565217,0.07887101449275362,0.2520212739367967,0.9211289855072464,False,C
126,66946,2,2025-04,2025-05,PARTIAL_AVAILABILITY,415.5,2,415.5,"Lockhart ESS, LLC",CA,CISO,Terra-Gen Operating Co-Solar,45.0,180.0,4.0,2.5-4.5h,2024.0,LIB,CS,False,,0.9095193371509597,0.32702998807571365,534.0055555555556,0.08900092592592593,0.7267333068349192,0.9109990740740741,False,B
127,64546,24,2024-01,2025-12,THERMAL_AUX,415.1626266381645,24,415.1626266381645,Wynwood Energy Storage,FL,FPL,Florida Power & Light Co,10.0,40.0,4.0,2.5-4.5h,2019.0,LIB,BL,False,,0.8339577727599545,0.044218110388968654,508.5875,0.08476458333333332,0.4421811038896865,0.9152354166666666,False,A
128,65246,18,2024-02,2025-12,LOW_ETA_AND_LOW_UTI,411.6313108700515,11,411.6313108700515,Walkers Crossroads BESS,NC,CPLE,North Carolina El Member Corp,5.0,10.0,2.0,1.5-2.5h,2024.0,LIB,CS,False,,0.7641319907480444,0.027513256249582646,138.8,0.023133333333333336,0.5502651249916529,0.9768666666666667,False,A
129,65240,19,2024-01,2025-12,LOW_ETA_AND_LOW_UTI,411.31947294848993,12,411.31947294848993,Maysville BESS,NC,CPLE,North Carolina El Member Corp,5.0,10.0,2.0,1.5-2.5h,2024.0,LIB,CS,False,,0.7664129639743756,0.025729879185491536,144.5,0.024083333333333335,0.5145975837098307,0.9759166666666667,False,A
130,59949,15,2019-11,2024-10,LOW_ETA_AND_LOW_UTI,590.5147827629646,8,378.5170481351328,AES Warrior Run Energy Storage Project,MD,PJM,AES Tait LLC,11.0,5.0,0.45454545454545453,<1.5h,2015.0,LIB,BL,False,,0.8358080168816934,0.042278907662262846,14649.016666666666,2.4415027777777776,0.38435370602057134,0.0,False,A
131,1507,19,2020-03,2025-12,LOW_ETA_AND_LOW_UTI,554.7132436701172,6,364.2865293379754,William F Wyman Hybrid,ME,ISNE,FPL Energy Wyman LLC,16.7,10.9,0.6526946107784432,<1.5h,2016.0,LIB,CS,False,,0.8332212312139822,0.023179352850052203,8314.525993883792,1.3857543323139654,0.13879852006019283,0.0,False,A
132,66180,19,2023-11,2025-12,FULL_OUTAGE,356.0,13,356.0,Huxley Solar,MA,ISNE,"Agilitas Energy, Inc.",5.0,3.5,0.7,<1.5h,2022.0,LIB,CS,True,"colocated_firming,pv_same_plant,dc_tight",0.7845440677588517,0.0005080196950524671,346.57142857142856,0.05776190476190476,0.010160393901049343,0.9422380952380952,False,C
133,61678,14,2019-11,2025-09,PARTIAL_AVAILABILITY,1155.5,5,351.5,Pinal Central Energy Center Hybrid,AZ,SRP,"Pinal Central Energy Center, LLC",10.0,40.0,4.0,2.5-4.5h,2018.0,LIB,CS,True,"rte_gt_1,pv_same_plant",1.0231973043676668,0.2610913427424112,2629.6375,0.4382729166666666,2.6109134274241117,0.5617270833333334,False,C
134,59118,24,2024-01,2025-12,THERMAL_AUX,346.5,24,346.5,Cameron Wind 1 LLC,TX,ERCO,Cameron Wind 1 LLC,16.4,32.8,2.0,1.5-2.5h,2024.0,LIB,CS,False,,0.7600272380459135,0.008956312425415322,384.4817073170732,0.06408028455284553,0.05461166113058123,0.9359197154471545,False,A
135,64656,3,2025-06,2025-08,PARTIAL_AVAILABILITY,330.0,3,330.0,AES West Oahu Solar Hybrid,HI,HECO,AES Distributed Energy,12.5,50.0,4.0,2.5-4.5h,2024.0,LIB,CS,True,"rte_gt_1,pv_same_plant,dc_coupled",1.0887189775816182,0.16767153035786353,454.08,0.07568,1.3413722428629082,0.92432,False,C
136,65243,24,2024-01,2025-12,LOW_ETA_AND_LOW_UTI,322.5730784088375,24,322.5730784088375,New Rosewood BESS,NC,CPLE,North Carolina El Member Corp,2.5,10.0,4.0,2.5-4.5h,2024.0,LIB,CS,False,,0.8071200619638195,0.015573869933663163,64.8,0.010799999999999999,0.6229547973465265,0.9892,False,A
137,65245,24,2024-01,2025-12,LOW_ETA_AND_LOW_UTI,318.5143590755415,24,318.5143590755415,Rocky Point BESS,NC,CPLE,North Carolina El Member Corp,5.0,5.0,1.0,<1.5h,2024.0,LIB,CS,False,,0.7748903881143501,0.01397956358809871,130.8,0.021800000000000003,0.2795912717619742,0.9782,False,A
138,63238,9,2025-03,2025-11,FULL_OUTAGE,316.5,9,316.5,Willis Battery Storage,NY,NYIS,New York Power Authority,20.0,20.0,1.0,<1.5h,2023.0,LIB,CS,False,,,,64.22500000000001,0.010704166666666667,,0.9892958333333334,False,B
139,64614,24,2024-01,2025-12,THERMAL_AUX,314.6782209415711,24,314.6782209415711,Kearny South Energy Storage,CA,CISO,San Diego Gas & Electric Co,10.0,40.0,4.0,2.5-4.5h,2022.0,LIB,CS,False,,0.8569308695509751,0.0371521114775194,667.1291666666666,0.11118819444444443,0.371521114775194,0.8888118055555556,False,A
140,66181,13,2024-12,2025-12,FULL_OUTAGE,314.5,13,314.5,"Beacon Solar, LLC",MA,ISNE,"Agilitas Energy, Inc.",5.0,7.8,1.56,1.5-2.5h,2022.0,LIB,CS,True,"colocated_firming,pv_same_plant,dc_tight",0.9461443474690364,0.00352215929789822,185.94017094017093,0.03099002849002849,0.0704431859579644,0.9690099715099715,False,C
141,67886,24,2024-01,2025-12,LOW_ETA_AND_LOW_UTI,313.42615881667103,24,313.42615881667103,Gunther,NY,NYIS,"NineDot Holdings, LLC",3.0,12.4,4.133333333333334,2.5-4.5h,2023.0,NIB,CS,False,,0.7826743883822919,0.012480236999185896,76.50537634408602,0.01275089605734767,0.4160078999728632,0.9872491039426523,False,A
142,64916,5,2025-04,2025-09,PARTIAL_AVAILABILITY,313.0,3,313.0,Swoose I,TX,ERCO,Swoose,9.9,19.8,2.0,1.5-2.5h,2021.0,LIB,CS,False,,0.9301701284811139,0.037948721525090316,1390.2777777777778,0.23171296296296298,0.3833204194453567,0.768287037037037,False,A
143,63612,6,2024-01,2025-03,PARTIAL_AVAILABILITY,304.817,3,304.817,DATS,CA,CISO,"Hybrid-Electric Building Technologies West Los Angeles 1, LLC",1.0,6.0,6.0,>4.5h,2017.0,LIB,CS,False,,0.8601196940212905,0.0020414000878313547,783.0,0.1305,0.20414000878313546,0.8694999999999999,False,A
144,64319,3,2025-08,2025-10,PARTIAL_AVAILABILITY,290.5,3,290.5,Ranchtown,TX,ERCO,Engie North America,9.9,9.9,1.0,<1.5h,2021.0,LIB,CS,False,,0.9354666635450929,0.018884963833798334,2560.7828282828286,0.4267971380471381,0.1907572104424074,0.573202861952862,False,A
145,65951,3,2024-07,2024-09,PARTIAL_AVAILABILITY,290.0,3,290.0,Bowling Green Energy Storage Project,OH,PJM,VESI 21 LLC,12.0,12.0,1.0,<1.5h,2023.0,LIB,CS,False,,0.9049378089911841,-0.012801888739546876,5467.694444444444,0.9112824074074074,-0.10668240616289063,0.0887175925925926,False,A
146,63022,36,2023-01,2025-12,THERMAL_AUX,298.48371199105475,36,286.00111605134157,Fort Carson Battery Energy Storage Syste,CO,WACM,"Department of the Army, Fort Carson",4.2,8.5,2.0238095238095237,1.5-2.5h,2018.0,LIB,CS,False,,0.5047209926509766,-0.007077572972031763,902.656862745098,0.15044281045751634,-0.16851364219123247,0.8495571895424836,False,A
147,67861,2,2024-08,2024-09,LOW_ETA_AND_LOW_UTI,280.30956678700386,2,280.30956678700386,Connolly BESS,TX,ERCO,"BT Connolly Storage, LLC",125.0,250.0,2.0,1.5-2.5h,2024.0,OTH,CS,False,,0.8315510251765523,-0.059416179365897284,412.584,0.068764,-0.047532943492717826,0.931236,False,B
148,59444,24,2024-01,2025-12,ELEVATED_P_AUX,264.0,24,264.0,Desert Star Hybrid,AZ,AZPS,Arizona Public Service Co,10.0,30.0,3.0,2.5-4.5h,2023.0,LIB,CS,True,pv_same_plant,0.9309969480946377,0.14655013793046012,634.8,0.10579999999999999,1.4655013793046012,0.8942,False,C
149,64374,36,2023-01,2025-12,FULL_OUTAGE,298.5,36,241.5,Norwich Solar and Energy Storage CSG,NY,NYIS,"DG New York CS, LLC",5.0,15.0,3.0,2.5-4.5h,2021.0,LIB,CS,True,"rte_gt_1,colocated_firming,pv_same_plant,dc_tight",0.8330544543413283,7.854006104892606e-05,189.93333333333334,0.031655555555555555,0.0015708012209785212,0.9683444444444445,False,C
150,62875,31,2023-05,2025-12,THERMAL_AUX,399.73718299552286,29,237.98199747706698,Wildcat I Energy Storage LLC,CA,CISO,Wildcat I Energy Storage LLC,3.0,12.0,4.0,2.5-4.5h,2021.0,LIB,CS,False,,0.9971191108652414,0.019731074332241076,699.75,0.116625,0.6577024777413693,0.883375,False,A
151,65244,18,2024-02,2025-12,LOW_ETA_AND_LOW_UTI,225.5294910858248,11,225.5294910858248,Queens Creek BESS,NC,CPLE,North Carolina El Member Corp,2.5,5.0,2.0,1.5-2.5h,2024.0,LIB,CS,False,,0.7428404095914347,0.013072756195254557,130.4,0.021733333333333334,0.5229102478101824,0.9782666666666666,False,A
152,63522,6,2023-08,2025-10,PARTIAL_AVAILABILITY,491.5,4,225.0,Hickory Park Solar Hybrid,GA,SOCO,RWE Clean Energy,40.0,80.0,2.0,1.5-2.5h,2022.0,LIB,OT,True,"rte_gt_1,colocated_firming,pv_same_plant,dc_coupled",0.9408566751732573,0.24957557832949154,842.4875,0.14041458333333331,0.6239389458237288,0.8595854166666667,False,C
153,64617,4,2023-12,2025-11,PARTIAL_AVAILABILITY,319.5,2,222.5,Kearsarge William Way,MA,ISNE,Kearsarge William Way LLC,2.6,9.5,3.6538461538461537,2.5-4.5h,2021.0,LIB,CS,True,pv_same_plant,0.9248960727675164,0.009670573194701023,916.6315789473684,0.15277192982456142,0.37194512287311626,0.8472280701754386,False,C
154,57206,8,2024-04,2025-09,PARTIAL_AVAILABILITY,220.0,3,220.0,Soldotna,AK,,Homer Electric Assn Inc,46.5,93.0,2.0,1.5-2.5h,2022.0,LIB,CS,False,,1.1293234924660802,0.15811048641962602,101.01075268817205,0.016835125448028676,0.34002255144005594,0.9831648745519713,False,A
155,60467,2,2025-08,2025-09,PARTIAL_AVAILABILITY,219.5,2,219.5,Red Rock,AZ,AZPS,Arizona Public Service Co,41.0,164.0,4.0,2.5-4.5h,2023.0,LIB,CS,True,pv_same_plant,0.9185416118091672,0.1434914957748896,241.9857723577236,0.0403309620596206,0.3499792579875356,0.9596690379403794,False,C
156,62874,7,2023-12,2024-11,PARTIAL_AVAILABILITY,250.0,5,215.0,Acorn I Energy Storage LLC,CA,CISO,Acorn I Energy Storage LLC,2.0,6.0,3.0,2.5-4.5h,2021.0,LIB,CS,False,,0.8943866608020633,-0.00037964700276820325,1205.7916666666665,0.20096527777777776,-0.018982350138410164,0.7990347222222223,False,A
157,66228,15,2023-06,2025-12,FULL_OUTAGE,347.192,7,212.5,Salt Point Solar (Hybrid),NY,NYIS,Generate Capital,2.0,2.0,1.0,<1.5h,2021.0,LIB,CS,True,"rte_gt_1,pv_same_plant,dc_coupled",0.9373761343782899,0.0011547133395139867,604.0454545454545,0.10067424242424242,0.05773566697569934,0.8993257575757576,False,C
158,63610,4,2024-01,2024-04,PARTIAL_AVAILABILITY,211.95999999999998,4,211.95999999999998,Baker,CA,CISO,"Hybrid-Electric Building Technologies West Los Angeles 1, LLC",1.2,6.3,5.25,>4.5h,2018.9999999999998,LIB,CS,False,,0.8190020779202754,-0.0017170735029536047,500.2777777777778,0.08337962962962964,-0.14308945857946706,0.9166203703703704,False,A
159,64207,12,2024-09,2025-11,THERMAL_AUX,210.5,6,210.5,Crane Battery Energy Storage System,IN,MISO,"Duke Energy Indiana, LLC",5.0,5.0,1.0,<1.5h,2020.0,LIB,CS,False,,0.9133503437225359,0.005073166030281812,485.4,0.0809,0.10146332060563626,0.9191,False,A
160,65248,18,2024-04,2025-12,LOW_ETA_AND_LOW_UTI,209.74037170129392,9,209.74037170129392,Collier BESS,NC,CPLE,North Carolina El Member Corp,2.5,5.0,2.0,1.5-2.5h,2024.0,LIB,CS,False,,0.7873695614244438,0.014630966690484066,139.8,0.0233,0.5852386676193626,0.9767,False,A
161,63995,23,2024-02,2025-12,LOW_ETA_AND_LOW_UTI,206.07114635789532,23,206.07114635789532,Trenton,FL,FPC,"Duke Energy Florida, LLC",11.0,10.1,0.9181818181818181,<1.5h,2021.0,LIB,CS,False,,0.6778429372264685,0.004078722090538978,64.1996699669967,0.01069994499449945,0.03707929173217253,0.9893000550055006,False,A
162,69300,4,2025-09,2025-12,FULL_OUTAGE,206.0,4,206.0,Regis Continental,TX,ERCO,Regis Continental LLC,9.9,9.9,1.0,<1.5h,2024.0000000000002,LIB,CS,False,,,,86.5151515151515,0.014419191919191917,,0.9855808080808081,False,B
163,64293,2,2025-01,2025-02,PARTIAL_AVAILABILITY,202.0,2,202.0,Alvin,TX,ERCO,Engie North America,9.9,9.9,1.0,<1.5h,2020.0,LIB,CS,False,,0.9428786368409601,0.015546101715157959,1273.030303030303,0.21217171717171718,0.157031330456141,0.7878282828282828,False,B
164,68148,13,2024-12,2025-12,LOW_ETA_AND_LOW_UTI,200.0114503816794,13,200.0114503816794,Baldwin Solar BESS,IL,MISO,Vistra Corp,2.0,8.0,4.0,2.5-4.5h,2024.0,LIB,CS,True,pv_same_plant,0.5782232969233774,-0.01265249040534025,64.625,0.010770833333333334,-0.6326245202670124,0.9892291666666667,False,C
165,67185,2,2025-08,2025-09,PARTIAL_AVAILABILITY,200.0,2,200.0,Groton BESS 1,MA,ISNE,Groton BESS 1 LLC,2.0,8.9,4.45,2.5-4.5h,2024.0,LIB,CS,False,,0.8699925437087878,0.008220725537944777,276.40449438202245,0.046067415730337076,0.4110362768972389,0.9539325842696629,False,B
166,67041,9,2025-02,2025-12,LOW_ETA_AND_LOW_UTI,193.97801895864825,5,193.97801895864825,McLauchin,NC,CPLE,North Carolina El Member Corp,15.0,30.0,2.0,1.5-2.5h,2024.0,LIB,CS,False,,0.7801669292162235,0.015014677026123618,60.93333333333334,0.010155555555555557,0.10009784684082412,0.9898444444444444,False,A
167,63722,14,2023-01,2025-07,FULL_OUTAGE,195.013,9,192.0,Rawhide Prairie Solar Hybrid,CO,PSCO,Greenbacker Renewable Energy Corporation,1.0,2.0,2.0,1.5-2.5h,2021.0,LIB,CS,True,pv_same_plant,0.8290727786287488,3.651424833676827e-05,1104.5,0.18408333333333332,0.0036514248336768267,0.8159166666666666,False,C
168,64917,4,2025-08,2025-12,PARTIAL_AVAILABILITY,188.0,2,188.0,Triple Butte I,TX,ERCO,Triple Butte,7.5,15.0,2.0,1.5-2.5h,2021.0,LIB,CS,False,,0.9118238967736176,0.018964638885403732,1464.4666666666667,0.24407777777777778,0.2528618518053831,0.7559222222222222,False,B
169,63614,3,2024-01,2024-03,PARTIAL_AVAILABILITY,183.3865,3,183.3865,LAWRP,CA,CISO,"Hybrid-Electric Building Technologies West Los Angeles 1, LLC",1.0,5.0,5.0,>4.5h,2019.0,LIB,CS,False,,0.8418099295205518,-0.000500640922840266,541.2,0.0902,-0.0500640922840266,0.9097999999999999,False,A
170,60661,15,2024-05,2025-12,THERMAL_AUX,177.84765607242633,6,177.84765607242633,Mira Loma Energy Storage Facility,CA,CISO,Southern California Edison Co,20.0,80.0,4.0,2.5-4.5h,2016.0,LIB,CS,False,,0.8806199270661379,0.05721744910346818,309.6375,0.05160625,0.2860872455173409,0.94839375,False,A
171,63337,4,2025-02,2025-10,PARTIAL_AVAILABILITY,168.0,2,168.0,"Lansing Renewables, LLC",NY,NYIS,"Lansing Renewables, LLC",3.0,3.0,1.0,<1.5h,2022.0,LIB,CT,True,"pv_same_plant,dc_coupled",0.911751671085616,0.0010695202130824443,874.3333333333334,0.14572222222222223,0.03565067376941481,0.8542777777777778,False,C
172,66794,24,2024-01,2025-12,LOW_ETA_AND_LOW_UTI,167.59134610132102,24,167.59134610132102,Diboll BESS,TX,ERCO,"HEN Infrastructure, L.L.C.",9.9,9.9,1.0,<1.5h,2024.0000000000002,LIB,CS,False,,0.8226624459595294,0.006541163749504804,202.4242424242424,0.03373737373737373,0.06607236110610913,0.9662626262626263,False,A
173,66488,12,2024-01,2025-12,FULL_OUTAGE,162.5,5,162.5,Davis Solar,NY,NYIS,Generate Capital,2.0,4.0,2.0,1.5-2.5h,2023.0,LIB,CS,True,"pv_same_plant,dc_tight",0.9021987092423764,0.0029007398977556214,177.75,0.029625,0.14503699488778107,0.970375,False,C
174,65945,4,2025-08,2025-11,FULL_OUTAGE,162.0,4,162.0,Brookville Smart Bus Depot Microgrid,MD,PJM,AlphaStruxure Service Co LP,1.5,4.3,2.8666666666666667,2.5-4.5h,2022.0,LIB,CS,True,pv_same_plant,0.9261369603631521,0.0008374497851604053,305.1162790697675,0.05085271317829458,0.055829985677360354,0.9491472868217055,False,C
175,54639,6,2024-09,2025-07,PARTIAL_AVAILABILITY,152.0,3,152.0,Berlin Gorham,NH,ISNE,Great Lakes Hydro America LLC,14.0,14.0,1.0,<1.5h,2023.0,LIB,CS,False,,0.9048254406847308,0.07244653191701346,1289.9285714285713,0.21498809523809523,0.5174752279786676,0.7850119047619047,False,A
176,61891,9,2020-02,2024-04,PARTIAL_AVAILABILITY,4142.5,3,148.0,"Stryker 22, L.L.C.",NJ,PJM,"Stryker 22, L.L.C.",19.8,19.8,1.0,<1.5h,2018.0,LIB,CS,False,,0.8843831001591755,0.08776711067162646,13575.798898071625,2.2626331496786043,0.4432682357152851,0.0,False,A
177,63998,24,2024-01,2025-12,LOW_ETA_AND_LOW_UTI,145.31036587803192,24,145.31036587803192,Jennings Energy Storage Facility,FL,FPC,"Duke Energy Florida, LLC",5.5,5.5,1.0,<1.5h,2022.0,LIB,CS,False,,0.595045609883632,-0.00030687635122121545,141.63636363636363,0.023606060606060603,-0.005579570022203917,0.9763939393939394,False,A
178,65242,20,2023-07,2025-12,FULL_OUTAGE,154.5,13,144.0,Charlemont A,MA,ISNE,"Agilitas Energy, Inc.",2.5,3.8,1.52,1.5-2.5h,2021.0,LIB,CS,True,"pv_same_plant,dc_coupled",0.9283347268261808,0.0009619104061060582,97.10526315789474,0.01618421052631579,0.03847641624424233,0.9838157894736842,False,C
179,65953,2,2024-10,2024-11,PARTIAL_AVAILABILITY,143.0,2,143.0,Howell Energy Storage Project,NJ,PJM,VESI 24 LLC,7.0,7.0,1.0,<1.5h,2023.0,LIB,CS,False,,0.8969256798681657,-0.003063473807916424,5686.714285714285,0.9477857142857142,-0.0437639115416632,0.05221428571428577,False,B
180,66420,2,2025-07,2025-08,PARTIAL_AVAILABILITY,141.0,2,141.0,Five Wells Solar Center - Hybrid,TX,ERCO,"Five Wells Solar Center, LLC",262.5,250.0,0.9523809523809523,<1.5h,2024.0,LIB,CS,True,"colocated_firming,pv_same_plant",0.924874555073608,1.1464281299042296,354.492,0.059082,0.4367345256778017,0.940918,False,C
181,66772,2,2025-05,2025-06,PARTIAL_AVAILABILITY,140.5,2,140.5,Estrella Solar & Storage,CA,CISO,AES Clean Energy,28.0,112.0,4.0,2.5-4.5h,2023.0,LIB,CS,True,pv_same_plant,0.8930483178366376,0.010826326727732281,536.9196428571429,0.08948660714285715,0.03866545259904386,0.9105133928571428,False,C
182,62835,21,2023-12,2025-12,FULL_OUTAGE,180.54217612309384,17,121.54217612309384,Acushnet Ball Plant 2,MA,ISNE,Acushnet,1.5,3.0,2.0,1.5-2.5h,2019.0,LIB,CS,False,,0.7531648925308347,-0.0012365320943879521,1747.6666666666667,0.2912777777777778,-0.08243547295919681,0.7087222222222223,False,A
183,67042,7,2025-02,2025-12,LOW_ETA_AND_LOW_UTI,119.07473554059627,5,119.07473554059627,Butler,NC,CPLE,North Carolina El Member Corp,10.0,20.0,2.0,1.5-2.5h,2024.0,LIB,CS,False,,0.8372344618063777,0.027067237767237514,63.85,0.010641666666666667,0.2706723776723752,0.9893583333333333,False,A
184,63255,2,2024-10,2024-11,PARTIAL_AVAILABILITY,117.0,2,117.0,2W Permian Solar Project Hybrid,TX,ERCO,"2W Permian Solar, LLC",40.0,40.0,1.0,<1.5h,2021.0,LIB,BL,True,pv_same_plant,0.458767311191174,-0.003096956158570503,251.225,0.04187083333333333,-0.007742390396426258,0.9581291666666667,False,C
185,65950,2,2024-12,2025-01,PARTIAL_AVAILABILITY,117.0,2,117.0,Kearsarge 100 Sohier Rd,MA,ISNE,Kearsarge Beverly LLC,1.8,6.4,3.555555555555556,2.5-4.5h,2023.0,LIB,CS,True,pv_same_plant,0.9422296759086605,0.008775433179796167,425.15625,0.070859375,0.48752406554423144,0.929140625,False,C
186,66807,2,2025-01,2025-02,PARTIAL_AVAILABILITY,116.0,2,116.0,SEPV Cuyama Hybrid,CA,CISO,"SEPV Cuyama, LLC",3.0,12.0,4.0,2.5-4.5h,2023.0,LIB,CS,True,"pv_same_plant,dc_coupled",0.9547817038721514,0.005593623918793825,635.4166666666666,0.10590277777777778,0.18645413062646082,0.8940972222222222,False,C
187,66499,24,2024-01,2025-12,LOW_ETA_AND_LOW_UTI,115.5,24,115.5,Federalsburg Energy Storage 1 LLC,MD,PJM,Convergent Energy and Power LP,1.2,2.4,2.0,1.5-2.5h,2021.0,LIB,CT,True,"pv_same_plant,dc_coupled",0.843621810538923,0.00045144467684185574,578.75,0.09645833333333333,0.037620389736821316,0.9035416666666667,False,C
188,69411,2,2025-06,2025-07,PARTIAL_AVAILABILITY,114.5,2,114.5,Snyder BESS,TX,ERCO,"Snyder ESS Assets, LLC",10.0,20.0,2.0,1.5-2.5h,2021.0,LIB,CS,False,,0.8920697949716209,0.02157500055266767,763.75,0.12729166666666666,0.2157500055266767,0.8727083333333333,False,B
189,63011,2,2024-03,2024-04,FULL_OUTAGE,114.0,2,114.0,"Cronin Road Solar 1, LLC CSG Hybrid",MA,ISNE,AES Distributed Energy,1.5,7.7,5.133333333333334,>4.5h,2020.0,LIB,CT,True,"rte_gt_1,pv_same_plant,dc_tight",0.9820130131075392,0.0014218864181238427,460.9090909090909,0.07681818181818181,0.09479242787492284,0.9231818181818182,False,C
190,66218,19,2023-09,2025-12,FULL_OUTAGE,278.5,7,113.0,Dubois Solar (Hybrid),NY,NYIS,Generate Capital,2.0,4.0,2.0,1.5-2.5h,2020.0,LIB,CS,True,"rte_gt_1,pv_same_plant,dc_coupled",0.991651275278779,0.004427279286102082,521.185606060606,0.08686426767676766,0.2213639643051041,0.9131357323232323,False,C
191,54134,2,2024-02,2024-03,PARTIAL_AVAILABILITY,113.0,2,113.0,Great Lakes Hydro America - ME,ME,ISNE,Great Lakes Hydro America LLC,20.0,20.0,1.0,<1.5h,2020.0,LIB,CS,False,,0.8839855824707391,0.10613758967787414,2637.25,0.43954166666666666,0.5306879483893707,0.5604583333333333,False,B
192,59020,3,2025-05,2025-07,PARTIAL_AVAILABILITY,112.0,3,112.0,Gila Bend Hybrid,AZ,AZPS,Arizona Public Service Co,32.0,96.0,3.0,2.5-4.5h,2023.0,LIB,CS,True,pv_same_plant,0.8421654037373587,0.07249405106170734,528.65625,0.088109375,0.22654390956783543,0.911890625,False,C
193,63609,3,2025-01,2025-03,PARTIAL_AVAILABILITY,111.5,3,111.5,Allergan,CA,CISO,"Hybrid-Electric Building Technologies West Los Angeles 1, LLC",1.5,9.0,6.0,>4.5h,2019.0,LIB,CS,False,,0.8657968384577748,0.00016475759630032555,370.4444444444444,0.061740740740740735,0.010983839753355037,0.9382592592592592,False,A
194,64765,13,2024-01,2025-02,LOW_ETA_AND_LOW_UTI,111.4574931321645,7,111.4574931321645,Madison ESS,ME,ISNE,"Agilitas Energy, Inc.",4.9,10.0,2.0408163265306123,1.5-2.5h,2019.0,LIB,CS,False,,0.5837949146866845,-0.004272971992581083,178.35833333333332,0.029726388888888886,-0.08720351005267515,0.9702736111111111,False,A
195,60760,24,2023-01,2024-12,LOW_ETA_AND_LOW_UTI,205.07621381272105,24,111.15593101305146,PPA Grand,CA,CISO,esVolta LP,2.0,8.0,4.0,2.5-4.5h,2016.0,LIB,BL,False,,0.7897577140097038,0.011444661350018396,1484.03125,0.24733854166666666,0.5722330675009198,0.7526614583333333,False,A
196,61334,9,2024-12,2025-12,FULL_OUTAGE,102.5,6,102.5,Volkman Road Solar Array Hybrid,IN,MISO,Southern Indiana Gas & Elec Co,1.0,4.6,4.6,>4.5h,2019.0,LIB,CT,True,pv_same_plant,0.9028657909494526,-0.0001694113741592907,411.5217391304348,0.06858695652173913,-0.016941137415929067,0.9314130434782608,False,C
197,65217,35,2023-01,2025-12,LOW_ETA_AND_LOW_UTI,102.0,28,102.0,South Goshen Community Solar,NY,NYIS,AES Distributed Energy,4.5,17.0,3.7777777777777777,2.5-4.5h,2021.0,LIB,OT,True,"pv_same_plant,dc_tight",0.8424329952682031,0.0026556833539976912,139.1764705882353,0.02319607843137255,0.05901518564439314,0.9768039215686275,False,C
198,66791,3,2024-10,2024-12,PARTIAL_AVAILABILITY,102.0,3,102.0,Garden City East BESS,TX,ERCO,"HEN Infrastructure, L.L.C.",9.9,9.9,1.0,<1.5h,2024.0000000000002,LIB,CS,False,,0.9263171475116087,0.010838619929989699,357.37373737373736,0.05956228956228956,0.10948100939383533,0.9404377104377104,False,A
199,67578,2,2025-09,2025-10,PARTIAL_AVAILABILITY,102.0,2,102.0,Sandwich,MA,ISNE,LSE Ophiuchus LLC,2.0,4.6,2.3,1.5-2.5h,2023.0,LIB,CS,True,"pv_same_plant,dc_tight",0.9944137116736833,-0.0005018320696844101,1912.608695652174,0.318768115942029,-0.025091603484220504,0.681231884057971,False,C
200,67162,7,2024-06,2025-05,LOW_ETA_AND_LOW_UTI,101.04505710442517,4,101.04505710442517,Groton BESS 2,MA,ISNE,Groton BESS 2 LLC,2.0,8.9,4.45,2.5-4.5h,2024.0,LIB,CS,False,,0.8475751262383361,0.014706029670261035,209.6629213483146,0.0349438202247191,0.7353014835130517,0.9650561797752809,False,A
201,65531,9,2024-02,2025-10,LOW_ETA_AND_LOW_UTI,99.47848906874685,4,99.47848906874685,Deer Run Battery,IA,MISO,Interstate Power and Light Co,5.0,10.0,2.0,1.5-2.5h,2023.0,LIB,CS,False,,0.7742686192330244,0.008555460894062401,430.0,0.07166666666666667,0.17110921788124803,0.9283333333333333,False,A
202,66182,23,2023-04,2025-12,FULL_OUTAGE,97.5,14,97.5,Town of Amherst Solar,MA,ISNE,"Agilitas Energy, Inc.",2.5,2.0,0.8,<1.5h,2022.0,LIB,CS,True,"colocated_firming,pv_same_plant,dc_tight",0.691923283037832,-0.000988085909283159,381.0,0.0635,-0.03952343637132636,0.9365,False,C
203,10493,2,2025-01,2025-02,PARTIAL_AVAILABILITY,97.5,2,97.5,Rumford Falls Hydro Facility,ME,ISNE,Brookfield Power New England,8.0,16.0,2.0,1.5-2.5h,2023.0,LIB,CS,False,,0.8457046358789094,0.06370711104276677,909.875,0.15164583333333334,0.7963388880345846,0.8483541666666666,False,B
204,68773,2,2025-04,2025-05,FULL_OUTAGE,97.5,2,97.5,Apollo,MA,ISNE,Sunrise on Wing Ln. LLC,1.3,2.8,2.1538461538461537,1.5-2.5h,2021.0,LIB,CS,True,"colocated_firming,pv_same_plant,dc_coupled",0.9260953967065956,0.0009087031199645168,1607.3809523809525,0.2678968253968254,0.06990023999727052,0.7321031746031745,False,C
205,65692,2,2025-07,2025-08,PARTIAL_AVAILABILITY,94.5,2,94.5,NY6 Battery,NY,NYIS,Key Capture Energy,20.0,42.0,2.1,1.5-2.5h,2023.0,LIB,CS,False,,0.9013533637499144,0.16228402391778474,1841.952380952381,0.3069920634920635,0.8114201195889237,0.6930079365079365,False,B
206,63996,24,2024-01,2025-12,THERMAL_AUX,91.24183429669867,24,91.24183429669867,Cape San Blas,FL,FPC,"Duke Energy Florida, LLC",5.5,14.3,2.6,2.5-4.5h,2022.0,LIB,CS,False,,0.8217199813534167,4.421891373054551e-05,138.42657342657344,0.023071095571095573,0.000803980249646282,0.9769289044289045,False,A
207,62147,5,2023-01,2024-07,PARTIAL_AVAILABILITY,2854.4494999999997,3,89.0,KCE NY 1,NY,NYIS,"KCE NY 1, LLC",20.0,8.4,0.42000000000000004,<1.5h,2019.0,LIB,CS,False,,0.8733827094409337,-0.02596378788288556,14062.857142857143,2.343809523809524,-0.1298189394144278,0.0,False,A
208,64296,2,2024-06,2024-07,PARTIAL_AVAILABILITY,87.0,2,87.0,Brazoria,TX,ERCO,Engie North America,9.9,9.9,1.0,<1.5h,2020.0,LIB,CS,False,,0.9417952227116423,0.013995944570986848,1226.1616161616162,0.20436026936026935,0.14137317748471565,0.7956397306397307,False,B
209,64314,2,2025-02,2025-03,PARTIAL_AVAILABILITY,85.0,2,85.0,Dickinson,TX,ERCO,Engie North America,9.9,9.9,1.0,<1.5h,2021.0,LIB,CS,False,,0.926302859945274,0.0023860540248887736,2741.9023569023566,0.4569837261503928,0.024101555806957307,0.5430162738496072,False,B
210,67043,9,2025-02,2025-12,LOW_ETA_AND_LOW_UTI,83.66794889407888,5,83.66794889407888,Double Creek,NC,CPLE,North Carolina El Member Corp,5.0,10.0,2.0,1.5-2.5h,2024.0,LIB,CS,False,,0.8531752019397096,0.01676922101783131,71.4,0.0119,0.3353844203566262,0.9881,False,A
211,63214,12,2025-01,2025-12,FULL_OUTAGE,83.5,12,83.5,Middleton Solar Park,MA,ISNE,"Novis Renewables, LLC",3.0,6.6,2.1999999999999997,1.5-2.5h,2019.0,LIB,CS,True,pv_same_plant,0.9693682393218473,0.014724422165520975,285.9848484848485,0.047664141414141416,0.49081407218403245,0.9523358585858586,False,C
212,63774,2,2025-11,2025-12,FULL_OUTAGE,83.0,2,83.0,Mount Kisco Landfill Solar & Storage CSG,NY,NYIS,BQ Energy LLC,0.7,2.1,3.0000000000000004,2.5-4.5h,2020.0000000000002,LIB,CS,True,"colocated_firming,pv_same_plant",,,151.9047619047619,0.025317460317460315,,0.9746825396825397,False,C
213,62714,32,2023-01,2025-12,LOW_ETA_AND_LOW_UTI,135.08560289980673,29,81.29175176712066,Eyak Service Center BESS,AK,,"Cordova Electric Coop, Inc",1.0,0.9,0.9,<1.5h,2019.0,LIB,CS,False,,0.58821611523655,0.0010685772107878455,481.1111111111111,0.08018518518518518,0.10685772107878455,0.9198148148148149,False,A
214,68069,4,2024-10,2025-01,FULL_OUTAGE,81.0,4,81.0,Old Frontier Solar III,MA,ISNE,"Old Frontier Solar III PV, LLC",2.0,2.2,1.1,<1.5h,2022.0,LIB,CT,True,"pv_same_plant,dc_coupled",0.9135004380375882,-0.0004960348524813826,400.45454545454544,0.06674242424242424,-0.02480174262406913,0.9332575757575757,False,C
215,67899,12,2024-05,2025-07,THERMAL_AUX,78.95606641236978,4,78.95606641236978,PNY BESS LLC,PA,PJM,Citizens Enterprises Corporation,6.2,6.2,1.0,<1.5h,2021.0,LIB,CS,False,,0.9436931843835425,0.020432520162508867,6119.314516129032,1.019885752688172,0.3295567768146591,0.0,False,A
216,64092,12,2025-01,2025-12,FULL_OUTAGE,77.0,12,77.0,Great Lakes Seaway Community Solar,NY,NYIS,OYA Great Lakes Seaway LLC,5.0,15.0,3.0,2.5-4.5h,2019.0,LIB,CS,True,"pv_same_plant,dc_tight",,,30.066666666666666,0.005011111111111111,,0.9949888888888889,False,C
217,57996,5,2023-01,2024-11,PARTIAL_AVAILABILITY,183.3375,3,77.0,Auwahi Wind Energy Hybrid,HI,,Auwahi Wind Energy LLC,11.0,4.4,0.4,<1.5h,2012.0,LIB,CS,False,,1.1137283766553678,0.02530184268249583,3143.314393939394,0.5238857323232323,0.230016751659053,0.4761142676767677,False,A
218,64395,22,2023-01,2025-12,LOW_ETA_AND_LOW_UTI,75.5,12,75.5,ZPD-PT Solar Project 2017-006 LLC Hybrid,MA,ISNE,AES Distributed Energy,2.5,5.0,2.0,1.5-2.5h,2021.0,LIB,CT,True,"rte_gt_1,pv_same_plant,dc_tight",0.7809569893642467,-0.0004713358298303364,388.2,0.0647,-0.01885343319321346,0.9353,False,C
219,64696,2,2023-12,2024-01,PARTIAL_AVAILABILITY,135.0,2,73.0,"Dunstable Solar 1, LLC",MA,ISNE,AES Distributed Energy,4.5,20.2,4.488888888888889,2.5-4.5h,2021.0,LIB,CS,True,"rte_gt_1,pv_same_plant,dc_tight",1.0059809903678645,0.00453508626878904,496.13861386138615,0.08268976897689768,0.10077969486197867,0.9173102310231023,False,C
220,62970,7,2024-01,2024-07,LOW_ETA_AND_LOW_UTI,71.5335,7,71.5335,Syncarpha Puddon II Hybrid CSG,MA,ISNE,"Syncarpha Puddon II, LLC",4.0,8.0,2.0,1.5-2.5h,2021.0,LIB,CT,True,pv_same_plant,0.7999820992688677,0.001177430767986121,318.375,0.0530625,0.029435769199653024,0.9469375,False,C
221,67170,16,2024-03,2025-12,LOW_ETA_AND_LOW_UTI,71.0,9,71.0,Amazon SAN3 Solar Project,CA,CISO,Solar Star Prime 4 LLC,2.4,8.9,3.7083333333333335,2.5-4.5h,2023.9999999999998,LIB,CS,True,"pv_same_plant,dc_coupled",0.8399010898972445,-0.004974630962240182,208.53932584269663,0.034756554307116105,-0.20727629009334095,0.9652434456928839,False,C
222,57561,2,2025-06,2025-07,PARTIAL_AVAILABILITY,71.0,2,71.0,Cotton Center Solar Hybrid,AZ,AZPS,Arizona Public Service Co,17.0,51.0,3.0,2.5-4.5h,2023.0,LIB,CS,True,pv_same_plant,0.8671518438457403,0.0864302666364928,571.5686274509804,0.09526143790849674,0.50841333315584,0.9047385620915033,False,C
223,64318,2,2025-07,2025-08,PARTIAL_AVAILABILITY,71.0,2,71.0,Pueblo BA,TX,ERCO,Engie North America,19.8,19.8,1.0,<1.5h,2021.9999999999998,LIB,CS,False,,0.9256892020930259,0.06050549229656755,1782.2727272727273,0.29704545454545456,0.3055832944271088,0.7029545454545454,False,B
224,64084,12,2025-01,2025-12,FULL_OUTAGE,66.5,12,66.5,Blanchard Road 1 Community Solar,NY,NYIS,OYA Blanchard Road LLC,5.0,15.0,3.0,2.5-4.5h,2019.0,LIB,CS,True,"pv_same_plant,dc_tight",,,27.733333333333334,0.004622222222222222,,0.9953777777777778,False,C
225,60959,26,2023-01,2025-12,LOW_ETA_AND_LOW_UTI,66.5,7,66.5,Chocksett Rd Energy Storage Project,MA,ISNE,Sterling Municipal Light Department - (MA),2.0,3.9,1.95,1.5-2.5h,2017.0,LIB,CS,True,rte_gt_1,0.6114414139690132,0.005309434692849016,276.7307692307692,0.04612179487179487,0.2654717346424508,0.9538782051282051,False,C
226,64315,2,2024-12,2025-01,PARTIAL_AVAILABILITY,66.5,2,66.5,Loop 463,TX,ERCO,Engie North America,9.9,9.9,1.0,<1.5h,2021.0,LIB,CS,False,,0.9457336943646488,0.019251105057971934,2816.3720538720536,0.4693953423120089,0.19445560664618114,0.530604657687991,False,B
227,64766,36,2023-01,2025-12,ELEVATED_P_AUX,66.0,36,66.0,Redwood Coast Airport Microgrid,CA,CISO,Redwood Coast Energy Authority,2.2,8.8,4.0,2.5-4.5h,2021.0000000000002,LIB,CS,True,"colocated_firming,pv_same_plant,dc_coupled",0.8767738781474212,0.034563511889882985,677.9545454545454,0.11299242424242423,1.5710687222674082,0.8870075757575757,False,C
228,66789,9,2024-02,2024-10,LOW_ETA_AND_LOW_UTI,65.16112945824275,9,65.16112945824275,Lufkin South BESS,TX,ERCO,"HEN Infrastructure, L.L.C.",9.9,9.9,1.0,<1.5h,2024.0000000000002,LIB,CS,False,,0.8251199377317431,0.00458497451175505,233.83838383838383,0.03897306397306397,0.04631287385611162,0.961026936026936,False,A
229,64695,2,2024-10,2024-11,PARTIAL_AVAILABILITY,63.0,2,63.0,Angel Fire Energy Facility,NM,PNM,"Angel Fire Energy Facility, LLC",3.7,15.0,4.0540540540540535,2.5-4.5h,2023.0,LIB,CS,True,pv_same_plant,0.8914219547371712,0.021319809681386786,299.1333333333333,0.049855555555555556,0.5762110724699131,0.9501444444444445,False,C
230,64630,2,2025-04,2025-05,PARTIAL_AVAILABILITY,59.0,2,59.0,"Rabbitbrush Solar, LLC",CA,CISO,"Leeward Asset Management, LLC",20.0,50.0,2.5,2.5-4.5h,2022.0,LIB,CS,True,"pv_same_plant,dc_tight",0.855600067359754,0.01707762363556122,980.92,0.16348666666666667,0.08538811817780609,0.8365133333333333,False,C
231,1615,8,2024-07,2025-12,FULL_OUTAGE,58.0,5,58.0,Nantucket Hybrid,MA,ISNE,Nantucket Electric Co,6.0,48.0,8.0,>4.5h,2019.0,LIB,BL,False,,0.8741270316576707,0.027249546971847637,26.958333333333332,0.004493055555555556,0.4541591161974606,0.9955069444444444,False,A
232,62999,12,2024-02,2025-12,FULL_OUTAGE,55.5,10,55.5,"Finchville Solar, LLC Hybrid CSG",NY,NYIS,AES Distributed Energy,3.0,4.4,1.4666666666666668,<1.5h,2020.0,LIB,CT,True,"rte_gt_1,pv_same_plant,dc_tight",0.968099226017036,-7.101794551317832e-06,287.7272727272727,0.04795454545454545,-0.00023672648504392772,0.9520454545454545,False,C
233,65670,9,2024-09,2025-12,LOW_ETA_AND_LOW_UTI,53.0,5,53.0,Ventura,MA,ISNE,"Ventura Drive Dartmouth Solar 1, LLC",1.0,5.0,5.0,>4.5h,2022.0,LIB,CS,True,pv_same_plant,0.7716825365124651,0.0005147869897754975,249.0,0.0415,0.05147869897754975,0.9585,False,C
234,67845,3,2025-01,2025-03,LOW_ETA_AND_LOW_UTI,52.91290012364336,3,52.91290012364336,Junction BESS,TX,ERCO,SBESS TX5 LLC,9.9,24.7,2.494949494949495,1.5-2.5h,2025.0,LIB,CS,False,,0.8088689373886623,0.012724389013712244,178.34008097165992,0.029723346828609987,0.12852918195668933,0.97027665317139,False,A
235,61186,31,2023-05,2025-12,LOW_ETA_AND_LOW_UTI,58.45686803925754,17,51.4141495926556,Boston Medical Center CHP Plant,MA,ISNE,Boston Medical Center,1.0,1.1,1.1,<1.5h,2023.0,LIB,CS,False,,0.697492246742211,0.0005436954376452257,160.9090909090909,0.026818181818181817,0.05436954376452257,0.9731818181818181,False,A
236,64752,19,2024-01,2025-12,LOW_ETA_AND_LOW_UTI,50.0,10,50.0,John Hopkins Middle School Microgrid,FL,FPC,"Duke Energy Florida, LLC",2.5,18.0,7.2,>4.5h,2023.0,LIB,CS,True,"rte_gt_1,pv_same_plant,dc_coupled",0.8170873208542812,0.0012130355544047193,72.94444444444444,0.012157407407407407,0.048521422176188767,0.9878425925925925,False,C
237,61925,84,2019-01,2025-12,THERMAL_AUX,145.37681136139156,84,49.6900937067941,Casa Mesa Wind Energy Center Hybrid,NM,PNM,"Casa Mesa Wind, LLC",1.0,1.0,1.0,<1.5h,2018.0,LIB,CS,False,,0.6998438709444471,0.003144704514421705,1361.1666666666667,0.22686111111111112,0.31447045144217045,0.7731388888888888,False,A
238,64087,12,2025-01,2025-12,FULL_OUTAGE,49.5,12,49.5,Blanchard Road 2 Community Solar,NY,NYIS,OYA Blanchard Road 2 LLC,5.0,15.0,3.0,2.5-4.5h,2019.0,LIB,CS,True,"pv_same_plant,dc_tight",,,21.333333333333332,0.0035555555555555553,,0.9964444444444445,False,C
239,60565,36,2023-01,2025-12,LOW_ETA_AND_LOW_UTI,93.748,36,49.0,Borrego Springs Energy Storage,CA,CISO,SDGE Batteries,1.5,4.5,3.0,2.5-4.5h,2013.3333333333333,LIB,CS,True,rte_gt_1,0.6014072456812202,-0.0009011445526277009,201.74074074074073,0.033623456790123456,-0.060076303508513396,0.9663765432098765,False,C
240,63473,4,2023-12,2025-10,FULL_OUTAGE,89.5,2,49.0,West A&B Solar Project Hybrid CSG,MA,ISNE,AES Distributed Energy,1.8,3.5,1.9444444444444444,1.5-2.5h,2020.0,LIB,CS,True,"pv_same_plant,dc_tight",0.9314307737539076,0.0011314913441452113,590.5714285714286,0.09842857142857142,0.06286063023028951,0.9015714285714286,False,C
241,60061,4,2024-10,2025-09,PARTIAL_AVAILABILITY,47.0,2,47.0,Citrus Solar Energy Center Hybrid,FL,FPL,Florida Power & Light Co,4.0,16.0,4.0,2.5-4.5h,2018.0,LIB,CS,True,"rte_gt_1,colocated_firming,pv_same_plant,dc_tight",0.8843011307123912,-0.0008276728689994484,725.7083333333334,0.1209513888888889,-0.02069182172498621,0.8790486111111111,False,C
242,63000,32,2023-01,2025-12,FULL_OUTAGE,131.4675,28,46.0,"RT 52 Walden Solar 1, LLC Hybrid",NY,NYIS,AES Distributed Energy,4.0,8.8,2.2,1.5-2.5h,2020.0,LIB,CT,True,"rte_gt_1,pv_same_plant",0.7382281879854787,-2.1300238861237866e-05,303.75,0.050625,-0.0005325059715309467,0.949375,False,C
243,64601,4,2024-03,2024-06,FULL_OUTAGE,45.0,4,45.0,County of San Diego COC Hybrid,CA,CISO,"Solar Star California LXXVIII, LLC",0.4,1.0,2.5,2.5-4.5h,2020.0,LIB,CS,True,"rte_gt_1,pv_same_plant",0.8749377990743771,-0.0037306063735712113,688.5,0.11475,-0.9326515933928028,0.88525,False,C
244,65382,4,2025-09,2025-12,PARTIAL_AVAILABILITY,43.5,4,43.5,Lincoln WWTF Hybrid,CA,CISO,"Lincoln Solar Star, LLC",1.0,2.0,2.0,1.5-2.5h,2022.0,LIB,CS,True,pv_same_plant,0.7920641795865541,0.000994495886307003,217.0,0.036166666666666666,0.0994495886307003,0.9638333333333333,False,C
245,645,20,2023-10,2025-12,FULL_OUTAGE,168.5,15,43.0,Big Bend,FL,TEC,Tampa Electric Co,12.6,25.2,2.0,1.5-2.5h,2017.0000000000002,LIB,CS,True,pv_same_plant,0.9082484882644214,0.00741757028158973,25.912698412698415,0.004318783068783069,0.058869605409442305,0.9956812169312169,False,C
246,63064,2,2024-10,2024-11,FULL_OUTAGE,43.0,2,43.0,Asheville-Rock Hill Battery,NC,CPLW,Duke Energy Progress - (NC),8.8,8.8,1.0,<1.5h,2019.9999999999998,LIB,CS,False,,0.8631836329681731,0.01808754638524814,216.93181818181816,0.036155303030303024,0.20554029983236521,0.963844696969697,False,B
247,64759,4,2024-07,2025-04,PARTIAL_AVAILABILITY,42.5,2,42.5,Old Middleboro Road Solar,MA,ISNE,"Agilitas Energy, Inc.",4.5,13.4,2.977777777777778,2.5-4.5h,2023.0,LIB,CS,True,"pv_same_plant,dc_coupled",0.8966456028825873,-0.002002982133302541,257.3880597014925,0.042898009950248756,-0.0445107140733898,0.9571019900497513,False,C
248,57584,60,2019-01,2025-07,LOW_ETA_AND_LOW_UTI,259.3650435269214,30,39.54828960021981,University of California San Diego Hybri,CA,CISO,University of California San Diego,2.5,5.0,2.0,1.5-2.5h,2015.0,LIB,CS,False,,0.8481826187527506,-0.0003028235392122428,3020.4,0.5034000000000001,-0.012112941568489712,0.49659999999999993,False,A
249,63341,3,2024-04,2024-06,FULL_OUTAGE,39.0,3,39.0,"Owlville Creek Solar, LLC",NY,NYIS,"Owlville Creek Solar, LLC",3.0,12.8,4.266666666666667,2.5-4.5h,2022.0,LIB,CS,True,"pv_same_plant,dc_coupled",0.9014873136771633,-9.14409808198054e-05,145.390625,0.024231770833333333,-0.0030480326939935133,0.9757682291666667,False,C
250,62441,2,2024-09,2024-10,PARTIAL_AVAILABILITY,38.5,2,38.5,Kearny Mesa Storage LLC,CA,CISO,Kearny Mesa Storage LLC,1.0,1.0,1.0,<1.5h,2020.0,LIB,CS,True,colocated_firming,0.9392751374126445,0.001309413422329605,1871.0,0.31183333333333335,0.1309413422329605,0.6881666666666666,False,C
251,61923,21,2023-01,2025-02,LOW_ETA_AND_LOW_UTI,144.411728036355,12,38.35121023700225,ACUA,NJ,PJM,"Viridity Energy Solutions, Inc.",1.0,1.0,1.0,<1.5h,2018.0,LIB,CS,False,,0.7968605411510356,0.003047673067291358,10229.416666666666,1.7049027777777777,0.3047673067291358,0.0,False,A
252,62373,84,2019-01,2025-12,THERMAL_AUX,134.13115770981025,84,38.34566925532706,I25 Battery Storage,CO,WACM,"United Power, Inc",4.0,16.0,4.0,2.5-4.5h,2018.0,LIB,CS,False,,0.840709177195895,0.010407297655362954,2899.71875,0.48328645833333334,0.26018244138407387,0.5167135416666666,False,A
253,65098,15,2024-10,2025-12,LOW_ETA_AND_LOW_UTI,38.15235609286991,15,38.15235609286991,South Sioux City Energy Storage,NE,SWPP,"DG Nebraska Energy Storage, LLC",1.5,3.0,2.0,1.5-2.5h,2020.0,LIB,CS,False,,0.7858210964901807,-3.34909862500927e-05,533.75,0.08895833333333333,-0.0022327324166728467,0.9110416666666666,False,A
254,63510,13,2023-10,2025-12,FULL_OUTAGE,74.5,6,36.5,Walnut Unified School District Walnut HS,CA,CISO,Tesla Inc.,0.5,0.5,1.0,<1.5h,2020.0,LIB,CS,True,pv_same_plant,0.9579729082596938,0.0011682151865129444,1130.0,0.18833333333333332,0.2336430373025889,0.8116666666666666,False,C
255,66222,34,2023-01,2025-12,FULL_OUTAGE,156.0,30,36.0,Landau II Solar (Hybrid),NY,NYIS,Generate Capital,4.0,8.0,2.0,1.5-2.5h,2021.0,LIB,CS,True,"rte_gt_1,pv_same_plant,dc_coupled",0.8556826983031961,-0.0010354335393855324,114.90151515151514,0.019150252525252525,-0.02588583848463831,0.9808497474747475,False,C
256,64090,12,2025-01,2025-12,FULL_OUTAGE,35.5,12,35.5,NYS Rte 12 Community Solar,NY,NYIS,OYA NYS Rte 12 LLC,5.0,15.0,3.0,2.5-4.5h,2019.0,LIB,CS,True,"pv_same_plant,dc_tight",,,13.466666666666667,0.0022444444444444443,,0.9977555555555555,False,C
257,61995,36,2023-01,2025-12,LOW_ETA_AND_LOW_UTI,35.5,36,35.5,UC Merced Solar Hybrid,CA,CISO,MN8 Energy LLC,0.5,0.9,1.8,1.5-2.5h,2018.0,LIB,CS,True,"rte_gt_1,pv_same_plant",0.8232010861535644,0.005576014317598251,774.7222222222222,0.12912037037037036,1.1152028635196503,0.8708796296296296,False,C
258,64170,3,2024-09,2024-11,PARTIAL_AVAILABILITY,34.5,3,34.5,"BWC Muddy Brook, LLC Hybrid",MA,ISNE,AES Distributed Energy,0.9,1.8,2.0,1.5-2.5h,2021.0,LIB,CT,True,"pv_same_plant,dc_tight",0.8855639503965513,9.023468189331809e-05,458.88888888888886,0.07648148148148147,0.010026075765924231,0.9235185185185185,False,C
259,64763,24,2024-01,2025-12,THERMAL_AUX,32.71342524223844,24,32.71342524223844,Rumford ESS,ME,ISNE,"Agilitas Energy, Inc.",4.9,10.0,2.0408163265306123,1.5-2.5h,2021.0000000000002,LIB,CS,False,,0.5984753834944726,-0.005518476470321551,128.13333333333333,0.021355555555555555,-0.11262196878207248,0.9786444444444444,False,A
260,61901,25,2023-12,2025-12,FULL_OUTAGE,87.5,25,32.5,Redstone Arsenal Hybrid,AL,TVA,MN8 Energy LLC,1.0,2.0,2.0,1.5-2.5h,2017.0,LIB,CS,True,"rte_gt_1,pv_same_plant",0.8677956632120573,0.0012578697653028814,967.375,0.16122916666666667,0.12578697653028814,0.8387708333333334,False,C
261,63728,2,2025-07,2025-08,PARTIAL_AVAILABILITY,30.0,2,30.0,Taos Mesa Energy Facility Hybrid,NM,PNM,"Taos Mesa Energy Facility, LLC",12.5,25.0,2.0,1.5-2.5h,2022.0,LIB,CS,True,pv_same_plant,0.8606909586129449,0.012590105569987856,863.56,0.14392666666666665,0.10072084455990285,0.8560733333333334,False,C
262,64876,4,2023-08,2025-10,PARTIAL_AVAILABILITY,33.0,2,30.0,0 Hammond St CSG,MA,ISNE,"0HAM WHAM8 Solar, LLC",5.0,4.9,0.9800000000000001,<1.5h,2021.0,LIB,CS,True,"rte_gt_1,pv_same_plant",0.9173212542768018,0.007646308201938014,1370.204081632653,0.2283673469387755,0.15292616403876028,0.7716326530612245,False,C
263,67743,9,2024-11,2025-07,FULL_OUTAGE,29.5,9,29.5,Bishop Ranch BR 1-X,CA,CISO,Bollinger Canyon Road BR 1-X Solar Project 2020,0.5,1.1,2.2,1.5-2.5h,2022.0,LIB,CS,True,pv_same_plant,0.9732824429317123,0.003474321567214084,356.5151515151515,0.05941919191919192,0.6948643134428168,0.9405808080808081,False,C
264,66076,2,2024-11,2024-12,PARTIAL_AVAILABILITY,29.5,2,29.5,Electric Avenue Lunenburg Solar 1,MA,ISNE,"Electric Avenue Lunenburg Solar 1, LLC",1.0,1.0,1.0,<1.5h,2022.0,LIB,CT,True,"pv_same_plant,dc_coupled",0.9460972532593755,0.001683918629149249,1540.0,0.25666666666666665,0.1683918629149249,0.7433333333333334,False,C
265,66799,14,2024-11,2025-12,FULL_OUTAGE,29.0,14,29.0,Bishop Ranch - BR 1-Y,CA,CISO,"Distributed Solar Development, LLC",0.7,1.3,1.8571428571428574,1.5-2.5h,2022.0,LIB,CS,True,pv_same_plant,0.9267848795307209,0.0012321711999442218,68.46153846153845,0.01141025641025641,0.17602445713488885,0.9885897435897436,False,C
266,62683,59,2019-11,2025-12,LOW_ETA_AND_LOW_UTI,28.5,29,28.5,Westside Wastewater Treatment Plant Hybr,AR,SWPP,"Today's Power, Inc.",6.0,13.1,2.183333333333333,1.5-2.5h,2019.0,LIB,BL,True,"rte_gt_1,pv_same_plant",0.695194767152294,0.002299282358587613,158.85496183206106,0.026475826972010178,0.03832137264312688,0.9735241730279898,False,C
267,64213,4,2023-10,2024-07,FULL_OUTAGE,103.5,2,28.0,Auburn Solar Project,MA,ISNE,"Agilitas Energy, Inc.",3.8,9.4,2.473684210526316,1.5-2.5h,2022.0,LIB,CS,True,"pv_same_plant,dc_coupled",0.8985951582542007,0.002550305089592064,240.74468085106383,0.0401241134751773,0.0671132918313701,0.9598758865248227,False,C
268,58236,27,2023-08,2025-12,FULL_OUTAGE,41.5,25,28.0,Marshalltown Generating Station,IA,MISO,Interstate Power and Light Co,0.3,0.6,2.0,1.5-2.5h,2020.0,LIB,CS,True,"colocated_firming,pv_same_plant",0.8933857333774541,-0.00011520626370852757,651.6666666666667,0.10861111111111113,-0.038402087902842524,0.8913888888888889,False,C
269,63339,5,2024-12,2025-05,FULL_OUTAGE,27.5,3,27.5,"Hales Mills Solar, LLC",NY,NYIS,"Hales Mills Solar, LLC",3.0,12.8,4.266666666666667,2.5-4.5h,2024.0,LIB,CS,True,"pv_same_plant,dc_coupled",0.9166885745777739,0.0006706360480893795,23.90625,0.003984375,0.02235453493631265,0.996015625,False,C
270,64425,3,2025-08,2025-10,FULL_OUTAGE,27.5,3,27.5,TX2 Port Lavaca,TX,ERCO,Key Capture Energy,9.9,11.9,1.202020202020202,<1.5h,2020.0,LIB,CS,False,,,,65.58823529411764,0.010931372549019606,,0.9890686274509803,False,B
271,63186,24,2023-01,2025-12,FULL_OUTAGE,229.912,12,25.0,Imeson Solar,FL,JEA,Imeson Solar Farm LLC,5.0,3.8,0.76,<1.5h,2019.0,LIB,CS,True,"pv_same_plant,dc_tight",0.9880116494679181,0.0013045533898418573,522.8947368421053,0.08714912280701756,0.026091067796837147,0.9128508771929824,False,C
272,64731,6,2024-03,2024-12,FULL_OUTAGE,24.0,4,24.0,Maple(CSG),MA,ISNE,"Maple Street Solar 1, LLC",2.3,4.8,2.0869565217391304,1.5-2.5h,2020.9999999999998,OTH,CS,True,pv_same_plant,0.44173830447165685,-0.001365410960285157,42.91666666666667,0.007152777777777779,-0.05936569392544161,0.9928472222222222,False,C
273,64432,24,2023-01,2025-12,LOW_ETA_AND_LOW_UTI,23.2325,8,23.0,Breckenridge Solar,MA,ISNE,"Breckenridge Street Solar 1, LLC",2.2,4.7,2.1363636363636362,1.5-2.5h,2019.9999999999998,LIB,CS,True,pv_same_plant,0.8509096640695647,0.004038455023220149,283.40425531914894,0.04723404255319149,0.18356613741909766,0.9527659574468085,False,C
274,65469,2,2024-04,2024-05,PARTIAL_AVAILABILITY,20.5,2,20.5,Sealed Air Madera Solar Project,CA,CISO,Sealed Air Corporation,0.8,3.1,3.875,2.5-4.5h,2022.0,LIB,CS,True,"pv_same_plant,dc_coupled",1.1201132240232916,0.015675498757849977,589.0322580645161,0.09817204301075268,1.959437344731247,0.9018279569892473,False,C
275,64877,5,2022-10,2025-07,PARTIAL_AVAILABILITY,94.5,3,20.5,Edwards Sanborn E3,CA,CISO,Terra-Gen Operating Co-Hybrid,11.0,31.5,2.8636363636363638,2.5-4.5h,2021.0,LIB,CS,True,"rte_gt_1,pv_same_plant",0.885959700667628,0.06817565234522238,976.5714285714286,0.16276190476190475,0.6197786576838399,0.8372380952380952,False,C
276,64508,35,2023-01,2025-12,LOW_ETA_AND_LOW_UTI,17.5,27,17.5,Hall Solar Energy Storage,NC,CPLE,North Carolina El Member Corp,2.5,5.0,2.0,1.5-2.5h,2022.0,LIB,CS,True,pv_same_plant,0.7637164775428569,0.006068464194546009,163.0,0.027166666666666665,0.24273856778184036,0.9728333333333333,False,C
277,60609,36,2023-01,2025-12,LOW_ETA_AND_LOW_UTI,24.68,36,14.5,CMEEC - Norwich Stott St Solar Hybrid,CT,ISNE,Tesla Inc.,0.8,3.0,3.75,2.5-4.5h,2016.0000000000002,LIB,CS,True,"rte_gt_1,pv_same_plant",0.7044008249994548,-0.0003645790493153504,94.0,0.015666666666666666,-0.04557238116441879,0.9843333333333333,False,C
278,67187,3,2025-10,2025-12,PARTIAL_AVAILABILITY,14.0,3,14.0,Paxton BESS 1,MA,ISNE,Paxton BESS 1 LLC,3.0,8.9,2.966666666666667,2.5-4.5h,2024.0,LIB,CS,False,,0.9026102208839794,0.016253916355437027,295.9550561797753,0.049325842696629214,0.5417972118479009,0.9506741573033708,False,A
279,62978,10,2023-01,2024-07,LOW_ETA_AND_LOW_UTI,78.0,4,13.5,Syncarpha Northbridge II Hybrid CSG,MA,ISNE,"Syncarpha Northbridge II, LLC",3.0,6.0,2.0,1.5-2.5h,2021.0,LIB,CT,True,pv_same_plant,0.8390793236054852,0.00012412472898220805,471.6666666666667,0.07861111111111112,0.004137490966073601,0.9213888888888889,False,C
280,60562,4,2023-08,2025-02,PARTIAL_AVAILABILITY,55.0,2,13.0,GMP Solar - Panton Hybrid,VT,ISNE,Green Mountain Power Corp,1.0,4.0,4.0,2.5-4.5h,2018.0,LIB,OT,True,"rte_gt_1,pv_same_plant,dc_coupled",1.6267033030375881,0.023260084685969816,1886.4166666666667,0.3144027777777778,2.3260084685969815,0.6855972222222222,False,C
281,68266,20,2024-01,2025-12,LOW_ETA_AND_LOW_UTI,12.0,9,12.0,North Juvenile Detention Center Solar,CA,CISO,SoCore Energy LLC,0.3,0.5,1.6666666666666667,1.5-2.5h,2018.9999999999998,LIB,CS,True,pv_same_plant,0.7929694672285444,0.0007314251803872529,570.3333333333334,0.09505555555555556,0.24380839346241764,0.9049444444444444,False,C
282,62652,2,2025-06,2025-07,PARTIAL_AVAILABILITY,11.5,2,11.5,Happy Hollow CSG Hybrid,MA,ISNE,"REA Investments, LLC",3.3,6.6,2.0,1.5-2.5h,2019.0,LIB,CS,True,"pv_same_plant,dc_tight",0.9277233627382988,0.015025334671118702,390.4545454545455,0.06507575757575758,0.45531317185208187,0.9349242424242424,False,C
283,66966,24,2024-01,2025-12,THERMAL_AUX,10.5,24,10.5,Acton-Boxborough Schools BESS,MA,ISNE,"MSS Energy Holdings, LLC (d.b.a. Calibrant Energy)",2.1,4.3,2.0476190476190474,1.5-2.5h,2021.0,LIB,CS,False,,0.8507861521103847,0.0037598551329209693,527.984496124031,0.08799741602067183,0.17904072061528423,0.9120025839793282,False,A
284,67948,19,2024-03,2025-12,THERMAL_AUX,10.214652129705208,10,10.214652129705208,Hampton Substation Energy Storage,IA,SWPP,Corn Belt Power Coop,1.8,9.1,5.055555555555555,>4.5h,2022.0,LIB,CS,False,,0.9110367428182382,0.0001905348420513345,138.77289377289378,0.02312881562881563,0.010585269002851916,0.9768711843711844,False,A
285,66505,7,2024-10,2025-11,LOW_ETA_AND_LOW_UTI,8.70062647455741,5,8.70062647455741,EnerSmart Chula Vista Sub Station,CA,CISO,EnerSmart Chula Vista Sub Station,6.0,12.0,2.0,1.5-2.5h,2024.0,LIB,CS,False,,0.8177610294963829,0.0031408873278884085,220.08333333333334,0.036680555555555557,0.052348122131473475,0.9633194444444444,False,A
286,64764,3,2024-02,2024-04,LOW_ETA_AND_LOW_UTI,8.316335740072203,3,8.316335740072203,Madison BTM,ME,ISNE,"Agilitas Energy, Inc.",1.5,3.1,2.066666666666667,1.5-2.5h,2020.0,LIB,CS,False,,0.6542003582841462,-0.0008073255352162683,303.8709677419355,0.05064516129032258,-0.05382170234775123,0.9493548387096774,False,A
287,66232,25,2023-10,2025-12,FULL_OUTAGE,194.0,21,8.0,Svenski Solar (Hybrid),NY,NYIS,Generate Capital,2.0,4.0,2.0,1.5-2.5h,2022.0,LIB,CS,True,"pv_same_plant,dc_tight",0.9198460132173744,0.0005342234080191253,195.20454545454544,0.03253409090909091,0.026711170400956268,0.9674659090909091,False,C
288,65568,4,2023-10,2024-01,PARTIAL_AVAILABILITY,27.0,4,8.0,Google Moffett Park Solar Project,CA,CISO,"Google, Inc.",0.6,1.1,1.8333333333333335,1.5-2.5h,2021.0,LIB,CS,True,"pv_same_plant,dc_coupled",0.8953718193212168,0.00017762834622267134,992.7272727272726,0.16545454545454544,0.029604724370445226,0.8345454545454546,False,C
289,64522,31,2023-01,2025-12,LOW_ETA_AND_LOW_UTI,7.5,17,7.5,Old Cedar Solar Energy Storage,NC,CPLE,North Carolina El Member Corp,1.3,2.0,1.5384615384615383,1.5-2.5h,2021.0,LIB,CS,True,"rte_gt_1,pv_same_plant",0.8351567928417578,0.0033180117230681575,252.5,0.042083333333333334,0.25523167100524285,0.9579166666666666,False,C
290,62976,14,2023-01,2025-09,FULL_OUTAGE,175.71849999999998,12,7.0,Syncarpha Northampton Hybrid CSG,MA,ISNE,"Syncarpha Northampton, LLC",2.0,4.0,2.0,1.5-2.5h,2020.0,LIB,CT,True,pv_same_plant,0.947862675959828,0.007368844376153804,292.75,0.048791666666666664,0.3684422188076902,0.9512083333333333,False,C
291,6304,36,2023-01,2025-12,LOW_ETA_AND_LOW_UTI,6.0,36,6.0,Kotzebue Hybrid,AK,,Kotzebue Electric Assn Inc,1.2,1.0,0.8333333333333334,<1.5h,2015.0,LIB,CT,True,"colocated_firming,pv_same_plant",0.7294399462699122,-0.0004988740332432979,480.5833333333333,0.08009722222222222,-0.041572836103608166,0.9199027777777777,False,C
292,63422,36,2023-01,2025-12,LOW_ETA_AND_LOW_UTI,6.0,36,6.0,Fresno Sunnyside High School Hybrid,CA,CISO,"Forefront Power, LLC",0.3,0.3,1.0,<1.5h,2020.0,LIB,CS,True,pv_same_plant,0.7655040027724519,-0.0011916235613127603,596.6666666666667,0.09944444444444446,-0.39720785377092016,0.9005555555555556,False,C
293,69128,2,2025-06,2025-07,PARTIAL_AVAILABILITY,6.0,2,6.0,Chesapeake Beach BESS,MD,PJM,Chesapeake Beach BESS LLC,1.1,2.3,2.0909090909090904,1.5-2.5h,2023.0,LIB,CS,False,,0.868193147534934,0.005758248641557223,773.4782608695652,0.12891304347826088,0.5234771492324748,0.8710869565217392,False,B
294,63421,2,2024-01,2024-02,FULL_OUTAGE,6.0,2,6.0,Fresno Hoover High School Hybrid,CA,CISO,"Forefront Power, LLC",0.2,0.2,1.0,<1.5h,2020.0,LIB,CS,True,"rte_gt_1,pv_same_plant",1.2560599376048567,0.0005115690584616143,940.0,0.15666666666666668,0.2557845292308071,0.8433333333333333,False,C
295,60906,12,2023-01,2024-02,LOW_ETA_AND_LOW_UTI,5.5,8,5.5,Mt. Tom Solar Project Hybrid,MA,ISNE,"Mt. Tom Solar, LLC",3.1,6.1,1.9677419354838708,1.5-2.5h,2019.0000000000002,LIB,CS,True,"pv_same_plant,dc_coupled",0.8514816123025354,0.016079771254693877,334.59016393442624,0.055765027322404376,0.5187022985385121,0.9442349726775956,False,C
296,66648,7,2025-03,2025-09,LOW_ETA_AND_LOW_UTI,5.090909090909085,7,5.090909090909085,Blackwell?s Corner Storage Facility,CA,CISO,"Blackwell Test Facility, LLC",2.0,9.0,4.5,>4.5h,2025.0,LIB,CS,False,,0.7800185995006365,-0.0003520505636106372,59.44444444444444,0.009907407407407406,-0.01760252818053186,0.9900925925925926,False,A
297,67296,29,2023-01,2025-12,LOW_ETA_AND_LOW_UTI,4.5,13,4.5,CVEC Round 4 Brewster Captn Golf Course,MA,ISNE,"Freemans Way Solar Project 2019, LLC",0.4,0.9,2.25,1.5-2.5h,2022.0,LIB,CS,True,"colocated_firming,pv_same_plant",0.8524561081219785,0.00016045353331141493,160.0,0.02666666666666667,0.040113383327853726,0.9733333333333334,False,C
298,65029,18,2024-01,2025-12,FULL_OUTAGE,4.5,8,4.5,Bissell Solar and Battery Generator,MI,MISO,Consumers Energy Co - (MI),0.3,0.5,1.6666666666666667,1.5-2.5h,2021.0,LIB,BL,True,"rte_gt_1,colocated_firming,pv_same_plant",0.8708049618202042,0.0012043266591378326,234.0,0.039,0.4014422197126109,0.961,False,C
299,64514,36,2023-01,2025-12,LOW_ETA_AND_LOW_UTI,4.5,36,4.5,Ludie Brown Solar Energy Storage,NC,CPLE,North Carolina El Member Corp,2.5,2.5,1.0,<1.5h,2022.0,LIB,CS,True,pv_same_plant,0.773838437756037,0.007056569728316511,1656.8,0.27613333333333334,0.28226278913266045,0.7238666666666667,False,C
300,67282,7,2025-01,2025-07,FULL_OUTAGE,4.0,7,4.0,FFP - NY Varano,NY,NYIS,"FFP NY Goshen Project2, LLC",5.0,10.5,2.1,1.5-2.5h,2024.0,LIB,CS,True,"colocated_firming,pv_same_plant,dc_coupled",,,24.666666666666668,0.004111111111111111,,0.9958888888888889,False,C
301,69344,2,2025-09,2025-10,FULL_OUTAGE,4.0,2,4.0,Regis Hearn,TX,ERCO,Regis Hearn LLC,9.9,9.9,1.0,<1.5h,2024.0000000000002,LIB,CS,False,,,,31.195286195286194,0.005199214365881033,,0.994800785634119,False,B
302,66075,2,2025-06,2025-07,PARTIAL_AVAILABILITY,4.0,2,4.0,Blacksmith Road Solar 1,MA,ISNE,"Blacksmith Road Solar 1, LLC",2.0,3.3,1.65,1.5-2.5h,2021.0,LIB,CT,True,"colocated_firming,pv_same_plant",0.9149237415884293,0.001053881692493028,1004.2424242424242,0.16737373737373737,0.0526940846246514,0.8326262626262626,False,C
303,65650,2,2025-09,2025-10,PARTIAL_AVAILABILITY,3.5,2,3.5,Brockelman Road Solar 2,MA,ISNE,"Brockelman Road Solar 2, LLC",2.0,1.7,0.85,<1.5h,2021.0,LIB,CT,True,"colocated_firming,pv_same_plant,dc_coupled",0.9292164674941247,0.001077142488215483,457.64705882352945,0.07627450980392157,0.05385712441077414,0.9237254901960784,False,C
304,65409,4,2023-01,2025-02,LOW_ETA_AND_LOW_UTI,3.5,2,3.5,Gilead Foster City Solar Project,CA,CISO,Gilead Sciences Inc. Foster City,0.5,0.9,1.8,1.5-2.5h,2021.0,LIB,CT,True,"rte_gt_1,pv_same_plant",0.8127766989968787,-0.002552664519113411,866.6666666666666,0.14444444444444443,-0.5105329038226822,0.8555555555555556,False,C
305,69210,2,2025-10,2025-11,PARTIAL_AVAILABILITY,3.0,2,3.0,Salem Henningsen,OR,PGE,Lineage Logistics Solar PV - Salem OR,1.0,2.0,2.0,1.5-2.5h,2024.0,LIB,CS,True,pv_same_plant,1.0,4.910275618313044e-18,63.33333333333333,0.010555555555555554,4.910275618313044e-16,0.9894444444444445,False,C
306,64513,32,2023-01,2025-12,LOW_ETA_AND_LOW_UTI,3.0,27,3.0,Wake RJ3 Solar Energy Storage,NC,CPLE,North Carolina El Member Corp,0.6,1.1,1.8333333333333335,1.5-2.5h,2023.0,LIB,CS,True,pv_same_plant,0.690676475424651,0.00020504139063463712,96.36363636363636,0.01606060606060606,0.03417356510577285,0.9839393939393939,False,C
307,58585,33,2023-01,2025-12,LOW_ETA_AND_LOW_UTI,9.564499999999999,27,3.0,Sierra Nevada Brewing Co Hybrid,CA,CISO,Sierra Nevada Brewing Co,0.5,1.0,2.0,1.5-2.5h,2017.0,LIB,CS,True,pv_same_plant,0.8021800843254578,0.0003596695069417755,919.6666666666667,0.1532777777777778,0.0719339013883551,0.8467222222222222,False,C
308,67275,36,2023-01,2025-12,LOW_ETA_AND_LOW_UTI,5.5,36,2.5,White Plains_RFP-Gedney Way Landfill,NY,NYIS,"Distributed Solar Development, LLC",1.3,5.1,3.9230769230769225,2.5-4.5h,2021.9999999999998,LIB,CS,True,"colocated_firming,pv_same_plant",0.7688682233232313,-0.0002753039132647391,66.51960784313727,0.011086601307189544,-0.02117722409728762,0.9889133986928105,False,C
309,60567,26,2023-03,2025-12,FULL_OUTAGE,6.897,24,2.0,Ortega Highway Energy Storage,CA,CISO,SDGE Batteries,2.0,6.0,3.0,2.5-4.5h,2015.0,LIB,CS,True,rte_gt_1,,,17.11111111111111,0.002851851851851852,,0.9971481481481481,False,C
310,65015,2,2024-08,2024-09,PARTIAL_AVAILABILITY,2.0,2,2.0,ASD Wallum MA Solar LLC(CSG),MA,ISNE,ASD Wallum MA Solar LLC,3.8,12.8,3.368421052631579,2.5-4.5h,2022.0,LIB,CS,True,"colocated_firming,pv_same_plant,dc_coupled",1.0065217851290311,0.008330696440487383,330.546875,0.055091145833333334,0.2192288536970364,0.9449088541666667,False,C
311,60568,25,2023-04,2025-12,FULL_OUTAGE,9.6465,19,2.0,Canyon Crest Academy,CA,CISO,SDGE Batteries,1.0,3.0,3.0,2.5-4.5h,2014.0,LIB,CS,True,rte_gt_1,,,464.83333333333337,0.07747222222222223,,0.9225277777777777,False,C
312,67122,14,2024-02,2025-04,LOW_ETA_AND_LOW_UTI,1.5768649539771964,11,1.5768649539771964,BRIGHT Battery,NE,SWPP,Omaha Public Power District,1.0,2.4,2.4,1.5-2.5h,2023.0,LIB,CS,False,,0.8140819609666804,-0.0024064215981364086,433.33333333333337,0.07222222222222223,-0.24064215981364087,0.9277777777777778,False,A
313,67281,4,2025-02,2025-05,FULL_OUTAGE,1.5,4,1.5,FFP - NY Urbanski,NY,NYIS,"FFP NY Goshen Project1, LLC",4.0,10.5,2.625,2.5-4.5h,2024.0,LIB,CS,True,"rte_gt_1,colocated_firming,pv_same_plant,dc_coupled",,,7.428571428571429,0.0012380952380952382,,0.9987619047619047,False,C
314,61730,3,2025-09,2025-11,PARTIAL_AVAILABILITY,0.5,3,0.5,MA Solar Storage 1 Hybrid,MA,ISNE,"Origis Energy USA, Inc",1.0,2.0,2.0,1.5-2.5h,2018.0,LIB,CS,True,"pv_same_plant,dc_coupled",0.9319727165624808,-0.00018914809661811115,1055.125,0.17585416666666667,-0.018914809661811114,0.8241458333333334,False,C
315,61722,12,2024-01,2024-12,LOW_ETA_AND_LOW_UTI,0.25423728813559876,12,0.25423728813559876,HEBT Irvine 1,CA,CISO,Electrodes,5.5,33.5,6.090909090909091,>4.5h,2018.0,LIB,CS,False,,0.8560022433404636,-0.0014965146817406526,1266.8855721393036,0.2111475953565506,-0.027209357849830047,0.7888524046434494,False,A
316,66023,9,2025-04,2025-12,FULL_OUTAGE,0.0,9,0.0,Grossmont-Cuyamaca-Cuyamaca Col. Solar &,CA,CISO,"Forefront Power, LLC",1.0,1.0,1.0,<1.5h,2024.0,LIB,CS,True,"colocated_firming,pv_same_plant",,,0.0,0.0,,1.0,False,C
317,66717,21,2024-04,2025-12,FULL_OUTAGE,0.0,21,0.0,Eastover Solar,SC,CPLE,"Eastover Solar, LLC",18.0,72.0,4.0,2.5-4.5h,2023.0,OTH,CS,True,"pv_same_plant,dc_coupled",,,0.0,0.0,,1.0,False,C
318,68523,5,2025-08,2025-12,FULL_OUTAGE,0.0,5,0.0,Bishop Ranch - BR 8-Q,CA,CISO,Executive Parkway BR8-Q Solar Project 2020 LLC,0.5,1.1,2.2,1.5-2.5h,2025.0,LIB,CS,True,pv_same_plant,,,0.0,0.0,,1.0,False,C
319,68525,5,2025-08,2025-12,FULL_OUTAGE,0.0,5,0.0,Bishop Ranch - BR 15-CC,CA,CISO,"Alcosta Boulevard BR 15-CC Solar Project 2020, LLC",0.5,1.1,2.2,1.5-2.5h,2025.0,LIB,CS,True,pv_same_plant,,,0.0,0.0,,1.0,False,C
320,64453,32,2023-05,2025-12,FULL_OUTAGE,0.0,32,0.0,Volney II,NY,NYIS,"DG New York CS, LLC",3.0,12.0,4.0,2.5-4.5h,2021.0,LIB,CS,True,"colocated_firming,pv_same_plant,dc_tight",,,0.3333333333333333,5.555555555555555e-05,,0.9999444444444444,False,C
321,61739,36,2023-01,2025-12,FULL_OUTAGE,0.0,36,0.0,Lockheed Martin RMS Syracuse,NY,NYIS,Lockheed Martin RMS Syracuse,1.0,1.3,1.3,<1.5h,2017.0,LIB,CS,False,,,,0.7692307692307692,0.0001282051282051282,,0.9998717948717949,False,B
322,68522,2,2025-09,2025-10,FULL_OUTAGE,0.0,2,0.0,Bishop Ranch - BR 8-O,CA,CISO,Executive Parkway BR8-O Solar Project 2020 LLC,0.5,1.1,2.2,1.5-2.5h,2025.0,LIB,CS,True,pv_same_plant,,,0.9090909090909091,0.00015151515151515152,,0.9998484848484849,False,C
323,66474,36,2023-01,2025-12,FULL_OUTAGE,31.882499999999997,36,0.0,MA Blackstone,MA,ISNE,"Catalyze Blackstone 83 Federal Street Microgrid, LLC",3.0,6.4,2.1333333333333333,1.5-2.5h,2022.0,LIB,CS,True,"pv_same_plant,dc_coupled",,,8.59375,0.0014322916666666666,,0.9985677083333333,False,C
324,63775,34,2023-02,2025-12,FULL_OUTAGE,0.0,23,0.0,Tech Square Microgrid,GA,SOCO,Georgia Power Co,0.2,0.4,2.0,1.5-2.5h,2020.0,LIB,BL,False,,,,10.0,0.0016666666666666668,,0.9983333333333333,False,B
325,64050,2,2025-06,2025-07,FULL_OUTAGE,0.0,2,0.0,Fort Bragg - Camp Mackall PV BESS System,NC,CPLE,Ameresco Federal Solutions,2.0,2.0,1.0,<1.5h,2023.0,LIB,CS,True,"pv_same_plant,dc_coupled",,,13.5,0.00225,,0.99775,False,C
326,60249,36,2023-01,2025-12,FULL_OUTAGE,0.0,36,0.0,Silicon Valley Clean Water,CA,CISO,Silicon Valley Clean Water,1.0,2.0,2.0,1.5-2.5h,2020.0,LIB,CS,False,,,,16.5,0.00275,,0.99725,False,B
327,65815,2,2024-06,2024-07,PARTIAL_AVAILABILITY,0.0,2,0.0,NY - Mines Press,NY,NYIS,NY - Mines Press,1.0,2.1,2.1,1.5-2.5h,2022.0,LIB,CS,True,"colocated_firming,pv_same_plant,dc_coupled",,,29.047619047619047,0.004841269841269842,,0.9951587301587301,False,C
328,67745,2,2025-06,2025-07,FULL_OUTAGE,0.0,2,0.0,White Plains RFP Shapham Place,NY,NYIS,Shapham Place Solar Project 2020 LLC,5.0,2.0,0.4,<1.5h,2022.0,LIB,CS,True,"colocated_firming,pv_same_plant",,,40.5,0.00675,,0.99325,False,C
329,61795,24,2024-01,2025-12,LOW_ETA_AND_LOW_UTI,0.0,24,0.0,Pacific Union College BESS,CA,CISO,ENGIE Storage Services NA LLC,1.0,2.0,2.0,1.5-2.5h,2020.0,LIB,CS,True,rte_gt_1,0.5901023503694296,0.001928957253687005,55.5,0.00925,0.1928957253687005,0.99075,False,C
330,65154,9,2025-01,2025-12,LOW_ETA_AND_LOW_UTI,0.0,4,0.0,UMass PV Lot 22,MA,ISNE,RWE Clean Energy,2.0,4.3,2.15,1.5-2.5h,2022.0,LIB,CS,True,"pv_same_plant,dc_coupled",0.777450363016969,0.00583505491907737,55.58139534883721,0.009263565891472869,0.2917527459538685,0.9907364341085272,False,C
331,61990,14,2024-01,2025-09,FULL_OUTAGE,0.0,12,0.0,TAC-Distributed Energy Resource Hybrid,IL,MISO,Ameren Illinois,0.3,0.5,1.6666666666666667,1.5-2.5h,2017.0000000000002,LIB,CT,True,pv_same_plant,,,74.66666666666667,0.012444444444444445,,0.9875555555555555,False,C
332,60491,54,2021-07,2025-12,FULL_OUTAGE,13.5,54,0.0,Springbok 3 Solar Farm Hybrid,CA,LDWP,64KT 8me LLC,1.5,1.5,1.0,<1.5h,2019.0,LIB,CT,True,"pv_same_plant,dc_coupled",0.8607025051670518,-0.0001511678830764688,78.0,0.013,-0.010077858871764588,0.987,False,C
333,68147,13,2024-12,2025-12,LOW_ETA_AND_LOW_UTI,0.0,13,0.0,Coffeen Solar BESS,IL,MISO,Vistra Corp,2.0,8.0,4.0,2.5-4.5h,2024.0,LIB,CS,True,pv_same_plant,0.6781727386445171,6.995836902389262e-05,82.125,0.0136875,0.0034979184511946307,0.9863125,False,C
334,65441,36,2023-01,2025-12,LOW_ETA_AND_LOW_UTI,4.0,36,0.0,USS Itasca Clean Energy Solar LLC,MN,MISO,United States Solar Corporation,1.0,3.0,3.0,2.5-4.5h,2022.0,LIB,CS,True,pv_same_plant,0.780699474197645,0.0020506632437032714,86.33333333333333,0.014388888888888889,0.20506632437032715,0.9856111111111111,False,C
335,63415,32,2023-05,2025-12,FULL_OUTAGE,141.0,32,0.0,"Middletown Solar 1, LLC Hybrid CSG",NY,NYIS,AES Distributed Energy,1.6,6.6,4.124999999999999,2.5-4.5h,2020.0,LIB,CS,True,"rte_gt_1,pv_same_plant,dc_tight",,,90.0,0.015,,0.985,False,C
336,66764,22,2024-02,2025-12,LOW_ETA_AND_LOW_UTI,0.0,15,0.0,SCH - (2A) 156 Barhydt Rd Glenville,NY,NYIS,"Distributed Solar Development, LLC",2.5,10.0,4.0,2.5-4.5h,2021.0,LIB,CS,True,"colocated_firming,pv_same_plant,dc_coupled",0.7373973099091038,-0.0009770722197832327,92.39999999999999,0.015399999999999999,-0.03908288879132931,0.9846,False,C
337,68816,20,2024-05,2025-12,LOW_ETA_AND_LOW_UTI,0.0,20,0.0,Google Bayhill Solar PV and Microgrid,CA,CISO,"Google, Inc.",2.6,5.3,2.0384615384615383,1.5-2.5h,2024.0000000000002,LIB,CS,True,"pv_same_plant,dc_coupled",0.6724679966121232,0.00017174066209812744,93.20754716981132,0.015534591194968554,0.006605410080697209,0.9844654088050314,False,C
338,62839,25,2023-05,2025-12,LOW_ETA_AND_LOW_UTI,0.0,12,0.0,98th Street Battery Storage Station,NY,NYIS,Consolidated Edison Co-NY Inc,2.0,10.0,5.0,>4.5h,2021.0,LIB,CS,True,rte_gt_1,0.7819526254808778,0.009545900376667244,93.56666666666666,0.015594444444444444,0.4772950188333622,0.9844055555555555,False,C
339,59256,31,2019-01,2021-07,LOW_ETA_AND_LOW_UTI,1746.1275308388342,31,0.0,Vaca Dixon Battery Storage System,CA,CISO,Pacific Gas & Electric Co.,2.0,14.0,7.0,>4.5h,2013.0,NAB,CS,False,,0.7736545426451329,0.0678008129526838,94.64285714285714,0.015773809523809523,3.3900406476341898,0.9842261904761904,False,A
340,62754,12,2024-07,2025-07,FULL_OUTAGE,0.0,7,0.0,San Diego International Airport BESS,CA,CISO,"Critical Loop, Inc.",2.0,4.0,2.0,1.5-2.5h,2021.0,LIB,CS,False,,,,97.72916666666667,0.016288194444444445,,0.9837118055555556,False,B
341,64509,33,2023-01,2025-12,LOW_ETA_AND_LOW_UTI,2.0,24,0.0,South River H4 Solar Energy Storage,NC,CPLE,North Carolina El Member Corp,0.6,1.1,1.8333333333333335,1.5-2.5h,2023.0,LIB,CS,True,pv_same_plant,0.7334884147874257,-2.024478820172146e-05,107.27272727272727,0.01787878787878788,-0.0033741313669535767,0.9821212121212122,False,C
342,62937,61,2019-06,2025-12,LOW_ETA_AND_LOW_UTI,0.0,50,0.0,Athens BESS,MN,MISO,"Gopher Energy Storage, LLC",6.0,12.0,2.0,1.5-2.5h,2018.0,LIB,CS,True,colocated_firming,0.5082720181255713,0.003986122930599231,111.79861111111111,0.018633101851851852,0.06643538217665385,0.9813668981481481,False,C
343,64512,34,2023-01,2025-12,LOW_ETA_AND_LOW_UTI,0.0,24,0.0,Hamlet Solar Energy Storage,NC,CPLE,North Carolina El Member Corp,0.5,1.1,2.2,1.5-2.5h,2023.0,LIB,CS,True,pv_same_plant,0.7859993947063704,0.0007596472903266619,119.09090909090908,0.019848484848484848,0.1519294580653324,0.9801515151515151,False,C
344,60607,35,2023-01,2025-12,LOW_ETA_AND_LOW_UTI,0.0,21,0.0,CMEEC - Polaris Park Solar Hybrid,CT,ISNE,Tesla Inc.,0.8,3.3,4.124999999999999,2.5-4.5h,2017.0,LIB,CS,True,pv_same_plant,0.8111173756603263,0.0016292409854013813,120.30303030303031,0.02005050505050505,0.20365512317517265,0.9799494949494949,False,C
345,63090,2,2025-07,2025-08,PARTIAL_AVAILABILITY,0.0,2,0.0,Athens - Coopers Corner BESS,MN,MISO,"Gopher Energy Storage, LLC",3.0,6.0,2.0,1.5-2.5h,2018.0,LIB,CS,True,colocated_firming,,,141.36111111111111,0.023560185185185184,,0.9764398148148148,False,C
346,60316,24,2024-01,2025-12,LOW_ETA_AND_LOW_UTI,0.0,24,0.0,Scott Solar Farm,VA,PJM,Dominion Energy Inc.,40.0,48.0,1.2,<1.5h,2022.0,LIB,CS,True,pv_same_plant,0.8188354828808176,0.01784238842635182,147.14583333333334,0.024524305555555556,0.044605971065879546,0.9754756944444445,False,C
347,60698,5,2021-12,2023-09,PARTIAL_AVAILABILITY,59.0,3,0.0,Stanton Energy Reliability Center Hybrid,CA,CISO,"Wellhead Services, Inc",20.0,9.0,0.45,<1.5h,2020.0,LIB,CS,True,rte_gt_1,0.4386325920209454,-0.00040986715382018447,150.55555555555554,0.02509259259259259,-0.002049335769100922,0.9749074074074074,False,C
348,62682,59,2019-11,2025-12,LOW_ETA_AND_LOW_UTI,0.0,29,0.0,Noland Wastewater Treatment Plant Hybrid,AR,SWPP,"Today's Power, Inc.",6.0,13.1,2.183333333333333,1.5-2.5h,2019.0,LIB,BL,True,"rte_gt_1,pv_same_plant",0.642318154584921,0.0012490573270034163,151.29770992366412,0.025216284987277352,0.020817622116723604,0.9747837150127227,False,C
349,64511,31,2023-01,2025-12,LOW_ETA_AND_LOW_UTI,0.0,24,0.0,Rose Acre Solar Energy Storage,NC,CPLE,North Carolina El Member Corp,2.5,5.0,2.0,1.5-2.5h,2023.0,LIB,CS,True,pv_same_plant,0.8520624799531502,0.012372280779044861,157.6,0.026266666666666667,0.49489123116179445,0.9737333333333333,False,C
350,62753,6,2021-01,2023-11,FULL_OUTAGE,88.0,4,0.0,Prospect Storage,TX,ERCO,GlidePath Power Operations LLC,9.9,10.0,1.0101010101010102,<1.5h,2020.0,LIB,CS,True,rte_gt_1,1.2940100489684352,0.03806293104125701,161.1,0.02685,0.384474050921788,0.97315,False,C
351,68548,5,2025-01,2025-05,FULL_OUTAGE,0.0,5,0.0,Tipton 2 - (CA),CA,CISO,CleanCapital Holdings,0.7,2.9,4.142857142857143,2.5-4.5h,2024.0,LIB,CS,True,pv_same_plant,,,166.20689655172416,0.02770114942528736,,0.9722988505747127,False,C
352,64719,2,2023-01,2023-02,FULL_OUTAGE,38.0,2,0.0,Glenmere Lake,NY,ISNE,AES Distributed Energy,2.0,7.5,3.75,2.5-4.5h,2021.0,LIB,CT,True,"rte_gt_1,pv_same_plant,dc_tight",0.9119299218652229,2.588612336183223e-05,167.46666666666667,0.027911111111111112,0.0012943061680916114,0.9720888888888889,False,C
353,64875,25,2023-01,2025-12,LOW_ETA_AND_LOW_UTI,0.0,8,0.0,276 Federal Rd(CSG),MA,ISNE,"276FED WHAM8 Solar, LLC",3.3,6.9,2.0909090909090913,1.5-2.5h,2021.0,LIB,CS,True,"rte_gt_1,pv_same_plant",0.7367398822098357,0.005071937328610453,168.69565217391303,0.028115942028985506,0.15369507056395315,0.9718840579710145,False,C
354,66905,2,2025-09,2025-10,LOW_ETA_AND_LOW_UTI,0.0,2,0.0,Ables Springs Solar & Storage,TX,ERCO,"Ables Springs Solar, LLC",100.0,157.7,1.577,1.5-2.5h,2025.0,LIB,CS,True,pv_same_plant,0.7682452834150211,-0.04950249138229517,173.97590361445785,0.028995983935742976,-0.04950249138229517,0.971004016064257,False,C
355,64516,35,2023-01,2025-12,LOW_ETA_AND_LOW_UTI,0.0,24,0.0,Lowe Solar Energy Storage,NC,CPLE,North Carolina El Member Corp,2.5,5.0,2.0,1.5-2.5h,2022.0,LIB,CS,True,pv_same_plant,0.8041386345915384,0.007673277728345572,180.0,0.03,0.3069311091338229,0.97,False,C
356,68684,2,2025-01,2025-02,LOW_ETA_AND_LOW_UTI,0.0,2,0.0,Century BESS,TX,ERCO,Prologis Logistics Services Incorporated BESS,10.0,24.8,2.48,1.5-2.5h,2024.0,LIB,CS,False,,0.8285213832433916,-0.005530302431849749,181.93548387096774,0.03032258064516129,-0.05530302431849749,0.9696774193548388,False,B
357,66598,9,2024-10,2025-12,LOW_ETA_AND_LOW_UTI,0.0,4,0.0,Baldy Mesa Solar & Storage,CA,CISO,AES Clean Energy,75.0,300.0,4.0,2.5-4.5h,2024.0,LIB,CS,True,"pv_same_plant,dc_coupled",0.8596289116853189,-0.2783058063590074,190.26333333333332,0.031710555555555554,-0.37107440847867657,0.9682894444444444,False,C
358,65114,11,2023-05,2024-12,LOW_ETA_AND_LOW_UTI,0.0,6,0.0,196 Tremont St(CSG),MA,ISNE,"196TRE WHAM8 Solar, LLC",1.5,8.0,5.333333333333333,>4.5h,2021.0,LIB,CS,True,pv_same_plant,0.7903016413816655,-9.671942365450894e-05,192.375,0.0320625,-0.0064479615769672625,0.9679375,False,C
359,60014,48,2022-01,2025-12,LOW_ETA_AND_LOW_UTI,3009.5,48,0.0,Manatee Solar Energy Center,FL,FPL,Florida Power & Light Co,409.0,900.0,2.2004889975550124,1.5-2.5h,2021.0,LIB,CS,True,pv_same_plant,0.8190477455146773,1.6857550697090629,192.9988888888889,0.03216648148148148,0.4121650537185973,0.9678335185185185,False,C
360,67545,14,2024-11,2025-12,ELEVATED_P_AUX,0.0,14,0.0,Marshall Solar Plus LLC,MN,MISO,Western Minnesota Mun Pwr Agny,5.0,30.6,6.12,>4.5h,2024.0,LIB,CS,True,"colocated_firming,pv_same_plant",0.9727186056837575,0.14089532017159093,196.73202614379085,0.03278867102396514,2.8179064034318184,0.9672113289760349,False,C
361,64844,4,2025-01,2025-04,FULL_OUTAGE,0.0,4,0.0,Three Rivers Solar LLC,MA,ISNE,ASD Three Rivers Road MA Solar LLC,1.4,2.8,2.0,1.5-2.5h,2024.0,PBB,CS,True,"pv_same_plant,dc_coupled",,,201.07142857142858,0.033511904761904764,,0.9664880952380952,False,C
362,63805,18,2023-01,2025-12,LOW_ETA_AND_LOW_UTI,0.0,7,0.0,Williamsville Hybrid CSG,MA,ISNE,"147 Williamsville Solar 1, LLC",3.3,6.7,2.0303030303030303,1.5-2.5h,2021.0,LIB,CS,True,pv_same_plant,0.8394791267704619,0.0020053244152675076,202.98507462686567,0.03383084577114428,0.060767406523257815,0.9661691542288557,False,C
363,65291,19,2024-06,2025-12,ELEVATED_P_AUX,0.0,19,0.0,Golden Triangle II,MS,TVA,"Origis Energy USA, Inc",50.0,200.0,4.0,2.5-4.5h,2024.0,LIB,CS,True,"pv_same_plant,dc_coupled",0.9935729580312532,0.6524192446837078,208.23,0.034705,1.3048384893674156,0.965295,False,C
364,60974,18,2023-02,2025-12,FULL_OUTAGE,30.615,4,0.0,Glendale Battery Energy Storage System,CA,LDWP,City of Glendale - (CA),2.0,1.0,0.5,<1.5h,2017.0,LIB,CS,True,rte_gt_1,,,216.5,0.036083333333333335,,0.9639166666666666,False,C
365,64446,33,2023-01,2025-09,LOW_ETA_AND_LOW_UTI,0.0,33,0.0,Arlington Microgrid,WA,BPAT,PUD No 1 of Snohomish County - (WA),1.0,1.4,1.4,<1.5h,2021.0,LIB,CS,True,"colocated_firming,pv_same_plant",0.7387830216587841,0.00028454738923959944,232.85714285714286,0.03880952380952381,0.028454738923959944,0.9611904761904762,False,C
366,60815,36,2023-01,2025-12,LOW_ETA_AND_LOW_UTI,2.7089999999999996,36,0.0,Hampshire College Hybrid,MA,ISNE,Tesla Inc.,1.0,1.0,1.0,<1.5h,2017.0,LIB,CS,True,pv_same_plant,0.6818409697806237,0.0014604773015403727,238.0,0.03966666666666667,0.14604773015403727,0.9603333333333334,False,C
367,67321,10,2025-03,2025-12,ELEVATED_P_AUX,0.0,10,0.0,Yuma Solar + Storage,AZ,AZPS,Invenergy Services LLC,70.0,268.0,3.8285714285714287,2.5-4.5h,2025.0,LIB,CS,True,pv_same_plant,0.9788410095382489,0.7983894511593604,251.86194029850748,0.041976990049751244,1.1405563587990863,0.9580230099502488,False,C
368,65057,22,2023-01,2025-12,LOW_ETA_AND_LOW_UTI,0.0,8,0.0,299 Farm to Market Rd Hybrid(CSG),MA,ISNE,"299F2M WHAM8 Solar, LLC",2.3,4.9,2.130434782608696,1.5-2.5h,2020.9999999999998,LIB,CS,True,"rte_gt_1,pv_same_plant",0.8466817160587315,-0.00494571374973527,258.57142857142856,0.04309523809523809,-0.2150310325971857,0.9569047619047619,False,C
369,65669,25,2023-01,2025-12,LOW_ETA_AND_LOW_UTI,0.0,16,0.0,Faunce Corner Community Solar,MA,ISNE,"Faunce Corner Road Dartmouth Solar 1, LLC",1.0,3.9,3.9,2.5-4.5h,2022.0,LIB,CS,True,pv_same_plant,0.7691832251783953,0.002952666416661554,266.92307692307696,0.04448717948717949,0.2952666416661554,0.9555128205128205,False,C
370,69190,10,2025-01,2025-12,LOW_ETA_AND_LOW_UTI,0.0,7,0.0,"GreenStruxure BBU004, LLC",CA,CISO,ClearGen LLC,0.2,0.4,2.0,1.5-2.5h,2023.0,LIB,CS,True,"pv_same_plant,dc_coupled",0.790069314418679,-0.0002652581537523432,270.83333333333337,0.045138888888888895,-0.1326290768761716,0.9548611111111112,False,C
371,61741,9,2023-04,2023-12,FULL_OUTAGE,29.931,9,0.0,Kingsberry Energy Storage System,TX,ERCO,Austin Energy,1.5,3.0,2.0,1.5-2.5h,2018.0,LIB,CS,True,colocated_firming,,,275.55555555555554,0.045925925925925926,,0.9540740740740741,False,C
372,67496,4,2025-01,2025-04,PARTIAL_AVAILABILITY,0.0,4,0.0,Sandlake,TX,ERCO,"HEN Infrastructure, L.L.C.",9.9,9.9,1.0,<1.5h,2024.0000000000002,LIB,CS,False,,0.9006653310346958,0.002595102863677734,275.55555555555554,0.045925925925925926,0.02621316023916903,0.9540740740740741,False,A
373,64980,33,2023-01,2025-12,LOW_ETA_AND_LOW_UTI,0.0,18,0.0,UMass Boston,MA,ISNE,"MSS Energy Holdings, LLC (d.b.a. Calibrant Energy)",0.5,2.1,4.2,2.5-4.5h,2021.0,LIB,BL,True,pv_same_plant,0.7737292959243907,0.002600893701601364,283.3333333333333,0.04722222222222222,0.5201787403202729,0.9527777777777777,False,C
374,64640,35,2023-01,2025-12,LOW_ETA_AND_LOW_UTI,38.6255,19,0.0,Hot Springs Energy Storage & Microgrid,NC,CPLW,Duke Energy Progress - (NC),4.4,4.4,1.0,<1.5h,2022.0,LIB,CS,True,"pv_same_plant,dc_coupled",0.8570990312705857,0.006129336646113423,285.9090909090909,0.047651515151515146,0.13930310559348688,0.9523484848484849,False,C
375,61197,9,2019-12,2024-03,FULL_OUTAGE,11.0,7,0.0,Pima Energy Storage System,AZ,TEPC,Pima Energy Storage System,10.0,10.0,1.0,<1.5h,2017.0,LIB,CS,True,rte_gt_1,,,303.7,0.050616666666666664,,0.9493833333333334,False,C
376,62497,12,2025-01,2025-12,FULL_OUTAGE,0.0,12,0.0,Orange County Energy Storage 2,CA,CISO,Convergent Energy and Power LP,9.0,36.0,4.0,2.5-4.5h,2021.0,LIB,CS,False,,,,312.18055555555554,0.05203009259259259,,0.9479699074074074,False,B
377,63763,2,2025-09,2025-10,PARTIAL_AVAILABILITY,0.0,2,0.0,CES Agawam Tuckahoe Solar Hybrid,MA,ISNE,CES Agawam Tuckahoe Solar LLC,2.6,5.2,2.0,1.5-2.5h,2021.0,LIB,CS,True,"rte_gt_1,colocated_firming,pv_same_plant,dc_coupled",1.0000000000000002,-3.191508777360407e-18,317.1153846153846,0.0528525641025641,-1.2275033759078488e-16,0.9471474358974359,False,C
378,64000,2,2023-07,2023-08,PARTIAL_AVAILABILITY,0.0,2,0.0,Amaterasu LLC,MA,ISNE,AES Distributed Energy,3.2,6.0,1.875,1.5-2.5h,2021.0000000000002,LIB,CT,True,"pv_same_plant,dc_tight",0.8653510728458698,0.0002048497766345631,324.0,0.054,0.006401555519830096,0.946,False,C
379,66620,29,2023-08,2025-12,ELEVATED_P_AUX,0.0,29,0.0,Resurgence Solar II,CA,CISO,Resurgence Solar II,40.0,300.0,7.5,>4.5h,2023.0,LIB,CS,True,pv_same_plant,0.951233496545676,0.40280567208568174,328.32,0.05472,1.0070141802142043,0.94528,False,C
380,67762,2,2025-09,2025-10,LOW_ETA_AND_LOW_UTI,0.0,2,0.0,Stampede Solar Hybrid,TX,ERCO,Stampede Solar Project LLC,72.2,115.0,1.592797783933518,1.5-2.5h,2024.0000000000002,LIB,CS,True,pv_same_plant,0.8147365756633776,-0.08450171118461329,340.31304347826085,0.05671884057971014,-0.11703838114212367,0.9432811594202899,False,C
381,63804,17,2023-01,2025-12,LOW_ETA_AND_LOW_UTI,0.0,6,0.0,Partridgeville Hybrid CSG,MA,ISNE,"Partridgeville Road Solar 1, LLC",2.0,3.9,1.95,1.5-2.5h,2020.0,LIB,CS,True,pv_same_plant,0.8502568218654875,0.0008453657607684322,343.0769230769231,0.05717948717948718,0.042268288038421614,0.9428205128205128,False,C
382,54296,46,2021-11,2025-12,LOW_ETA_AND_LOW_UTI,1.0,29,0.0,Biola University Hybrid,CA,CISO,Biola University,0.3,0.5,1.6666666666666667,1.5-2.5h,2018.0,LIB,CS,True,rte_gt_1,0.8500341004043834,0.0002595371874527027,356.5,0.059416666666666666,0.08651239581756759,0.9405833333333333,False,C
383,65028,17,2023-07,2024-12,LOW_ETA_AND_LOW_UTI,0.0,14,0.0,"Roseland Solar Project, LLC",TX,ERCO,"Enel Green Power Roseland Solar, LLC",51.8,84.5,1.6312741312741315,1.5-2.5h,2023.0,LIB,CS,True,pv_same_plant,0.7999427236182662,0.3885321783948101,381.7278106508876,0.06362130177514794,0.7500621204533013,0.9363786982248521,False,C
384,64672,17,2023-06,2024-12,LOW_ETA_AND_LOW_UTI,0.0,10,0.0,"Blue Jay Solar I, LLC",TX,ERCO,"Blue Jay Solar I, LLC",51.6,84.5,1.6375968992248062,1.5-2.5h,2023.0,LIB,CS,True,pv_same_plant,0.7554862587384277,0.1623956653553811,383.98816568047334,0.06399802761341222,0.31472028169647503,0.9360019723865878,False,C
385,65695,25,2022-10,2025-07,LOW_ETA_AND_LOW_UTI,0.0,19,0.0,TX12 Silicon Hill Storage,TX,ERCO,Key Capture Energy,100.0,100.0,1.0,<1.5h,2022.0,LIB,CS,True,rte_gt_1,0.5899611358780413,0.07536289111705145,418.52,0.06975333333333333,0.07536289111705145,0.9302466666666667,False,C
386,57583,4,2020-01,2023-05,PARTIAL_AVAILABILITY,11.0,2,0.0,Battery Energy Storage System,AK,,Golden Valley Elec Assn Inc,40.0,11.0,0.275,<1.5h,2003.0,NIB,BL,False,,,,437.9015151515152,0.07298358585858586,,0.9270164141414141,False,B
387,62968,3,2023-10,2023-12,FULL_OUTAGE,123.5,3,0.0,Syncarpha Tewksbury Hybrid CSG,MA,ISNE,"Syncarpha Tewksbury, LLC",2.0,4.0,2.0,1.5-2.5h,2022.0,LIB,CT,True,pv_same_plant,0.8758860031451045,0.0024943691923526557,458.5,0.07641666666666666,0.12471845961763278,0.9235833333333333,False,C
388,65614,19,2023-01,2024-08,LOW_ETA_AND_LOW_UTI,38.0,13,0.0,Orange Coast College PH2 Solar Project,CA,CISO,"Solar Star Coastal Pirate, LLC",2.1,4.0,1.9047619047619047,1.5-2.5h,2021.9999999999998,LIB,CS,True,"rte_gt_1,pv_same_plant",0.517306634341064,-0.0825724051128167,505.0,0.08416666666666667,-3.9320192910865095,0.9158333333333333,False,C
389,57997,24,2024-01,2025-12,ELEVATED_P_AUX,0.0,24,0.0,Foothills Solar Plant Hybrid,AZ,AZPS,Arizona Public Service Co,35.0,105.0,3.0,2.5-4.5h,2023.0,LIB,CS,True,pv_same_plant,0.9354128087951742,0.4882986769464309,509.93333333333334,0.08498888888888889,1.3951390769898027,0.9150111111111111,False,C
390,66263,2,2025-05,2025-06,PARTIAL_AVAILABILITY,0.0,2,0.0,Eleven Mile Solar Center,AZ,SRP,"Eleven Mile Solar Center, LLC",300.0,1200.0,4.0,2.5-4.5h,2024.0,LIB,CS,True,pv_same_plant,0.9215923846810119,0.9656405346632893,509.99083333333334,0.08499847222222222,0.32188017822109644,0.9150015277777778,False,C
391,60441,2,2023-10,2023-11,PARTIAL_AVAILABILITY,2.5,2,0.0,Salem Smart Power Center,OR,PGE,Portland General Electric Co,5.0,5.0,1.0,<1.5h,2013.0,LIB,BL,True,"colocated_firming,dc_coupled",,,527.474358974359,0.08791239316239317,,0.9120876068376068,False,C
392,57563,24,2024-01,2025-12,ELEVATED_P_AUX,0.0,24,0.0,Hyder Solar Hybrid,AZ,AZPS,Arizona Public Service Co,16.0,48.0,3.0,2.5-4.5h,2023.0,LIB,CS,True,pv_same_plant,0.9737272463568785,0.25362545669519576,547.4583333333334,0.09124305555555556,1.5851591043449735,0.9087569444444444,False,C
393,63472,9,2023-01,2024-05,LOW_ETA_AND_LOW_UTI,0.0,5,0.0,Cycz Solar Project CSG Hybrid,MA,ISNE,AES Distributed Energy,1.3,2.5,1.923076923076923,1.5-2.5h,2020.0,LIB,CS,True,"rte_gt_1,pv_same_plant,dc_tight",0.764503491356373,-0.00033772652185342196,550.8,0.09179999999999999,-0.025978963219493997,0.9082,False,C
394,59257,31,2019-01,2021-07,LOW_ETA_AND_LOW_UTI,5673.036084569589,31,0.0,Yerba Buena,CA,CISO,Pacific Gas & Electric Co.,4.0,28.0,7.0,>4.5h,2013.0,NAB,CS,False,,0.6578581657747814,0.17231511352135068,564.4940476190476,0.09408234126984126,4.307877838033767,0.9059176587301587,False,A
395,62499,12,2025-01,2025-12,FULL_OUTAGE,0.0,12,0.0,Orange County Energy Storage 3,CA,CISO,Convergent Energy and Power LP,6.0,24.0,4.0,2.5-4.5h,2021.0,LIB,CS,False,,,,568.5486111111111,0.09475810185185185,,0.9052418981481481,False,B
396,64489,4,2024-05,2025-04,LOW_ETA_AND_LOW_UTI,0.0,2,0.0,Resurgence Solar,CA,CISO,Resurgence Solar,75.0,300.0,4.0,2.5-4.5h,2023.0,OTH,CS,True,pv_same_plant,0.8445866539489165,-0.09579139121775991,575.1966666666667,0.09586611111111112,-0.12772185495701321,0.9041338888888889,False,C
397,57562,2,2025-05,2025-06,PARTIAL_AVAILABILITY,0.0,2,0.0,Paloma Solar Hybrid,AZ,AZPS,Arizona Public Service Co,17.0,51.0,3.0,2.5-4.5h,2023.0,LIB,CS,True,pv_same_plant,0.8547479927118667,0.05930317405094584,588.0784313725491,0.09801307189542484,0.3488422002996814,0.9019869281045751,False,C
398,64618,7,2024-08,2025-02,LOW_ETA_AND_LOW_UTI,0.0,7,0.0,Kearsarge Haverhill,MA,ISNE,Kearsarge Haverhill LLC,2.0,9.0,4.5,>4.5h,2021.0,LIB,CS,True,pv_same_plant,0.8521905098389841,0.005349176921189931,627.0,0.1045,0.26745884605949655,0.8955,False,C
399,65675,2,2024-04,2024-05,PARTIAL_AVAILABILITY,0.0,2,0.0,Edwards Sanborn E4,CA,CISO,Terra-Gen Operating Co-Hybrid,100.0,100.0,1.0,<1.5h,2023.0,LIB,CS,True,"pv_same_plant,dc_coupled",1.0514039829614383,0.8562101969147724,635.08,0.10584666666666667,0.8562101969147725,0.8941533333333334,False,C
400,66163,4,2024-10,2025-05,LOW_ETA_AND_LOW_UTI,0.0,2,0.0,Jicarilla Solar 1 LLC,NM,PNM,Repsol Renewables NA,20.0,80.0,4.0,2.5-4.5h,2023.0,LIB,CS,True,pv_same_plant,0.8400218401318934,-0.04005142628780467,641.3125,0.10688541666666666,-0.20025713143902332,0.8931145833333334,False,C
401,61721,4,2020-08,2022-09,PARTIAL_AVAILABILITY,120.0,2,0.0,Baldwin (CA),CA,CISO,Electrodes,1.0,6.9,6.9,>4.5h,2019.0,LIB,CS,True,rte_gt_1,0.8783722445257017,-0.00021785450252717104,679.8550724637681,0.11330917874396135,-0.021785450252717106,0.8866908212560387,False,C
402,64103,58,2021-03,2025-12,ELEVATED_P_AUX,0.0,58,0.0,Desert Harvest II LLC,CA,CISO,Desert Harvest II LLC,35.0,140.0,4.0,2.5-4.5h,2021.0,LIB,CS,True,"pv_same_plant,dc_coupled",0.9498524986862953,0.36412612050329135,714.8714285714285,0.11914523809523808,1.0403603442951181,0.880854761904762,False,C
403,66423,2,2024-04,2024-05,PARTIAL_AVAILABILITY,0.0,2,0.0,Stanton Battery Energy Storage,CA,CISO,"Wellhead Services, Inc",68.8,275.2,4.0,2.5-4.5h,2023.0,LIB,CS,False,,0.9199259331533991,0.27652707233646395,724.2078488372093,0.12070130813953489,0.4019288842099767,0.879298691860465,False,B
404,64620,36,2023-01,2025-12,ELEVATED_P_AUX,0.0,36,0.0,Kearsarge Montague BD(CSG),MA,ISNE,Kearsarge Montague BD LLC,1.3,5.1,3.9230769230769225,2.5-4.5h,2021.0,LIB,CS,True,pv_same_plant,0.9263033868634144,0.013158593772848573,742.1568627450981,0.12369281045751636,1.0121995209883516,0.8763071895424837,False,C
405,64564,9,2022-08,2023-11,LOW_ETA_AND_LOW_UTI,3632.5,7,0.0,Arlington Energy Center III,CA,CISO,Arlington Energy Center III,110.0,440.0,4.0,2.5-4.5h,2022.0,LIB,CT,True,pv_same_plant,0.8318822671568049,0.12898168622105943,743.3909090909091,0.12389848484848484,0.11725607838278129,0.8761015151515151,False,C
406,59993,49,2019-02,2025-12,LOW_ETA_AND_LOW_UTI,1310.0,23,0.0,Babcock Solar Energy Center Hybrid,FL,FPL,Florida Power & Light Co,10.0,40.0,4.0,2.5-4.5h,2018.0,LIB,CS,True,"rte_gt_1,colocated_firming,pv_same_plant",0.731294329816425,0.029432641845372823,745.1,0.12418333333333334,0.2943264184537282,0.8758166666666667,False,C
407,62745,14,2022-11,2025-12,LOW_ETA_AND_LOW_UTI,1175.0,5,0.0,Wheatridge Hybrid,OR,BPAT,"Wheatridge Wind Holdings, LLC",30.0,120.0,4.0,2.5-4.5h,2022.0,LIB,CS,True,"pv_same_plant,dc_coupled",0.7440622921343707,0.024342292505648996,773.3083333333334,0.12888472222222222,0.08114097501882998,0.8711152777777778,False,C
408,64105,2,2023-06,2023-07,PARTIAL_AVAILABILITY,1420.0,2,0.0,"Maverick Solar 6, LLC",CA,CISO,"Maverick Solar 6, LLC",50.0,200.0,4.0,2.5-4.5h,2022.0,LIB,CS,True,"rte_gt_1,pv_same_plant,dc_coupled",0.867908830720661,-0.0743766978660786,777.205,0.12953416666666667,-0.1487533957321572,0.8704658333333333,False,C
409,63468,34,2023-01,2025-12,LOW_ETA_AND_LOW_UTI,0.0,18,0.0,Hurteau Solar Project Hybrid,MA,ISNE,AES Distributed Energy,1.3,1.5,1.1538461538461537,<1.5h,2020.0,LIB,CS,True,"rte_gt_1,pv_same_plant,dc_tight",0.7117606932354993,0.005539583280627437,800.6666666666666,0.13344444444444445,0.4261217908174951,0.8665555555555555,False,C
410,63486,2,2023-11,2023-12,PARTIAL_AVAILABILITY,1.5,2,0.0,D'Arrigo Brothers - Phase 4,CA,CISO,CalCom Energy,0.5,0.8,1.6,1.5-2.5h,2019.0,LIB,CS,True,pv_same_plant,1.272380451084325,0.00996309408612288,810.0,0.135,1.992618817224576,0.865,False,C
411,62382,2,2021-09,2021-10,PARTIAL_AVAILABILITY,22.0,2,0.0,GMP Solar/Storage-Ferrisburgh Hybrid,VT,ISNE,Green Mountain Power Corp,2.0,8.0,4.0,2.5-4.5h,2019.0,LIB,OT,True,"rte_gt_1,pv_same_plant",2.15802781747535,-0.01274726312064824,843.875,0.14064583333333333,-0.637363156032412,0.8593541666666666,False,C
412,62733,9,2023-06,2024-05,FULL_OUTAGE,0.0,5,0.0,East Hampton Energy Storage Center,NY,NYIS,"East Hampton Energy Storage Center, LLC",5.0,40.0,8.0,>4.5h,2018.0,LIB,BL,False,,0.9462241234026814,0.016415760077428565,848.9354166666666,0.1414892361111111,0.3283152015485713,0.8585107638888889,False,A
413,64450,36,2023-01,2025-12,LOW_ETA_AND_LOW_UTI,0.0,36,0.0,"Grissom Solar, LLC",NC,PJM,SunStrong Management,10.0,10.0,1.0,<1.5h,2021.0,LIB,CS,True,pv_same_plant,0.8533815461325691,0.0018345501088556356,872.7,0.14545,0.018345501088556357,0.85455,False,C
414,64481,7,2022-08,2023-10,LOW_ETA_AND_LOW_UTI,2888.0,3,0.0,Arlington Energy Center II,CA,CISO,Arlington Energy Center II,132.0,528.0,4.0,2.5-4.5h,2022.0,LIB,CT,True,pv_same_plant,0.8476322792256885,0.04847278776208669,878.8863636363636,0.14648106060606061,0.036721808910671734,0.8535189393939394,False,C
415,59939,4,2023-01,2023-07,PARTIAL_AVAILABILITY,3060.4674999999997,2,0.0,RE Tranquillity,CA,CISO,Southern Power Co,72.0,288.0,4.0,2.5-4.5h,2021.486111111111,LIB,CS,True,"pv_same_plant,dc_coupled",0.9386580713580555,0.6457437596725173,884.4357638888889,0.14740596064814815,0.8968663328784963,0.8525940393518519,False,C
416,61366,2,2023-06,2023-07,PARTIAL_AVAILABILITY,535.0,2,0.0,Top Gun Energy Storage,CA,CISO,San Diego Gas & Electric Co,30.0,120.0,4.0,2.5-4.5h,2021.0,LIB,CS,False,,0.9090481509269153,0.28396262372990694,886.8416666666667,0.14780694444444445,0.9465420790996899,0.8521930555555556,False,B
417,60092,2,2022-08,2022-09,PARTIAL_AVAILABILITY,2557.0,2,0.0,"Blythe Solar II, LLC",CA,CISO,"Blythe Solar II, LLC",115.0,538.6,4.683478260869565,>4.5h,2021.0,LIB,CS,True,pv_same_plant,0.9480133547013689,0.8033175061517268,915.8522094318604,0.15264203490531006,0.6985369618710667,0.84735796509469,False,C
418,63420,3,2023-09,2023-11,FULL_OUTAGE,29.0,3,0.0,Fresno Bullard High School Hybrid,CA,CISO,"Forefront Power, LLC",0.4,0.4,1.0,<1.5h,2020.0,LIB,CS,True,"rte_gt_1,pv_same_plant",1.0296561366271744,0.0013744758692066472,917.5,0.15291666666666667,0.3436189673016618,0.8470833333333333,False,C
419,61439,36,2023-01,2025-12,FULL_OUTAGE,0.0,36,0.0,Panasonic Carport Solar Hybrid,CO,PSCO,Public Service Co of Colorado,1.0,2.2,2.2,1.5-2.5h,2017.0,LIB,CS,True,"rte_gt_1,pv_same_plant",,,924.2424242424241,0.15404040404040403,,0.845959595959596,False,C
420,61068,5,2020-10,2022-07,PARTIAL_AVAILABILITY,2810.5,3,0.0,AES Lawai Solar Hybrid,HI,,AES Distributed Energy,20.0,100.0,5.0,>4.5h,2018.0,LIB,CS,True,"rte_gt_1,pv_same_plant,dc_tight",0.9944218325210277,0.020298300544463625,935.69,0.15594833333333336,0.10149150272231813,0.8440516666666666,False,C
421,59871,13,2024-12,2025-12,ELEVATED_P_AUX,0.0,13,0.0,Desert Quartzite,CA,CISO,Desert Quartzite LLC,150.0,150.0,1.0,<1.5h,2024.0,LIB,CS,True,pv_same_plant,0.9819380959567404,2.062667396091285,993.4466666666667,0.16557444444444444,1.3751115973941899,0.8344255555555555,False,C
422,64879,5,2022-10,2023-11,PARTIAL_AVAILABILITY,2817.0,3,0.0,Edwards Sanborn E2,CA,CISO,Terra-Gen Operating Co-Hybrid,120.0,250.0,2.0833333333333335,1.5-2.5h,2022.0,LIB,CS,True,pv_same_plant,0.8851640150422837,0.7825085561087797,1004.256,0.167376,0.6520904634239831,0.832624,False,C
423,61861,44,2022-05,2025-12,FULL_OUTAGE,3203.5,44,0.0,AES ES GILBERT,AZ,SRP,"AES ES GILBERT, LLC",10.0,40.0,4.0,2.5-4.5h,2019.0,LIB,BL,True,rte_gt_1,0.8725812553973546,0.017087946998201594,1008.75,0.168125,0.17087946998201592,0.831875,False,C
424,64148,4,2023-03,2023-08,PARTIAL_AVAILABILITY,1944.0,2,0.0,Fish Springs,NV,NEVP,"Fish Springs Ranch Solar, LLC",25.0,100.0,4.0,2.5-4.5h,2022.0,LIB,CS,True,"rte_gt_1,pv_same_plant,dc_tight",0.8804297693595694,-0.023365177747360005,1011.16,0.16852666666666666,-0.09346071098944002,0.8314733333333333,False,C
425,63324,9,2023-01,2023-10,FULL_OUTAGE,285.1195,7,0.0,Camp Atterbury Microgrid Hybrid,IN,MISO,"Duke Energy Indiana, LLC",5.0,5.0,1.0,<1.5h,2019.0,LIB,BL,True,"rte_gt_1,pv_same_plant",0.8980894271930941,0.003710825057608585,1011.8,0.16863333333333333,0.0742165011521717,0.8313666666666667,False,C
426,65140,2,2023-03,2023-04,PARTIAL_AVAILABILITY,3703.0,2,0.0,Crimson,CA,CISO,RE Crimson LLC,350.0,1400.0,4.0,2.5-4.5h,2022.0,LIB,CS,False,,0.8745705232951128,-0.4856860305561308,1052.2657142857142,0.17537761904761903,-0.13876743730175167,0.8246223809523809,False,B
427,63930,2,2022-10,2022-11,PARTIAL_AVAILABILITY,2346.0,2,0.0,Cal Flats BESS,CA,CISO,"Arevon Energy, Inc.",60.0,242.0,4.033333333333333,2.5-4.5h,2021.0,LIB,CS,True,"rte_gt_1,colocated_firming",0.8986463854944442,0.23821694525732703,1053.7685950413222,0.1756280991735537,0.39702824209554505,0.8243719008264463,False,C
428,62609,4,2019-10,2020-07,FULL_OUTAGE,46.0,2,0.0,Commerce ESS,TX,ERCO,City of San Antonio - (TX),10.0,10.0,1.0,<1.5h,2019.0,LIB,CS,False,,0.9634088178111744,0.0947583654496125,1076.1,0.17934999999999998,0.9475836544961249,0.82065,False,B
429,60016,60,2019-09,2024-10,FULL_OUTAGE,12.5,34,0.0,MESA 1,WA,BPAT,PUD No 1 of Snohomish County - (WA),2.0,1.0,0.5,<1.5h,2015.5,LIB,CS,False,,,,1081.0,0.18016666666666667,,0.8198333333333333,False,B
430,60654,2,2022-09,2022-10,PARTIAL_AVAILABILITY,0.0,2,0.0,Townsite Solar Project Hybrid,NV,WALC,"Townsite Solar, LLC",90.0,360.0,4.0,2.5-4.5h,2021.0,LIB,CS,True,"colocated_firming,pv_same_plant",0.8449073341417299,-0.2422556991313511,1101.8194444444443,0.18363657407407405,-0.26917299903483455,0.8163634259259259,False,C
431,64701,2,2025-07,2025-08,PARTIAL_AVAILABILITY,0.0,2,0.0,LeConte Energy Storage,CA,CISO,"LeConte Energy Storage, LLC",125.0,250.0,2.0,1.5-2.5h,2022.0,LIB,CS,False,,0.8638619103098113,0.5806471461606307,1136.22,0.18937,0.4645177169285046,0.81063,False,B
432,60444,12,2025-01,2025-12,FULL_OUTAGE,0.0,12,0.0,Glacier Battery Storage,WA,PSEI,Puget Sound Energy Inc,2.0,4.4,2.2,1.5-2.5h,2016.0,LIB,CT,False,,,,1154.6212121212118,0.19243686868686863,,0.8075631313131314,False,B
433,64426,2,2023-08,2023-09,PARTIAL_AVAILABILITY,276.0,2,0.0,Wilmot Energy Center LLC,AZ,TEPC,Wilmot Energy Center LLC,30.0,60.0,2.0,1.5-2.5h,2021.0,LIB,CS,True,pv_same_plant,0.9526821351562551,0.2293903256045202,1260.1833333333334,0.21003055555555555,0.764634418681734,0.7899694444444445,False,C
434,60569,2,2021-10,2021-11,PARTIAL_AVAILABILITY,246.0,2,0.0,El Cajon Energy Storage,CA,CISO,San Diego Gas & Electric Co,7.5,30.0,4.0,2.5-4.5h,2017.0,LIB,CS,False,,0.9128111064383959,0.03276920152332499,1356.0833333333333,0.22601388888888888,0.4369226869776666,0.7739861111111112,False,B
435,64400,24,2023-01,2024-12,FULL_OUTAGE,435.69300000000004,24,0.0,BYU - Hawaii,HI,HECO,SkyHigh 2 Solar,1.9,1.9,1.0,<1.5h,2021.0,LIB,CS,True,pv_same_plant,0.897487893126131,0.007651772611902475,1460.5263157894738,0.24342105263157895,0.40272487431065657,0.756578947368421,False,C
436,64664,2,2023-11,2023-12,PARTIAL_AVAILABILITY,29.5,2,0.0,"Clark Road Solar 1, LLC",MA,ISNE,"Clark Road Solar 1, LLC",3.3,3.0,0.9090909090909092,<1.5h,2021.0,LIB,CS,True,"colocated_firming,pv_same_plant,dc_coupled",1.007150366973502,0.015663573551222335,1561.6666666666667,0.2602777777777778,0.4746537439764344,0.7397222222222222,False,C
437,60390,2,2020-12,2021-01,PARTIAL_AVAILABILITY,143.0,2,0.0,Beech Ridge Energy Storage,WV,PJM,Invenergy Services LLC,31.5,12.5,0.3968253968253968,<1.5h,2015.0,LIB,CT,True,dc_coupled,0.43691421114902623,-0.012277452967083128,1602.78,0.26713,-0.03897604116534326,0.73287,False,C
438,65674,2,2025-05,2025-06,PARTIAL_AVAILABILITY,0.0,2,0.0,Edwards Sanborn E1B,CA,CISO,Terra-Gen Operating Co-Hybrid,136.0,136.0,1.0,<1.5h,2023.0,LIB,CS,True,pv_same_plant,0.9493936733641385,1.3347977832762423,1617.0441176470588,0.26950735294117645,0.9814689582913547,0.7304926470588236,False,C
439,63757,6,2023-06,2023-11,THERMAL_AUX,1283.3044527579814,6,0.0,Madero Grid,TX,ERCO,"Madero Grid, LLC",100.0,100.0,1.0,<1.5h,2023.0,LIB,CS,False,,0.8764119579254709,0.36863086638104575,1637.3799999999999,0.2728966666666666,0.36863086638104575,0.7271033333333334,False,A
440,60518,50,2021-11,2025-12,FULL_OUTAGE,0.0,50,0.0,Stafford Hill Solar Hybrid,VT,ISNE,Green Mountain Power Corp,2.0,3.4,1.7,1.5-2.5h,2015.0,LIB,CS,True,"rte_gt_1,pv_same_plant,dc_coupled",1.1512400778543503,-0.0019823389414135675,1643.529411764706,0.27392156862745104,-0.09911694707067838,0.726078431372549,False,C
441,61107,36,2023-01,2025-12,ELEVATED_P_AUX,0.0,36,0.0,Vanadium Redox Flow Battery Plant,CA,CISO,SDGE Batteries,2.0,8.0,4.0,2.5-4.5h,2017.0,FLB,CS,True,colocated_firming,0.6876602917140875,0.12072714568274572,1662.6145833333333,0.27710243055555556,6.036357284137286,0.7228975694444444,False,C
442,1016,28,2022-01,2025-12,LOW_ETA_AND_LOW_UTI,0.0,18,0.0,Butler-Warner Generation Plant,NC,CPLE,Fayetteville Public Works Commission,0.5,0.5,1.0,<1.5h,2019.0,LIB,CS,True,pv_same_plant,0.8199270312563078,0.0038185693178288535,1770.0,0.295,0.7637138635657706,0.7050000000000001,False,C
443,60996,24,2023-01,2024-12,FULL_OUTAGE,419.995,24,0.0,Iron Horse Battery Storage Hybrid,AZ,TEPC,RWE Clean Energy,10.0,2.5,0.25,<1.5h,2017.0,LIB,CS,True,pv_same_plant,0.8286944865457395,0.06695372915176392,1773.8,0.2956333333333333,0.6695372915176393,0.7043666666666667,False,C
444,62027,36,2023-01,2025-12,FULL_OUTAGE,0.0,36,0.0,Caldwell Wastewater Treatment Plant Hybr,NJ,PJM,Caldwell Wastewater Treatment Plant,1.0,2.0,2.0,1.5-2.5h,2016.0,OTH,CS,True,"colocated_firming,pv_same_plant",,,1797.625,0.29960416666666667,,0.7003958333333333,False,C
445,61956,29,2023-03,2025-12,LOW_ETA_AND_LOW_UTI,5.728000000000009,9,0.0,MCRD Parris Island PV Hybrid,SC,SCEG,Ameresco Federal Solutions,4.0,8.0,2.0,1.5-2.5h,2018.0,LIB,CS,True,"rte_gt_1,pv_same_plant,dc_coupled",0.7714133691893322,0.00502362154341459,1846.1041666666667,0.3076840277777778,0.12559053858536476,0.6923159722222222,False,C
446,61431,65,2019-01,2025-06,LOW_ETA_AND_LOW_UTI,319.0,55,0.0,Beacon BESS 1,CA,LDWP,Los Angeles Department of Water & Power,20.0,10.0,0.5,<1.5h,2018.0,LIB,CS,True,colocated_firming,0.7497740825805426,0.06368659275805076,1919.825,0.3199708333333333,0.3184329637902538,0.6800291666666667,False,C
447,62856,67,2019-04,2025-11,LOW_ETA_AND_LOW_UTI,0.0,44,0.0,Marengo Battery Storage LLC,IL,PJM,Marengo Battery Storage LLC,20.0,20.0,1.0,<1.5h,2018.0,LIB,CS,True,rte_gt_1,0.8351421194980528,-0.0717286450844171,2173.7458333333334,0.36229097222222223,-0.35864322542208554,0.6377090277777777,False,C
448,60095,2,2025-06,2025-07,LOW_ETA_AND_LOW_UTI,0.0,2,0.0,"Blythe Solar IV, LLC",CA,CISO,"Blythe Solar IV, LLC",47.0,47.0,1.0,<1.5h,2022.0,LIB,CS,True,pv_same_plant,0.83787768279524,0.026572228241297246,2644.218085106383,0.44070301418439717,0.05653665583254733,0.5592969858156028,False,C
449,56981,84,2019-01,2025-12,ELEVATED_P_AUX,15.5,84,0.0,Pyron Wind Farm LLC Hybrid,TX,ERCO,RWE Clean Energy,9.9,9.9,1.0,<1.5h,2018.0,LIB,CS,True,rte_gt_1,0.9732236423729258,0.16195706205845994,3067.5757575757575,0.5112626262626262,1.6359299197824237,0.4887373737373738,False,C
450,61473,36,2023-01,2025-12,FULL_OUTAGE,0.0,36,0.0,Hopewell Valley High School Hybrid,NJ,PJM,Hopewell Valley High School,1.0,1.0,1.0,<1.5h,2015.0,LIB,BL,True,"colocated_firming,pv_same_plant",,,3266.666666666667,0.5444444444444445,,0.4555555555555555,False,C
451,59960,30,2019-01,2021-06,THERMAL_AUX,731.3852227564904,30,0.0,Jake Energy Storage Center,IL,PJM,Joliet Battery Storage LLC,19.8,7.9,0.398989898989899,<1.5h,2015.0,LIB,CS,False,,0.8250286417222582,0.0741118744123351,3658.945147679325,0.6098241912798875,0.37430239602189447,0.3901758087201125,False,A
452,61661,3,2019-06,2019-08,PARTIAL_AVAILABILITY,2175.0,3,0.0,Vista Energy Storage System,CA,CISO,"Vista Energy Storage, LLC",40.0,38.0,0.95,<1.5h,2018.0,LIB,BL,False,,0.942018699963208,0.27937818987306967,4442.154714912281,0.7403591191520468,0.6984454746826743,0.2596408808479532,False,A
453,59150,2,2023-01,2023-02,PARTIAL_AVAILABILITY,5801.8814999999995,2,0.0,RE Mustang LLC,CA,CISO,MN8 Energy LLC,75.0,75.0,1.0,<1.5h,2021.0,LIB,CS,True,pv_same_plant,0.8591595813154319,0.017245489612936423,4669.44,0.7782399999999999,0.022993986150581895,0.22176000000000007,False,C
454,60656,12,2023-12,2024-11,FULL_OUTAGE,0.0,12,0.0,McHenry Battery Storage,IL,PJM,McHenry Battery Storage,20.0,7.8,0.39,<1.5h,2016.0,LIB,CS,False,,0.8984719048103316,0.05936145401681884,4681.623931623932,0.7802706552706553,0.2968072700840942,0.2197293447293447,False,A
455,2830,76,2019-01,2025-12,LOW_ETA_AND_LOW_UTI,164.0,27,0.0,Walter C Beckjord,OH,PJM,Duke Energy Ohio Inc,4.0,1.8,0.45,<1.5h,2015.0,LIB,CS,True,rte_gt_1,0.7127900970963283,0.017873803748040904,7086.666666666666,1.181111111111111,0.4468450937010226,0.0,False,C
456,50300,48,2019-01,2022-12,ELEVATED_P_AUX,15256.717501880148,48,0.0,VESI Pomona,CA,CISO,"VESI Pomona Energy Storage, Inc.",40.0,40.0,1.0,<1.5h,2019.5,LIB,BL,False,,0.9922026324704116,0.3875449800355345,8653.791666666668,1.4422986111111114,0.9688624500888362,0.0,False,A
457,56961,2,2023-11,2023-12,PARTIAL_AVAILABILITY,269.0,2,0.0,Notrees Windpower Hybrid,TX,ERCO,Deriva Energy,36.0,13.6,0.37777777777777777,<1.5h,2012.0,LIB,BL,False,,1.1041624589696952,0.35489834766800077,7154.595588235294,1.1924325980392156,0.9858287435222244,0.0,False,B
458,57325,2,2022-12,2023-01,PARTIAL_AVAILABILITY,347.0,2,0.0,FPL Energy Illinois Wind LLC Hybrid,IL,PJM,FPL Energy Illinois Wind LLC,20.0,8.3,0.41500000000000004,<1.5h,2014.0,LIB,CS,True,rte_gt_1,0.8981075877882227,0.005853560358923199,24216.60642570281,4.036101070950468,0.029267801794615994,0.0,False,C
459,59959,24,2019-07,2021-10,LOW_ETA_AND_LOW_UTI,1291.165123201275,22,0.0,Elwood Energy Storage Center,IL,PJM,West Chicago Battery Storage LLC,19.8,7.9,0.398989898989899,<1.5h,2015.0,LIB,CS,False,,0.8043280134257443,0.07553056498709969,7017.816455696202,1.169636075949367,0.3814674999348469,0.0,False,A
460,60299,24,2023-01,2024-12,FULL_OUTAGE,0.0,24,0.0,HMV Minster Energy Storage System,OH,PJM,Summit Ridge Energy,7.0,7.0,1.0,<1.5h,2016.0,LIB,CS,True,rte_gt_1,,,13222.261904761905,2.2037103174603176,,0.0,False,C
461,60566,12,2025-01,2025-12,ELEVATED_P_AUX,0.0,12,0.0,Pala Energy Storage Yard,CA,CISO,SDGE Batteries,1.0,2.0,2.0,1.5-2.5h,2015.0,LIB,CS,True,rte_gt_1,0.9292476344197769,0.08445054362209507,6635.119047619048,1.1058531746031746,8.445054362209508,0.0,False,C
462,60690,6,2021-06,2023-12,PARTIAL_AVAILABILITY,1440.0,2,0.0,"Blue Summit Storage, LLC",TX,ERCO,"Blue Summit Storage, LLC",30.0,12.6,0.42,<1.5h,2017.0,LIB,CS,False,,0.8719498045384412,0.14760367190710574,8189.12037037037,1.3648533950617283,0.49201223969035246,0.0,False,B
463,61892,2,2021-08,2021-09,PARTIAL_AVAILABILITY,1575.0,2,0.0,Plumsted 537 LLC,NJ,PJM,Plumsted 537 LLC,19.8,19.8,1.0,<1.5h,2019.0000000000002,LIB,CS,False,,0.8778072364121164,0.009868263888646669,12567.525252525253,2.094587542087542,0.04983971660932661,0.0,False,B
464,64611,2,2023-08,2023-09,PARTIAL_AVAILABILITY,44.5,2,0.0,SEPV Sierra,CA,CISO,"SEPV Sierra, LLC",8.3,3.4,0.4096385542168674,<1.5h,2019.9999999999998,LIB,CS,True,"rte_gt_1,colocated_firming,pv_same_plant,dc_coupled",1.4631235096977926,0.04602396360052125,8997.35294117647,1.4995588235294117,0.5545055855484488,0.0,False,C
