owner,customer,ssi,method
Georgia Power Co,Southern Company Group,False,rule
Florida Power & Light Co,NextEra Energy Resources,True,rule
Arizona Public Service Co,Pinnacle West / APS,False,rule
Tennessee Valley Authority,Tennessee Valley Authority,False,rule
"Dominion Energy South Carolina, Inc",Dominion Energy Group,False,rule
Constellation Nuclear,Constellation Energy Corp.,True,rule
Southern Power Co,Southern Power,True,rule
"Duke Energy Carolinas, LLC",Duke Energy Group,False,rule
TalenEnergy Susquehanna LLC,Talen Energy Group,False,rule
"Comanche Peak Power Co, LLC",Vistra Group,False,rule
"Entergy New Orleans, LLC",Entergy Group,False,rule
North Carolina Mun Power Agny #1,NC Municipal Power Agency,False,rule
PSEG Nuclear LLC,PSEG Group,False,rule
Pacific Gas & Electric Co.,PG&E Group,False,rule
NRG Texas Power LLC,NRG Energy Group,False,rule
Indiana Michigan Power Co,"American Electric Power Company, Inc.",True,rule
"Duke Energy Florida, LLC",Duke Energy Group,False,rule
Dominion Energy Nuclear Conn Inc,Dominion Energy Group,False,rule
Entergy Louisiana LLC,Entergy Group,False,rule
Guernsey Power Station LLC,ArcLight Capital Partners,False,rule
Tampa Electric Co,Emera Group (TECO),False,rule
Entergy Texas Inc.,Entergy Group,False,rule
Duke Energy Progress - (NC),Duke Energy Group,False,rule
Virginia Electric & Power Co,Dominion Energy Group,False,rule
AES Alamitos LLC,AES Wind Generation,True,rule
LaFrontera Holdings LLC,NRG Energy Group,False,rule
Salt River Project,Salt River Project,False,rule
Midland Cogeneration Venture,Midland Cogeneration Venture,False,rule
Energy Harbor Nuclear Generation LLC,Constellation Energy Corp.,True,rule
Entergy Arkansas LLC,Entergy Group,False,rule
Alabama Power Co,Southern Company Group,False,rule
Ravenswood Operations LLC,LS Power Group,False,rule
TalenEnergy Montour LLC,Talen Energy Group,False,rule
Constellation Mystic Power LLC,Constellation Energy Corp.,True,rule
Midlothian Energy LLC,Vistra Group,False,rule
Oklahoma Gas & Electric Co,Oklahoma Gas and Electric,True,rule
MC Project Company LLC,ArcLight Capital Partners,False,rule
Brunner Island LLC,Talen Energy Group,False,rule
"Ormond Beach Power, LLC",GenOn Holdings,False,rule
"Temple Generation I, LLC",Vistra Group,False,rule
Los Angeles Department of Water & Power,LADWP,False,rule
Calpine Mid-Merit LLC,Calpine Group,False,rule
National Grid Generation LLC,National Grid Group,False,rule
"Hoosier Energy R E C, Inc",Hoosier Energy,False,rule
Invenergy Services LLC,Invenergy North America,True,rule
Nevada Power Co,NV Energy (BHE),False,rule
"System Energy Resources, Inc",Entergy Group,False,rule
Cottonwood Energy Company LP,NRG Energy Group,False,rule
"Constellation Power, Inc",Constellation Energy Corp.,True,rule
Dynegy Hanging Rock Energy Facility,Vistra Group,False,rule
Dynegy -Moss Landing LLC,Vistra Group,False,rule
Consumers Energy Co - (MI),CMS Energy Group,False,rule
"Parkway Generation Operating, LLC",Parkway Generation,False,rule
Entergy Corp,Entergy Group,False,rule
Tenaska Oklahoma I LP,Tenaska Group,False,rule
ArcLight Capital Partners LLC,ArcLight Capital Partners,False,rule
"Edgewater Generation, LLC",CPV / Competitive Power Ventures,False,rule
"Astoria Generating Company, L.P.","Astoria Generating Company, L.P.",False,unmatched - passthrough
Entergy Mississippi LLC,Entergy Group,False,rule
Midwest Generations EME LLC,Midwest Generations EME LLC,False,unmatched - passthrough
"Chalk Point Power, LLC",GenOn Holdings,False,rule
Cricket Valley Energy Holdings LLC,Advanced Power / Doswell,False,rule
Olin Blue Cube Operations,Industrial Self-Generation (various),False,rule
"CPV Three Rivers, LLC",CPV / Competitive Power Ventures,False,rule
Evergy Metro,Evergy,True,rule
"Jackson Generation, LLC",CPV / Competitive Power Ventures,False,rule
NextEra Energy Point Beach LLC,NextEra Energy Resources,True,rule
"Jack County Power, LLC","Jack County Power, LLC",False,unmatched - passthrough
Capital Power Corporation,Capital Power Corporation,True,rule
DTE Electric Company,DTE Energy,True,rule
Dynegy Kendall Energy LLC,Vistra Group,False,rule
PacifiCorp,Pacificorp,True,rule
CCI Roseton LLC,CCI Roseton LLC,False,unmatched - passthrough
NextEra Energy Seabrook LLC,NextEra Energy Resources,True,rule
"Bowline, LLC","Bowline, LLC",False,unmatched - passthrough
Union Electric Co - (MO),Ameren Energy,True,rule
Cornerstone Generation,NRG Energy Group,False,rule
We Power,We Power,False,unmatched - passthrough
New Athens Generating Company LLC,New Athens Generating Company LLC,False,unmatched - passthrough
"East Kentucky Power Coop, Inc","American Electric Power Company, Inc.",True,rule
Oneta Power LLC,Oneta Power LLC,False,unmatched - passthrough
"South Field Energy, LLC","South Field Energy, LLC",False,unmatched - passthrough
Energy Northwest- Columbia,Energy Northwest- Columbia,False,unmatched - passthrough
"CPV Fairview, LLC",CPV / Competitive Power Ventures,False,rule
"Hummel Station, LLC","Hummel Station, LLC",False,unmatched - passthrough
Louisville Gas & Electric Co,PPL Group,False,rule
Oglethorpe Power Corporation,Oglethorpe Power,False,rule
Northern States Power Co - Minnesota,Xcel Energy Group,False,rule
Essential Power Operating Services LLC,Essential Power Operating Services LLC,False,unmatched - passthrough
Seminole Electric Cooperative Inc,Seminole Electric Cooperative,False,rule
Cooperative Energy,Electric Cooperative (various),False,rule
Deer Park Energy Center,Deer Park Energy Center,False,unmatched - passthrough
KOSPO USA,KOSPO USA,False,unmatched - passthrough
Northern Indiana Pub Serv Co,NiSource Group,False,rule
Mississippi Power Co,Southern Company Group,False,rule
Vistra Energy,Vistra Group,False,rule
CXA La Paloma LLC,CXA La Paloma LLC,False,unmatched - passthrough
Calpine Bethlehem LLC,Calpine Group,False,rule
Riverside Generating Co LLC,Riverside Generating Co LLC,False,unmatched - passthrough
"DGC Westmoreland, LLC","DGC Westmoreland, LLC",False,unmatched - passthrough
Old Dominion Electric Coop,Electric Cooperative (various),False,rule
City of San Antonio - (TX),CPS Energy,False,rule
Moxie Freedom LLC,Moxie Freedom LLC,False,unmatched - passthrough
Tenaska Georgia I LP,Tenaska Group,False,rule
Calpine Mid-Atlantic Generation LLC,Calpine Group,False,rule
Intermountain Power Agency,Intermountain Power Agency,False,unmatched - passthrough
"Guadalupe Peaking Energy Center, LLC","Guadalupe Peaking Energy Center, LLC",False,unmatched - passthrough
Aurora Generation LLC,Aurora Generation LLC,False,unmatched - passthrough
Dow Chemical Co,Industrial Self-Generation (various),False,rule
Southwestern Public Service Co,"American Electric Power Company, Inc.",True,rule
Brazos Valley Energy,Brazos Valley Energy,False,unmatched - passthrough
"Associated Electric Coop, Inc",Associated Electric Cooperative,False,rule
Oregon Clean Energy Center,Oregon Clean Energy Center,False,unmatched - passthrough
Shady Hills Power Co LLC,Shady Hills Power Co LLC,False,unmatched - passthrough
Southern California Edison Co,Edison International Group,False,rule
Freestone Power Generation LLC,Freestone Power Generation LLC,False,unmatched - passthrough
"Hickory Run Energy, LLC","Hickory Run Energy, LLC",False,unmatched - passthrough
Great Prairie Wind LLC,Great Prairie Wind LLC,False,unmatched - passthrough
Tenaska Virginia I LP,Tenaska Group,False,rule
Southwestern Electric Power Co,"American Electric Power Company, Inc.",True,rule
Zion Energy LLC,Zion Energy LLC,False,unmatched - passthrough
Oleander Holdings LLC ,Oleander Holdings LLC,False,unmatched - passthrough
"Hays Energy, LLC","Hays Energy, LLC",False,unmatched - passthrough
Broad River Energy LLC,Broad River Energy LLC,False,unmatched - passthrough
Rolling Hills Generating LLC,Rolling Hills Generating LLC,False,unmatched - passthrough
"JERA Power Linden, LLC","JERA Power Linden, LLC",False,unmatched - passthrough
"Clean Energy Future-Lordstown, LLC","Clean Energy Future-Lordstown, LLC",False,unmatched - passthrough
"MRP Generation Holdings, LLC","MRP Generation Holdings, LLC",False,unmatched - passthrough
"Mountain Creek Power, LLC","Mountain Creek Power, LLC",False,unmatched - passthrough
Public Service Co of Oklahoma,"American Electric Power Company, Inc.",True,rule
Delta Energy Center LLC,Delta Energy Center LLC,False,unmatched - passthrough
Tanaska Grimes Partners LP,Tanaska Grimes Partners LP,False,unmatched - passthrough
"Tenaska Rusk Partners, LP",Tenaska Group,False,rule
Formosa Plastics Corp,Industrial Self-Generation (various),False,rule
Baytown Energy Center LLC,Baytown Energy Center LLC,False,unmatched - passthrough
Luminant Generation Company LLC,Vistra Group,False,rule
Calpine Corp,Calpine Group,False,rule
Cleco Power LLC,Cleco Corporate Holdings,False,rule
"EIF CV Holdings, LLC","EIF CV Holdings, LLC",False,unmatched - passthrough
South Carolina Public Service Authority,Santee Cooper,False,rule
Southaven Power LLC,Southaven Power LLC,False,unmatched - passthrough
Decatur Energy Center LLC,Decatur Energy Center LLC,False,unmatched - passthrough
Morgan Energy Center LLC,Morgan Energy Center LLC,False,unmatched - passthrough
"Hunterstown Generation, LLC","Hunterstown Generation, LLC",False,unmatched - passthrough
Occidental Chemical Corporation,Occidental Chemical Corporation,False,unmatched - passthrough
GB II New York LLC,GB II New York LLC,False,unmatched - passthrough
Edison Mission Energy,Edison Mission Energy,False,unmatched - passthrough
Arthur Kill Power LLC,Arthur Kill Power LLC,False,unmatched - passthrough
"Calpine Fore River Energy Center, LLC",Calpine Group,False,rule
Hamilton Patriot LLC,Hamilton Patriot LLC,False,unmatched - passthrough
Hamilton Liberty O&M LLC,Hamilton Liberty O&M LLC,False,unmatched - passthrough
Public Service Co of Colorado,Xcel Energy Group,False,rule
Marathon Petroleum Company LP,Marathon Petroleum Company LP,False,unmatched - passthrough
"CPV Towantic, LLC",CPV / Competitive Power Ventures,False,rule
Lake Road Generating Co LP,Lake Road Generating Co LP,False,unmatched - passthrough
"Jera Energy America, LLC","Jera Energy America, LLC",False,unmatched - passthrough
Carroll County Energy LLC,Carroll County Energy LLC,False,unmatched - passthrough
Parkway Generation Keys Energy Center LLC,Parkway Generation,False,rule
DeCordova Power Company LLC,DeCordova Power Company LLC,False,unmatched - passthrough
"Clearway Energy, Inc",Clearway Energy Operating LLC,True,rule
CER Generation LLC,CER Generation LLC,False,unmatched - passthrough
Wise County Power Company LLC,Wise County Power Company LLC,False,unmatched - passthrough
"Red Oak Power, LLC","Red Oak Power, LLC",False,unmatched - passthrough
Pasadena Statutory Trust,Pasadena Statutory Trust,False,unmatched - passthrough
Potomac Energy Center LLC,Potomac Energy Center LLC,False,unmatched - passthrough
"Holtec Palisades, LLC","Holtec Palisades, LLC",False,unmatched - passthrough
"Thad Hill Energy Center, LLC","Thad Hill Energy Center, LLC",False,unmatched - passthrough
Kentucky Utilities Co,PPL Group,False,rule
"Rayburn Country Elec Coop, Inc",Electric Cooperative (various),False,rule
Calpine Corp-Magic Valley,Calpine Group,False,rule
Nebraska Public Power District,Nebraska Public Power District,False,unmatched - passthrough
GE Energy Financial Services,GE Energy Financial Services,False,unmatched - passthrough
Diamond Generating Corporation,Diamond Generating Corporation,False,unmatched - passthrough
Salem Harbor Power Development LP,Salem Harbor Power Development LP,False,unmatched - passthrough
LS Power Development LLC,LS Power Group,False,rule
"Georgia Gulf Generating, LLC","Georgia Gulf Generating, LLC",False,unmatched - passthrough
Granite Ridge Energy LLC,Granite Ridge Energy LLC,False,unmatched - passthrough
"Wolf Hollow I Power, LLC","Wolf Hollow I Power, LLC",False,unmatched - passthrough
Calpine Corp - Pastoria Energy Center,Calpine Group,False,rule
Helix Ironwood LLC,Helix Ironwood LLC,False,unmatched - passthrough
CPV Maryland LLC,CPV / Competitive Power Ventures,False,rule
Woodbridge Energy Center,Woodbridge Energy Center,False,unmatched - passthrough
"CPV Valley, LLC",CPV / Competitive Power Ventures,False,rule
Carlsbad Energy Center LLC,Carlsbad Energy Center LLC,False,unmatched - passthrough
CITGO Petroleum Corp,CITGO Petroleum Corp,False,unmatched - passthrough
West Deptford Energy LLC,West Deptford Energy LLC,False,unmatched - passthrough
Doswell Ltd Partnership,Advanced Power / Doswell,False,rule
Harbert Power Fund V,Harbert Power Fund V,False,unmatched - passthrough
Arkansas Electric Coop Corp,Electric Cooperative (various),False,rule
Sierra Pacific Power Co,NV Energy (BHE),False,rule
"MEC Holdings, LLC","MEC Holdings, LLC",False,unmatched - passthrough
"American Mun Power-Ohio, Inc","American Mun Power-Ohio, Inc",False,unmatched - passthrough
FPL Energy Horse Hollow LLC,NextEra Energy Resources,True,rule
Hartree Partners LP,Hartree Partners LP,False,unmatched - passthrough
PowerSouth Energy Cooperative,Electric Cooperative (various),False,rule
"Evergy Kansas Central, Inc",Evergy,True,rule
Northern Star Generation Services Co LLC,Northern Star Generation Services Co LLC,False,unmatched - passthrough
Ontelaunee Power Operating Company  LLC,Ontelaunee Power Operating Company  LLC,False,unmatched - passthrough
Austin Energy,Austin Energy,False,rule
LSP University Park LLC,LS Power Group,False,rule
Wisconsin Power & Light Co,Alliant Energy,True,rule
Kindle Energy LLC,Kindle Energy LLC,False,unmatched - passthrough
City of Tallahassee - (FL),Municipal / Public Utility (various),False,rule
Dynegy Washington Energy Facility,Vistra Group,False,rule
"Fayette Power Company, LLC","Fayette Power Company, LLC",False,unmatched - passthrough
Arlington Valley LLC,Arlington Valley LLC,False,unmatched - passthrough
Otay Mesa Energy Center LLC,Otay Mesa Energy Center LLC,False,unmatched - passthrough
South Point Energy Center LLC,South Point Energy Center LLC,False,unmatched - passthrough
Interstate Power and Light Co,Alliant Energy,True,rule
Holland Energy LLC,Holland Energy LLC,False,unmatched - passthrough
"AES Huntington Beach Energy, LLC",AES Wind Generation,True,rule
"Kleen Energy Systems, LLC","Kleen Energy Systems, LLC",False,unmatched - passthrough
"Duke Energy Indiana, LLC",Duke Energy Group,False,rule
"Bruce Power, LLC","Bruce Power, LLC",False,unmatched - passthrough
Lincoln Generating Facility LLC,Lincoln Generating Facility LLC,False,unmatched - passthrough
Mesquite Power LLC,Mesquite Power LLC,False,unmatched - passthrough
Solar Partners XI LLC,Solar Partners XI LLC,False,unmatched - passthrough
Hermiston Power Partnership,Hermiston Power Partnership,False,unmatched - passthrough
Orlando Utilities Comm,Orlando Utilities Commission,False,rule
Armstrong Power LLC,Armstrong Power LLC,False,unmatched - passthrough
Sunrise Power Co LLC,Sunrise Power Co LLC,False,unmatched - passthrough
"Nova Power, LLC","Nova Power, LLC",False,unmatched - passthrough
Los Medanos Energy Center LLC,Los Medanos Energy Center LLC,False,unmatched - passthrough
Appalachian Power Co,"American Electric Power Company, Inc.",True,rule
"AES Alamitos Energy, LLC",AES Wind Generation,True,rule
Lea Power Partners LLC,Lea Power Partners LLC,False,unmatched - passthrough
Florida Municipal Power Agency (FL),Municipal / Public Utility (various),False,rule
Basin Electric Power Coop,Basin Electric Power Cooperative,False,rule
Kimura Power LLC,Kimura Power LLC,False,unmatched - passthrough
"Hill Top Energy Center, LLC","Hill Top Energy Center, LLC",False,unmatched - passthrough
AES Indiana,AES Wind Generation,True,rule
Capricorn Ridge Wind LLC,Capricorn Ridge Wind LLC,False,unmatched - passthrough
Canal Generating LLC,Canal Generating LLC,False,unmatched - passthrough
Missouri Jnt Muni.Pwr Elec. Ut. Comm.,Missouri Jnt Muni.Pwr Elec. Ut. Comm.,False,unmatched - passthrough
Griffith Energy LLC,Griffith Energy LLC,False,unmatched - passthrough
Russell City Energy Company LLC,Russell City Energy Company LLC,False,unmatched - passthrough
Empire Generating Co LLC,Empire Generating Co LLC,False,unmatched - passthrough
Lower Mount Bethel Project Company LLC,Lower Mount Bethel Project Company LLC,False,unmatched - passthrough
Astoria Energy II LLC,Astoria Energy II LLC,False,unmatched - passthrough
Samchully Power & Utilities 1 LLC,Samchully Power & Utilities 1 LLC,False,unmatched - passthrough
Southern Indiana Gas & Elec Co,Southern Indiana Gas & Elec Co,False,unmatched - passthrough
Bayonne Energy Center LLC,Bayonne Energy Center LLC,False,unmatched - passthrough
"OE Holdings, LLC","OE Holdings, LLC",False,unmatched - passthrough
"High Banks Wind, LLC","High Banks Wind, LLC",False,unmatched - passthrough
Mainline Generation LLC,Mainline Generation LLC,False,unmatched - passthrough
First Solar Project Development,First Solar,False,rule
Calpine Corp-Sutter,Calpine Group,False,rule
Calpine Corp - Metcalf Energy Center,Calpine Group,False,rule
Louisiana Generating LLC,Louisiana Generating LLC,False,unmatched - passthrough
"Shawville Power, LLC","Shawville Power, LLC",False,unmatched - passthrough
Lower Colorado River Authority,LCRA,False,rule
California Resources Elk Hills LLC,California Resources Elk Hills LLC,False,unmatched - passthrough
Air Liquide Large Industries U S LP,Air Liquide Large Industries U S LP,False,unmatched - passthrough
Tucson Electric Power Co,Fortis Group (TEP/UNS),False,rule
Wisconsin Public Service Corp,We Energies,True,rule
"Bastrop Energy Partners, LP","Bastrop Energy Partners, LP",False,unmatched - passthrough
Liberty Electric Power LLC,Liberty Electric Power LLC,False,unmatched - passthrough
Cordova Energy Co LLC,Cordova Energy Co LLC,False,unmatched - passthrough
The Dow Chemical Company,Industrial Self-Generation (various),False,rule
Parkway Generation Sewaren Urban Renewal Entity LLC,Parkway Generation,False,rule
"Essential Power Operating Company, LLC","Essential Power Operating Company, LLC",False,unmatched - passthrough
"Topaz Generating, LLC","Topaz Generating, LLC",False,unmatched - passthrough
Grand River Dam Authority,Grand River Dam Authority,False,rule
Vesper Energy Development LLC,Vesper Energy,False,rule
"Imperial Valley Solar, LLC","Imperial Valley Solar, LLC",False,unmatched - passthrough
"Golden Spread Electric Cooperative, Inc",Electric Cooperative (various),False,rule
JEA,JEA,False,rule
El Paso Electric Co,El Paso Electric,False,rule
"Buckeye Power, Inc",Buckeye Power,False,rule
"Rhode Island State Energy Center, LP","Rhode Island State Energy Center, LP",False,unmatched - passthrough
Astoria Energy LLC,Astoria Energy LLC,False,unmatched - passthrough
Municipal Electric Authority - (GA),Municipal / Public Utility (various),False,rule
Corpus Christi Cogeneration LLC,Corpus Christi Cogeneration LLC,False,unmatched - passthrough
"Double Back Diamond Solar Power, LLC","Double Back Diamond Solar Power, LLC",False,unmatched - passthrough
AltaGas Blythe Operations Inc,AltaGas Blythe Operations Inc,False,unmatched - passthrough
NAEA Ocean Peaking Power LLC,NAEA Ocean Peaking Power LLC,False,unmatched - passthrough
Clearlight Energy Holdings LP,Clearlight Energy,True,rule
Portland General Electric Co,Portland General Electric,True,rule
Big Rivers Electric Corp,Big Rivers Electric,False,rule
Topaz Solar Farms LLC,Topaz Solar Farms LLC,False,unmatched - passthrough
CER Colorado Bend Energy Partners LP,CER Colorado Bend Energy Partners LP,False,unmatched - passthrough
ANP Blackstone Energy Company LLC,ANP Blackstone Energy Company LLC,False,unmatched - passthrough
Milford Power Co LLC,Milford Power Co LLC,False,unmatched - passthrough
Bellingham Power Generation LLC,Bellingham Power Generation LLC,False,unmatched - passthrough
Enbridge,Enbridge,False,rule
BP Alternative Energy,BP Alternative Energy,False,unmatched - passthrough
MidAmerican Energy Co,MidAmerican Energy Company,True,rule
Public Service Elec & Gas Co,Public Service Elec & Gas Co,False,unmatched - passthrough
J Power USA Development Co Ltd,J Power USA Development Co Ltd,False,unmatched - passthrough
Sweeny Cogeneration LLC,Sweeny Cogeneration LLC,False,unmatched - passthrough
Duke Energy Kentucky Inc,Duke Energy Group,False,rule
Smarr EMC,Smarr EMC,False,unmatched - passthrough
"Northeast Texas Elec Coop, Inc",Electric Cooperative (various),False,rule
Empire District Electric Co,Algonquin / Liberty,False,rule
Tiverton Power LLC,Tiverton Power LLC,False,unmatched - passthrough
Westbrook Energy Center,Westbrook Energy Center,False,unmatched - passthrough
Dairyland Power Coop,Electric Cooperative (various),False,rule
San Diego Gas & Electric Co,Sempra Group,False,rule
Sacramento Municipal Util Dist,SMUD,False,rule
Springdale Energy LLC,Springdale Energy LLC,False,unmatched - passthrough
Carville Energy LLC,Carville Energy LLC,False,unmatched - passthrough
City of Colorado Springs - (CO),Municipal / Public Utility (various),False,rule
Dearborn Industrial Gen Inc,Dearborn Industrial Gen Inc,False,unmatched - passthrough
Calpine Corp - Hidalgo,Calpine Group,False,rule
"Quail Run Energy Partners, LP","Quail Run Energy Partners, LP",False,unmatched - passthrough
Casco Bay Energy Co LLC,Casco Bay Energy Co LLC,False,unmatched - passthrough
Onward Energy,Onward Energy,False,rule
"Ohio Power Partners, LLC","Ohio Power Partners, LLC",False,unmatched - passthrough
"Carolina Power Partners, LLC","Carolina Power Partners, LLC",False,unmatched - passthrough
NRG Energy Services LLC,NRG Energy Group,False,rule
Desert Star Energy Center SDG&E,Sempra Group,False,rule
Great River Energy,Great River Energy,False,rule
Danskammer Energy,Danskammer Energy,False,unmatched - passthrough
Frontera Generation Limited Partnership,Frontera Generation Limited Partnership,False,unmatched - passthrough
New York Power Authority,New York Power Authority,False,unmatched - passthrough
Omaha Public Power District,Omaha Public Power District,False,rule
ExxonMobil Oil Corp,ExxonMobil Oil Corp,False,unmatched - passthrough
Faraday Solar B LLC,Faraday Solar B LLC,False,unmatched - passthrough
Birdsboro Power LLC,Birdsboro Power LLC,False,unmatched - passthrough
"Aviator Wind, LLC","Aviator Wind, LLC",False,unmatched - passthrough
Long Ridge Energy Generation LLC,Long Ridge Energy Generation LLC,False,unmatched - passthrough
Bridgeport Energy LLC,Bridgeport Energy LLC,False,unmatched - passthrough
Oxy Cogener Holding Co Inc,Oxy Cogener Holding Co Inc,False,unmatched - passthrough
Repsol Renewables NA,Repsol Renewables,False,rule
"Manchester Street, LLC.","Manchester Street, LLC.",False,unmatched - passthrough
Platte River Power Authority,Platte River Power Authority,False,unmatched - passthrough
Avangrid Power LLC,Avangrid Renewables,True,rule
"White Mesa Wind, LLC","White Mesa Wind, LLC",False,unmatched - passthrough
"Hecate Energy Ramsey, LLC",Hecate Energy,False,rule
50LW 8me LLC,8minute Solar Energy,False,rule
Walnut Creek LLC,Walnut Creek LLC,False,unmatched - passthrough
"Young Wind, LLC","Young Wind, LLC",False,unmatched - passthrough
"High Lonesome Wind Power, LLC","High Lonesome Wind Power, LLC",False,unmatched - passthrough
Tesoro SoCal Cogen LLC,Tesoro SoCal Cogen LLC,False,unmatched - passthrough
Fengate Asset Management,Fengate Asset Management,False,unmatched - passthrough
"Walton County Power, LLC.","Walton County Power, LLC.",False,unmatched - passthrough
Westlake 2 US LLC,Westlake 2 US LLC,False,unmatched - passthrough
Algonquin Power Co,Algonquin / Liberty,False,rule
"Sonoran Solar Energy, LLC","Sonoran Solar Energy, LLC",False,unmatched - passthrough
"Black Hills Power, Inc.",Black Hills Corp,False,rule
"HO Clarke Generating, LLC","HO Clarke Generating, LLC",False,unmatched - passthrough
"Braes Bayou Generating, LLC","Braes Bayou Generating, LLC",False,unmatched - passthrough
"Brotman Generating, LLC","Brotman Generating, LLC",False,unmatched - passthrough
"Mark One Generating, LLC","Mark One Generating, LLC",False,unmatched - passthrough
"Shelby County Energy Center, LLC","Shelby County Energy Center, LLC",False,unmatched - passthrough
"Parliament Solar, LLC","Parliament Solar, LLC",False,unmatched - passthrough
"Mockingbird Solar Center, LLC","Mockingbird Solar Center, LLC",False,unmatched - passthrough
"Gregory Power Holdings, LLC","Gregory Power Holdings, LLC",False,unmatched - passthrough
Eastman Cogeneration LP,Eastman Cogeneration LP,False,unmatched - passthrough
Public Service Co of NM,Public Service Co of NM,False,unmatched - passthrough
Wolverine Power Supply Coop,Federal / Regional Power Authority,False,rule
Texas City Cogeneration LLC,Texas City Cogeneration LLC,False,unmatched - passthrough
Selkirk Cogen Partners LP,Selkirk Cogen Partners LP,False,unmatched - passthrough
Lafayette Utilities System,Lafayette Utilities System,False,unmatched - passthrough
Wake Wind Energy LLC,Wake Wind Energy LLC,False,unmatched - passthrough
Dunns Bridge II Solar and Storage Generation LLC,Dunns Bridge II Solar and Storage Generation LLC,False,unmatched - passthrough
Richland-Stryker Generation LLC,Richland-Stryker Generation LLC,False,unmatched - passthrough
"Panoche Energy Center, LLC","Panoche Energy Center, LLC",False,unmatched - passthrough
Vistra Corp,Vistra Group,False,rule
"Old 300 Solar Center, LLC","Old 300 Solar Center, LLC",False,unmatched - passthrough
"Millennium Power Company, LLC","Millennium Power Company, LLC",False,unmatched - passthrough
PHR Holdings LLC,PHR Holdings LLC,False,unmatched - passthrough
Vermillion Power LLC,Vermillion Power LLC,False,unmatched - passthrough
"2W Permian Solar, LLC","2W Permian Solar, LLC",False,unmatched - passthrough
Mesquite Star Special LLC,Mesquite Star Special LLC,False,unmatched - passthrough
Ennis Power Company LLC,Ennis Power Company LLC,False,unmatched - passthrough
City of Alexandria - (LA),Municipal / Public Utility (various),False,rule
Granite Shore Power,Granite Shore Power,False,unmatched - passthrough
Arizona Electric Pwr Coop Inc,Electric Cooperative (various),False,rule
"Solano Wind 3, LLC","Solano Wind 3, LLC",False,unmatched - passthrough
Ash Creek,Ash Creek,False,unmatched - passthrough
"Wabash Valley Power Assn, Inc","Wabash Valley Power Assn, Inc",False,unmatched - passthrough
Sequoia 1 Solar Project,Sequoia 1 Solar Project,False,unmatched - passthrough
"Roadrunner Solar, LLC","Roadrunner Solar, LLC",False,unmatched - passthrough
"Kola Energy Storage, LLC","Kola Energy Storage, LLC",False,unmatched - passthrough
"BHE Renewables, LLC",BHE Renewables,True,rule
"Mammoth North, LLC","Mammoth North, LLC",False,unmatched - passthrough
"SE Athos II, LLC","SE Athos II, LLC",False,unmatched - passthrough
"Waco Solar, LLC","Waco Solar, LLC",False,unmatched - passthrough
"Jordan Creek Wind Farm, LLC","Jordan Creek Wind Farm, LLC",False,unmatched - passthrough
"Tri-State G & T Assn, Inc","Tri-State G & T Assn, Inc",False,unmatched - passthrough
Pio Pico Energy Center LLC,Pio Pico Energy Center LLC,False,unmatched - passthrough
Idaho Power Co,IDACORP,False,rule
"Cedar Springs Wind IV, LLC","Cedar Springs Wind IV, LLC",False,unmatched - passthrough
Southern California P P A,Southern California P P A,False,unmatched - passthrough
"MPC Generating, LLC","MPC Generating, LLC",False,unmatched - passthrough
Northeast Energy Associates LP,Northeast Energy Associates LP,False,unmatched - passthrough
Florida Renewable Partners,Florida Renewable Partners,False,unmatched - passthrough
Exxon Mobil Refining and Supply Co.,Industrial Self-Generation (various),False,rule
Wisconsin Electric Power Co,We Energies,True,rule
WPPI Energy,WPPI Energy,False,unmatched - passthrough
Oxy Vinyls LP,Oxy Vinyls LP,False,unmatched - passthrough
"Victoria WLE, LP","Victoria WLE, LP",False,unmatched - passthrough
Starwood Energy Group Global,Starwood Energy Group Global,False,unmatched - passthrough
Puget Sound Energy Inc,Puget Sound Energy,False,rule
"Evergy Kansas South, Inc",Evergy,True,rule
Borger Energy Associates LP,Borger Energy Associates LP,False,unmatched - passthrough
Orsted Onshore North America,Orsted North America,True,rule
RW Miller Power LLC,RW Miller Power LLC,False,unmatched - passthrough
Clearwater Energy Resources LLC,Clearwater Energy Resources LLC,False,unmatched - passthrough
"Cobalt Power, L.L.C.","Cobalt Power, L.L.C.",False,unmatched - passthrough
Consolidated Edison Co-NY Inc,ConEdison Group,False,rule
"Acciona Energy USA Global, LLC",Nordex Acciona North America,True,rule
"Ector County Generation, LLC","Ector County Generation, LLC",False,unmatched - passthrough
Crete Energy Venture LLC,Crete Energy Venture LLC,False,unmatched - passthrough
"Five Wells Solar Center, LLC","Five Wells Solar Center, LLC",False,unmatched - passthrough
"Middle River Power II, LLC","Middle River Power II, LLC",False,unmatched - passthrough
University Park Energy LLC,Institutional Self-Generation (various),False,rule
Middletown Power LLC,Middletown Power LLC,False,unmatched - passthrough
"Foard City Wind, LLC","Foard City Wind, LLC",False,unmatched - passthrough
"Frontier Windpower II, LLC","Frontier Windpower II, LLC",False,unmatched - passthrough
"Gilbert Power, LLC","Gilbert Power, LLC",False,unmatched - passthrough
Evergy Missouri West,Evergy,True,rule
"Azure Sky Wind Project, LLC","Azure Sky Wind Project, LLC",False,unmatched - passthrough
Mohave County Wind Farm,Mohave County Wind Farm,False,unmatched - passthrough
Axium Infrastructure US Inc.,Axium Infrastructure,False,rule
Pattern Operators LP,Pattern Energy,True,rule
Wallingford Energy LLC,Wallingford Energy LLC,False,unmatched - passthrough
Otter Tail Power Co,Otter Tail Power Co,False,unmatched - passthrough
"Caithness Long Island, LLC","Caithness Long Island, LLC",False,unmatched - passthrough
"New Castle Power, LLC","New Castle Power, LLC",False,unmatched - passthrough
"Sheboygan Power, LLC","Sheboygan Power, LLC",False,unmatched - passthrough
City of Garland - (TX),Municipal / Public Utility (various),False,rule
North Carolina El Member Corp,North Carolina El Member Corp,False,unmatched - passthrough
Dow Chemical Co - St Charles,Industrial Self-Generation (various),False,rule
Indiana Municipal Power Agency,Municipal / Public Utility (various),False,rule
BMP Wind LLC,BMP Wind LLC,False,unmatched - passthrough
"Black Hills Colorado Electric, LLC",Black Hills Corp,False,rule
"Brunot Island Power, LLC","Brunot Island Power, LLC",False,unmatched - passthrough
"Sage Draw Wind, LLC","Sage Draw Wind, LLC",False,unmatched - passthrough
MRP San Joaquin Energy LLC.,MRP San Joaquin Energy LLC.,False,unmatched - passthrough
TG East Wind Project LLC,TG East Wind Project LLC,False,unmatched - passthrough
Minnesota Municipal Power Agny,Municipal / Public Utility (various),False,rule
"Constellation Power Source Generation, LLC",Constellation Energy Corp.,True,rule
"Boswell Wind, LLC","Boswell Wind, LLC",False,unmatched - passthrough
"Intersect USA, LLC",Intersect,True,rule
"Dickerson Power, LLC","Dickerson Power, LLC",False,unmatched - passthrough
Gainesville Regional Utilities,Gainesville Regional Utilities,False,unmatched - passthrough
"Neptune Energy Center, LLC","Neptune Energy Center, LLC",False,unmatched - passthrough
"Desert Peak Energy Storage I, LLC","Desert Peak Energy Storage I, LLC",False,unmatched - passthrough
"Mid-Georgia Cogen, LP","Mid-Georgia Cogen, LP",False,unmatched - passthrough
Axium BNY LLC,Axium Infrastructure,False,rule
"Enel Kansas, LLC",Enel Green Power,True,rule
"Solar Star California XIX, LLC","Solar Star California XIX, LLC",False,unmatched - passthrough
Rockford Generation LLC,Rockford Generation LLC,False,unmatched - passthrough
"Western Farmers Elec Coop, Inc",Electric Cooperative (various),False,rule
Shaw Creek Solar,Shaw Creek Solar,False,unmatched - passthrough
Chugach Electric Assn Inc,Chugach Electric Assn Inc,False,unmatched - passthrough
"BT Hickerson Solar, LLC","BT Hickerson Solar, LLC",False,unmatched - passthrough
Shell Chemical Appalachia LLC,Industrial Self-Generation (various),False,rule
Arevon Asset Management,Arevon Energy,False,rule
"Canyon Wind Project, LLC","Canyon Wind Project, LLC",False,unmatched - passthrough
"Wild Plains Wind Project, LLC","Wild Plains Wind Project, LLC",False,unmatched - passthrough
Ocean State Power Co,Ocean State Power Co,False,unmatched - passthrough
Clarksdale Public Utilities,Clarksdale Public Utilities,False,unmatched - passthrough
Los Esteros Critical Energy Facility LLC,Los Esteros Critical Energy Facility LLC,False,unmatched - passthrough
Greasewood II LLC,Greasewood II LLC,False,unmatched - passthrough
Westlake Chemicals & Vinyls LLC,Westlake Chemicals & Vinyls LLC,False,unmatched - passthrough
"SE Juno, LLC","SE Juno, LLC",False,unmatched - passthrough
SMT Ironman BESS LLC,SMT Ironman BESS LLC,False,unmatched - passthrough
ALLETE Clean Energy,Allete Clean Energy,True,rule
Engie North America,Engie North America,True,rule
Indiana Crossroads Wind Farms LLC,Indiana Crossroads Wind Farms LLC,False,unmatched - passthrough
Exxon Mobil Corp,Industrial Self-Generation (various),False,rule
"Lincoln Land Wind, LLC","Lincoln Land Wind, LLC",False,unmatched - passthrough
"Seven Cowboy Wind Project, LLC","Seven Cowboy Wind Project, LLC",False,unmatched - passthrough
Rathdrum Power LLC,Rathdrum Power LLC,False,unmatched - passthrough
"Lacy Creek Wind, LLC","Lacy Creek Wind, LLC",False,unmatched - passthrough
"Inertia Wind Project, LLC","Inertia Wind Project, LLC",False,unmatched - passthrough
Turlock Irrigation District,Turlock Irrigation District,False,unmatched - passthrough
"Irish Creek Wind, LLC","Irish Creek Wind, LLC",False,unmatched - passthrough
"Leeward Asset Management, LLC",Leeward Renewable Energy,True,rule
Bearkat II TE Partnership LLC,Bearkat II TE Partnership LLC,False,unmatched - passthrough
Chisholm View Wind Project,Chisholm View Wind Project,False,unmatched - passthrough
Desert Quartzite LLC,Desert Quartzite LLC,False,unmatched - passthrough
Deuel Harvest Wind Energy LLC,Deuel Harvest Wind Energy LLC,False,unmatched - passthrough
"GulfStar Power, LLC","GulfStar Power, LLC",False,unmatched - passthrough
"BOCA bn, LLC","BOCA bn, LLC",False,unmatched - passthrough
Clenera LLC,Clenera / Enfinity,False,rule
Daggett Solar Power 3 LLC,Daggett Solar Power 3 LLC,False,unmatched - passthrough
"Pioneer Prairie Wind Farm I, LLC","Pioneer Prairie Wind Farm I, LLC",False,unmatched - passthrough
Kern River Cogeneration Co,Kern River Cogeneration Co,False,unmatched - passthrough
Soldier Creek Wind LLC,Soldier Creek Wind LLC,False,unmatched - passthrough
325MK 8me LLC,8minute Solar Energy,False,rule
AES Clean Energy,AES Wind Generation,True,rule
PP Jaguar BESS LLC,PP Jaguar BESS LLC,False,unmatched - passthrough
"Oxbow Solar Farm 1, LLC","Oxbow Solar Farm 1, LLC",False,unmatched - passthrough
"Rodeo Ranch Energy Storage, LLC","Rodeo Ranch Energy Storage, LLC",False,unmatched - passthrough
Arroyo Solar LLC,Arroyo Solar LLC,False,unmatched - passthrough
"Eleven Mile Solar Center, LLC","Eleven Mile Solar Center, LLC",False,unmatched - passthrough
"Sun Streams Expansion, LLC","Sun Streams Expansion, LLC",False,unmatched - passthrough
"Rock Creek Wind, LLC","Rock Creek Wind, LLC",False,unmatched - passthrough
RWE Clean Energy,RWE North America,True,rule
"Prospero Energy Project, LLC (Longroad)",Longroad Energy,True,rule
"Prosperity Wind, LLC","Prosperity Wind, LLC",False,unmatched - passthrough
"Bronco Plains Wind, LLC","Bronco Plains Wind, LLC",False,unmatched - passthrough
RE Slate 1 LLC,RE Slate 1 LLC,False,unmatched - passthrough
"Pine Forest Solar I, LLC","Pine Forest Solar I, LLC",False,unmatched - passthrough
"Cedro Hill Wind, LLC","Cedro Hill Wind, LLC",False,unmatched - passthrough
"Prairie Hill Wind Project, LLC","Prairie Hill Wind Project, LLC",False,unmatched - passthrough
Atlas VII LLC,Atlas VII LLC,False,unmatched - passthrough
Sycamore Cogeneration Co,Sycamore Cogeneration Co,False,unmatched - passthrough
"Tahoka Wind, LLC","Tahoka Wind, LLC",False,unmatched - passthrough
Copia Power,Copia Power,False,unmatched - passthrough
Hecate Energy Highland LLC,Hecate Energy,False,rule
"Torrecillas Wind Energy, LLC","Torrecillas Wind Energy, LLC",False,unmatched - passthrough
"Milligan 1 Wind, LLC","Milligan 1 Wind, LLC",False,unmatched - passthrough
Ranchero Wind Farm LLC,Ranchero Wind Farm LLC,False,unmatched - passthrough
RE Papago LLC,RE Papago LLC,False,unmatched - passthrough
Hubbard Wind LLC,Hubbard Wind LLC,False,unmatched - passthrough
"TX Jumbo Road Wind, LLC","TX Jumbo Road Wind, LLC",False,unmatched - passthrough
Balko Wind LLC,Balko Wind LLC,False,unmatched - passthrough
"Desert Stateline, LLC","Desert Stateline, LLC",False,unmatched - passthrough
"Red Dirt Wind Project, LLC","Red Dirt Wind Project, LLC",False,unmatched - passthrough
"Enel Green Power Diamond Vista Wind Project, LLC",Enel Green Power,True,rule
"Limestone Wind Project, LLC","Limestone Wind Project, LLC",False,unmatched - passthrough
Kay Wind LLC,Kay Wind LLC,False,unmatched - passthrough
"Aurora Wind Project, LLC","Aurora Wind Project, LLC",False,unmatched - passthrough
Motiva Enterprises LLC,Motiva Enterprises LLC,False,unmatched - passthrough
"Haystack Wind Project, LLC","Haystack Wind Project, LLC",False,unmatched - passthrough
Kingfisher Wind LLC,Kingfisher Wind LLC,False,unmatched - passthrough
"Thunder Ranch Wind Project, LLC","Thunder Ranch Wind Project, LLC",False,unmatched - passthrough
Handsome Lake Energy LLC,Handsome Lake Energy LLC,False,unmatched - passthrough
"Atlantic Oklahoma Wind, LLC","Atlantic Oklahoma Wind, LLC",False,unmatched - passthrough
Shepherds Flat Wind LLC,Shepherds Flat Wind LLC,False,unmatched - passthrough
Berkshire Power Co LLC,Berkshire Power Co LLC,False,unmatched - passthrough
Northern California Power Agny,Northern California Power Agny,False,unmatched - passthrough
"Alpha Generation Brandywine, LLC","Alpha Generation Brandywine, LLC",False,unmatched - passthrough
Lakewood Cogeneration LP,Lakewood Cogeneration LP,False,unmatched - passthrough
Hardee Power Partners Ltd,Hardee Power Partners Ltd,False,unmatched - passthrough
Avista Corp,Avista Corp,False,rule
Saranac Power Partners LP,Saranac Power Partners LP,False,unmatched - passthrough
PanCentral CGC Holdings LLC,PanCentral CGC Holdings LLC,False,unmatched - passthrough
Tanzanite Energy Storage LLC,Tanzanite Energy Storage LLC,False,unmatched - passthrough
Pattern Gulf Wind,Pattern Gulf Wind,False,unmatched - passthrough
DTE Energy Services,DTE Energy,True,rule
Johnson County Power LLC,Johnson County Power LLC,False,unmatched - passthrough
Palo Duro Wind,Palo Duro Wind,False,unmatched - passthrough
Kentucky Power Co,"American Electric Power Company, Inc.",True,rule
Mobile Energy LLC,Mobile Energy LLC,False,unmatched - passthrough
Arizona Solar One LLC,Arizona Solar One LLC,False,unmatched - passthrough
"Silver Peak Solar, LLC","Silver Peak Solar, LLC",False,unmatched - passthrough
"Solar Star California XX, LLC","Solar Star California XX, LLC",False,unmatched - passthrough
FPL Energy Upton Wind LP,NextEra Energy Resources,True,rule
Imperial Irrigation District,Imperial Irrigation District,False,rule
Bethel Wind Farm LLC,Bethel Wind Farm LLC,False,unmatched - passthrough
"Solomon Forks Wind Project, LLC","Solomon Forks Wind Project, LLC",False,unmatched - passthrough
Geronimo Power,Geronimo Power,True,rule
Rumford Power,Rumford Power,False,unmatched - passthrough
Santa Rosa Energy Center LLC,Santa Rosa Energy Center LLC,False,unmatched - passthrough
Global Infrastructure Partners,BlackRock / GIP,False,rule
"Las Majadas Wind Farm, LLC","Las Majadas Wind Farm, LLC",False,unmatched - passthrough
"McCoy Solar, LLC","McCoy Solar, LLC",False,unmatched - passthrough
Gibson City Energy Center LLC,Gibson City Energy Center LLC,False,unmatched - passthrough
"Helena Wind, LLC","Helena Wind, LLC",False,unmatched - passthrough
Paris Generation LP,Paris Generation LP,False,unmatched - passthrough
Big Cajun I Units I and II LLC,Big Cajun I Units I and II LLC,False,unmatched - passthrough
"FGE Goodnight I, LLC","FGE Goodnight I, LLC",False,unmatched - passthrough
Ocotillo Express LLC,Ocotillo Express LLC,False,unmatched - passthrough
Dunns Bridge Solar Center LLC,Dunns Bridge Solar Center LLC,False,unmatched - passthrough
Clearway Energy Operating LLC,Clearway Energy Operating LLC,True,rule
Lincoln Electric System,Lincoln Electric System,False,unmatched - passthrough
"Arica Solar, LLC","Arica Solar, LLC",False,unmatched - passthrough
Windy Flats Partners LLC,Windy Flats Partners LLC,False,unmatched - passthrough
Masspower,Masspower,False,unmatched - passthrough
"Silver State Solar Power South, LLC","Silver State Solar Power South, LLC",False,unmatched - passthrough
"Wadley Solar, LLC","Wadley Solar, LLC",False,unmatched - passthrough
"SE Titan, LLC","SE Titan, LLC",False,unmatched - passthrough
WEC Energy Group,We Energies,True,rule
"Roadrunner Crossing Wind Farm, LLC","Roadrunner Crossing Wind Farm, LLC",False,unmatched - passthrough
Stampede Solar Project LLC,Stampede Solar Project LLC,False,unmatched - passthrough
Concho Bluff LLC,Concho Bluff LLC,False,unmatched - passthrough
"TE Taygete Energy HoldCo, LLC","TE Taygete Energy HoldCo, LLC",False,unmatched - passthrough
Massachusetts Mun Wholes Electric Co,Massachusetts Mun Wholes Electric Co,False,unmatched - passthrough
"Kendall Green Energy, LLC","Kendall Green Energy, LLC",False,unmatched - passthrough
"Dermott Wind, LLC","Dermott Wind, LLC",False,unmatched - passthrough
AV Solar Ranch 1 LLC,AV Solar Ranch 1 LLC,False,unmatched - passthrough
"Imperial Valley Solar 3, LLC","Imperial Valley Solar 3, LLC",False,unmatched - passthrough
"Texas Solar Nova 1, LLC","Texas Solar Nova 1, LLC",False,unmatched - passthrough
Skeleton Creek Energy Center,Skeleton Creek Energy Center,False,unmatched - passthrough
Cedar Point LLC,Cedar Point LLC,False,unmatched - passthrough
Generation Bridge Acquisition,Generation Bridge Acquisition,False,unmatched - passthrough
"Rockland Power Partners, LLC","Rockland Power Partners, LLC",False,unmatched - passthrough
"Little Blue Wind Project, LLC","Little Blue Wind Project, LLC",False,unmatched - passthrough
"Triple H Wind Project, LLC","Triple H Wind Project, LLC",False,unmatched - passthrough
Ben Milam Solar 2 LLC,Ben Milam Solar 2 LLC,False,unmatched - passthrough
Ben Milam Solar 3 LLC,Ben Milam Solar 3 LLC,False,unmatched - passthrough
"Sparta Solar, LLC","Sparta Solar, LLC",False,unmatched - passthrough
"Willow Springs Windfarm, LLC","Willow Springs Windfarm, LLC",False,unmatched - passthrough
Fairbanks Solar Energy Center LLC,Fairbanks Solar Energy Center LLC,False,unmatched - passthrough
"Pisgah Ridge Solar, LLC","Pisgah Ridge Solar, LLC",False,unmatched - passthrough
"Sierra Estrella Energy Storage, LLC","Sierra Estrella Energy Storage, LLC",False,unmatched - passthrough
Amadeus Wind LLC,Amadeus Wind LLC,False,unmatched - passthrough
"Phoebe Energy Project, LLC","Phoebe Energy Project, LLC",False,unmatched - passthrough
"Golden West Power Partners, LLC","Golden West Power Partners, LLC",False,unmatched - passthrough
"Sebree Solar, LLC","Sebree Solar, LLC",False,unmatched - passthrough
Aqua,Aqua,False,unmatched - passthrough
Hardin Solar Energy III,Hardin Solar Energy III,False,unmatched - passthrough
"SE Athos I, LLC","SE Athos I, LLC",False,unmatched - passthrough
"SR Toombs I, LLC","SR Toombs I, LLC",False,unmatched - passthrough
Hopkins Energy LLC,Hopkins Energy LLC,False,unmatched - passthrough
"Prospero Solar II, LLC (Longroad)",Longroad Energy,True,rule
"Tenaska Nobles 2 Holdings, LLC,",Tenaska Group,False,rule
"Roaring Springs, LLC","Roaring Springs, LLC",False,unmatched - passthrough
Moapa Southern Paiute LLC,Moapa Southern Paiute LLC,False,unmatched - passthrough
"Axium Great Plains Wind, LLC",Axium Infrastructure,False,rule
Sun Valley Solar LLC,Sun Valley Solar LLC,False,unmatched - passthrough
Hidalgo Wind Farm LLC,Hidalgo Wind Farm LLC,False,unmatched - passthrough
Westlands Solar Blue,Westlands Solar Blue,False,unmatched - passthrough
"Gateway Energy Storage, LLC","Gateway Energy Storage, LLC",False,unmatched - passthrough
225DD 8me LLC,8minute Solar Energy,False,rule
Rush Springs Wind Project,Rush Springs Wind Project,False,unmatched - passthrough
Buffalo Dunes Wind Project LLC,Buffalo Dunes Wind Project LLC,False,unmatched - passthrough
"High Plains Ranch II, LLC","High Plains Ranch II, LLC",False,unmatched - passthrough
"Javelina Wind Energy, LLC","Javelina Wind Energy, LLC",False,unmatched - passthrough
EGCO Tower,EGCO Tower,False,unmatched - passthrough
IRG Acquisition Holdings LLC,IRG Acquisition Holdings LLC,False,unmatched - passthrough
"King Plains Wind Project, LLC","King Plains Wind Project, LLC",False,unmatched - passthrough
PUD No 1 of Clark County - (WA),Municipal / Public Utility (various),False,rule
"Thunder Wolf Energy Center, LLC","Thunder Wolf Energy Center, LLC",False,unmatched - passthrough
"Armadillo Flats Wind Project, LLC","Armadillo Flats Wind Project, LLC",False,unmatched - passthrough
ENI Crockett Ltd,ENI Crockett Ltd,False,unmatched - passthrough
Fayetteville Public Works Commission,Fayetteville Public Works Commission,False,unmatched - passthrough
"Porter Solar, LLC","Porter Solar, LLC",False,unmatched - passthrough
"Pratt Wind, LLC","Pratt Wind, LLC",False,unmatched - passthrough
"El Campo Wind, LLC (Longroad)",Longroad Energy,True,rule
"EDF Renewable Asset Holdings, Inc.",EDF Power Solutions North America,True,rule
"Tenaska Clear Creek Debt Holdco, LLC",Tenaska Group,False,rule
Sowega Energy Resources LLC,Sowega Energy Resources LLC,False,unmatched - passthrough
"Paris Farm Solar, LLC","Paris Farm Solar, LLC",False,unmatched - passthrough
"Anole Energy Storage, LLC","Anole Energy Storage, LLC",False,unmatched - passthrough
"Bighorn Solar 1, LLC","Bighorn Solar 1, LLC",False,unmatched - passthrough
Childress Solar Park LLC,Childress Solar Park LLC,False,unmatched - passthrough
AES Distributed Energy,AES Wind Generation,True,rule
"7V Solar Ranch, LLC","7V Solar Ranch, LLC",False,unmatched - passthrough
Big Sky Wind LLC,Big Sky Wind LLC,False,unmatched - passthrough
City of Kansas City - (KS),Municipal / Public Utility (various),False,rule
Terra-Gen Operating Co-Wind,Terra-Gen,False,rule
"Rio Bravo Windpower, LLC","Rio Bravo Windpower, LLC",False,unmatched - passthrough
"White Cloud Wind Project, LLC","White Cloud Wind Project, LLC",False,unmatched - passthrough
Libra Storage LLC,Libra Storage LLC,False,unmatched - passthrough
"LaPorte Power, LLC","LaPorte Power, LLC",False,unmatched - passthrough
Chapman Ranch Wind LLC,Chapman Ranch Wind LLC,False,unmatched - passthrough
"Fence Post Solar Project, LLC","Fence Post Solar Project, LLC",False,unmatched - passthrough
AERA Energy LLC,AERA Energy LLC,False,unmatched - passthrough
Arlington Energy Center II,Arlington Energy Center II,False,unmatched - passthrough
Calpine New Jersey Generation LLC,Calpine Group,False,rule
United States Steel-Gary,United States Steel-Gary,False,unmatched - passthrough
Pine Bluff Energy LLC,Pine Bluff Energy LLC,False,unmatched - passthrough
"Sunlight Storage, LLC","Sunlight Storage, LLC",False,unmatched - passthrough
"Plum Creek Wind, LLC","Plum Creek Wind, LLC",False,unmatched - passthrough
"Horse Creek Wind, LLC","Horse Creek Wind, LLC",False,unmatched - passthrough
"Bernard Creek Solar, LLC","Bernard Creek Solar, LLC",False,unmatched - passthrough
Sunlight Storage II,Sunlight Storage II,False,unmatched - passthrough
"Electra Wind, LLC","Electra Wind, LLC",False,unmatched - passthrough
"Guajillo Energy Storage, LLC","Guajillo Energy Storage, LLC",False,unmatched - passthrough
Fountain Valley Power LLC,Fountain Valley Power LLC,False,unmatched - passthrough
"AP Solar 2, LLC","AP Solar 2, LLC",False,unmatched - passthrough
"Muscle Shoals Solar, LLC","Muscle Shoals Solar, LLC",False,unmatched - passthrough
Mammoth Plains Wind Project,Mammoth Plains Wind Project,False,unmatched - passthrough
"Roundhouse Renewable Energy, LLC","Roundhouse Renewable Energy, LLC",False,unmatched - passthrough
"Griffin Trail Wind, LLC","Griffin Trail Wind, LLC",False,unmatched - passthrough
"Diver Solar, LLC","Diver Solar, LLC",False,unmatched - passthrough
Engie Longdraw Solar LLC,Engie North America,True,rule
"Azure Sky Solar Project, LLC","Azure Sky Solar Project, LLC",False,unmatched - passthrough
Great Pathfinder Wind,Great Pathfinder Wind,False,unmatched - passthrough
City Water and Light Plant - (AR),City Water and Light Plant - (AR),False,unmatched - passthrough
Acciona Wind Energy USA LLC,Nordex Acciona North America,True,rule
Shamrock Wind LLC,Shamrock Wind LLC,False,unmatched - passthrough
Callisto I Energy Center,Callisto I Energy Center,False,unmatched - passthrough
Lockport Energy Associates LP,Lockport Energy Associates LP,False,unmatched - passthrough
"Grady Wind Energy Center, LLC","Grady Wind Energy Center, LLC",False,unmatched - passthrough
Willow Creek Wind LLC,Willow Creek Wind LLC,False,unmatched - passthrough
Evelyn Energy Storage LLC,Evelyn Energy Storage LLC,False,unmatched - passthrough
Morris Cogeneration LLC,Morris Cogeneration LLC,False,unmatched - passthrough
Pattern Panhandle Wind LLC,Pattern Panhandle Wind LLC,False,unmatched - passthrough
FPL Energy Illinois Wind LLC,NextEra Energy Resources,True,rule
Utah Municipal Power Agency,Municipal / Public Utility (various),False,rule
SunEdison LLC,Terraform Power,True,rule
"Marble River, LLC","Marble River, LLC",False,unmatched - passthrough
"Sun Streams PVS, LLC","Sun Streams PVS, LLC",False,unmatched - passthrough
NextEra Energy Operating Services LLC,NextEra Energy Resources,True,rule
Old Trail Wind Farm LLC,Old Trail Wind Farm LLC,False,unmatched - passthrough
"Serrano Solar, LLC","Serrano Solar, LLC",False,unmatched - passthrough
"Cool Springs Solar, LLC","Cool Springs Solar, LLC",False,unmatched - passthrough
"Cedar Bluff Wind, LLC","Cedar Bluff Wind, LLC",False,unmatched - passthrough
"Sayreville Power, LLC","Sayreville Power, LLC",False,unmatched - passthrough
"Mesquite Creek Wind, LLC","Mesquite Creek Wind, LLC",False,unmatched - passthrough
High Trail Wind Farm LLC,High Trail Wind Farm LLC,False,unmatched - passthrough
"Canadian Breaks Holdings, LLC","Canadian Breaks Holdings, LLC",False,unmatched - passthrough
Stillhouse Solar LLC,Stillhouse Solar LLC,False,unmatched - passthrough
Reloj del Sol Wind Farm LLC,Reloj del Sol Wind Farm LLC,False,unmatched - passthrough
"King Creek Wind Farm 2, LLC","King Creek Wind Farm 2, LLC",False,unmatched - passthrough
"Ebony Energy Storage, LLC","Ebony Energy Storage, LLC",False,unmatched - passthrough
"Ledyard Windpower, LLC","Ledyard Windpower, LLC",False,unmatched - passthrough
"Niyol Wind, LLC","Niyol Wind, LLC",False,unmatched - passthrough
Bankers Commercial Corporation,Bankers Commercial Corporation,False,unmatched - passthrough
"SP Tranquillity Solar Storage, LLC","SP Tranquillity Solar Storage, LLC",False,unmatched - passthrough
Lansing Board of Water and Light,Lansing Board of Water and Light,False,unmatched - passthrough
Lexington Chenoa Wind Farm LLC,Lexington Chenoa Wind Farm LLC,False,unmatched - passthrough
"ALLETE, Inc.",Allete Clean Energy,True,rule
"Enel Green Power Estonian Solar Project, LLC",Enel Green Power,True,rule
FPL Energy New Mexico Wind LLC,NextEra Energy Resources,True,rule
Citadel BESS LLC,Citadel BESS LLC,False,unmatched - passthrough
White Creek Wind 1 LLC,White Creek Wind 1 LLC,False,unmatched - passthrough
1370 Shannon LLC,1370 Shannon LLC,False,unmatched - passthrough
West Texas Solar Project II LLC,West Texas Solar Project II LLC,False,unmatched - passthrough
"Milford Wind Corridor Phase I, LLC (Longroad)",Longroad Energy,True,rule
AP Sunray LLC,AP Sunray LLC,False,unmatched - passthrough
NorthWestern Energy (MT wind/thermal),NorthWestern Energy (MT wind/thermal),False,unmatched - passthrough
Crossett Power Management LLC,Crossett Power Management LLC,False,unmatched - passthrough
Cutlass II Solar LLC,Cutlass II Solar LLC,False,unmatched - passthrough
Harvest Ridge Wind Farm,Harvest Ridge Wind Farm,False,unmatched - passthrough
Sugar Creek Wind One LLC,Sugar Creek Wind One LLC,False,unmatched - passthrough
BNB Lamesa Solar LLC,BNB Lamesa Solar LLC,False,unmatched - passthrough
"Las Lomas Wind Project, LLC","Las Lomas Wind Project, LLC",False,unmatched - passthrough
Deriva Energy,Brookfield Renewable,True,rule
Indiana Crossroads Wind Farm II LLC,Indiana Crossroads Wind Farm II LLC,False,unmatched - passthrough
Mesteno Wind,Mesteno Wind,False,unmatched - passthrough
"Horizon Hill Wind, LLC","Horizon Hill Wind, LLC",False,unmatched - passthrough
"White Rock Wind East, LLC","White Rock Wind East, LLC",False,unmatched - passthrough
"Cloud County Windfarm, LLC","Cloud County Windfarm, LLC",False,unmatched - passthrough
Logan Wind Energy LLC,Logan Wind Energy LLC,False,unmatched - passthrough
Osborn Wind Energy LLC,Osborn Wind Energy LLC,False,unmatched - passthrough
"Sunflower Energy Center, LLC","Sunflower Energy Center, LLC",False,unmatched - passthrough
Limon,Limon,False,unmatched - passthrough
"Alta Farms II Wind Project, LLC","Alta Farms II Wind Project, LLC",False,unmatched - passthrough
Meadow Lake Wind Farm VI LLC,Meadow Lake Wind Farm VI LLC,False,unmatched - passthrough
"Blue Summit III Wind, LLC","Blue Summit III Wind, LLC",False,unmatched - passthrough
Carpenter Wind Farm LLC,Carpenter Wind Farm LLC,False,unmatched - passthrough
"Reading Wind Energy, LLC","Reading Wind Energy, LLC",False,unmatched - passthrough
"Crowned Ridge Wind, LLC","Crowned Ridge Wind, LLC",False,unmatched - passthrough
Logans Gap Wind LLC,Logans Gap Wind LLC,False,unmatched - passthrough
"Brazoria West Solar Project, LLC","Brazoria West Solar Project, LLC",False,unmatched - passthrough
"Hillcrest Solar I, LLC","Hillcrest Solar I, LLC",False,unmatched - passthrough
"Bowman Wind, LLC","Bowman Wind, LLC",False,unmatched - passthrough
Randolph Solar Park LLC,Randolph Solar Park LLC,False,unmatched - passthrough
"Origis Energy USA, Inc",Origis Energy,False,rule
Prairie Rose Wind Farm,Prairie Rose Wind Farm,False,unmatched - passthrough
Condor Energy Storage LLC,Condor Energy Storage LLC,False,unmatched - passthrough
KKR/GA,KKR,False,rule
Caney River Wind Project,Caney River Wind Project,False,unmatched - passthrough
"Kelso Solar, LLC","Kelso Solar, LLC",False,unmatched - passthrough
Blackstone Wind Farm II LLC,Blackstone Wind Farm II LLC,False,unmatched - passthrough
"Dighton Power, LLC","Dighton Power, LLC",False,unmatched - passthrough
FPL Energy Crystal Lake Wind II LLC,NextEra Energy Resources,True,rule
"North Bend Wind Project, LLC","North Bend Wind Project, LLC",False,unmatched - passthrough
"Washington County Solar, LLC","Washington County Solar, LLC",False,unmatched - passthrough
Goodwell Wind Project LLC,Goodwell Wind Project LLC,False,unmatched - passthrough
"Silver State South Storage, LLC","Silver State South Storage, LLC",False,unmatched - passthrough
"Big Elm Solar, LLC","Big Elm Solar, LLC",False,unmatched - passthrough
"Dominguez Grid, LLC","Dominguez Grid, LLC",False,unmatched - passthrough
"Big Rock ESS Assets, LLC","Big Rock ESS Assets, LLC",False,unmatched - passthrough
"Dodge Flat Solar, LLC","Dodge Flat Solar, LLC",False,unmatched - passthrough
Cavalry Energy Center LLC,Cavalry Energy Center LLC,False,unmatched - passthrough
Tidwell Prairie,Tidwell Prairie,False,unmatched - passthrough
"New Madrid Solar, LLC","New Madrid Solar, LLC",False,unmatched - passthrough
"Nevada Gold Energy, LLC","Nevada Gold Energy, LLC",False,unmatched - passthrough
"Diablo Energy Storage, LLC","Diablo Energy Storage, LLC",False,unmatched - passthrough
"Troutdale Grid, LLC","Troutdale Grid, LLC",False,unmatched - passthrough
"Ponderosa Wind, LLC","Ponderosa Wind, LLC",False,unmatched - passthrough
"Green River Solar, LLC","Green River Solar, LLC",False,unmatched - passthrough
"San Juan Solar I, LLC","San Juan Solar I, LLC",False,unmatched - passthrough
"Sealy Power, LLC","Sealy Power, LLC",False,unmatched - passthrough
"Javelina Wind Energy II, LLC","Javelina Wind Energy II, LLC",False,unmatched - passthrough
"Long Lake Solar, LLC","Long Lake Solar, LLC",False,unmatched - passthrough
Heartland Divide II,Heartland Divide II,False,unmatched - passthrough
"Brazoria County Solar Project, LLC","Brazoria County Solar Project, LLC",False,unmatched - passthrough
"Sweetland Wind Farm, LLC","Sweetland Wind Farm, LLC",False,unmatched - passthrough
Headwaters Wind Farm LLC,Headwaters Wind Farm LLC,False,unmatched - passthrough
"Appleseed Solar, LLC","Appleseed Solar, LLC",False,unmatched - passthrough
Corazon Energy LLC,Corazon Energy LLC,False,unmatched - passthrough
Cypress Creek Renewables,Cypress Creek Renewables,False,rule
Riverstart Solar Park LLC,Riverstart Solar Park LLC,False,unmatched - passthrough
"Los Vientos Windpower IV, LLC","Los Vientos Windpower IV, LLC",False,unmatched - passthrough
"Los Vientos Windpower III, LLC","Los Vientos Windpower III, LLC",False,unmatched - passthrough
"Cimarron Bend Wind Project I, LLC","Cimarron Bend Wind Project I, LLC",False,unmatched - passthrough
"Cimarron Bend Wind Project II, LLC","Cimarron Bend Wind Project II, LLC",False,unmatched - passthrough
Wheatridge East Wind LLC,Wheatridge East Wind LLC,False,unmatched - passthrough
"Gibson Solar, LLC","Gibson Solar, LLC",False,unmatched - passthrough
"Forgeview Solar, LLC","Forgeview Solar, LLC",False,unmatched - passthrough
"Frontier Windpower, LLC","Frontier Windpower, LLC",False,unmatched - passthrough
"Wheatridge Wind Holdings, LLC","Wheatridge Wind Holdings, LLC",False,unmatched - passthrough
AES Pike County Energy Storage,AES Wind Generation,True,rule
"Flat Fork Solar, LLC","Flat Fork Solar, LLC",False,unmatched - passthrough
"226HC 8me, LLC","226HC 8me, LLC",False,unmatched - passthrough
Arrow Canyon Solar LLC,Arrow Canyon Solar LLC,False,unmatched - passthrough
"Sun Mountain Solar 1, LLC","Sun Mountain Solar 1, LLC",False,unmatched - passthrough
Meadow Lake Solar Park,Meadow Lake Solar Park,False,unmatched - passthrough
"Crossroads Solar, LLC - (IN)","Crossroads Solar, LLC - (IN)",False,unmatched - passthrough
"Peregrine Energy Storage, LLC","Peregrine Energy Storage, LLC",False,unmatched - passthrough
"Bronco Plains Wind II, LLC","Bronco Plains Wind II, LLC",False,unmatched - passthrough
"Luna Valley Solar I, LLC","Luna Valley Solar I, LLC",False,unmatched - passthrough
Mesquite Wind LLC,Mesquite Wind LLC,False,unmatched - passthrough
EDPR Scarlet II LLC,EDPR Scarlet II LLC,False,unmatched - passthrough
EDPR CA Solar Park LLC,EDPR CA Solar Park LLC,False,unmatched - passthrough
EDP Renewables North America LLC,EDP Renewables (North America),True,rule
"Emmons-Logan Wind, LLC","Emmons-Logan Wind, LLC",False,unmatched - passthrough
"RE Rambler, LLC","RE Rambler, LLC",False,unmatched - passthrough
"Hornshadow Solar II, LLC","Hornshadow Solar II, LLC",False,unmatched - passthrough
"Texas Solar Nova 2, LLC","Texas Solar Nova 2, LLC",False,unmatched - passthrough
Greenbacker Renewable Energy Corporation,Greenbacker Renewable Energy,True,rule
"Cedar Springs Wind, LLC","Cedar Springs Wind, LLC",False,unmatched - passthrough
"Pleasant Valley Solar, LLC","Pleasant Valley Solar, LLC",False,unmatched - passthrough
"Evergreen Wind, LLC","Evergreen Wind, LLC",False,unmatched - passthrough
Ben Milam Solar 1 LLC,Ben Milam Solar 1 LLC,False,unmatched - passthrough
"Victory Pass I, LLC","Victory Pass I, LLC",False,unmatched - passthrough
"Anemoi Energy Storage, LLC","Anemoi Energy Storage, LLC",False,unmatched - passthrough
Meadow Lake Wind Farm LLC,Meadow Lake Wind Farm LLC,False,unmatched - passthrough
FPL Peetz Table Wind Energy,NextEra Energy Resources,True,rule
"Live Oak Wind Project, LLC","Live Oak Wind Project, LLC",False,unmatched - passthrough
Burke Wind LLC,Burke Wind LLC,False,unmatched - passthrough
Prairie Queen Wind Farm LLC,Prairie Queen Wind Farm LLC,False,unmatched - passthrough
Turtle Creek Wind Farm LLC,Turtle Creek Wind Farm LLC,False,unmatched - passthrough
"Speedway Solar, LLC","Speedway Solar, LLC",False,unmatched - passthrough
NextEra Energy Seiling Wind,NextEra Energy Resources,True,rule
Waverly Wind Farm LLC,Waverly Wind Farm LLC,False,unmatched - passthrough
"Oliver Wind IV, LLC","Oliver Wind IV, LLC",False,unmatched - passthrough
Chevron Products Company-Richmond,Industrial Self-Generation (various),False,rule
"Impact Solar 1, LLC","Impact Solar 1, LLC",False,unmatched - passthrough
Elk City LLC,Elk City LLC,False,unmatched - passthrough
"Texas Wind Repower HoldCo, L.P. c/o Concord Infrastructure Investments, LLC",ConnectGen,False,rule
"Bluestem Wind Energy, LLC","Bluestem Wind Energy, LLC",False,unmatched - passthrough
City Utilities of Springfield - (MO),City Utilities of Springfield - (MO),False,unmatched - passthrough
"Castle Gap Wind Power, LLC","Castle Gap Wind Power, LLC",False,unmatched - passthrough
"Tres Bahias Solar Power, LLC","Tres Bahias Solar Power, LLC",False,unmatched - passthrough
City of Riverside - (CA),Municipal / Public Utility (various),False,rule
"East Fork Wind Project, LLC","East Fork Wind Project, LLC",False,unmatched - passthrough
"Angelo Solar, LLC","Angelo Solar, LLC",False,unmatched - passthrough
Boralex US Wind TNM LLC,Boralex US Wind TNM LLC,False,unmatched - passthrough
"SWG Arapahoe, LLC","SWG Arapahoe, LLC",False,unmatched - passthrough
Terra-Gen Operating Co-Solar,Terra-Gen,False,rule
"Golden Fields Solar III, LLC","Golden Fields Solar III, LLC",False,unmatched - passthrough
"Proxima Solar, LLC","Proxima Solar, LLC",False,unmatched - passthrough
Sky Ranch Solar and Storage,Sky Ranch Solar and Storage,False,unmatched - passthrough
"South Texas Electric Coop, Inc",Electric Cooperative (various),False,rule
Apex Clean Energy,Apex Clean Energy,True,rule
NaturEner Rim Rock Energy LLC,NaturEner Rim Rock Energy LLC,False,unmatched - passthrough
Tilton Energy LLC,Tilton Energy LLC,False,unmatched - passthrough
"SE Aragorn, LLC","SE Aragorn, LLC",False,unmatched - passthrough
Bucksport Generation LLC,Bucksport Generation LLC,False,unmatched - passthrough
Delaware City Refining Company LLC,Delaware City Refining Company LLC,False,unmatched - passthrough
"SP Garland Solar Storage, LLC","SP Garland Solar Storage, LLC",False,unmatched - passthrough
"Hilltopper Wind Project, LLC","Hilltopper Wind Project, LLC",False,unmatched - passthrough
Estuary Power LLC,Estuary Power LLC,False,unmatched - passthrough
"Glacier Sands Wind Power, LLC","Glacier Sands Wind Power, LLC",False,unmatched - passthrough
"Kapolei Energy Storage I, LLC","Kapolei Energy Storage I, LLC",False,unmatched - passthrough
"King Creek Wind Farm 1, LLC","King Creek Wind Farm 1, LLC",False,unmatched - passthrough
"Lockett Windfarm, LLC","Lockett Windfarm, LLC",False,unmatched - passthrough
Chevron USA Inc,Industrial Self-Generation (various),False,rule
Shell Wind Energy Inc.,Industrial Self-Generation (various),False,rule
"Maryneal Windpower, LLC","Maryneal Windpower, LLC",False,unmatched - passthrough
Deer Park Refinery Limited Partnership (DPRLP),Deer Park Refinery Limited Partnership (DPRLP),False,unmatched - passthrough
Daggett Solar Power 2 LLC,Daggett Solar Power 2 LLC,False,unmatched - passthrough
174 Power Global Corp.,174 Power Global Corp.,False,unmatched - passthrough
"Broadview Energy JN, LLC","Broadview Energy JN, LLC",False,unmatched - passthrough
Western Minnesota Mun Pwr Agny,Western Minnesota Mun Pwr Agny,False,unmatched - passthrough
Bull Creek Wind LLC,Bull Creek Wind LLC,False,unmatched - passthrough
Azalea Springs Solar Park LLC,Azalea Springs Solar Park LLC,False,unmatched - passthrough
"Madison Fields Solar Project, LLC","Madison Fields Solar Project, LLC",False,unmatched - passthrough
Scout Clean Energy LLC,Scout Clean Energy,True,rule
"Newport Solar, LLC","Newport Solar, LLC",False,unmatched - passthrough
"Townsite Solar, LLC","Townsite Solar, LLC",False,unmatched - passthrough
"Big Cypress Solar, LLC","Big Cypress Solar, LLC",False,unmatched - passthrough
Upton County Solar 2 LLC,Upton County Solar 2 LLC,False,unmatched - passthrough
Oriana Solar LLC,Oriana Solar LLC,False,unmatched - passthrough
Calpine Eastern Corp,Calpine Group,False,rule
City of Pasadena - (CA),Municipal / Public Utility (various),False,rule
CP Bloom Wind LLC,CP Bloom Wind LLC,False,unmatched - passthrough
"Pegasus Wind, LLC","Pegasus Wind, LLC",False,unmatched - passthrough
"Morris Ridge Solar Energy Center, LLC","Morris Ridge Solar Energy Center, LLC",False,unmatched - passthrough
FPL Energy Vansycle LLC,NextEra Energy Resources,True,rule
Montana-Dakota Utilities Co,Montana-Dakota Utilities Co,False,unmatched - passthrough
ArcelorMittal USA INC,ArcelorMittal USA INC,False,unmatched - passthrough
"Hull Street Energy, LLC","Hull Street Energy, LLC",False,unmatched - passthrough
Wildcat Creek Wind Farm LLC,Wildcat Creek Wind Farm LLC,False,unmatched - passthrough
"Crooked Lake Solar, LLC","Crooked Lake Solar, LLC",False,unmatched - passthrough
"Pike Solar, LLC","Pike Solar, LLC",False,unmatched - passthrough
"Pearl River Solar Park, LLC","Pearl River Solar Park, LLC",False,unmatched - passthrough
"Pilot Hill Wind, LLC","Pilot Hill Wind, LLC",False,unmatched - passthrough
"CPV Backbone Solar, LLC",CPV / Competitive Power Ventures,False,rule
Cross Town Energy Storage LLC,Cross Town Energy Storage LLC,False,unmatched - passthrough
Centinela Solar Energy LLC,Centinela Solar Energy LLC,False,unmatched - passthrough
Northern Colorado Wind LLC,Northern Colorado Wind LLC,False,unmatched - passthrough
"Saltfork Wind, LLC","Saltfork Wind, LLC",False,unmatched - passthrough
"Longbow BESS, LLC","Longbow BESS, LLC",False,unmatched - passthrough
"SR Russellville, LLC","SR Russellville, LLC",False,unmatched - passthrough
"Prairie Power, Inc","Prairie Power, Inc",False,unmatched - passthrough
"Camden Plant Holdings, L.L.C.","Camden Plant Holdings, L.L.C.",False,unmatched - passthrough
"CVS Energy Holdings, LLC","CVS Energy Holdings, LLC",False,unmatched - passthrough
"Appaloosa Run Wind, LLC","Appaloosa Run Wind, LLC",False,unmatched - passthrough
Hazleton Generation LLC,Hazleton Generation LLC,False,unmatched - passthrough
"Moraine Sands Wind Power, LLC","Moraine Sands Wind Power, LLC",False,unmatched - passthrough
CMS Generation MI Power LLC,CMS Energy Group,False,rule
"East Texas Electric Coop, Inc",Electric Cooperative (various),False,rule
"Scatter Wash Energy Storage, LLC","Scatter Wash Energy Storage, LLC",False,unmatched - passthrough
"BHER Power Resources, Inc","BHER Power Resources, Inc",False,unmatched - passthrough
"Salt Creek Wind, LLC","Salt Creek Wind, LLC",False,unmatched - passthrough
Madison Gas & Electric Co,Madison Gas & Electric Co,False,unmatched - passthrough
"EdSan 1B Group 3, LLC","EdSan 1B Group 3, LLC",False,unmatched - passthrough
NRG Renew,NRG Energy Group,False,rule
"Pinyon Pines Wind I, LLC","Pinyon Pines Wind I, LLC",False,unmatched - passthrough
Sumitomo Corporation of America,Sumitomo Corporation of America,False,unmatched - passthrough
Desert Sky Wind Farm LP,Desert Sky Wind Farm LP,False,unmatched - passthrough
"Hart Wind Project, LLC","Hart Wind Project, LLC",False,unmatched - passthrough
Cimarron Wind Energy LLC,Cimarron Wind Energy LLC,False,unmatched - passthrough
Hackberry Wind LLC,Hackberry Wind LLC,False,unmatched - passthrough
"River Ferry Solar 1, LLC","River Ferry Solar 1, LLC",False,unmatched - passthrough
"SR DeSoto I, LLC","SR DeSoto I, LLC",False,unmatched - passthrough
Longhorn Storage LLC,Longhorn Storage LLC,False,unmatched - passthrough
Cameron Wind 1 LLC,Cameron Wind 1 LLC,False,unmatched - passthrough
City of Roseville - (CA),Municipal / Public Utility (various),False,rule
University of Texas at Austin,Institutional Self-Generation (various),False,rule
JGT2 Energy LLC,JGT2 Energy LLC,False,unmatched - passthrough
"SG2 Imperial Valley, LLC","SG2 Imperial Valley, LLC",False,unmatched - passthrough
"Babbitt Ranch Energy Center, LLC","Babbitt Ranch Energy Center, LLC",False,unmatched - passthrough
Astra Wind LLC,Astra Wind LLC,False,unmatched - passthrough
"Midway Wind, LLC","Midway Wind, LLC",False,unmatched - passthrough
City of Columbia - (MO),Municipal / Public Utility (various),False,rule
North Sky River Energy LLC,North Sky River Energy LLC,False,unmatched - passthrough
City of Holland - (MI),Municipal / Public Utility (various),False,rule
"NRG Energy, Inc",NRG Energy Group,False,rule
"Markum Solar Farm, LLC","Markum Solar Farm, LLC",False,unmatched - passthrough
"Jumbo Hill Wind Project, LLC","Jumbo Hill Wind Project, LLC",False,unmatched - passthrough
"Cedar Creek Wind, LLC","Cedar Creek Wind, LLC",False,unmatched - passthrough
"Sholes Wind Energy Center, LLC","Sholes Wind Energy Center, LLC",False,unmatched - passthrough
"Rancho Seco Solar II, LLC","Rancho Seco Solar II, LLC",False,unmatched - passthrough
RE Roserock,RE Roserock,False,unmatched - passthrough
"Oppidum Green Energy USA, LLC","Oppidum Green Energy USA, LLC",False,unmatched - passthrough
Luminant Dick's Creek,Vistra Group,False,rule
Sunflower Electric Power Corp,Sunflower Electric Power Corp,False,unmatched - passthrough
Fluvanna Wind Energy LLC,Fluvanna Wind Energy LLC,False,unmatched - passthrough
BPL Files Solar LLC,BPL Files Solar LLC,False,unmatched - passthrough
Orange Cogeneration LP,Orange Cogeneration LP,False,unmatched - passthrough
"63SU 8me, LLC","63SU 8me, LLC",False,unmatched - passthrough
"EdSan 1B Group 1 Sanborn, LLC","EdSan 1B Group 1 Sanborn, LLC",False,unmatched - passthrough
City of Santa Clara - (CA),Municipal / Public Utility (various),False,rule
"Buckthorn Westex, LLC","Buckthorn Westex, LLC",False,unmatched - passthrough
"Carvers Creek, LLC","Carvers Creek, LLC",False,unmatched - passthrough
Kinder Morgan Production Company LP,Kinder Morgan Production Company LP,False,unmatched - passthrough
"Dakota Range III, LLC","Dakota Range III, LLC",False,unmatched - passthrough
"Imperial Valley Solar 2, LLC","Imperial Valley Solar 2, LLC",False,unmatched - passthrough
"Bellflower Solar 1, LLC","Bellflower Solar 1, LLC",False,unmatched - passthrough
DEGS Wind 1 LLC,DEGS Wind 1 LLC,False,unmatched - passthrough
Cleveland Cliffs Inc,Cleveland Cliffs Inc,False,unmatched - passthrough
CPV Keenan II Renewable Energy Co LLC,CPV / Competitive Power Ventures,False,rule
"Grant Wind, LLC","Grant Wind, LLC",False,unmatched - passthrough
"Century Oak Wind Project, LLC","Century Oak Wind Project, LLC",False,unmatched - passthrough
Blue Canyon Windpower II LLC,Blue Canyon Windpower II LLC,False,unmatched - passthrough
"Old Settler Wind, LLC","Old Settler Wind, LLC",False,unmatched - passthrough
City of Dover - (DE),Municipal / Public Utility (various),False,rule
"North Rosamond Solar, LLC","North Rosamond Solar, LLC",False,unmatched - passthrough
Chestnut Westside LLC,Chestnut Westside LLC,False,unmatched - passthrough
"Enel Green Power NA, Inc.",Enel Green Power,True,rule
"BT Generation Holdings, LLC","BT Generation Holdings, LLC",False,unmatched - passthrough
Loraine Windpower Project,Loraine Windpower Project,False,unmatched - passthrough
"Umbriel Solar, LLC","Umbriel Solar, LLC",False,unmatched - passthrough
Lindahl Wind Project LLC,Lindahl Wind Project LLC,False,unmatched - passthrough
"Carousel Wind Farm, LLC","Carousel Wind Farm, LLC",False,unmatched - passthrough
Twin Lakes Solar LLC,Twin Lakes Solar LLC,False,unmatched - passthrough
Roadrunner Crossing Energy Storage LLC,Roadrunner Crossing Energy Storage LLC,False,unmatched - passthrough
Excelsior Energy Capital,Excelsior Energy Capital,False,unmatched - passthrough
"Brady Wind II, LLC","Brady Wind II, LLC",False,unmatched - passthrough
Southern Illinois Power Coop,Electric Cooperative (various),False,rule
Sol Systems,Sol Systems,False,rule
"Lightsource Renewable Energy Asset Management, LLC",Lightsource bp,False,rule
Cardinal Point LLC,Cardinal Point LLC,False,unmatched - passthrough
Chillingham Storage LLC,Chillingham Storage LLC,False,unmatched - passthrough
Origin Wind Energy LLC,Origin Wind Energy LLC,False,unmatched - passthrough
Riverstart Solar Park IV LLC,Riverstart Solar Park IV LLC,False,unmatched - passthrough
Dominion Renewable Energy,Dominion Energy Group,False,rule
"Kuna BESS, LLC","Kuna BESS, LLC",False,unmatched - passthrough
Elora Solar,Elora Solar,False,unmatched - passthrough
"Wildcat Ranch Wind Project, LLC","Wildcat Ranch Wind Project, LLC",False,unmatched - passthrough
Contour Global,Contour Global,False,unmatched - passthrough
"Milagro Solar I, LLC","Milagro Solar I, LLC",False,unmatched - passthrough
"Sun Streams 2, LLC","Sun Streams 2, LLC",False,unmatched - passthrough
Ratts 1 Solar LLC,Ratts 1 Solar LLC,False,unmatched - passthrough
Cranberry Point Energy Storage LLC,Cranberry Point Energy Storage LLC,False,unmatched - passthrough
"Crane Solar Project, LLC","Crane Solar Project, LLC",False,unmatched - passthrough
Wolf Tank Storage LLC,Wolf Tank Storage LLC,False,unmatched - passthrough
Fowler Ridge Wind LLC,Fowler Ridge Wind LLC,False,unmatched - passthrough
Garden Wind LLC,Garden Wind LLC,False,unmatched - passthrough
"La Casa Wind, LLC","La Casa Wind, LLC",False,unmatched - passthrough
"Driver Solar, LLC","Driver Solar, LLC",False,unmatched - passthrough
Desert Willow Energy Storage,Desert Willow Energy Storage,False,unmatched - passthrough
Orion Energy Group LLC,Orion Energy Group LLC,False,unmatched - passthrough
TotalEnergies,TotalEnergies,True,rule
"Quitman II Solar, LLC","Quitman II Solar, LLC",False,unmatched - passthrough
"Honeysuckle Solar, LLC","Honeysuckle Solar, LLC",False,unmatched - passthrough
"Coldwater River Solar, LLC","Coldwater River Solar, LLC",False,unmatched - passthrough
Spring Valley Wind LLC,Spring Valley Wind LLC,False,unmatched - passthrough
"Crane 2 BESS, LLC","Crane 2 BESS, LLC",False,unmatched - passthrough
Atlas IX LLC,Atlas IX LLC,False,unmatched - passthrough
FPL Energy Crystal Lake Wind LLC,NextEra Energy Resources,True,rule
"Winfield Solar I, LLC","Winfield Solar I, LLC",False,unmatched - passthrough
"Vikings Energy Farm, LLC","Vikings Energy Farm, LLC",False,unmatched - passthrough
"Quitman Solar, LLC","Quitman Solar, LLC",False,unmatched - passthrough
Idemitsu Renewables,Idemitsu Renewables,False,unmatched - passthrough
Brookfield Renewable Energy Group,Brookfield Renewable,True,rule
Pleasantville Solar Park LLC,Pleasantville Solar Park LLC,False,unmatched - passthrough
"Arevon Energy, Inc.",Arevon Energy,False,rule
Borden County Battery Energy Storage System LLC,Borden County Battery Energy Storage System LLC,False,unmatched - passthrough
White Oak Energy LLC,White Oak Energy LLC,False,unmatched - passthrough
FPL Energy Story Wind LLC,NextEra Energy Resources,True,rule
Bocanova Power LLC,Bocanova Power LLC,False,unmatched - passthrough
Langford Wind Power LLC,Langford Wind Power LLC,False,unmatched - passthrough
"Brady Wind, LLC","Brady Wind, LLC",False,unmatched - passthrough
Urban Grid Solar,Urban Grid Solar,False,rule
"Briscoe Wind Farm, LLC","Briscoe Wind Farm, LLC",False,unmatched - passthrough
"Rocksprings Val Verde Wind, LLC","Rocksprings Val Verde Wind, LLC",False,unmatched - passthrough
Terra-Gen Operating Co-Hybrid,Terra-Gen,False,rule
"River Fork Solar, LLC","River Fork Solar, LLC",False,unmatched - passthrough
"Deerfield Wind Energy, LLC","Deerfield Wind Energy, LLC",False,unmatched - passthrough
"Big River Solar, LLC","Big River Solar, LLC",False,unmatched - passthrough
Rocky Ridge Wind Project LLC,Rocky Ridge Wind Project LLC,False,unmatched - passthrough
"Tenaska CSOLAR West Holdings, LLC",Tenaska Group,False,rule
The Premcor Refining Group Inc,The Premcor Refining Group Inc,False,unmatched - passthrough
Smoky Hills Wind Project II LLC,Smoky Hills Wind Project II LLC,False,unmatched - passthrough
FPL Energy Ashtabula Wind LLC,NextEra Energy Resources,True,rule
Blue Cloud Wind Energy LLC,Blue Cloud Wind Energy LLC,False,unmatched - passthrough
"SP Cactus Flats Wind Energy, LLC","SP Cactus Flats Wind Energy, LLC",False,unmatched - passthrough
"SP Sandhills Solar, LLC","SP Sandhills Solar, LLC",False,unmatched - passthrough
"Ranchland Wind Project II, LLC","Ranchland Wind Project II, LLC",False,unmatched - passthrough
"EdSan 1C Solar, LLC","EdSan 1C Solar, LLC",False,unmatched - passthrough
"Campo Verde Solar, LLC","Campo Verde Solar, LLC",False,unmatched - passthrough
"Grant Plains Wind, LLC","Grant Plains Wind, LLC",False,unmatched - passthrough
"FPL Energy Weatherford, LLC",NextEra Energy Resources,True,rule
Indeck-Corinth Ltd Partnership,Indeck-Corinth Ltd Partnership,False,unmatched - passthrough
"Lily Solar, LLC","Lily Solar, LLC",False,unmatched - passthrough
"Bitter Ridge Wind Farm, LLC","Bitter Ridge Wind Farm, LLC",False,unmatched - passthrough
"Hunlock Energy, LLC","Hunlock Energy, LLC",False,unmatched - passthrough
Exxon Mobil Production Co,Industrial Self-Generation (various),False,rule
TransAlta Wyoming Wind LLC,TransAlta,True,rule
"Crossover Wind, LLC","Crossover Wind, LLC",False,unmatched - passthrough
"Clearview Solar I, LLC","Clearview Solar I, LLC",False,unmatched - passthrough
Gilroy Energy Center LLC,Gilroy Energy Center LLC,False,unmatched - passthrough
"Rattlesnake Flat, LLC","Rattlesnake Flat, LLC",False,unmatched - passthrough
City of McPherson - (KS),Municipal / Public Utility (various),False,rule
City of Grand Island - (NE),Municipal / Public Utility (various),False,rule
"Horus Louisiana 1, LLC","Horus Louisiana 1, LLC",False,unmatched - passthrough
"Broadview Energy KW, LLC","Broadview Energy KW, LLC",False,unmatched - passthrough
Dominion Energy Inc.,Dominion Energy Group,False,rule
INEOS USA LLC,Industrial Self-Generation (various),False,rule
W Power LLC,W Power LLC,False,unmatched - passthrough
"Rockhaven Wind Project, LLC","Rockhaven Wind Project, LLC",False,unmatched - passthrough
"Golden Fields Solar IV, LLC","Golden Fields Solar IV, LLC",False,unmatched - passthrough
"Shallow Basket Energy, LLC","Shallow Basket Energy, LLC",False,unmatched - passthrough
"White Tail Solar, LLC","White Tail Solar, LLC",False,unmatched - passthrough
"Pioneer Hutt Wind Energy, LLC","Pioneer Hutt Wind Energy, LLC",False,unmatched - passthrough
Utah Associated Mun Power Sys,Utah Associated Mun Power Sys,False,unmatched - passthrough
American Beech Solar LLC,American Beech Solar LLC,False,unmatched - passthrough
Wolf Run Solar LLC,Wolf Run Solar LLC,False,unmatched - passthrough
Spanish Peaks Solar LLC,Spanish Peaks Solar LLC,False,unmatched - passthrough
Exus New Mexico,Exus North America Management Partners LLC,True,rule
Midway Peaking  LLC,Midway Peaking  LLC,False,unmatched - passthrough
HF Sinclair Corporation,HF Sinclair Corporation,False,unmatched - passthrough
Exus Pennsylvania Wind Holdings,Exus North America Management Partners LLC,True,rule
"Blue Bird Solar, LLC","Blue Bird Solar, LLC",False,unmatched - passthrough
City of Springfield - (IL),Municipal / Public Utility (various),False,rule
DTE Sustainable Generation,DTE Energy,True,rule
"Blythe Solar IV, LLC","Blythe Solar IV, LLC",False,unmatched - passthrough
Sky River LLC,Sky River LLC,False,unmatched - passthrough
Cleveland Cliffs,Cleveland Cliffs,False,unmatched - passthrough
"Blythe Solar III, LLC","Blythe Solar III, LLC",False,unmatched - passthrough
Washington Wind LLC,Washington Wind LLC,False,unmatched - passthrough
Starr Solar Ranch LLC,Starr Solar Ranch LLC,False,unmatched - passthrough
"Skookumchuck Wind Energy Project, LLC","Skookumchuck Wind Energy Project, LLC",False,unmatched - passthrough
"Mountain View Power Prtnrs, LLC","Mountain View Power Prtnrs, LLC",False,unmatched - passthrough
Blue Summit Wind LLC,Blue Summit Wind LLC,False,unmatched - passthrough
"Rayos del Sol Solar Project, LLC","Rayos del Sol Solar Project, LLC",False,unmatched - passthrough
Grays Ferry Cogen Partnership,Grays Ferry Cogen Partnership,False,unmatched - passthrough
"EFS Parlin Holdings, LLC","EFS Parlin Holdings, LLC",False,unmatched - passthrough
"Prairie Ronde Solar Farm, LLC","Prairie Ronde Solar Farm, LLC",False,unmatched - passthrough
"Elm Branch Solar 1, LLC","Elm Branch Solar 1, LLC",False,unmatched - passthrough
Calpine King City Cogen LLC,Calpine Group,False,rule
"Cedar Springs Wind III, LLC","Cedar Springs Wind III, LLC",False,unmatched - passthrough
Dean Baughman Industrial Services,Dean Baughman Industrial Services,False,unmatched - passthrough
"Elara Energy Project, LLC","Elara Energy Project, LLC",False,unmatched - passthrough
"Chesapeake Solar Project, LLC","Chesapeake Solar Project, LLC",False,unmatched - passthrough
"North Central Valley Energy Storage, LLC","North Central Valley Energy Storage, LLC",False,unmatched - passthrough
Alpine BESS LLC,Alpine BESS LLC,False,unmatched - passthrough
"Pinyon Pines Wind II, LLC","Pinyon Pines Wind II, LLC",False,unmatched - passthrough
"Helix Maine Wind Development, LLC","Helix Maine Wind Development, LLC",False,unmatched - passthrough
"Maverick Solar 7, LLC","Maverick Solar 7, LLC",False,unmatched - passthrough
"Blythe Solar II, LLC","Blythe Solar II, LLC",False,unmatched - passthrough
Orange Grove,Orange Grove,False,unmatched - passthrough
Arlington Energy Center III,Arlington Energy Center III,False,unmatched - passthrough
"Albemarle Beach Solar, LLC","Albemarle Beach Solar, LLC",False,unmatched - passthrough
Calpine Gilroy Cogen LP,Calpine Group,False,rule
City of Vernon - (CA),Municipal / Public Utility (various),False,rule
Taloga Wind LLC,Taloga Wind LLC,False,unmatched - passthrough
"Bartonsville Energy Facility, LLC","Bartonsville Energy Facility, LLC",False,unmatched - passthrough
"California Flats Solar 130, LLC","California Flats Solar 130, LLC",False,unmatched - passthrough
Wilmot Energy Center LLC,Wilmot Energy Center LLC,False,unmatched - passthrough
"Minco Wind IV, LLC","Minco Wind IV, LLC",False,unmatched - passthrough
Arlington Valley Solar Energy II LLC,Arlington Valley Solar Energy II LLC,False,unmatched - passthrough
"Tenaska CSOLAR South Holdings, LLC",Tenaska Group,False,rule
"American Kings Solar, LLC","American Kings Solar, LLC",False,unmatched - passthrough
"Big Beau Solar, LLC  ","Big Beau Solar, LLC",False,unmatched - passthrough
Nightpeak Energy,Nightpeak Energy,False,unmatched - passthrough
"Briar Creek Solar 1, LLC","Briar Creek Solar 1, LLC",False,unmatched - passthrough
"Downeast Wind, LLC","Downeast Wind, LLC",False,unmatched - passthrough
"Valcour Wethersfield Windpark, LLC","Valcour Wethersfield Windpark, LLC",False,unmatched - passthrough
"Tyler Bluff Wind Project, LLC","Tyler Bluff Wind Project, LLC",False,unmatched - passthrough
Paulding Wind Farm IV LLC,Paulding Wind Farm IV LLC,False,unmatched - passthrough
Tonopah Energy Center LLC,Tonopah Energy Center LLC,False,unmatched - passthrough
Giga Texas Energy LLC,Giga Texas Energy LLC,False,unmatched - passthrough
"Maverick Solar, LLC","Maverick Solar, LLC",False,unmatched - passthrough
"BT Connolly Storage, LLC","BT Connolly Storage, LLC",False,unmatched - passthrough
TAI Norton Solar LLC,TAI Norton Solar LLC,False,unmatched - passthrough
"Tumbleweed Energy Storage, LLC","Tumbleweed Energy Storage, LLC",False,unmatched - passthrough
"Yellow Pine Solar, LLC","Yellow Pine Solar, LLC",False,unmatched - passthrough
"Wheatsborough Solar, LLC","Wheatsborough Solar, LLC",False,unmatched - passthrough
"LeConte Energy Storage, LLC","LeConte Energy Storage, LLC",False,unmatched - passthrough
"Yellow Pine Solar II, LLC","Yellow Pine Solar II, LLC",False,unmatched - passthrough
"Anticline Wind, LLC","Anticline Wind, LLC",False,unmatched - passthrough
BT Coniglio Solar LLC,BT Coniglio Solar LLC,False,unmatched - passthrough
Sun Valley Storage LLC,Sun Valley Storage LLC,False,unmatched - passthrough
Westlake Chemical Natrium Plant,Westlake Chemical Natrium Plant,False,unmatched - passthrough
City of Glendale - (CA),Municipal / Public Utility (various),False,rule
BRASCAN Power Corporation,BRASCAN Power Corporation,False,unmatched - passthrough
"Storey Energy Center, LLC","Storey Energy Center, LLC",False,unmatched - passthrough
Cove Mountain Solar 2 LLC,Cove Mountain Solar 2 LLC,False,unmatched - passthrough
Oklahoma Municipal Power Authority,Municipal / Public Utility (various),False,rule
Elbow Creek Wind Project LLC,Elbow Creek Wind Project LLC,False,unmatched - passthrough
BASF Corporation,Industrial Self-Generation (various),False,rule
Tejas Power Generation LLC,Tejas Power Generation LLC,False,unmatched - passthrough
Ford Ridge,Ford Ridge,False,unmatched - passthrough
"Malaga Power, LLC","Malaga Power, LLC",False,unmatched - passthrough
Modesto Irrigation District,Modesto Irrigation District,False,rule
Port Comfort Power LLC,Port Comfort Power LLC,False,unmatched - passthrough
Chamon Power LLC,Chamon Power LLC,False,unmatched - passthrough
"UNS Electric, Inc","UNS Electric, Inc",False,unmatched - passthrough
"Buena Vista Energy Center, LLC","Buena Vista Energy Center, LLC",False,unmatched - passthrough
Wigeon Whistle BESS LLC,Wigeon Whistle BESS LLC,False,unmatched - passthrough
Oak Solar LLC,Oak Solar LLC,False,unmatched - passthrough
Paducah Power System,Paducah Power System,False,unmatched - passthrough
"North Fork Solar Project, LLC","North Fork Solar Project, LLC",False,unmatched - passthrough
Tuscola Bay Wind LLC,Tuscola Bay Wind LLC,False,unmatched - passthrough
Windstar Energy LLC,Windstar Energy LLC,False,unmatched - passthrough
Ashtabula Wind II LLC,Ashtabula Wind II LLC,False,unmatched - passthrough
"Cubico USA, LLC",Cubico Sustainable Investments,False,rule
"Gravel Pit Solar, LLC","Gravel Pit Solar, LLC",False,unmatched - passthrough
"Long Point Solar, LLC","Long Point Solar, LLC",False,unmatched - passthrough
"Jackpot Holdings, LLC","Jackpot Holdings, LLC",False,unmatched - passthrough
Ridgeline Energy LLC,Ridgeline Energy LLC,False,unmatched - passthrough
"Bluff Point Wind, LLC","Bluff Point Wind, LLC",False,unmatched - passthrough
FPL Energy Langdon Wind LLC,NextEra Energy Resources,True,rule
"East Pecos Solar, LLC","East Pecos Solar, LLC",False,unmatched - passthrough
Great Bay Solar I LLC,Great Bay Solar I LLC,False,unmatched - passthrough
Orange Grove Energy LP,Orange Grove Energy LP,False,unmatched - passthrough
"Waverly Solar, LLC","Waverly Solar, LLC",False,unmatched - passthrough
City of Taunton - (MA),Municipal / Public Utility (various),False,rule
Cherokee County Cogen Partners LLC,Cherokee County Cogen Partners LLC,False,unmatched - passthrough
Procter & Gamble Ppr Prdts Co,Procter & Gamble Ppr Prdts Co,False,unmatched - passthrough
Union Carbide Corp-Seadrift,Union Carbide Corp-Seadrift,False,unmatched - passthrough
"Glass Sands Wind Energy, LLC","Glass Sands Wind Energy, LLC",False,unmatched - passthrough
Terra-Gen Operating Co-BESS 2,Terra-Gen,False,rule
Town of Braintree - (MA),Municipal / Public Utility (various),False,rule
Colorado Highlands Wind LLC,Colorado Highlands Wind LLC,False,unmatched - passthrough
City of Independence - (MO),Municipal / Public Utility (various),False,rule
"Bluebell Solar II, LLC","Bluebell Solar II, LLC",False,unmatched - passthrough
"Black Rock Wind Force, LLC","Black Rock Wind Force, LLC",False,unmatched - passthrough
"Ranchland Wind Project I, LLC","Ranchland Wind Project I, LLC",False,unmatched - passthrough
Spruance Genco LLC,Spruance Genco LLC,False,unmatched - passthrough
"FPL Energy Callahan Wind, LLC",NextEra Energy Resources,True,rule
Great Plains Windpark Legacy LLC,Great Plains Windpark Legacy LLC,False,unmatched - passthrough
Georgia-Pacific Muskogee LLC,Georgia-Pacific Muskogee LLC,False,unmatched - passthrough
Tesoro Refining and Marketing Co LLC,Tesoro Refining and Marketing Co LLC,False,unmatched - passthrough
Daggett Solar Power 1 LLC,Daggett Solar Power 1 LLC,False,unmatched - passthrough
"BHER Ravenswood Solar 1, LLC",LS Power Group,False,rule
NextEra Wolf Ridge LLC,NextEra Energy Resources,True,rule
Gray County Wind Energy LLC,Gray County Wind Energy LLC,False,unmatched - passthrough
"Deerfield Wind Energy 2, LLC","Deerfield Wind Energy 2, LLC",False,unmatched - passthrough
Greenidge Generation Holdings LLC,Greenidge Generation Holdings LLC,False,unmatched - passthrough
"Bluestone Wind, LLC","Bluestone Wind, LLC",False,unmatched - passthrough
City of Lakeland - (FL),Municipal / Public Utility (various),False,rule
"Valentine Solar, LLC","Valentine Solar, LLC",False,unmatched - passthrough
"Martin County Solar Project, LLC","Martin County Solar Project, LLC",False,unmatched - passthrough
Eneos Renewable Energy USA LLC,Eneos Renewable Energy USA LLC,False,unmatched - passthrough
City of Hamilton - (OH),Municipal / Public Utility (various),False,rule
"Keechi Wind, LLC","Keechi Wind, LLC",False,unmatched - passthrough
"Three Corners Solar, LLC","Three Corners Solar, LLC",False,unmatched - passthrough
Hickory Solar LLC,Hickory Solar LLC,False,unmatched - passthrough
"Walleye Wind, LLC","Walleye Wind, LLC",False,unmatched - passthrough
"Los Vientos Windpower V, LLC","Los Vientos Windpower V, LLC",False,unmatched - passthrough
Assembly Solar II LLC,Assembly Solar II LLC,False,unmatched - passthrough
224WB 8me LLC,8minute Solar Energy,False,rule
"Liberty County Solar Project, LLC","Liberty County Solar Project, LLC",False,unmatched - passthrough
"Blythe Solar 110, LLC","Blythe Solar 110, LLC",False,unmatched - passthrough
City of Burbank Water and Power - (CA),Municipal / Public Utility (various),False,rule
City of Redding - (CA),Municipal / Public Utility (various),False,rule
"Prairie Mist Solar Project, LLC","Prairie Mist Solar Project, LLC",False,unmatched - passthrough
City of Ames - (IA),Municipal / Public Utility (various),False,rule
"Shady Oaks Wind 2, LLC","Shady Oaks Wind 2, LLC",False,unmatched - passthrough
"SABIC IP Mt. Vernon, LLC","SABIC IP Mt. Vernon, LLC",False,unmatched - passthrough
Willow Spring Solar LLC,Willow Spring Solar LLC,False,unmatched - passthrough
Lakeside Beaver Falls LLC,Lakeside Beaver Falls LLC,False,unmatched - passthrough
"Ball Hill Wind Energy, LLC","Ball Hill Wind Energy, LLC",False,unmatched - passthrough
Harbor Cogeneration Co.,Harbor Cogeneration Co.,False,unmatched - passthrough
"SR Snipesville II, LLC","SR Snipesville II, LLC",False,unmatched - passthrough
"SR Snipesville III, LLC","SR Snipesville III, LLC",False,unmatched - passthrough
"Great American West Wind, LLC","Great American West Wind, LLC",False,unmatched - passthrough
"Valcour Chateaugay Windpark, LLC","Valcour Chateaugay Windpark, LLC",False,unmatched - passthrough
NaturEner Glacier Wind Energy 1 LLC,NaturEner Glacier Wind Energy 1 LLC,False,unmatched - passthrough
"Buffalo Ridge Wind, LLC","Buffalo Ridge Wind, LLC",False,unmatched - passthrough
"SR Clay, LLC","SR Clay, LLC",False,unmatched - passthrough
Blackstone Wind Farm LLC,Blackstone Wind Farm LLC,False,unmatched - passthrough
Meadow Lake Wind Farm IV LLC,Meadow Lake Wind Farm IV LLC,False,unmatched - passthrough
"Roundhouse Renewable Energy II, LLC","Roundhouse Renewable Energy II, LLC",False,unmatched - passthrough
"62SK 8me, LLC","62SK 8me, LLC",False,unmatched - passthrough
Willow Creek Wind Power LLC,Willow Creek Wind Power LLC,False,unmatched - passthrough
City of Bryan - (TX),Municipal / Public Utility (various),False,rule
Tibbits Energy Storage LLC,Tibbits Energy Storage LLC,False,unmatched - passthrough
"Shooting Star Power Partners, LLC","Shooting Star Power Partners, LLC",False,unmatched - passthrough
"SP Butler Solar, LLC","SP Butler Solar, LLC",False,unmatched - passthrough
Meadow Lake Wind Farm III LLC,Meadow Lake Wind Farm III LLC,False,unmatched - passthrough
NaturEner Glacier Wind Energy 2 LLC,NaturEner Glacier Wind Energy 2 LLC,False,unmatched - passthrough
"Heartland Divide Wind Project, LLC","Heartland Divide Wind Project, LLC",False,unmatched - passthrough
Walton Discover LLC,Walton Discover LLC,False,unmatched - passthrough
"New Creek Wind, LLC","New Creek Wind, LLC",False,unmatched - passthrough
Wheat Field Wind Power Project LLC,Wheat Field Wind Power Project LLC,False,unmatched - passthrough
Arlington Wind Power Project LLC,Arlington Wind Power Project LLC,False,unmatched - passthrough
"Clearwater Wind II, LLC","Clearwater Wind II, LLC",False,unmatched - passthrough
Lakeside Syracuse LLC,Lakeside Syracuse LLC,False,unmatched - passthrough
St. Gall Energy Storage I,St. Gall Energy Storage I,False,unmatched - passthrough
"Fort Duncan BESS,  LLC","Fort Duncan BESS,  LLC",False,unmatched - passthrough
"Shiloh III Wind Project, LLC","Shiloh III Wind Project, LLC",False,unmatched - passthrough
"SR Arlington II MT, LLC","SR Arlington II MT, LLC",False,unmatched - passthrough
Red Mesa Wind LLC,Red Mesa Wind LLC,False,unmatched - passthrough
Invista,Invista,False,unmatched - passthrough
Baldwin Wind LLC,Baldwin Wind LLC,False,unmatched - passthrough
Meadow Lake Wind Farm II LLC,Meadow Lake Wind Farm II LLC,False,unmatched - passthrough
FPL Energy Stateline II Inc,NextEra Energy Resources,True,rule
Power City Partners LP,Power City Partners LP,False,unmatched - passthrough
FPL Energy Sooner Wind LLC,NextEra Energy Resources,True,rule
"Parrey, LLC","Parrey, LLC",False,unmatched - passthrough
Rosewater Wind Farm LLC,Rosewater Wind Farm LLC,False,unmatched - passthrough
Milford Wind Corridor Stage II LLC,Milford Wind Corridor Stage II LLC,False,unmatched - passthrough
"Wharton County Elec Coop, Inc",Electric Cooperative (various),False,rule
"White Pine Solar, LLC","White Pine Solar, LLC",False,unmatched - passthrough
Hatchet Ridge Wind LLC,Hatchet Ridge Wind LLC,False,unmatched - passthrough
"Eight Point Wind, LLC","Eight Point Wind, LLC",False,unmatched - passthrough
South Trent Wind LLC,South Trent Wind LLC,False,unmatched - passthrough
Swoose II,Swoose II,False,unmatched - passthrough
Flower Valley II,Flower Valley II,False,unmatched - passthrough
Smoky Hills Wind Farm I LLC,Smoky Hills Wind Farm I LLC,False,unmatched - passthrough
"FPLE Wind, LLC","FPLE Wind, LLC",False,unmatched - passthrough
Paulding Wind Farm III LLC,Paulding Wind Farm III LLC,False,unmatched - passthrough
"Sagebrush Power Partners, LLC","Sagebrush Power Partners, LLC",False,unmatched - passthrough
High Prairie Wind Farm II LLC,High Prairie Wind Farm II LLC,False,unmatched - passthrough
Telocaset Wind Power Partners,Telocaset Wind Power Partners,False,unmatched - passthrough
Rail Splitter Wind Farm LLC,Rail Splitter Wind Farm LLC,False,unmatched - passthrough
"Valcour Bliss Windpark, LLC","Valcour Bliss Windpark, LLC",False,unmatched - passthrough
"Valcour Clinton Windpark, LLC","Valcour Clinton Windpark, LLC",False,unmatched - passthrough
"Buckthorn Wind Project, LLC","Buckthorn Wind Project, LLC",False,unmatched - passthrough
Tuscola Wind II LLC,Tuscola Wind II LLC,False,unmatched - passthrough
Al Pastor BESS LLC,Al Pastor BESS LLC,False,unmatched - passthrough
Fern Solar LLC,Fern Solar LLC,False,unmatched - passthrough
"Wildwood Solar, LLC","Wildwood Solar, LLC",False,unmatched - passthrough
Key Capture Energy,Key Capture Energy,False,rule
"Kiowa County Solar Project, LLC","Kiowa County Solar Project, LLC",False,unmatched - passthrough
"Bluebird Solar, LLC","Bluebird Solar, LLC",False,unmatched - passthrough
"Chisholm Grid, LLC","Chisholm Grid, LLC",False,unmatched - passthrough
"Wildhorse Wind Energy, LLC","Wildhorse Wind Energy, LLC",False,unmatched - passthrough
"Ables Springs Storage, LLC","Ables Springs Storage, LLC",False,unmatched - passthrough
AEP Renewables,"American Electric Power Company, Inc.",True,rule
Victoria Port Power II,Victoria Port Power II,False,unmatched - passthrough
"AES ES Alamitos, LLC",AES Wind Generation,True,rule
"TX Gulf Solar I, LLC","TX Gulf Solar I, LLC",False,unmatched - passthrough
EDPR CA Solar Park II LLC,EDPR CA Solar Park II LLC,False,unmatched - passthrough
Hunter Solar LLC,Hunter Solar LLC,False,unmatched - passthrough
"Ignacio Grid, LLC","Ignacio Grid, LLC",False,unmatched - passthrough
"Maverick Solar 6, LLC","Maverick Solar 6, LLC",False,unmatched - passthrough
"Maverick Solar 4, LLC","Maverick Solar 4, LLC",False,unmatched - passthrough
RE Astoria LLC,RE Astoria LLC,False,unmatched - passthrough
Cald BESS LLC,Cald BESS LLC,False,unmatched - passthrough
RE Mustang LLC,RE Mustang LLC,False,unmatched - passthrough
Riverstart Solar Park III LLC,Riverstart Solar Park III LLC,False,unmatched - passthrough
"HDSI, LLC","HDSI, LLC",False,unmatched - passthrough
Martinez Refining Co,Martinez Refining Co,False,unmatched - passthrough
"Ragsdale Solar, LLC","Ragsdale Solar, LLC",False,unmatched - passthrough
"Sunflower County Solar Project, LLC","Sunflower County Solar Project, LLC",False,unmatched - passthrough
"Hornshadow Solar, LLC","Hornshadow Solar, LLC",False,unmatched - passthrough
Homer Electric Assn Inc,Homer Electric Assn Inc,False,unmatched - passthrough
"High Lonesome Mesa, LLC","High Lonesome Mesa, LLC",False,unmatched - passthrough
BPL Sol Solar LLC,BPL Sol Solar LLC,False,unmatched - passthrough
BPL Crown Solar LLC,BPL Crown Solar LLC,False,unmatched - passthrough
"CPV Maple Hill Solar, LLC",CPV / Competitive Power Ventures,False,rule
Meadowlark Wind I LLC,Meadowlark Wind I LLC,False,unmatched - passthrough
Arbuckle Mountain Wind Farm LLC,Arbuckle Mountain Wind Farm LLC,False,unmatched - passthrough
Terra-Gen Operating Co-BESS,Terra-Gen,False,rule
Meadow Lake Wind Farm V LLC,Meadow Lake Wind Farm V LLC,False,unmatched - passthrough
Lost Lakes Wind Farm LLC,Lost Lakes Wind Farm LLC,False,unmatched - passthrough
New Market Solar,New Market Solar,False,unmatched - passthrough
MPH Cross Island Power,MPH Cross Island Power,False,unmatched - passthrough
"Clearwater Wind III, LLC","Clearwater Wind III, LLC",False,unmatched - passthrough
SJRR Power LLC,SJRR Power LLC,False,unmatched - passthrough
St Gall Energy Storage II LLC,St Gall Energy Storage II LLC,False,unmatched - passthrough
"Madero Grid, LLC","Madero Grid, LLC",False,unmatched - passthrough
"Burksol, LLC","Burksol, LLC",False,unmatched - passthrough
"SR Lambert II, LLC","SR Lambert II, LLC",False,unmatched - passthrough
Saint Solar LLC,Saint Solar LLC,False,unmatched - passthrough
Saint Energy Storage II LLC,Saint Energy Storage II LLC,False,unmatched - passthrough
"Jackson Fuller Energy Storage, LLC","Jackson Fuller Energy Storage, LLC",False,unmatched - passthrough
"Stoneray Power Partners, LLC","Stoneray Power Partners, LLC",False,unmatched - passthrough
"GridFlex Storage, LLC","GridFlex Storage, LLC",False,unmatched - passthrough
"Amite Solar, LLC","Amite Solar, LLC",False,unmatched - passthrough
"Angelo Storage, LLC","Angelo Storage, LLC",False,unmatched - passthrough
Grizzly Ridge Solar LLC,Grizzly Ridge Solar LLC,False,unmatched - passthrough
"SR Lumpkin, LLC","SR Lumpkin, LLC",False,unmatched - passthrough
Tres Power Victoria LLC,Tres Power Victoria LLC,False,unmatched - passthrough
OE_TN1,OE_TN1,False,unmatched - passthrough
North Star Solar PV LLC,North Star Solar PV LLC,False,unmatched - passthrough
"SR Lambert I, LLC","SR Lambert I, LLC",False,unmatched - passthrough
"Lapetus Energy Project, LLC","Lapetus Energy Project, LLC",False,unmatched - passthrough
"Ventura Energy Storage, LLC","Ventura Energy Storage, LLC",False,unmatched - passthrough
"Cereal City Solar, LLC","Cereal City Solar, LLC",False,unmatched - passthrough
Pome BESS LLC,Pome BESS LLC,False,unmatched - passthrough
Point Beach Solar,Point Beach Solar,False,unmatched - passthrough
"Ponderosa Wind II, LLC","Ponderosa Wind II, LLC",False,unmatched - passthrough
"Black Bear Alabama Solar 1, LLC","Black Bear Alabama Solar 1, LLC",False,unmatched - passthrough
Cheyenne Light Fuel & Power,Cheyenne Light Fuel & Power,False,unmatched - passthrough
"Chicot Solar, LLC","Chicot Solar, LLC",False,unmatched - passthrough
Sky Ranch Bess II,Sky Ranch Bess II,False,unmatched - passthrough
Drew Solar LLC,Drew Solar LLC,False,unmatched - passthrough
"Borderlands Wind, LLC","Borderlands Wind, LLC",False,unmatched - passthrough
"Searcy Solar, LLC","Searcy Solar, LLC",False,unmatched - passthrough
"Boulder Solar Power, LLC","Boulder Solar Power, LLC",False,unmatched - passthrough
"Wildflower Solar, LLC","Wildflower Solar, LLC",False,unmatched - passthrough
Foster Clean Power A LLC,Foster Clean Power A LLC,False,unmatched - passthrough
Franklin Solar Idaho,Franklin Solar Idaho,False,unmatched - passthrough
Gambit Energy Storage LLC,Gambit Energy Storage LLC,False,unmatched - passthrough
"Fish Springs Ranch Solar, LLC","Fish Springs Ranch Solar, LLC",False,unmatched - passthrough
Blue Canyon Windpower VI LLC,Blue Canyon Windpower VI LLC,False,unmatched - passthrough
Caballero CA Storage LLC,Caballero CA Storage LLC,False,unmatched - passthrough
Georgia Energy Cooperative,Electric Cooperative (various),False,rule
"White Rock Wind West, LLC","White Rock Wind West, LLC",False,unmatched - passthrough
Hanford BESS LLC,Hanford BESS LLC,False,unmatched - passthrough
"Blue Summit II Wind, LLC","Blue Summit II Wind, LLC",False,unmatched - passthrough
Henrietta BESS LLC,Henrietta BESS LLC,False,unmatched - passthrough
"Oliver Wind III, LLC","Oliver Wind III, LLC",False,unmatched - passthrough
Perrin Ranch Wind LLC,Perrin Ranch Wind LLC,False,unmatched - passthrough
Redbed Plains Wind Farm LLC,Redbed Plains Wind Farm LLC,False,unmatched - passthrough
Blue Canyon Windpower V LLC,Blue Canyon Windpower V LLC,False,unmatched - passthrough
Day County Wind LLC,Day County Wind LLC,False,unmatched - passthrough
"Dressor Plains Solar, LLC","Dressor Plains Solar, LLC",False,unmatched - passthrough
New Energy Solar,New Energy Solar,False,unmatched - passthrough
BAIF Granite Holdings LLC,BAIF Granite Holdings LLC,False,unmatched - passthrough
Paulding Wind Farm II LLC,Paulding Wind Farm II LLC,False,unmatched - passthrough
"Prairie State Solar, LLC","Prairie State Solar, LLC",False,unmatched - passthrough
"Harvest Gold Solar Power, LLC","Harvest Gold Solar Power, LLC",False,unmatched - passthrough
"Aulander Holloman Solar, LLC","Aulander Holloman Solar, LLC",False,unmatched - passthrough
Rising Tree Wind Farm III LLC,Rising Tree Wind Farm III LLC,False,unmatched - passthrough
NextEra Energy Resources Ensign Wind,NextEra Energy Resources,True,rule
Harvest Wind Project TIC,Harvest Wind Project TIC,False,unmatched - passthrough
NextEra Energy Resources Breckinridge,NextEra Energy Resources,True,rule
Alabama Municipal Elec Authority - (AL),Municipal / Public Utility (various),False,rule
Osceola Windpower LLC,Osceola Windpower LLC,False,unmatched - passthrough
"Bayou Galion Solar Project, LLC","Bayou Galion Solar Project, LLC",False,unmatched - passthrough
Quilt Block Wind Farm LLC,Quilt Block Wind Farm LLC,False,unmatched - passthrough
MMC Escondido LLC,MMC Escondido LLC,False,unmatched - passthrough
Texas Medical Center Central,Institutional Self-Generation (various),False,rule
Hoopeston Wind LLC,Hoopeston Wind LLC,False,unmatched - passthrough
"FPL Energy Hancock County Wind, LLC",NextEra Energy Resources,True,rule
City of Lubbock - (TX),Municipal / Public Utility (various),False,rule
"Valcour Altona Windpark, LLC","Valcour Altona Windpark, LLC",False,unmatched - passthrough
Malaga BESS LLC,Malaga BESS LLC,False,unmatched - passthrough
Panwest NCA2 Holdings LLC,Panwest NCA2 Holdings LLC,False,unmatched - passthrough
Delaware Municipal Electric Corp,Municipal / Public Utility (various),False,rule
"Horus West Virginia 1, LLC","Horus West Virginia 1, LLC",False,unmatched - passthrough
Waterbury Generation LLC,Waterbury Generation LLC,False,unmatched - passthrough
Energy Northwest,Energy Northwest,False,unmatched - passthrough
Strauss Wind LLC,Strauss Wind LLC,False,unmatched - passthrough
"Happy Solar 1, LLC","Happy Solar 1, LLC",False,unmatched - passthrough
Bonneville Nevada Corporation,Bonneville Nevada Corporation,False,unmatched - passthrough
NRG Energy Gas & Wind Holdings Inc,NRG Energy Group,False,rule
BP PLC,BP PLC,False,unmatched - passthrough
Minonk Stewardship Wind LLC,Minonk Stewardship Wind LLC,False,unmatched - passthrough
"Whitetail Wind Energy, LLC","Whitetail Wind Energy, LLC",False,unmatched - passthrough
Georgia-Pacific Consumer Oper. Green Bay LLC,Georgia-Pacific Consumer Oper. Green Bay LLC,False,unmatched - passthrough
Indeck-Olean Ltd Partnership,Indeck-Olean Ltd Partnership,False,unmatched - passthrough
"CVI Renewables Holdings, LLC.","CVI Renewables Holdings, LLC.",False,unmatched - passthrough
Big Level Wind LLC,Big Level Wind LLC,False,unmatched - passthrough
Primary Energy,Primary Energy,False,unmatched - passthrough
64KT 8me LLC,8minute Solar Energy,False,rule
"High River Energy Center, LLC","High River Energy Center, LLC",False,unmatched - passthrough
Resurgence Solar,Resurgence Solar,False,unmatched - passthrough
"Superstition Energy Storage, LLC","Superstition Energy Storage, LLC",False,unmatched - passthrough
"Michigan Wind 2, LLC","Michigan Wind 2, LLC",False,unmatched - passthrough
Cottonwood Wind Project,Cottonwood Wind Project,False,unmatched - passthrough
Rensselaer Generating LLC,Rensselaer Generating LLC,False,unmatched - passthrough
CONSOL Energy Inc,CONSOL Energy Inc,False,unmatched - passthrough
Gans Energy LLC,Gans Energy LLC,False,unmatched - passthrough
"Chambersburg Energy, LLC","Chambersburg Energy, LLC",False,unmatched - passthrough
Freeport LNG Development L.P,Freeport LNG Development L.P,False,unmatched - passthrough
IPC-Mansfield Mill,IPC-Mansfield Mill,False,unmatched - passthrough
Ascend Performance Materials LLC,Ascend Performance Materials LLC,False,unmatched - passthrough
"SR Snipesville, LLC","SR Snipesville, LLC",False,unmatched - passthrough
"Golden Hills Wind, LLC","Golden Hills Wind, LLC",False,unmatched - passthrough
Michigan State University,Institutional Self-Generation (various),False,rule
Rochester Public Utilities,Rochester Public Utilities,False,unmatched - passthrough
"FPL Energy Operating Services, Inc.",NextEra Energy Resources,True,rule
FPL Energy Red Canyon LLC,NextEra Energy Resources,True,rule
Eastman Chemical Co-TN Ops,Eastman Chemical Co-TN Ops,False,unmatched - passthrough
GSEone,GSEone,False,unmatched - passthrough
"Foxhound Solar, LLC","Foxhound Solar, LLC",False,unmatched - passthrough
NorthWestern Energy - (SD),NorthWestern Energy - (SD),False,unmatched - passthrough
Petra Nova Power I LLC,Petra Nova Power I LLC,False,unmatched - passthrough
RISEC Operating Services,RISEC Operating Services,False,unmatched - passthrough
"Beebe Renewable Energy, LLC","Beebe Renewable Energy, LLC",False,unmatched - passthrough
Corn Belt Power Coop,Electric Cooperative (various),False,rule
"Valcour Ellenburg Windpark, LLC","Valcour Ellenburg Windpark, LLC",False,unmatched - passthrough
"Bishop Hill Energy II, LLC","Bishop Hill Energy II, LLC",False,unmatched - passthrough
"Stuttgart Solar, LLC","Stuttgart Solar, LLC",False,unmatched - passthrough
Adams Solar LLC (PA),Adams Solar LLC (PA),False,unmatched - passthrough
CRE-Apex Montana LLC,CRE-Apex Montana LLC,False,unmatched - passthrough
"East Atmore Solar, LLC","East Atmore Solar, LLC",False,unmatched - passthrough
"Elektron Solar, LLC","Elektron Solar, LLC",False,unmatched - passthrough
"CPV Stagecoach Solar, LLC",CPV / Competitive Power Ventures,False,rule
"Rocket Solar, LLC","Rocket Solar, LLC",False,unmatched - passthrough
CRE-Three Peaks Utah LLC,CRE-Three Peaks Utah LLC,False,unmatched - passthrough
Garnet Mesa Solar LLC,Garnet Mesa Solar LLC,False,unmatched - passthrough
"Pioneer Solar (CO), LLC","Pioneer Solar (CO), LLC",False,unmatched - passthrough
"Grand View PV Solar Two, LLC","Grand View PV Solar Two, LLC",False,unmatched - passthrough
"Blackwater Solar, LLC","Blackwater Solar, LLC",False,unmatched - passthrough
Sac County Wind,Sac County Wind,False,unmatched - passthrough
"Johanna Energy Center, LLC","Johanna Energy Center, LLC",False,unmatched - passthrough
Utah Red Hills Renewable Energy Park LLC,Utah Red Hills Renewable Energy Park LLC,False,unmatched - passthrough
VESI 12 LLC,VESI 12 LLC,False,unmatched - passthrough
"Altavista Solar, LLC","Altavista Solar, LLC",False,unmatched - passthrough
Chillicothe Municipal Utils (MO),Municipal / Public Utility (various),False,rule
Nestlewood Solar,Nestlewood Solar,False,unmatched - passthrough
"SR Ailey, LLC","SR Ailey, LLC",False,unmatched - passthrough
Signal Hill Generating LLC,Signal Hill Generating LLC,False,unmatched - passthrough
"Old Gold Energy Center, LLC","Old Gold Energy Center, LLC",False,unmatched - passthrough
"Mitsubishi Heavy Industries America, Inc.","Mitsubishi Heavy Industries America, Inc.",False,unmatched - passthrough
"Lorenzo Wind, LLC","Lorenzo Wind, LLC",False,unmatched - passthrough
"Steel Solar, LLC","Steel Solar, LLC",False,unmatched - passthrough
"Harts Mills Solar, LLC","Harts Mills Solar, LLC",False,unmatched - passthrough
Bulldog Solar LLC,Bulldog Solar LLC,False,unmatched - passthrough
"Conetoe II Solar, LLC","Conetoe II Solar, LLC",False,unmatched - passthrough
Goose Prairie Solar LLC,Goose Prairie Solar LLC,False,unmatched - passthrough
"SP Decatur Parkway Solar, LLC","SP Decatur Parkway Solar, LLC",False,unmatched - passthrough
City of St George - (UT),Municipal / Public Utility (various),False,rule
DeWind Co.,DeWind Co.,False,unmatched - passthrough
Sigurd Solar LLC,Sigurd Solar LLC,False,unmatched - passthrough
"Desert Harvest, LLC","Desert Harvest, LLC",False,unmatched - passthrough
"Lancaster Solar GA, LLC","Lancaster Solar GA, LLC",False,unmatched - passthrough
Shell Chemical LP - Geismar,Industrial Self-Generation (various),False,rule
Laredo Ridge Wind LLC,Laredo Ridge Wind LLC,False,unmatched - passthrough
UPC Power Solutions,UPC Power Solutions,False,unmatched - passthrough
NextEra Energy Majestic Wind,NextEra Energy Resources,True,rule
Rising Tree Wind Farm LLC,Rising Tree Wind Farm LLC,False,unmatched - passthrough
GSPPR LLC,GSPPR LLC,False,unmatched - passthrough
"Assembly Solar III, LLC","Assembly Solar III, LLC",False,unmatched - passthrough
Terrebonne Parish Consol Gov't,Terrebonne Parish Consol Gov't,False,unmatched - passthrough
"Phobos Solar, LLC","Phobos Solar, LLC",False,unmatched - passthrough
SunStrong Management,SunStrong / SunPower,False,rule
"Moonshot Solar, LLC","Moonshot Solar, LLC",False,unmatched - passthrough
"Cane Creek Solar, LLC","Cane Creek Solar, LLC",False,unmatched - passthrough
Arkwright Summit Wind Farm LLC,Arkwright Summit Wind Farm LLC,False,unmatched - passthrough
"Vasco Winds, LLC","Vasco Winds, LLC",False,unmatched - passthrough
"NextEra Energy Montezuma Wind II, LLC",NextEra Energy Resources,True,rule
"Headwater Energy, LLC","Headwater Energy, LLC",False,unmatched - passthrough
Pecos Wind II LP,Pecos Wind II LP,False,unmatched - passthrough
"Sendero Wind Energy, LLC","Sendero Wind Energy, LLC",False,unmatched - passthrough
US Magnesium,US Magnesium,False,unmatched - passthrough
Jericho Rise Wind Farm LLC,Jericho Rise Wind Farm LLC,False,unmatched - passthrough
"Farmington Solar, LLC","Farmington Solar, LLC",False,unmatched - passthrough
"Forked River Power, LLC","Forked River Power, LLC",False,unmatched - passthrough
"White Oak Solar, LLC","White Oak Solar, LLC",False,unmatched - passthrough
University of California-LA,Institutional Self-Generation (various),False,rule
Duke Energy DEGS North Allegheny,Duke Energy Group,False,rule
"Desert Peak Energy Storage II, LLC","Desert Peak Energy Storage II, LLC",False,unmatched - passthrough
"Catalina Solar, LLC","Catalina Solar, LLC",False,unmatched - passthrough
"Pluto Energy Storage, LLC","Pluto Energy Storage, LLC",False,unmatched - passthrough
"Hunter Solar, LLC","Hunter Solar, LLC",False,unmatched - passthrough
"Gunsight Solar, LLC","Gunsight Solar, LLC",False,unmatched - passthrough
"River Bend Solar, LLC","River Bend Solar, LLC",False,unmatched - passthrough
"Dogfish ESS Assets, LLC","Dogfish ESS Assets, LLC",False,unmatched - passthrough
Montville Power LLC,Montville Power LLC,False,unmatched - passthrough
"Allora Solar, LLC","Allora Solar, LLC",False,unmatched - passthrough
"Horseshoe Solar, LLC","Horseshoe Solar, LLC",False,unmatched - passthrough
Brownsville Public Utilities Board,Municipal / Public Utility (various),False,rule
RE Astoria 2 LLC,RE Astoria 2 LLC,False,unmatched - passthrough
NC 102 Project LLC,NC 102 Project LLC,False,unmatched - passthrough
Pheasant Run Wind LLC,Pheasant Run Wind LLC,False,unmatched - passthrough
"Sunpin Holdings, LLC","Sunpin Holdings, LLC",False,unmatched - passthrough
"Rutherford Farm, LLC","Rutherford Farm, LLC",False,unmatched - passthrough
Bronson Solar LLC,Bronson Solar LLC,False,unmatched - passthrough
Taylor Creek Solar LLC,Taylor Creek Solar LLC,False,unmatched - passthrough
"FRP Gadsden County Solar, LLC","FRP Gadsden County Solar, LLC",False,unmatched - passthrough
"FRP Columbia County Solar, LLC","FRP Columbia County Solar, LLC",False,unmatched - passthrough
"Storey Bend Solar, LLC","Storey Bend Solar, LLC",False,unmatched - passthrough
Harmony Florida Solar LLC,Harmony Florida Solar LLC,False,unmatched - passthrough
"FRP Tupelo Solar, LLC","FRP Tupelo Solar, LLC",False,unmatched - passthrough
"Harmony Florida Solar II, LLC","Harmony Florida Solar II, LLC",False,unmatched - passthrough
"Bell Ridge Solar, LLC","Bell Ridge Solar, LLC",False,unmatched - passthrough
"FRP Gilchrist County Solar, LLC","FRP Gilchrist County Solar, LLC",False,unmatched - passthrough
Misenheimer Solar LLC,Misenheimer Solar LLC,False,unmatched - passthrough
Blue Canyon Windpower LLC,Blue Canyon Windpower LLC,False,unmatched - passthrough
Louisiana Energy & Power Authority,Louisiana Energy & Power Authority,False,unmatched - passthrough
Dartmouth Power Associates LP,Dartmouth Power Associates LP,False,unmatched - passthrough
City of Lake Worth Beach - (FL),Municipal / Public Utility (various),False,rule
Clearlight Energy Sanger LLC,Clearlight Energy,True,rule
"SR Terrell, LLC","SR Terrell, LLC",False,unmatched - passthrough
Indorama Ventures,Indorama Ventures,False,unmatched - passthrough
"Eastover Solar, LLC","Eastover Solar, LLC",False,unmatched - passthrough
"Flint Hills Resources Pine Bend, LLC","Flint Hills Resources Pine Bend, LLC",False,unmatched - passthrough
House Mountain,House Mountain,False,unmatched - passthrough
City of Vineland - (NJ),Municipal / Public Utility (various),False,rule
"Ranchland Wind Storage, LLC","Ranchland Wind Storage, LLC",False,unmatched - passthrough
Wyandotte Municipal Serv Comm - (MI),Municipal / Public Utility (various),False,rule
Atalco Gramercy LLC,Atalco Gramercy LLC,False,unmatched - passthrough
"Rocking R Solar, LLC","Rocking R Solar, LLC",False,unmatched - passthrough
Castleton Energy Center,Castleton Energy Center,False,unmatched - passthrough
"NTUA Generation - Utah, LLC","NTUA Generation - Utah, LLC",False,unmatched - passthrough
"Elawan Dileo Solar, LLC","Elawan Dileo Solar, LLC",False,unmatched - passthrough
International Paper Co,International Paper Co,False,unmatched - passthrough
Ahlstrom Power Windsor Locks LLC,Ahlstrom Power Windsor Locks LLC,False,unmatched - passthrough
Southwestern Electric Coop Inc - (IL),Electric Cooperative (various),False,rule
"Novis Renewables, LLC","Novis Renewables, LLC",False,unmatched - passthrough
Fresno Power Investors LP,Fresno Power Investors LP,False,unmatched - passthrough
Merck & Co Inc-West Point,Institutional Self-Generation (various),False,rule
"Cabin Creek Solar, LLC","Cabin Creek Solar, LLC",False,unmatched - passthrough
"SR Cedar Springs, LLC","SR Cedar Springs, LLC",False,unmatched - passthrough
"SR McKellar, LLC","SR McKellar, LLC",False,unmatched - passthrough
Central Florida Tourism Oversight District,Central Florida Tourism Oversight District,False,unmatched - passthrough
Desert Harvest II LLC,Desert Harvest II LLC,False,unmatched - passthrough
Chaves Solar LLC,Chaves Solar LLC,False,unmatched - passthrough
"Kossuth County Wind, LLC","Kossuth County Wind, LLC",False,unmatched - passthrough
Inland Empire Energy Storage,Inland Empire Energy Storage,False,unmatched - passthrough
Mulligan Solar,Mulligan Solar,False,unmatched - passthrough
Criterion Power Partners LLC,Criterion Power Partners LLC,False,unmatched - passthrough
"Roswell Solar, LLC","Roswell Solar, LLC",False,unmatched - passthrough
"Titan Solar 1, LLC","Titan Solar 1, LLC",False,unmatched - passthrough
"Powells Creek Farm Solar, LLC","Powells Creek Farm Solar, LLC",False,unmatched - passthrough
"Hobnail Solar, LLC","Hobnail Solar, LLC",False,unmatched - passthrough
X-Elio North America Inc,X-Elio North America Inc,False,unmatched - passthrough
California Dept. of Water Resources,California Dept. of Water Resources,False,unmatched - passthrough
PEI Power Corp,PEI Power Corp,False,unmatched - passthrough
Kimberly-Clark Corp,Kimberly-Clark Corp,False,unmatched - passthrough
"Michigan Wind 1, LLC","Michigan Wind 1, LLC",False,unmatched - passthrough
Kawailoa Wind LLC,Kawailoa Wind LLC,False,unmatched - passthrough
"Wellhead Services, Inc","Wellhead Services, Inc",False,unmatched - passthrough
Procter&Gamble Paper Products Co-Oxnard,Procter&Gamble Paper Products Co-Oxnard,False,unmatched - passthrough
"Cartier Energy, LLC","Cartier Energy, LLC",False,unmatched - passthrough
"SR Perry, LLC","SR Perry, LLC",False,unmatched - passthrough
RPG Windthorst-2 Investco,RPG Windthorst-2 Investco,False,unmatched - passthrough
Liberty 1 Solar LLC,Liberty 1 Solar LLC,False,unmatched - passthrough
City of Farmington - (NM),Municipal / Public Utility (various),False,rule
New-Indy Ontario LLC,New-Indy Ontario LLC,False,unmatched - passthrough
"SunCoke Energy, Inc.","SunCoke Energy, Inc.",False,unmatched - passthrough
"Allegany Generating Station, LLC","Allegany Generating Station, LLC",False,unmatched - passthrough
Flat Water Wind Farm LLC,Flat Water Wind Farm LLC,False,unmatched - passthrough
McKinley Paper,McKinley Paper,False,unmatched - passthrough
Seneca Power Partners LP,Seneca Power Partners LP,False,unmatched - passthrough
Eurus Combine Hills II LLC,Eurus Combine Hills II LLC,False,unmatched - passthrough
Hog Creek Wind Project LLC,Hog Creek Wind Project LLC,False,unmatched - passthrough
Caden Energix Axton LLC,Caden Energix Axton LLC,False,unmatched - passthrough
"Sequitur Renewables, LLC","Sequitur Renewables, LLC",False,unmatched - passthrough
Crystal Lake 3 LLC,Crystal Lake 3 LLC,False,unmatched - passthrough
Lone Star Solar,Lone Star Solar,False,unmatched - passthrough
Digihost Technology Inc,Digihost Technology Inc,False,unmatched - passthrough
Hutchinson Utilities Comm,Hutchinson Utilities Comm,False,unmatched - passthrough
Ho'Ohana Solar 1 LLC,Ho'Ohana Solar 1 LLC,False,unmatched - passthrough
Whitney Hill Wind Power LLC,Whitney Hill Wind Power LLC,False,unmatched - passthrough
Minco II Energy Storage LLC,Minco II Energy Storage LLC,False,unmatched - passthrough
Breckinridge Energy Storage LLC,Breckinridge Energy Storage LLC,False,unmatched - passthrough
"San Jacinto Grid, LLC","San Jacinto Grid, LLC",False,unmatched - passthrough
"Northumberland Solar, LLC","Northumberland Solar, LLC",False,unmatched - passthrough
Green Mountain Power Corp,Green Mountain Power Corp,False,unmatched - passthrough
"SR DeSoto II, LLC","SR DeSoto II, LLC",False,unmatched - passthrough
"Hawtree Creek Farm Solar, LLC","Hawtree Creek Farm Solar, LLC",False,unmatched - passthrough
City of Peabody - (MA),Municipal / Public Utility (various),False,rule
"Primary Products Ingredients Americas, LLC","Primary Products Ingredients Americas, LLC",False,unmatched - passthrough
Massachusetts Inst of Tech,Massachusetts Inst of Tech,False,unmatched - passthrough
Wolverine Creek Energy LLC,Federal / Regional Power Authority,False,rule
Sterling Power Partners LP,Sterling Power Partners LP,False,unmatched - passthrough
Carthage Energy LLC,Carthage Energy LLC,False,unmatched - passthrough
Spring Canyon Expansion LLC,Spring Canyon Expansion LLC,False,unmatched - passthrough
Falcon Power Operating Company,Falcon Power Operating Company,False,unmatched - passthrough
Central Iowa Power Cooperative,Electric Cooperative (various),False,rule
Marshall Solar Energy Project,Marshall Solar Energy Project,False,unmatched - passthrough
"Primary Products Ingredients Americas, LLC d/b/a Primient","Primary Products Ingredients Americas, LLC d/b/a Primient",False,unmatched - passthrough
"North Star Solar, LLC","North Star Solar, LLC",False,unmatched - passthrough
FPL Energy North Dakota Wind LLC,NextEra Energy Resources,True,rule
Terra-Gen California Wind Holdings LLC,Terra-Gen,False,rule
"PRIMIENT, LLC","PRIMIENT, LLC",False,unmatched - passthrough
Skysol Holdco LLC,Skysol Holdco LLC,False,unmatched - passthrough
Cirrus Wind 1 LLC,Cirrus Wind 1 LLC,False,unmatched - passthrough
Village of Freeport - (NY),Village of Freeport - (NY),False,unmatched - passthrough
City of Colton - (CA),Municipal / Public Utility (various),False,rule
Bayswater Peaking Facility LLC,Bayswater Peaking Facility LLC,False,unmatched - passthrough
CalPeak Power - Border LLC,CalPeak Power - Border LLC,False,unmatched - passthrough
Michigan Public Power Agency,Michigan Public Power Agency,False,unmatched - passthrough
CalPeak Power - Vaca Dixon LLC,CalPeak Power - Vaca Dixon LLC,False,unmatched - passthrough
California Holdings Delano LLC,California Holdings Delano LLC,False,unmatched - passthrough
CalPeak Power - Panoche LLC,CalPeak Power - Panoche LLC,False,unmatched - passthrough
City of Marshfield - (WI),Municipal / Public Utility (various),False,rule
"Goleta Energy Storage, LLC","Goleta Energy Storage, LLC",False,unmatched - passthrough
"Ranchland Solar, LLC","Ranchland Solar, LLC",False,unmatched - passthrough
"Palmer Solar, LLC","Palmer Solar, LLC",False,unmatched - passthrough
University of Michigan,Institutional Self-Generation (various),False,rule
"SR DeSoto III, LLC","SR DeSoto III, LLC",False,unmatched - passthrough
John Hancock,John Hancock,False,unmatched - passthrough
VESI 38 LLC,VESI 38 LLC,False,unmatched - passthrough
City of Chanute (KS),Municipal / Public Utility (various),False,rule
"RE Barren Ridge 1, LLC","RE Barren Ridge 1, LLC",False,unmatched - passthrough
"Hunterstown Power, LLC","Hunterstown Power, LLC",False,unmatched - passthrough
"Heirloom Solar (Ratts 1 Phase 2 Solar, LLC)","Heirloom Solar (Ratts 1 Phase 2 Solar, LLC)",False,unmatched - passthrough
"Regulus Solar, LLC","Regulus Solar, LLC",False,unmatched - passthrough
Tesoro Refining and Marketing Company,Tesoro Refining and Marketing Company,False,unmatched - passthrough
Indeck-Yerkes Ltd Partnership,Indeck-Yerkes Ltd Partnership,False,unmatched - passthrough
Mesa Wind Power LLC,Mesa Wind Power LLC,False,unmatched - passthrough
"Blackwell Wind, LLC","Blackwell Wind, LLC",False,unmatched - passthrough
Whirlwind Energy LLC,Whirlwind Energy LLC,False,unmatched - passthrough
Cameron Ridge LLC,Cameron Ridge LLC,False,unmatched - passthrough
Black Hills Electric Generation LLC,Black Hills Corp,False,rule
"Harvest II Windfarm, LLC","Harvest II Windfarm, LLC",False,unmatched - passthrough
"Adapture Renewables, Inc.","Adapture Renewables, Inc.",False,unmatched - passthrough
"ENI New Energy US, Inc","ENI New Energy US, Inc",False,unmatched - passthrough
CalPeak Power - Enterprise LLC,CalPeak Power - Enterprise LLC,False,unmatched - passthrough
Ocotillo Windpower LP,Ocotillo Windpower LP,False,unmatched - passthrough
City of Coffeyville - (KS),Municipal / Public Utility (various),False,rule
Phillips 66 - Los Angeles,Phillips 66 - Los Angeles,False,unmatched - passthrough
"Energy Vault, Inc.","Energy Vault, Inc.",False,unmatched - passthrough
Cove Mountain Solar LLC,Cove Mountain Solar LLC,False,unmatched - passthrough
"Ellwood Power, LLC","Ellwood Power, LLC",False,unmatched - passthrough
CI III VK I TE Partnership LLC,CI III VK I TE Partnership LLC,False,unmatched - passthrough
Indeck-Oswego Ltd Partnership,Indeck-Oswego Ltd Partnership,False,unmatched - passthrough
THUMS Long Beach Company,THUMS Long Beach Company,False,unmatched - passthrough
University of Illinois,Institutional Self-Generation (various),False,rule
"Wind Capital Holdings, LLC","Wind Capital Holdings, LLC",False,unmatched - passthrough
Indeck-Energy Serv Silver Spg,Indeck-Energy Serv Silver Spg,False,unmatched - passthrough
"Beech Ridge Energy II, LLC","Beech Ridge Energy II, LLC",False,unmatched - passthrough
CMD Carson LLC,CMD Carson LLC,False,unmatched - passthrough
"Tulare Solar Center, LLC","Tulare Solar Center, LLC",False,unmatched - passthrough
Independence Wind Energy LLC,Independence Wind Energy LLC,False,unmatched - passthrough
Ascend Performance Materials,Ascend Performance Materials,False,unmatched - passthrough
"NGI-Kayenta Solar Lessor I, LLC","NGI-Kayenta Solar Lessor I, LLC",False,unmatched - passthrough
International Paper Co-Riverdl,International Paper Co-Riverdl,False,unmatched - passthrough
"Gray Hawk Solar, LLC","Gray Hawk Solar, LLC",False,unmatched - passthrough
"Landrace Holdings, LLC","Landrace Holdings, LLC",False,unmatched - passthrough
"Macho Springs Solar, LLC","Macho Springs Solar, LLC",False,unmatched - passthrough
"Glover Creek Solar, LLC","Glover Creek Solar, LLC",False,unmatched - passthrough
Phillips 66 Company,Phillips 66 Company,False,unmatched - passthrough
"Dans Mountain Wind Force, LLC","Dans Mountain Wind Force, LLC",False,unmatched - passthrough
Butler Ridge Wind Energy Center,Butler Ridge Wind Energy Center,False,unmatched - passthrough
FreePort-McMoRan-Corp-Chino Mines,FreePort-McMoRan-Corp-Chino Mines,False,unmatched - passthrough
"Golden Fields Solar I, LLC","Golden Fields Solar I, LLC",False,unmatched - passthrough
"Solar Star California, XLI, LLC","Solar Star California, XLI, LLC",False,unmatched - passthrough
"South Carolina Genertg Co, Inc","South Carolina Genertg Co, Inc",False,unmatched - passthrough
"Pinnacle Wind, LLC","Pinnacle Wind, LLC",False,unmatched - passthrough
Curators of the University of Missouri,Institutional Self-Generation (various),False,rule
"Warren Generation, LLC","Warren Generation, LLC",False,unmatched - passthrough
"SR Millington, LLC","SR Millington, LLC",False,unmatched - passthrough
"Harvest Windfarm, LLC","Harvest Windfarm, LLC",False,unmatched - passthrough
Archer Daniels Midland Co,Archer Daniels Midland Co,False,unmatched - passthrough
"SR Meridian III, LLC","SR Meridian III, LLC",False,unmatched - passthrough
United States Steel-Mon Valley,United States Steel-Mon Valley,False,unmatched - passthrough
"SR South Loving, LLC","SR South Loving, LLC",False,unmatched - passthrough
John Laing US Solar Corp.,John Laing US Solar Corp.,False,unmatched - passthrough
"MS Solar 2, LLC","MS Solar 2, LLC",False,unmatched - passthrough
"Renewables Pipeline Parent, LLC","Renewables Pipeline Parent, LLC",False,unmatched - passthrough
"Solar Star Colorado III, LLC","Solar Star Colorado III, LLC",False,unmatched - passthrough
Silver State Power North,Silver State Power North,False,unmatched - passthrough
"FL Solar 5, LLC","FL Solar 5, LLC",False,unmatched - passthrough
Lakeswind Power Partners,Lakeswind Power Partners,False,unmatched - passthrough
"Blue Jay Solar I, LLC","Blue Jay Solar I, LLC",False,unmatched - passthrough
Cedar Falls Utilities,Cedar Falls Utilities,False,unmatched - passthrough
Goal Line LP,Goal Line LP,False,unmatched - passthrough
Wessington Wind,Wessington Wind,False,unmatched - passthrough
"Sunnybrook Farm Solar, LLC","Sunnybrook Farm Solar, LLC",False,unmatched - passthrough
Red Horse 2,Red Horse 2,False,unmatched - passthrough
"Live Oak Solar, LLC","Live Oak Solar, LLC",False,unmatched - passthrough
"Casa Mesa Wind, LLC","Casa Mesa Wind, LLC",False,unmatched - passthrough
SRIV Partnership LLC,SRIV Partnership LLC,False,unmatched - passthrough
Record Hill Wind LLC,Record Hill Wind LLC,False,unmatched - passthrough
FPL Energy Oliver County Wind,NextEra Energy Resources,True,rule
"CR Clearing, LLC","CR Clearing, LLC",False,unmatched - passthrough
Hidalgo Wind Farm II LLC,Hidalgo Wind Farm II LLC,False,unmatched - passthrough
"Cow Branch Wind Power, LLC","Cow Branch Wind Power, LLC",False,unmatched - passthrough
Georgia-Pacific Consr Prods LP-Savannah,Georgia-Pacific Consr Prods LP-Savannah,False,unmatched - passthrough
"Cotton Plains Wind I, LLC","Cotton Plains Wind I, LLC",False,unmatched - passthrough
"Beebe 1B Renewable Energy, LLC","Beebe 1B Renewable Energy, LLC",False,unmatched - passthrough
"Texas A&M, Utilities & Energy Services","Texas A&M, Utilities & Energy Services",False,unmatched - passthrough
"83WI 8ME, LLC","83WI 8ME, LLC",False,unmatched - passthrough
"BT Signal Ranch, LLC","BT Signal Ranch, LLC",False,unmatched - passthrough
"Sunlight Road Solar, LLC","Sunlight Road Solar, LLC",False,unmatched - passthrough
"East Point Energy Center, LLC","East Point Energy Center, LLC",False,unmatched - passthrough
"Assembly Solar I, LLC","Assembly Solar I, LLC",False,unmatched - passthrough
"Whitehorn Solar, LLC","Whitehorn Solar, LLC",False,unmatched - passthrough
"41MB 8me, LLC","41MB 8me, LLC",False,unmatched - passthrough
Pavant Solar II LLC,Pavant Solar II LLC,False,unmatched - passthrough
"Partin Solar, LLC","Partin Solar, LLC",False,unmatched - passthrough
Padua 1,Padua 1,False,unmatched - passthrough
Conductive Power,Conductive Power,False,unmatched - passthrough
"Broad River Solar, LLC","Broad River Solar, LLC",False,unmatched - passthrough
"Hattiesburg Farm, LLC","Hattiesburg Farm, LLC",False,unmatched - passthrough
Roquette America,Roquette America,False,unmatched - passthrough
National Institutes of Health,National Institutes of Health,False,unmatched - passthrough
"Titan Solar, LLC","Titan Solar, LLC",False,unmatched - passthrough
ENGIE Solidago Solar LLC,Engie North America,True,rule
"Little Bear Solar 4, LLC (Longroad)",Longroad Energy,True,rule
"Little Bear Solar 5, LLC (Longroad)",Longroad Energy,True,rule
Iris Solar LLC,Iris Solar LLC,False,unmatched - passthrough
Los Angeles County Sanitation,Los Angeles County Sanitation,False,unmatched - passthrough
Liberty Utilities (CalPeco Electric) LLC,Algonquin / Liberty,False,rule
"SloughHouse Solar, LLC","SloughHouse Solar, LLC",False,unmatched - passthrough
"SolaireHolman 1, LLC","SolaireHolman 1, LLC",False,unmatched - passthrough
Byrd Ranch Storage LLC,Byrd Ranch Storage LLC,False,unmatched - passthrough
"Lamesa Solar II, L.L.C.","Lamesa Solar II, L.L.C.",False,unmatched - passthrough
"SR Turkey Creek, LLC","SR Turkey Creek, LLC",False,unmatched - passthrough
Domtar Paper Co LLC Kingsport Mill,Domtar Paper Co LLC Kingsport Mill,False,unmatched - passthrough
Kimberly Clark - Mobile Alabama,Kimberly Clark - Mobile Alabama,False,unmatched - passthrough
Kingman Energy Storage LLC,Kingman Energy Storage LLC,False,unmatched - passthrough
"Gransolar Texas One, LLC","Gransolar Texas One, LLC",False,unmatched - passthrough
"Birch Creek Power, LLC","Birch Creek Power, LLC",False,unmatched - passthrough
Chevelle Wind Iowa LLC,Chevelle Wind Iowa LLC,False,unmatched - passthrough
Blue Harvest Solar Park LLC,Blue Harvest Solar Park LLC,False,unmatched - passthrough
Clinton Solar (OH) LLC,Clinton Solar (OH) LLC,False,unmatched - passthrough
Valero Refining Co California,Valero Refining Co California,False,unmatched - passthrough
"Bluestone Farm Solar, LLC","Bluestone Farm Solar, LLC",False,unmatched - passthrough
Timber Road Solar Park,Timber Road Solar Park,False,unmatched - passthrough
Salt City Solar LLC,Salt City Solar LLC,False,unmatched - passthrough
"WGP Redwood Holdings, LLC","WGP Redwood Holdings, LLC",False,unmatched - passthrough
"Elawan Pitts Dudik Solar, LLC","Elawan Pitts Dudik Solar, LLC",False,unmatched - passthrough
Osceola Windpower II,Osceola Windpower II,False,unmatched - passthrough
FPL Energy Burleigh County Wind LLC,NextEra Energy Resources,True,rule
Wilton Wind II LLC,Wilton Wind II LLC,False,unmatched - passthrough
Route 66 Energy Storage,Route 66 Energy Storage,False,unmatched - passthrough
"Route 66 Energy Center, LLC","Route 66 Energy Center, LLC",False,unmatched - passthrough
Greenleaf Energy LLC,Greenleaf Energy LLC,False,unmatched - passthrough
AltaGas Ripon Energy Inc.,AltaGas Ripon Energy Inc.,False,unmatched - passthrough
Diamond Shamrock Refining Company LP,Diamond Shamrock Refining Company LP,False,unmatched - passthrough
"Quinebaug Solar, LLC","Quinebaug Solar, LLC",False,unmatched - passthrough
"Sanford Airport Solar, LLC","Sanford Airport Solar, LLC",False,unmatched - passthrough
City of Anaheim - (CA),Municipal / Public Utility (various),False,rule
BioUrja Renewables LLC,BioUrja Renewables LLC,False,unmatched - passthrough
"Kawailoa Solar, LLC","Kawailoa Solar, LLC",False,unmatched - passthrough
Jamestown Board of Public Util,Jamestown Board of Public Util,False,unmatched - passthrough
City of Chaska - (MN),Municipal / Public Utility (various),False,rule
Milwaukee Metro Sewerage Dist,Milwaukee Metro Sewerage Dist,False,unmatched - passthrough
"EF Oxnard, LLC","EF Oxnard, LLC",False,unmatched - passthrough
U S Borax Inc,U S Borax Inc,False,unmatched - passthrough
Goose Haven Energy Center,Goose Haven Energy Center,False,unmatched - passthrough
Creed Energy Center LLC,Creed Energy Center LLC,False,unmatched - passthrough
Great Bend Solar LLC,Great Bend Solar LLC,False,unmatched - passthrough
FPL Energy Oliver County Wind II LLC,NextEra Energy Resources,True,rule
Resurgence Solar II,Resurgence Solar II,False,unmatched - passthrough
City of West Plains - (MO),Municipal / Public Utility (various),False,rule
Calpine Corp-Yuba City,Calpine Group,False,rule
"Sune Beacon Site 2, LLC","Sune Beacon Site 2, LLC",False,unmatched - passthrough
Calpine Corp-King City,Calpine Group,False,rule
Airport Solar LLC,Airport Solar LLC,False,unmatched - passthrough
Gilroy Energy Center for Riverview,Gilroy Energy Center for Riverview,False,unmatched - passthrough
Nissequoque Cogen Partners,Nissequoque Cogen Partners,False,unmatched - passthrough
"EdSan 1B Group 2, LLC","EdSan 1B Group 2, LLC",False,unmatched - passthrough
Flint Hills Resources Corpus Christi LLC,Flint Hills Resources Corpus Christi LLC,False,unmatched - passthrough
Tropicana Products Inc,Tropicana Products Inc,False,unmatched - passthrough
Ridgetop Energy LLC II,Ridgetop Energy LLC II,False,unmatched - passthrough
"Alliance NYGT, LLC","Alliance NYGT, LLC",False,unmatched - passthrough
Wind Wall 1 LLC,Wind Wall 1 LLC,False,unmatched - passthrough
GFC - Franklin,GFC - Franklin,False,unmatched - passthrough
Iowa State University,Institutional Self-Generation (various),False,rule
"VESI Pomona Energy Storage, Inc.","VESI Pomona Energy Storage, Inc.",False,unmatched - passthrough
"Golden Hills Interconnection Wind, LLC","Golden Hills Interconnection Wind, LLC",False,unmatched - passthrough
"Waipio PV, LLC","Waipio PV, LLC",False,unmatched - passthrough
University of Cincinnati,Institutional Self-Generation (various),False,rule
Ingredion Inc - Illinois,Ingredion Inc - Illinois,False,unmatched - passthrough
RE Gaskell West LLC,RE Gaskell West LLC,False,unmatched - passthrough
Colton Power LP,Colton Power LP,False,unmatched - passthrough
"Palmer's Creek Wind Farm, LLC","Palmer's Creek Wind Farm, LLC",False,unmatched - passthrough
Thilmany LLC,Thilmany LLC,False,unmatched - passthrough
"ES 1A Group 2 Opco, LLC","ES 1A Group 2 Opco, LLC",False,unmatched - passthrough
Ticona Polymers Inc,Ticona Polymers Inc,False,unmatched - passthrough
Hale Kuawehi Solar LLC,Hale Kuawehi Solar LLC,False,unmatched - passthrough
Sunray Energy Inc,Sunray Energy Inc,False,unmatched - passthrough
Eurus Combine Hills I LLC,Eurus Combine Hills I LLC,False,unmatched - passthrough
Justin McNeilus,Justin McNeilus,False,unmatched - passthrough
Passadumkeag Windpark LLC,Passadumkeag Windpark LLC,False,unmatched - passthrough
Shadow Wolf Energy,Shadow Wolf Energy,False,unmatched - passthrough
Sylvamo North America LLC,Sylvamo North America LLC,False,unmatched - passthrough
Cerro Gordo Wind Farm,Cerro Gordo Wind Farm,False,unmatched - passthrough
"Primary Energy Recycling Holdings, LLC","Primary Energy Recycling Holdings, LLC",False,unmatched - passthrough
City of Murray - (UT),Municipal / Public Utility (various),False,rule
ORNI 30 LLC,ORNI 30 LLC,False,unmatched - passthrough
Riverbay Corp,Riverbay Corp,False,unmatched - passthrough
Purdue University,Institutional Self-Generation (various),False,rule
Equistar Chemicals LP,Equistar Chemicals LP,False,unmatched - passthrough
"RPG Elk/Hawkeye Investco, LLC","RPG Elk/Hawkeye Investco, LLC",False,unmatched - passthrough
"Genesee Solar Energy, LLC","Genesee Solar Energy, LLC",False,unmatched - passthrough
"Robin Hollow Solar, LLC","Robin Hollow Solar, LLC",False,unmatched - passthrough
OCI Energy LLC,OCI Energy LLC,False,unmatched - passthrough
TPW Petersburg LLC,TPW Petersburg LLC,False,unmatched - passthrough
"Kimball Wind, LLC","Kimball Wind, LLC",False,unmatched - passthrough
FPL Energy South Dakota Wind LLC,NextEra Energy Resources,True,rule
"Fourmile Wind Energy, LLC","Fourmile Wind Energy, LLC",False,unmatched - passthrough
"Dry Bridge Solar 1, LLC","Dry Bridge Solar 1, LLC",False,unmatched - passthrough
"High Mesa Energy, LLC","High Mesa Energy, LLC",False,unmatched - passthrough
"Woodward Energy Storage, LLC","Woodward Energy Storage, LLC",False,unmatched - passthrough
Cargill Inc North America Sweetners,Cargill Inc North America Sweetners,False,unmatched - passthrough
Elevation Solar C,Elevation Solar C,False,unmatched - passthrough
Golden Valley Elec Assn Inc,Golden Valley Elec Assn Inc,False,unmatched - passthrough
City of Higginsville - (MO),Municipal / Public Utility (various),False,rule
Roth Rock Wind Farm LLC,Roth Rock Wind Farm LLC,False,unmatched - passthrough
"Cuyama Solar, LLC","Cuyama Solar, LLC",False,unmatched - passthrough
"Vista Energy Storage, LLC","Vista Energy Storage, LLC",False,unmatched - passthrough
"BT Jungmann, LLC","BT Jungmann, LLC",False,unmatched - passthrough
"SR Hazlehurst III, LLC","SR Hazlehurst III, LLC",False,unmatched - passthrough
"Little Bear Solar 1, LLC (Longroad)",Longroad Energy,True,rule
"Castle Solar, LLC","Castle Solar, LLC",False,unmatched - passthrough
City Of Gillette,Municipal / Public Utility (various),False,rule
City of Fremont - (NE),Municipal / Public Utility (various),False,rule
"Black Mesa Solar, LLC","Black Mesa Solar, LLC",False,unmatched - passthrough
Pine Gate Renewables,Pine Gate Renewables,False,rule
"Bird Dog Solar, LLC","Bird Dog Solar, LLC",False,unmatched - passthrough
Ringer Hill Wind LLC,Ringer Hill Wind LLC,False,unmatched - passthrough
"Bluegrass Solar, LLC","Bluegrass Solar, LLC",False,unmatched - passthrough
Graphic Packaging International,Graphic Packaging International,False,unmatched - passthrough
City of Gardner - (KS),Municipal / Public Utility (various),False,rule
City of Hastings - (NE),Municipal / Public Utility (various),False,rule
Mililani I Solar LLC,Mililani I Solar LLC,False,unmatched - passthrough
Clearwater Paper Corporation - Augusta,Clearwater Paper Corporation - Augusta,False,unmatched - passthrough
Salinas River Cogeneration Co,Salinas River Cogeneration Co,False,unmatched - passthrough
Frontier El Dorado Refinery LLC,Frontier El Dorado Refinery LLC,False,unmatched - passthrough
Salka Cabazon Wind LLC,Salka Cabazon Wind LLC,False,unmatched - passthrough
MATEP LLC,MATEP LLC,False,unmatched - passthrough
Berry Petroleum Co,Berry Petroleum Co,False,unmatched - passthrough
Prescott Wind Energy LLC,Prescott Wind Energy LLC,False,unmatched - passthrough
Coalinga Cogeneration Co,Coalinga Cogeneration Co,False,unmatched - passthrough
Total Petrochemicals USA Inc,Total Petrochemicals USA Inc,False,unmatched - passthrough
Sargent Canyon Cogeneration Co,Sargent Canyon Cogeneration Co,False,unmatched - passthrough
"Wolfskin Solar, LLC","Wolfskin Solar, LLC",False,unmatched - passthrough
"Lookout Windpower, LLC","Lookout Windpower, LLC",False,unmatched - passthrough
"Sune Beacon Site 5, LLC","Sune Beacon Site 5, LLC",False,unmatched - passthrough
Cornell University - CHP,Institutional Self-Generation (various),False,rule
"WestRock Southeast, LLC","WestRock Southeast, LLC",False,unmatched - passthrough
DWW Solar ll LLC,DWW Solar ll LLC,False,unmatched - passthrough
FPL Energy Montezuma Wind,NextEra Energy Resources,True,rule
University of Iowa,Institutional Self-Generation (various),False,rule
City of Bryan - (OH),Municipal / Public Utility (various),False,rule
KES Kingsburg LP,KES Kingsburg LP,False,unmatched - passthrough
Waiawa Solar Power LLC,Waiawa Solar Power LLC,False,unmatched - passthrough
Big Blue Wind Farm LLC (MN),Big Blue Wind Farm LLC (MN),False,unmatched - passthrough
Hibbing Public Utilities Comm,Hibbing Public Utilities Comm,False,unmatched - passthrough
Rhode Island LFG Genco,Rhode Island LFG Genco,False,unmatched - passthrough
Brea Power II,Brea Power II,False,unmatched - passthrough
Molson Coors USA LLC,Molson Coors USA LLC,False,unmatched - passthrough
"Prairie Enhanced, LLC","Prairie Enhanced, LLC",False,unmatched - passthrough
"Innovative Solar 31, LLC","Innovative Solar 31, LLC",False,unmatched - passthrough
"Grazing Yak Solar, LLC","Grazing Yak Solar, LLC",False,unmatched - passthrough
"Virginia Line Solar, LLC","Virginia Line Solar, LLC",False,unmatched - passthrough
"SR Bell Buckle, LLC","SR Bell Buckle, LLC",False,unmatched - passthrough
"TPC Group, LLC","TPC Group, LLC",False,unmatched - passthrough
Shelter Insurance Companies,Shelter Insurance Companies,False,unmatched - passthrough
California Institute-Technology,California Institute-Technology,False,unmatched - passthrough
"Texas Big Spring, L.P.","Texas Big Spring, L.P.",False,unmatched - passthrough
"CPV Saddleback Ridge Wind, LLC",CPV / Competitive Power Ventures,False,rule
Public Serv Comm of Yazoo City -(MS),Public Serv Comm of Yazoo City -(MS),False,unmatched - passthrough
CRE-Sunray California LLC Delaware,CRE-Sunray California LLC Delaware,False,unmatched - passthrough
"Innovative Solar 47, LLC","Innovative Solar 47, LLC",False,unmatched - passthrough
Valero Wilmington,Valero Wilmington,False,unmatched - passthrough
Ada Cogeneration LLC,Ada Cogeneration LLC,False,unmatched - passthrough
University of Colorado,Institutional Self-Generation (various),False,rule
University of California San Diego,Institutional Self-Generation (various),False,rule
AlsoEnergy,AlsoEnergy,False,unmatched - passthrough
Pfizer Inc,Institutional Self-Generation (various),False,rule
"TAI Huntsville Solar, LLC","TAI Huntsville Solar, LLC",False,unmatched - passthrough
Caden Energix Hickory LLC,Caden Energix Hickory LLC,False,unmatched - passthrough
"Blackwell Solar, LLC","Blackwell Solar, LLC",False,unmatched - passthrough
City of Cleveland - (OH),Municipal / Public Utility (various),False,rule
OLS Energy-Agnews Inc.,OLS Energy-Agnews Inc.,False,unmatched - passthrough
Long Island Solar Farm LLC,Long Island Solar Farm LLC,False,unmatched - passthrough
"Caden Energix Endless Caverns, LLC","Caden Energix Endless Caverns, LLC",False,unmatched - passthrough
CSUCI Site Authority,CSUCI Site Authority,False,unmatched - passthrough
United States Steel- Clairton,United States Steel- Clairton,False,unmatched - passthrough
Linde Inc,Linde Inc,False,unmatched - passthrough
San Gorgonio Farms Inc,San Gorgonio Farms Inc,False,unmatched - passthrough
BP Wind Energy North America Inc,BP Wind Energy North America Inc,False,unmatched - passthrough
CamChino Leasing LLC,CamChino Leasing LLC,False,unmatched - passthrough
"SP Cimmaron I, LLC","SP Cimmaron I, LLC",False,unmatched - passthrough
"SP Pawpaw Solar, LLC","SP Pawpaw Solar, LLC",False,unmatched - passthrough
Paulsboro Refining Company - LLC,Paulsboro Refining Company - LLC,False,unmatched - passthrough
City of Bountiful - (UT),Municipal / Public Utility (various),False,rule
Gas Recovery Systems Inc,Gas Recovery Systems Inc,False,unmatched - passthrough
"Spectrum Nevada Solar, LLC","Spectrum Nevada Solar, LLC",False,unmatched - passthrough
"Seymour Hills Wind Project, LLC","Seymour Hills Wind Project, LLC",False,unmatched - passthrough
P66 Rodeo Solar,P66 Rodeo Solar,False,unmatched - passthrough
"San Isabel Solar, LLC","San Isabel Solar, LLC",False,unmatched - passthrough
"Simon Solar Farm, LLC","Simon Solar Farm, LLC",False,unmatched - passthrough
Red Horse III,Red Horse III,False,unmatched - passthrough
"Bluebell Solar, LLC","Bluebell Solar, LLC",False,unmatched - passthrough
Madison Energy Investments LLC,Madison Energy Investments LLC,False,unmatched - passthrough
Bison Solar LLC,Bison Solar LLC,False,unmatched - passthrough
"Seville Solar Two, LLC","Seville Solar Two, LLC",False,unmatched - passthrough
"Blue Summit Storage, LLC","Blue Summit Storage, LLC",False,unmatched - passthrough
"Alamosa Enhanced, LLC","Alamosa Enhanced, LLC",False,unmatched - passthrough
"BayWa r.e. USA, LLC",BayWa r.e. North America,True,rule
"Chaves County Solar II, LLC","Chaves County Solar II, LLC",False,unmatched - passthrough
WestRock Seminole,WestRock Seminole,False,unmatched - passthrough
Sid Richardson Carbon Ltd,Sid Richardson Carbon Ltd,False,unmatched - passthrough
"Fair Wind Power Partners, LLC","Fair Wind Power Partners, LLC",False,unmatched - passthrough
"Solar Star Lost Hills, LLC","Solar Star Lost Hills, LLC",False,unmatched - passthrough
FRV AE Solar LLC,FRV AE Solar LLC,False,unmatched - passthrough
Mesa Wind Repower,ConnectGen,False,rule
Deepwater Wind Block Island LLC,Deepwater Wind Block Island LLC,False,unmatched - passthrough
"Citizens Solar Holdings VIII, LLC","Citizens Solar Holdings VIII, LLC",False,unmatched - passthrough
CHI Energy Inc,CHI Energy Inc,False,unmatched - passthrough
"Centerstream STL, LLC","Centerstream STL, LLC",False,unmatched - passthrough
"Santa Paula Energy Storage, LLC","Santa Paula Energy Storage, LLC",False,unmatched - passthrough
Kennecott Utah Copper,Kennecott Utah Copper,False,unmatched - passthrough
AEM Wind LLC,AEM Wind LLC,False,unmatched - passthrough
"Ridge Crest Wind Partners, LLC","Ridge Crest Wind Partners, LLC",False,unmatched - passthrough
Duke Energy DEGS Happy Jack,Duke Energy Group,False,rule
"Forward Windpower, LLC","Forward Windpower, LLC",False,unmatched - passthrough
CP Kelco US Inc.,CP Kelco US Inc.,False,unmatched - passthrough
Ridgetop Energy LLC,Ridgetop Energy LLC,False,unmatched - passthrough
"New-Indy, Oxnard LLC","New-Indy, Oxnard LLC",False,unmatched - passthrough
Antrim Wind Energy LLC,Antrim Wind Energy LLC,False,unmatched - passthrough
Boise White Paper LLC,Boise White Paper LLC,False,unmatched - passthrough
E F Kenilworth LLC,E F Kenilworth LLC,False,unmatched - passthrough
TPC Windfarm LLC,TPC Windfarm LLC,False,unmatched - passthrough
The Regents of the Univ. of California,The Regents of the Univ. of California,False,unmatched - passthrough
Georgia-Pacific Brewton LLC,Georgia-Pacific Brewton LLC,False,unmatched - passthrough
EE Waianae Solar Project LLC,EE Waianae Solar Project LLC,False,unmatched - passthrough
Village of Winnetka - (IL),Village of Winnetka - (IL),False,unmatched - passthrough
"TPE Alta Luna, LLC","TPE Alta Luna, LLC",False,unmatched - passthrough
University of North Carolina,Institutional Self-Generation (various),False,rule
Western Power and Steam II LLC,Western Power and Steam II LLC,False,unmatched - passthrough
MPUA,MPUA,False,unmatched - passthrough
Na Pua Makani Power Partners LLC,Na Pua Makani Power Partners LLC,False,unmatched - passthrough
"MD Solar 2, LLC","MD Solar 2, LLC",False,unmatched - passthrough
"Wildcat Wind, LLC","Wildcat Wind, LLC",False,unmatched - passthrough
US Paper Mill Company,US Paper Mill Company,False,unmatched - passthrough
Celanese Acetate Corp,Industrial Self-Generation (various),False,rule
AM Wind Repower LLC,ConnectGen,False,rule
8point3 Operating Company LLC,8point3 Operating Company LLC,False,unmatched - passthrough
New Ulm Public Utilities Comm,New Ulm Public Utilities Comm,False,unmatched - passthrough
DTE Calvert City LLC,DTE Energy,True,rule
City of Winfield - (KS),Municipal / Public Utility (various),False,rule
"DTE Ashtabula, LLC",DTE Energy,True,rule
Wind Stream Operations LLC,Wind Stream Operations LLC,False,unmatched - passthrough
Anheuser-Busch Inc,Anheuser-Busch Inc,False,unmatched - passthrough
City of Holyoke Gas and Elec Dept - (MA),Municipal / Public Utility (various),False,rule
NRG Solar Borrego I,NRG Energy Group,False,rule
Willmar Municipal Utilities (MN),Municipal / Public Utility (various),False,rule
United Technologies,United Technologies,False,unmatched - passthrough
University of Connecticut,Institutional Self-Generation (various),False,rule
Enterprise Products Optg LP,Enterprise Products Optg LP,False,unmatched - passthrough
"NET Power, LLC","NET Power, LLC",False,unmatched - passthrough
University of Rochester,Institutional Self-Generation (various),False,rule
TDX North Slope Generating Inc.,TDX North Slope Generating Inc.,False,unmatched - passthrough
Regions Bank,Regions Bank,False,unmatched - passthrough
Ridgewind Power Partners LLC,Ridgewind Power Partners LLC,False,unmatched - passthrough
"Mechanicsville Solar, LLC","Mechanicsville Solar, LLC",False,unmatched - passthrough
Solar Avra Valley LLC,Solar Avra Valley LLC,False,unmatched - passthrough
City of Orrville - (OH),Municipal / Public Utility (various),False,rule
"SR Baxley, LLC","SR Baxley, LLC",False,unmatched - passthrough
ESI Vansycle Partners LP,ESI Vansycle Partners LP,False,unmatched - passthrough
"Caprock Solar 1, LLC","Caprock Solar 1, LLC",False,unmatched - passthrough
CF Industries Nitrogen LLC,CF Industries Nitrogen LLC,False,unmatched - passthrough
Axium US Solar Holdings LLC,Axium Infrastructure,False,rule
Eversource,Eversource,False,unmatched - passthrough
West Ford Flat Energy Storage,West Ford Flat Energy Storage,False,unmatched - passthrough
Bluestone Coke LLC,Bluestone Coke LLC,False,unmatched - passthrough
Mead Coated Board Inc,Mead Coated Board Inc,False,unmatched - passthrough
Georgia-Pacific Crossett LLC,Georgia-Pacific Crossett LLC,False,unmatched - passthrough
"Shoreham Solar Commons, LLC","Shoreham Solar Commons, LLC",False,unmatched - passthrough
"Chevron Renewable Investments, LLC",Industrial Self-Generation (various),False,rule
"VESI Upton County BESS, LLC","VESI Upton County BESS, LLC",False,unmatched - passthrough
Manitowoc Public Utilities,Manitowoc Public Utilities,False,unmatched - passthrough
GSA Metropolitan Service Center,GSA Metropolitan Service Center,False,unmatched - passthrough
Pixelle Specialty Solutions LLC - (PA),Pixelle Specialty Solutions LLC - (PA),False,unmatched - passthrough
Auwahi Wind Energy LLC,Auwahi Wind Energy LLC,False,unmatched - passthrough
U.S. Army - Radford,U.S. Army - Radford,False,unmatched - passthrough
"Blossburg Power, LLC","Blossburg Power, LLC",False,unmatched - passthrough
Vanderbilt University,Institutional Self-Generation (various),False,rule
Chevron Oronite Co LLC,Industrial Self-Generation (various),False,rule
Veolia NA - Municipal & Commercial Business,Municipal / Public Utility (various),False,rule
Occidental Permian Ltd,Occidental Permian Ltd,False,unmatched - passthrough
Citizens Thermal Energy,Citizens Thermal Energy,False,unmatched - passthrough
"ND Paper, Inc.","ND Paper, Inc.",False,unmatched - passthrough
Sunshine Gas Producers LLC,Sunshine Gas Producers LLC,False,unmatched - passthrough
"Mountain Air Projects, LLC","Mountain Air Projects, LLC",False,unmatched - passthrough
CPV Canton Mountain Wind LLC,CPV / Competitive Power Ventures,False,rule
"Speedway Solar NC, LLC","Speedway Solar NC, LLC",False,unmatched - passthrough
"PB Nutclif Master, LLC","PB Nutclif Master, LLC",False,unmatched - passthrough
"Stony Knoll Solar, LLC","Stony Knoll Solar, LLC",False,unmatched - passthrough
Power County Wind Park South LLC,Power County Wind Park South LLC,False,unmatched - passthrough
Power County Wind Park North LLC,Power County Wind Park North LLC,False,unmatched - passthrough
"Torrance Refining Company, LLC","Torrance Refining Company, LLC",False,unmatched - passthrough
Idaho Wind Partners 1 LLC,Idaho Wind Partners 1 LLC,False,unmatched - passthrough
"Ewington Energy Systems, LLC","Ewington Energy Systems, LLC",False,unmatched - passthrough
Middlesex County Utilities Authority - (NJ),Middlesex County Utilities Authority - (NJ),False,unmatched - passthrough
Idaho Winds LLC,Idaho Winds LLC,False,unmatched - passthrough
Maryland Economic Development Corporation,Maryland Economic Development Corporation,False,unmatched - passthrough
Domtar Industries Inc,Domtar Industries Inc,False,unmatched - passthrough
"SP Butler Solar Farm, LLC","SP Butler Solar Farm, LLC",False,unmatched - passthrough
City of Pratt- (KS),Municipal / Public Utility (various),False,rule
"EGP Stillwater Solar, LLC","EGP Stillwater Solar, LLC",False,unmatched - passthrough
Eight Flags Energy LLC,Eight Flags Energy LLC,False,unmatched - passthrough
Central Hudson Gas & Elec Corp,Central Hudson Gas & Elec Corp,False,unmatched - passthrough
"Toms River Merchant Solar, LLC","Toms River Merchant Solar, LLC",False,unmatched - passthrough
"GASNA 6P, LLC","GASNA 6P, LLC",False,unmatched - passthrough
Otsego Paper Inc,Otsego Paper Inc,False,unmatched - passthrough
City of Fulton - (MO),Municipal / Public Utility (various),False,rule
University of Notre Dame,Institutional Self-Generation (various),False,rule
"Apple, Inc","Apple, Inc",False,unmatched - passthrough
Apollo Energy Corp,Apollo Energy Corp,False,unmatched - passthrough
Crosswind Holdco LLC,Crosswind Holdco LLC,False,unmatched - passthrough
Bennett Creek Windfarm LLC,Bennett Creek Windfarm LLC,False,unmatched - passthrough
NRG Solar Blythe,NRG Energy Group,False,rule
University of Minnesota Central Utilities,Institutional Self-Generation (various),False,rule
"Grant County Wind, LLC","Grant County Wind, LLC",False,unmatched - passthrough
"Hot Springs Windfarm, LLC","Hot Springs Windfarm, LLC",False,unmatched - passthrough
Clevelandcliffs Warren,Clevelandcliffs Warren,False,unmatched - passthrough
Merck & Co Inc,Institutional Self-Generation (various),False,rule
Kimberly-Clark Corporation,Kimberly-Clark Corporation,False,unmatched - passthrough
Atwell Solar Trust 2012,Atwell Solar Trust 2012,False,unmatched - passthrough
NRG Solar Roadrunner,NRG Energy Group,False,rule
RE Garland A LLC,RE Garland A LLC,False,unmatched - passthrough
CalWind Resources Inc,CalWind Resources Inc,False,unmatched - passthrough
Caden Energix Wytheville LLC,Caden Energix Wytheville LLC,False,unmatched - passthrough
"Pinal Central Energy Center, LLC","Pinal Central Energy Center, LLC",False,unmatched - passthrough
"Picture Rocks Solar, LLC","Picture Rocks Solar, LLC",False,unmatched - passthrough
"Cameron Solar, LLC","Cameron Solar, LLC",False,unmatched - passthrough
"AP North Lake I, LP","AP North Lake I, LP",False,unmatched - passthrough
"Fresh Air Energy XXXIII, LLC","Fresh Air Energy XXXIII, LLC",False,unmatched - passthrough
"Fresh Air Energy XVII, LLC","Fresh Air Energy XVII, LLC",False,unmatched - passthrough
"Fresh Air Energy XVIII, LLC","Fresh Air Energy XVIII, LLC",False,unmatched - passthrough
"Cottontail Solar 1, LLC","Cottontail Solar 1, LLC",False,unmatched - passthrough
"Blue Elk IV Solar, LLC","Blue Elk IV Solar, LLC",False,unmatched - passthrough
"Blue Elk III Solar, LLC","Blue Elk III Solar, LLC",False,unmatched - passthrough
"Blue Elk II Solar, LLC","Blue Elk II Solar, LLC",False,unmatched - passthrough
McHenry Battery Storage,McHenry Battery Storage,False,unmatched - passthrough
"Estill Solar I, LLC","Estill Solar I, LLC",False,unmatched - passthrough
Great Lakes Hydro America LLC,Great Lakes Hydro America LLC,False,unmatched - passthrough
"Macbeth Solar, LLC","Macbeth Solar, LLC",False,unmatched - passthrough
"Seville Solar One, LLC","Seville Solar One, LLC",False,unmatched - passthrough
"Ben Moreell Solar Farm, LLC","Ben Moreell Solar Farm, LLC",False,unmatched - passthrough
"Shipsterns Solar, LLC","Shipsterns Solar, LLC",False,unmatched - passthrough
Shafter Solar LLC,Shafter Solar LLC,False,unmatched - passthrough
"Crow Creek Solar, LLC","Crow Creek Solar, LLC",False,unmatched - passthrough
"Portal Ridge Solar, LLC","Portal Ridge Solar, LLC",False,unmatched - passthrough
"Adelanto Solar, LLC","Adelanto Solar, LLC",False,unmatched - passthrough
Marengo Battery Storage LLC,Marengo Battery Storage LLC,False,unmatched - passthrough
"American Falls Solar II, LLC","American Falls Solar II, LLC",False,unmatched - passthrough
"Holstein Holdings, LLC","Holstein Holdings, LLC",False,unmatched - passthrough
"American Sugar Refining, Inc.","American Sugar Refining, Inc.",False,unmatched - passthrough
"Calipatria, LLC","Calipatria, LLC",False,unmatched - passthrough
Cardinal Renewables,Cardinal Renewables,False,unmatched - passthrough
Pleasant Hill Wind Energy LLC,Pleasant Hill Wind Energy LLC,False,unmatched - passthrough
Capon Bridge Solar LLC,Capon Bridge Solar LLC,False,unmatched - passthrough
ELP Stillwater Solar LLC,ELP Stillwater Solar LLC,False,unmatched - passthrough
American Falls Solar LLC,American Falls Solar LLC,False,unmatched - passthrough
"Fresh Air Energy XXV, LLC","Fresh Air Energy XXV, LLC",False,unmatched - passthrough
Fresh Air Energy X LLC,Fresh Air Energy X LLC,False,unmatched - passthrough
Central Antelope Dry Ranch C LLC,Central Antelope Dry Ranch C LLC,False,unmatched - passthrough
RE Gaskell West 1 LLC,RE Gaskell West 1 LLC,False,unmatched - passthrough
Pattersonville Solar Facility LLC,Pattersonville Solar Facility LLC,False,unmatched - passthrough
"Pumpjack Solar I, LLC","Pumpjack Solar I, LLC",False,unmatched - passthrough
"Puckett Solar, LLC","Puckett Solar, LLC",False,unmatched - passthrough
Adobe Solar LLC,Adobe Solar LLC,False,unmatched - passthrough
"Midcontinent Solar, LLC","Midcontinent Solar, LLC",False,unmatched - passthrough
"SR McNeal, LLC","SR McNeal, LLC",False,unmatched - passthrough
"Cork Oak Solar, LLC","Cork Oak Solar, LLC",False,unmatched - passthrough
Boralex Frontier Solar California LLC,Boralex Frontier Solar California LLC,False,unmatched - passthrough
Walden Solar Maine V LLC,Walden Solar Maine V LLC,False,unmatched - passthrough
"SR Hazlehurst, LLC","SR Hazlehurst, LLC",False,unmatched - passthrough
"Colonial Eagle Solar, LLC","Colonial Eagle Solar, LLC",False,unmatched - passthrough
Bayshore Solar A LLC,Bayshore Solar A LLC,False,unmatched - passthrough
"Hampton Solar II, LLC","Hampton Solar II, LLC",False,unmatched - passthrough
"Sol Orchard Imperial 1, LLC","Sol Orchard Imperial 1, LLC",False,unmatched - passthrough
Lone Valley Solar Park II LLC,Lone Valley Solar Park II LLC,False,unmatched - passthrough
"Little Bear Solar 3, LLC (Longroad)",Longroad Energy,True,rule
"Longboat Solar, LLC","Longboat Solar, LLC",False,unmatched - passthrough
"St. James Solar, LLC","St. James Solar, LLC",False,unmatched - passthrough
"Cottontail Solar 8, LLC","Cottontail Solar 8, LLC",False,unmatched - passthrough
"Lyons Solar, LLC","Lyons Solar, LLC",False,unmatched - passthrough
"Lyons Road Solar, LLC","Lyons Road Solar, LLC",False,unmatched - passthrough
Simcoe Solar,Simcoe Solar,False,unmatched - passthrough
"DG AMP Solar, LLC","DG AMP Solar, LLC",False,unmatched - passthrough
Bayshore Solar B LLC,Bayshore Solar B LLC,False,unmatched - passthrough
"Cottontail Solar 2, LLC","Cottontail Solar 2, LLC",False,unmatched - passthrough
"Cottontail Solar 6, LLC","Cottontail Solar 6, LLC",False,unmatched - passthrough
"Cottontail Solar 5, LLC","Cottontail Solar 5, LLC",False,unmatched - passthrough
"Grissom Solar, LLC","Grissom Solar, LLC",False,unmatched - passthrough
VESI 25 LLC,VESI 25 LLC,False,unmatched - passthrough
VESI 34 LLC,VESI 34 LLC,False,unmatched - passthrough
VESI 23 LLC,VESI 23 LLC,False,unmatched - passthrough
Sierra Southwest Cooperative,Electric Cooperative (various),False,rule
"Cottontail Solar 4, LLC","Cottontail Solar 4, LLC",False,unmatched - passthrough
"Vega Solar, LLC","Vega Solar, LLC",False,unmatched - passthrough
"Greenstone Solar, LLC","Greenstone Solar, LLC",False,unmatched - passthrough
WEB Silver Maple Wind LLC,WEB Silver Maple Wind LLC,False,unmatched - passthrough
"SR Arlington, LLC","SR Arlington, LLC",False,unmatched - passthrough
"Briel Solar Farm, LLC","Briel Solar Farm, LLC",False,unmatched - passthrough
"Murphy Flat Power, LLC","Murphy Flat Power, LLC",False,unmatched - passthrough
"SP Decatur County Solar, LLC","SP Decatur County Solar, LLC",False,unmatched - passthrough
"Branscomb Solar, LLC","Branscomb Solar, LLC",False,unmatched - passthrough
Hecate Energy Johanna Facility LLC,Hecate Energy,False,rule
"Solar Oasis, LLC","Solar Oasis, LLC",False,unmatched - passthrough
DP-C2 Episode 1 LLC,DP-C2 Episode 1 LLC,False,unmatched - passthrough
Standard Solar,Standard Solar,False,unmatched - passthrough
"LeGore Bridge Solar Center, LLC","LeGore Bridge Solar Center, LLC",False,unmatched - passthrough
"DePue Holdings, LLC","DePue Holdings, LLC",False,unmatched - passthrough
Hawaiian Electric Co Inc,Hawaiian Electric Co Inc,False,unmatched - passthrough
"Energix Buckingham, LLC","Energix Buckingham, LLC",False,unmatched - passthrough
"Energix Leatherwood, LLC","Energix Leatherwood, LLC",False,unmatched - passthrough
"Energix Nokesville, LLC","Energix Nokesville, LLC",False,unmatched - passthrough
Bayshore Solar C LLC,Bayshore Solar C LLC,False,unmatched - passthrough
"BCD Project Holdings 1, LLC","BCD Project Holdings 1, LLC",False,unmatched - passthrough
"Sunny Rock Solar, LLC","Sunny Rock Solar, LLC",False,unmatched - passthrough
BD Solar 1 LLC,BD Solar 1 LLC,False,unmatched - passthrough
SunTrust Equipment Finance & Leasing Corp,SunTrust Equipment Finance & Leasing Corp,False,unmatched - passthrough
"Darby Solar, LLC","Darby Solar, LLC",False,unmatched - passthrough
Western Antelope Blue Sky Ranch B,Western Antelope Blue Sky Ranch B,False,unmatched - passthrough
"Axium Arizona Renewables, LLC",Axium Infrastructure,False,rule
"Giffen Solar Park, LLC","Giffen Solar Park, LLC",False,unmatched - passthrough
City of Wellington - (KS),Municipal / Public Utility (various),False,rule
Gaucho Solar,Gaucho Solar,False,unmatched - passthrough
Five Forks Solar,Five Forks Solar,False,unmatched - passthrough
North Lancaster Ranch,North Lancaster Ranch,False,unmatched - passthrough
"CCE Genco, LLC","CCE Genco, LLC",False,unmatched - passthrough
"River Trail Solar, LLC","River Trail Solar, LLC",False,unmatched - passthrough
"North 301 Solar, LLC       ","North 301 Solar, LLC",False,unmatched - passthrough
"GD West Greenwich Nooseneck I, LLC","GD West Greenwich Nooseneck I, LLC",False,unmatched - passthrough
"Fusion Solar Centre, L.L.C","Fusion Solar Centre, L.L.C",False,unmatched - passthrough
RE Kansas South LLC,RE Kansas South LLC,False,unmatched - passthrough
"Odom Solar, LLC","Odom Solar, LLC",False,unmatched - passthrough
Chickadee 3-G Purchaser LLC,Chickadee 3-G Purchaser LLC,False,unmatched - passthrough
TA-High Desert LLC,TA-High Desert LLC,False,unmatched - passthrough
"Oppidum Renewables USA, LLC","Oppidum Renewables USA, LLC",False,unmatched - passthrough
"Regan Solar, LLC","Regan Solar, LLC",False,unmatched - passthrough
BE Minnesota Wind Holdings LLC,BE Minnesota Wind Holdings LLC,False,unmatched - passthrough
Orion Engineered Carbons,Orion Engineered Carbons,False,unmatched - passthrough
"Orchard Ranch Solar, LLC","Orchard Ranch Solar, LLC",False,unmatched - passthrough
CPV Spruce Mountain Wind LLC,CPV / Competitive Power Ventures,False,rule
RE Victor Phelan Solar One LLC,RE Victor Phelan Solar One LLC,False,unmatched - passthrough
RE Rosamond Two LLC,RE Rosamond Two LLC,False,unmatched - passthrough
"Westside Solar, LLC","Westside Solar, LLC",False,unmatched - passthrough
RE Rosamond One LLC,RE Rosamond One LLC,False,unmatched - passthrough
"Aspenall Energies (Delaware), LLC","Aspenall Energies (Delaware), LLC",False,unmatched - passthrough
Avenal Solar Holdings LLC,Avenal Solar Holdings LLC,False,unmatched - passthrough
"Johnson Corner Solar I, LLC","Johnson Corner Solar I, LLC",False,unmatched - passthrough
"KCE NY 1, LLC","KCE NY 1, LLC",False,unmatched - passthrough
"Elk Hill Solar 1, LLC","Elk Hill Solar 1, LLC",False,unmatched - passthrough
"Prairie Solar, LLC (VA)","Prairie Solar, LLC (VA)",False,unmatched - passthrough
"Janis Solar, LLC","Janis Solar, LLC",False,unmatched - passthrough
"Apex Nevada Solar, LLC","Apex Nevada Solar, LLC",False,unmatched - passthrough
"Woods Hill Solar, LLC","Woods Hill Solar, LLC",False,unmatched - passthrough
Camden Solar LLC,Camden Solar LLC,False,unmatched - passthrough
"Whitetail Solar 3, LLC","Whitetail Solar 3, LLC",False,unmatched - passthrough
"Whitetail Solar 2, LLC","Whitetail Solar 2, LLC",False,unmatched - passthrough
"Whitney Point Solar, LLC","Whitney Point Solar, LLC",False,unmatched - passthrough
"Willford Solar, LLC","Willford Solar, LLC",False,unmatched - passthrough
54 KR 8me LLC,8minute Solar Energy,False,rule
Wister Solar,Wister Solar,False,unmatched - passthrough
"CZ Solar Warren, LLC","CZ Solar Warren, LLC",False,unmatched - passthrough
Westlands Almond LLC,Westlands Almond LLC,False,unmatched - passthrough
Dimension Energy LLC,Dimension Energy LLC,False,unmatched - passthrough
Plumsted 537 LLC,Plumsted 537 LLC,False,unmatched - passthrough
"Stryker 22, L.L.C.","Stryker 22, L.L.C.",False,unmatched - passthrough
"SR Litchfield, LLC","SR Litchfield, LLC",False,unmatched - passthrough
NJR Clean Energy Ventures III Corporation,NJR Clean Energy Ventures III Corporation,False,unmatched - passthrough
Jade Meadow LLC,Jade Meadow LLC,False,unmatched - passthrough
Rising Tree Wind Farm II LLC,Rising Tree Wind Farm II LLC,False,unmatched - passthrough
"Hecate Energy Old Midville Road, LLC",Hecate Energy,False,rule
Caden Energix Rives Road LLC,Caden Energix Rives Road LLC,False,unmatched - passthrough
Berkshire Wind Power Cooperative Corp,Electric Cooperative (various),False,rule
Nutmeg Solar LLC,Nutmeg Solar LLC,False,unmatched - passthrough
"Coolidge Solar I, LLC","Coolidge Solar I, LLC",False,unmatched - passthrough
LSU and A&M College,Institutional Self-Generation (various),False,rule
Phelps Dodge Refining Corp,Phelps Dodge Refining Corp,False,unmatched - passthrough
City of Dover - (OH),Municipal / Public Utility (various),False,rule
"PCA, Filer City Mill","PCA, Filer City Mill",False,unmatched - passthrough
"Wildwood Solar I, LLC","Wildwood Solar I, LLC",False,unmatched - passthrough
"CD Global Solar Holdings, LLC","CD Global Solar Holdings, LLC",False,unmatched - passthrough
City of Orangeburg - (SC),Municipal / Public Utility (various),False,rule
"Adams Nielson Solar, LLC","Adams Nielson Solar, LLC",False,unmatched - passthrough
Columbia Solar Energy LLC,Columbia Solar Energy LLC,False,unmatched - passthrough
University of California Irvine,Institutional Self-Generation (various),False,rule
Siete Solar LLC,Siete Solar LLC,False,unmatched - passthrough
Greater Sandhill I LLC,Greater Sandhill I LLC,False,unmatched - passthrough
City of Owatonna - (MN),Municipal / Public Utility (various),False,rule
"Spanish Fork Wind Park 2, LLC","Spanish Fork Wind Park 2, LLC",False,unmatched - passthrough
"Cassia Gulch Wind Park, LLC","Cassia Gulch Wind Park, LLC",False,unmatched - passthrough
Monongahela Power Co,Monongahela Power Co,False,unmatched - passthrough
"Buffalo Bear, LLC","Buffalo Bear, LLC",False,unmatched - passthrough
City of Greenville - (TX),Municipal / Public Utility (various),False,rule
"Shifting Sands Solar, LLC","Shifting Sands Solar, LLC",False,unmatched - passthrough
"Apple Grove Solar, LLC","Apple Grove Solar, LLC",False,unmatched - passthrough
Cascade Solar LLC,Cascade Solar LLC,False,unmatched - passthrough
GlidePath Power Operations LLC,GlidePath Power Operations LLC,False,unmatched - passthrough
"Cook Inlet Region, Inc.","Cook Inlet Region, Inc.",False,unmatched - passthrough
City of Kaukauna (WI),Municipal / Public Utility (various),False,rule
Boralex WSF Holdings LLC,Boralex WSF Holdings LLC,False,unmatched - passthrough
"Altus Power America Management, LLC",Altus Power,False,rule
"TC-8 71 Ranch, LP","TC-8 71 Ranch, LP",False,unmatched - passthrough
Mohave Energy,Mohave Energy,False,unmatched - passthrough
International Turbine Res Inc,International Turbine Res Inc,False,unmatched - passthrough
North Slope Borough Power & Light (AK),North Slope Borough Power & Light (AK),False,unmatched - passthrough
"IES Utilities, Inc","IES Utilities, Inc",False,unmatched - passthrough
Tesla Inc.,Tesla Energy,False,rule
Wonderful Pistachio & Almonds LLC,Wonderful Pistachio & Almonds LLC,False,unmatched - passthrough
BE-Pine2 LLC,BE-Pine2 LLC,False,unmatched - passthrough
BE-Pine1 LLC,BE-Pine1 LLC,False,unmatched - passthrough
Chevron USA,Industrial Self-Generation (various),False,rule
"Sacramento PV Energy, LLC","Sacramento PV Energy, LLC",False,unmatched - passthrough
Colice Hall Solar LLC,Colice Hall Solar LLC,False,unmatched - passthrough
CleanCapital Holdings,CleanCapital Holdings,False,unmatched - passthrough
"Tuana Springs Energy, LLC","Tuana Springs Energy, LLC",False,unmatched - passthrough
Oxy Renewable Energy LLC,Oxy Renewable Energy LLC,False,unmatched - passthrough
University of Oklahoma,Institutional Self-Generation (various),False,rule
San Diego State University,Institutional Self-Generation (various),False,rule
FPL Energy Wyman LLC,NextEra Energy Resources,True,rule
BCE Seal Beach,BCE Seal Beach,False,unmatched - passthrough
"Key Government Finance, Inc.","Key Government Finance, Inc.",False,unmatched - passthrough
Rand Whitney Containerboard L.P.,Rand Whitney Containerboard L.P.,False,unmatched - passthrough
Brigham Young University (BYU),Institutional Self-Generation (various),False,rule
Cutrale Citrus Juices USA Inc,Cutrale Citrus Juices USA Inc,False,unmatched - passthrough
Tesoro Alaska Company LLC,Tesoro Alaska Company LLC,False,unmatched - passthrough
DOD USMC Marine Air Ground Combat,DOD USMC Marine Air Ground Combat,False,unmatched - passthrough
Captona Partners Solar I Finco LLC,Captona Partners Solar I Finco LLC,False,unmatched - passthrough
Foxwoods Resort Casino,Foxwoods Resort Casino,False,unmatched - passthrough
Citizens Enterprises Corporation,Citizens Enterprises Corporation,False,unmatched - passthrough
"Wallingford Renewable Energy, LLC","Wallingford Renewable Energy, LLC",False,unmatched - passthrough
"Fresh Air Energy XXXII, LLC","Fresh Air Energy XXXII, LLC",False,unmatched - passthrough
"Fresh Air Energy XIX, LLC","Fresh Air Energy XIX, LLC",False,unmatched - passthrough
"SR Canadaville, LLC","SR Canadaville, LLC",False,unmatched - passthrough
"Selmer North Solar I, LLC","Selmer North Solar I, LLC",False,unmatched - passthrough
"Fresh Air Energy XXXVIII, LLC","Fresh Air Energy XXXVIII, LLC",False,unmatched - passthrough
"Sunflower Solar, LLC","Sunflower Solar, LLC",False,unmatched - passthrough
Tinton Falls Solar,Tinton Falls Solar,False,unmatched - passthrough
"Firstar Development, LLC","Firstar Development, LLC",False,unmatched - passthrough
Midwest Energy Inc - (KS),Midwest Energy Inc - (KS),False,unmatched - passthrough
"SR Platte, LLC","SR Platte, LLC",False,unmatched - passthrough
"Fresh Air Energy XXXIV, LLC","Fresh Air Energy XXXIV, LLC",False,unmatched - passthrough
"Providence Solar Center, LLC","Providence Solar Center, LLC",False,unmatched - passthrough
"Delta Solar Power II, LLC","Delta Solar Power II, LLC",False,unmatched - passthrough
City of Logan - (UT),Municipal / Public Utility (various),False,rule
"Montevue Lane Solar, LLC","Montevue Lane Solar, LLC",False,unmatched - passthrough
"Energix Mt. Jackson, LLC.","Energix Mt. Jackson, LLC.",False,unmatched - passthrough
Caden Energix Pamplin LLC,Caden Energix Pamplin LLC,False,unmatched - passthrough
Midwest Power Partners LLC,Midwest Power Partners LLC,False,unmatched - passthrough
"EDF Renewable Windfarm V, Inc",EDF Power Solutions North America,True,rule
"Phantom Solar, LLC","Phantom Solar, LLC",False,unmatched - passthrough
NJR Clean Energy Ventures Corporation,NJR Clean Energy Ventures Corporation,False,unmatched - passthrough
RoxWind LLC,RoxWind LLC,False,unmatched - passthrough
"DLS-Sylvan Project Co., LLC","DLS-Sylvan Project Co., LLC",False,unmatched - passthrough
City of Marshall - (MO),Municipal / Public Utility (various),False,rule
HP Hood LLC,HP Hood LLC,False,unmatched - passthrough
"Morelos Solar, LLC","Morelos Solar, LLC",False,unmatched - passthrough
City of Russell - (KS),Municipal / Public Utility (various),False,rule
"Elk Hill Solar 2, LLC","Elk Hill Solar 2, LLC",False,unmatched - passthrough
"Taos Mesa Energy Facility, LLC","Taos Mesa Energy Facility, LLC",False,unmatched - passthrough
Black Walnut Energy Storage LLC,Black Walnut Energy Storage LLC,False,unmatched - passthrough
"Emerald Hills Holding I, LLC","Emerald Hills Holding I, LLC",False,unmatched - passthrough
RE Gillespie 1 LLC,RE Gillespie 1 LLC,False,unmatched - passthrough
"Stratford Solar Center, LLC","Stratford Solar Center, LLC",False,unmatched - passthrough
"Listonburg Solar, LLC","Listonburg Solar, LLC",False,unmatched - passthrough
"SunE AZ2, LLC","SunE AZ2, LLC",False,unmatched - passthrough
Targa Co-Generation LLC,Targa Co-Generation LLC,False,unmatched - passthrough
"Biggs Ford Solar Center, LLC","Biggs Ford Solar Center, LLC",False,unmatched - passthrough
"Williamston Speight Solar, LLC","Williamston Speight Solar, LLC",False,unmatched - passthrough
Desert Sky Solar LLC,Desert Sky Solar LLC,False,unmatched - passthrough
"Cumberland Land Holdings, LLC","Cumberland Land Holdings, LLC",False,unmatched - passthrough
Lanikuhana Solar LLC,Lanikuhana Solar LLC,False,unmatched - passthrough
"SJA Solar, LLC","SJA Solar, LLC",False,unmatched - passthrough
Hardin Holdco LLC,Hardin Holdco LLC,False,unmatched - passthrough
"River Mountains Solar, LLC","River Mountains Solar, LLC",False,unmatched - passthrough
Jericho Power LLC,Jericho Power LLC,False,unmatched - passthrough
"Gans Solar, LLC","Gans Solar, LLC",False,unmatched - passthrough
Ahlstrom-Munksjo,Ahlstrom-Munksjo,False,unmatched - passthrough
"Creswell Alligood Solar, LLC","Creswell Alligood Solar, LLC",False,unmatched - passthrough
American Sugar Refining Inc.,American Sugar Refining Inc.,False,unmatched - passthrough
"Pechin Solar, LLC","Pechin Solar, LLC",False,unmatched - passthrough
"Gardy's Mill Solar, LLC","Gardy's Mill Solar, LLC",False,unmatched - passthrough
Revity Energy LLC,Revity Energy LLC,False,unmatched - passthrough
"South Fork Wind, LLC","South Fork Wind, LLC",False,unmatched - passthrough
AL-Spring Lane LLC,AL-Spring Lane LLC,False,unmatched - passthrough
University of New Mexico,Institutional Self-Generation (various),False,rule
Constellation Solar Horizons LLC,Constellation Energy Corp.,True,rule
GSRP Project Holdings I LLC,GSRP Project Holdings I LLC,False,unmatched - passthrough
City of Waterloo - (IL),Municipal / Public Utility (various),False,rule
Paragould Municipal Utilities (AR),Municipal / Public Utility (various),False,rule
"Fresh Air Energy XXXV, LLC","Fresh Air Energy XXXV, LLC",False,unmatched - passthrough
"Whitetail Solar 1, LLC","Whitetail Solar 1, LLC",False,unmatched - passthrough
"Kansas Ethanol, LLC","Kansas Ethanol, LLC",False,unmatched - passthrough
Madison Energy Holdings LLC,Madison Energy Holdings LLC,False,unmatched - passthrough
"Java Solar, LLC","Java Solar, LLC",False,unmatched - passthrough
New York University,Institutional Self-Generation (various),False,rule
Springerville Unit 3 Holding LLC,Springerville Unit 3 Holding LLC,False,unmatched - passthrough
University of California-San Francisco,Institutional Self-Generation (various),False,rule
Rivanna Solar LLC,Rivanna Solar LLC,False,unmatched - passthrough
Kent State University,Institutional Self-Generation (various),False,rule
WM Renewable Energy LLC,WM Renewable Energy LLC,False,unmatched - passthrough
Solar Star NAFB LLC,Solar Star NAFB LLC,False,unmatched - passthrough
Inertia Energy Storage LLC,Inertia Energy Storage LLC,False,unmatched - passthrough
"Energix Hollyfield, LLC","Energix Hollyfield, LLC",False,unmatched - passthrough
Albany Medical Center,Institutional Self-Generation (various),False,rule
"SR Jenkins, LLC","SR Jenkins, LLC",False,unmatched - passthrough
Bear Canyon Energy Storage,Bear Canyon Energy Storage,False,unmatched - passthrough
Philip Morris USA - Park 500,Philip Morris USA - Park 500,False,unmatched - passthrough
"Wildflower Solar I, LLC","Wildflower Solar I, LLC",False,unmatched - passthrough
"Solar DG NM Amalia, LLC","Solar DG NM Amalia, LLC",False,unmatched - passthrough
Victory Solar LLC,Victory Solar LLC,False,unmatched - passthrough
"Midway Green Solar, LLC","Midway Green Solar, LLC",False,unmatched - passthrough
The Amalgamated Sugar Co,The Amalgamated Sugar Co,False,unmatched - passthrough
Nautilus Solar Solutions,Nautilus Solar Solutions,False,unmatched - passthrough
Jacksonville Solar LLC,Jacksonville Solar LLC,False,unmatched - passthrough
"SunE DM, LLC","SunE DM, LLC",False,unmatched - passthrough
Bowater Newport Coosa Pines Op,Bowater Newport Coosa Pines Op,False,unmatched - passthrough
"Blue Elk VII Solar, LLC","Blue Elk VII Solar, LLC",False,unmatched - passthrough
"Greensburg Wind Farm, LLC","Greensburg Wind Farm, LLC",False,unmatched - passthrough
Crisp County Power Comm,Crisp County Power Comm,False,unmatched - passthrough
Deseret Generation & Tran Coop,Electric Cooperative (various),False,rule
Procter & Gamble Co,Procter & Gamble Co,False,unmatched - passthrough
Amalgamated Bank of Chicago,Amalgamated Bank of Chicago,False,unmatched - passthrough
Western Sugar Cooperative,Electric Cooperative (various),False,rule
"Mars Wrigley Confectionery US, LLC","Mars Wrigley Confectionery US, LLC",False,unmatched - passthrough
"CS Wind America, Inc.","CS Wind America, Inc.",False,unmatched - passthrough
Tungsten Mountain,Tungsten Mountain,False,unmatched - passthrough
The Gillette Company,The Gillette Company,False,unmatched - passthrough
Newfield Solar LLC,Newfield Solar LLC,False,unmatched - passthrough
"SunE EPE2, LLC","SunE EPE2, LLC",False,unmatched - passthrough
"SR North Stonington, LLC","SR North Stonington, LLC",False,unmatched - passthrough
On Energy Storage,On Energy Storage,False,unmatched - passthrough
"Republic Services Renewable Energy, LLC","Republic Services Renewable Energy, LLC",False,unmatched - passthrough
"SR Camden, LLC","SR Camden, LLC",False,unmatched - passthrough
"Thor Solar 1 CEI, LLC","Thor Solar 1 CEI, LLC",False,unmatched - passthrough
VESI 21 LLC,VESI 21 LLC,False,unmatched - passthrough
Kauai Island Utility Cooperative,Electric Cooperative (various),False,rule
Orion Solar I LLC,Orion Solar I LLC,False,unmatched - passthrough
W&T Offshore Inc,W&T Offshore Inc,False,unmatched - passthrough
French River Solar LLC,French River Solar LLC,False,unmatched - passthrough
Portage Solar Plant,Portage Solar Plant,False,unmatched - passthrough
Ameresco,Ameresco,False,unmatched - passthrough
Milford Solar LLC,Milford Solar LLC,False,unmatched - passthrough
"Shaokatan Hills, LLC (Longroad)",Longroad Energy,True,rule
"Rhode Island Solar Renewable Energy IV, LLC","Rhode Island Solar Renewable Energy IV, LLC",False,unmatched - passthrough
"US Sugar Savannah Refinery, LLC","US Sugar Savannah Refinery, LLC",False,unmatched - passthrough
Baptist Memorial Hospital,Institutional Self-Generation (various),False,rule
"Energix Aditya, LLC","Energix Aditya, LLC",False,unmatched - passthrough
City of Ottawa - (KS),Municipal / Public Utility (various),False,rule
Pantex (NNSA),Pantex (NNSA),False,unmatched - passthrough
"Calistoga Resiliency Center, LLC","Calistoga Resiliency Center, LLC",False,unmatched - passthrough
Franklin Heating Station,Franklin Heating Station,False,unmatched - passthrough
East. Michigan Univ. Heating Plant,East. Michigan Univ. Heating Plant,False,unmatched - passthrough
NASA Johnson Space Center,NASA Johnson Space Center,False,unmatched - passthrough
Dart Container Corp,Dart Container Corp,False,unmatched - passthrough
"NC State University, Energy Systems",Institutional Self-Generation (various),False,rule
"Lakota Ridge, LLC (Longroad)",Longroad Energy,True,rule
MetLife Capital Credit L.P.,MetLife Capital Credit L.P.,False,unmatched - passthrough
Concord Energy LLC,Concord Energy LLC,False,unmatched - passthrough
AES Tait LLC,AES Wind Generation,True,rule
"Silverstrand Grid, LLC","Silverstrand Grid, LLC",False,unmatched - passthrough
BMW Manufacturing Co LLC,BMW Manufacturing Co LLC,False,unmatched - passthrough
Division of Capital Asset Management and Maintenance,Division of Capital Asset Management and Maintenance,False,unmatched - passthrough
Brighter Future Solar LLC,Brighter Future Solar LLC,False,unmatched - passthrough
"Hunlock Creek Generating, LLC","Hunlock Creek Generating, LLC",False,unmatched - passthrough
"Pacific Energy Solutions, LLC","Pacific Energy Solutions, LLC",False,unmatched - passthrough
University of Oregon,Institutional Self-Generation (various),False,rule
"Auburn Renewables, LLC","Auburn Renewables, LLC",False,unmatched - passthrough
Western Michigan University,Institutional Self-Generation (various),False,rule
Farm Credit Leasing Services Corporation,Farm Credit Leasing Services Corporation,False,unmatched - passthrough
US GSA Heating and Transmission,US GSA Heating and Transmission,False,unmatched - passthrough
"Rancho Seco Solar, LLC","Rancho Seco Solar, LLC",False,unmatched - passthrough
"Coram Energy, LLC","Coram Energy, LLC",False,unmatched - passthrough
AZ Solar Trust,AZ Solar Trust,False,unmatched - passthrough
Citrus World Inc,Citrus World Inc,False,unmatched - passthrough
Loyola University Health System,Institutional Self-Generation (various),False,rule
"Patua Acquisition Company, LLC","Patua Acquisition Company, LLC",False,unmatched - passthrough
"Ft Worth, City of - (TX)",Municipal / Public Utility (various),False,rule
"GD Hopkinton Main I, LLC","GD Hopkinton Main I, LLC",False,unmatched - passthrough
REC Solar,REC Solar,False,unmatched - passthrough
Iowa Lakes Electric Coop,Electric Cooperative (various),False,rule
Newman Solar LLC,Newman Solar LLC,False,unmatched - passthrough
PNM Resources,PNM Resources,False,unmatched - passthrough
Doc Brown LLC,Doc Brown LLC,False,unmatched - passthrough
"Rutgers, The State University of NJ",Institutional Self-Generation (various),False,rule
"Irwindale Brew Yard, LLC","Irwindale Brew Yard, LLC",False,unmatched - passthrough
Loma Linda University,Institutional Self-Generation (various),False,rule
"Green Mountain Storage, LLC","Green Mountain Storage, LLC",False,unmatched - passthrough
Eastridge Wind Project,Eastridge Wind Project,False,unmatched - passthrough
"Manulife Infrastructure II Holdings A, L.P.","Manulife Infrastructure II Holdings A, L.P.",False,unmatched - passthrough
Rhode Island Hospital,Institutional Self-Generation (various),False,rule
Rockfish Solar LLC,Rockfish Solar LLC,False,unmatched - passthrough
Clipper Windpower Inc,Clipper Windpower Inc,False,unmatched - passthrough
"SunE SPS4, LLC","SunE SPS4, LLC",False,unmatched - passthrough
"SunE SPS5, LLC","SunE SPS5, LLC",False,unmatched - passthrough
City of Macon - (MO),Municipal / Public Utility (various),False,rule
CBH Lessor LLC,CBH Lessor LLC,False,unmatched - passthrough
"SunE SPS3, LLC","SunE SPS3, LLC",False,unmatched - passthrough
TRITEC Americas,TRITEC Americas,False,unmatched - passthrough
Kingman Energy Corp,Kingman Energy Corp,False,unmatched - passthrough
"Exeter Renewables 1, LLC","Exeter Renewables 1, LLC",False,unmatched - passthrough
"Albany Solar, LLC","Albany Solar, LLC",False,unmatched - passthrough
Everpoint Services Inc,Everpoint Services Inc,False,unmatched - passthrough
"Heelstone Energy Holdings, LLC","Heelstone Energy Holdings, LLC",False,unmatched - passthrough
University of Massachusetts Medical,Institutional Self-Generation (various),False,rule
Bright Canyon Energy,Bright Canyon Energy,False,unmatched - passthrough
Capital V LLC,Capital V LLC,False,unmatched - passthrough
Riley Solar I LLC,Riley Solar I LLC,False,unmatched - passthrough
"DG Northeast Solar II, LLC","DG Northeast Solar II, LLC",False,unmatched - passthrough
RE Columbia 3 LLC,RE Columbia 3 LLC,False,unmatched - passthrough
"GCL New Energy, Inc.","GCL New Energy, Inc.",False,unmatched - passthrough
"Lightfoot Solar, LLC","Lightfoot Solar, LLC",False,unmatched - passthrough
PPM Solar LLC,PPM Solar LLC,False,unmatched - passthrough
"Garrett Solar, LLC","Garrett Solar, LLC",False,unmatched - passthrough
SolRiver Capital LLC,SolRiver Capital LLC,False,unmatched - passthrough
Benson Creek,Benson Creek,False,unmatched - passthrough
"Orchard Windfarm, LLC","Orchard Windfarm, LLC",False,unmatched - passthrough
"Bishopville Solar II, LLC","Bishopville Solar II, LLC",False,unmatched - passthrough
"Agilitas Energy, Inc.","Agilitas Energy, Inc.",False,unmatched - passthrough
Valley View Wind Investors LLC,Valley View Wind Investors LLC,False,unmatched - passthrough
"Paynesville Solar, LLC","Paynesville Solar, LLC",False,unmatched - passthrough
"Surbrook Solar, LLC","Surbrook Solar, LLC",False,unmatched - passthrough
Musselshell Wind Project Two LLC,Musselshell Wind Project Two LLC,False,unmatched - passthrough
"Sweetwater ESS Assets, LLC","Sweetwater ESS Assets, LLC",False,unmatched - passthrough
Prospector,Prospector,False,unmatched - passthrough
SMT Santa Rosa LLC,SMT Santa Rosa LLC,False,unmatched - passthrough
SMT Bay City LLC,SMT Bay City LLC,False,unmatched - passthrough
SMT Dallas LLC,SMT Dallas LLC,False,unmatched - passthrough
Clemson University - Main Campus,Institutional Self-Generation (various),False,rule
Musselshell Wind Project LLC,Musselshell Wind Project LLC,False,unmatched - passthrough
Ralls Wind Farm LLC,Ralls Wind Farm LLC,False,unmatched - passthrough
"SunE SPS2, LLC","SunE SPS2, LLC",False,unmatched - passthrough
"West Valley Solar, LLC","West Valley Solar, LLC",False,unmatched - passthrough
Prologis Logistics Services Incorporated BESS,Prologis Logistics Services Incorporated BESS,False,unmatched - passthrough
"Chopin Wind, LLC","Chopin Wind, LLC",False,unmatched - passthrough
Choco Solar LLC,Choco Solar LLC,False,unmatched - passthrough
SMT Mission LLC,SMT Mission LLC,False,unmatched - passthrough
Echo 2,Echo 2,False,unmatched - passthrough
SMT Los Fresnos LLC,SMT Los Fresnos LLC,False,unmatched - passthrough
SMT Harlingen II LLC,SMT Harlingen II LLC,False,unmatched - passthrough
SMT Mercedes LLC,SMT Mercedes LLC,False,unmatched - passthrough
SMT Mission II LLC,SMT Mission II LLC,False,unmatched - passthrough
NW NA,NW NA,False,unmatched - passthrough
SMT Elsa LLC,SMT Elsa LLC,False,unmatched - passthrough
"Three Rivers Solar II, LLC","Three Rivers Solar II, LLC",False,unmatched - passthrough
Ellomay USA Inc,Ellomay USA Inc,False,unmatched - passthrough
SMT Alamo LLC,SMT Alamo LLC,False,unmatched - passthrough
"Fairfield Wind Owner, LLC","Fairfield Wind Owner, LLC",False,unmatched - passthrough
"Bryan Solar, LLC","Bryan Solar, LLC",False,unmatched - passthrough
"SC Oregon 2 Lessor Parent, LLC","SC Oregon 2 Lessor Parent, LLC",False,unmatched - passthrough
Rush Springs Energy Storage,Rush Springs Energy Storage,False,unmatched - passthrough
"Waseca Solar, LLC","Waseca Solar, LLC",False,unmatched - passthrough
Durbin Creek,Durbin Creek,False,unmatched - passthrough
"Today's Power, Inc.","Today's Power, Inc.",False,unmatched - passthrough
"Viridity Energy Solutions, Inc.","Viridity Energy Solutions, Inc.",False,unmatched - passthrough
Terraform Arcadia,Terraform Power,True,rule
SMT Rio Grande II LLC,SMT Rio Grande II LLC,False,unmatched - passthrough
SMT Rio Grande I LLC,SMT Rio Grande I LLC,False,unmatched - passthrough
"OR Solar 2, LLC","OR Solar 2, LLC",False,unmatched - passthrough
Jett Creek,Jett Creek,False,unmatched - passthrough
"AES ES GILBERT, LLC",AES Wind Generation,True,rule
"Clinton Battery Utility, LLC","Clinton Battery Utility, LLC",False,unmatched - passthrough
Solar Breakers LLC,Solar Breakers LLC,False,unmatched - passthrough
"Snyder ESS Assets, LLC","Snyder ESS Assets, LLC",False,unmatched - passthrough
"SunE SPS1, LLC","SunE SPS1, LLC",False,unmatched - passthrough
SunE EPE1 LLC,SunE EPE1 LLC,False,unmatched - passthrough
Atlantic Municipal Utilities (IA),Municipal / Public Utility (various),False,rule
"Henrietta D Energy Storage, LLC","Henrietta D Energy Storage, LLC",False,unmatched - passthrough
"Westside Solar, LLC (Ecofin)","Westside Solar, LLC (Ecofin)",False,unmatched - passthrough
Lone Valley Solar Park I LLC,Lone Valley Solar Park I LLC,False,unmatched - passthrough
Fort Rock Solar IV LLC,Fort Rock Solar IV LLC,False,unmatched - passthrough
Willow Spring,Willow Spring,False,unmatched - passthrough
Pima Energy Storage System,Pima Energy Storage System,False,unmatched - passthrough
"Whitehurst PV1, LLC","Whitehurst PV1, LLC",False,unmatched - passthrough
"Westover ESS Assets, LLC","Westover ESS Assets, LLC",False,unmatched - passthrough
Wyandot Solar LLC,Wyandot Solar LLC,False,unmatched - passthrough
"Anderson Wind Project, LLC","Anderson Wind Project, LLC",False,unmatched - passthrough
White Oak Solar Energy LLC,White Oak Solar Energy LLC,False,unmatched - passthrough
"Adapture Solar Investments 6, LLC","Adapture Solar Investments 6, LLC",False,unmatched - passthrough
"HEN Infrastructure, L.L.C.","HEN Infrastructure, L.L.C.",False,unmatched - passthrough
"Threemile Canyon Wind I, LLC","Threemile Canyon Wind I, LLC",False,unmatched - passthrough
Regis Sinton-Pirate LLC,Regis Sinton-Pirate LLC,False,unmatched - passthrough
Regis Muenster LLC,Regis Muenster LLC,False,unmatched - passthrough
Regis Monte Cristo LLC,Regis Monte Cristo LLC,False,unmatched - passthrough
Regis Mason LLC,Regis Mason LLC,False,unmatched - passthrough
Regis Continental LLC,Regis Continental LLC,False,unmatched - passthrough
"Starvation Solar I, LLC","Starvation Solar I, LLC",False,unmatched - passthrough
"Brahms Wind, LLC","Brahms Wind, LLC",False,unmatched - passthrough
Rabbit Hill Energy Storage Project,Rabbit Hill Energy Storage Project,False,unmatched - passthrough
"East Point Energy, LLC","East Point Energy, LLC",False,unmatched - passthrough
Echo 1,Echo 1,False,unmatched - passthrough
"Texas Bluebonnet Solar Partners, LLC","Texas Bluebonnet Solar Partners, LLC",False,unmatched - passthrough
Galactic Wind,Galactic Wind,False,unmatched - passthrough
Swoose,Swoose,False,unmatched - passthrough
Pittsfiled Solar LLC,Pittsfiled Solar LLC,False,unmatched - passthrough
Flower Valley,Flower Valley,False,unmatched - passthrough
"Fort Rock Solar I, LLC","Fort Rock Solar I, LLC",False,unmatched - passthrough
Navisun LLC,Navisun LLC,False,unmatched - passthrough
Green Knight Economic Development Corpor,Green Knight Economic Development Corpor,False,unmatched - passthrough
WM Illinois Renewable Energy LLC,WM Illinois Renewable Energy LLC,False,unmatched - passthrough
Bristol-Myers Squibb Co,Bristol-Myers Squibb Co,False,unmatched - passthrough
"Crawfordsville 5 Solar Array, LLC","Crawfordsville 5 Solar Array, LLC",False,unmatched - passthrough
Sojitz Corp of America,Sojitz Corp of America,False,unmatched - passthrough
Georgia-Pacific Consr Ops LLC-Palatka,Georgia-Pacific Consr Ops LLC-Palatka,False,unmatched - passthrough
State of Wisconsin,State of Wisconsin,False,unmatched - passthrough
Bridge Energy LLC,Bridge Energy LLC,False,unmatched - passthrough
"GDIM 2, LLC","GDIM 2, LLC",False,unmatched - passthrough
"GDIM 3, LLC","GDIM 3, LLC",False,unmatched - passthrough
"GDIM 4, LLC","GDIM 4, LLC",False,unmatched - passthrough
"GDIM 1, LLC","GDIM 1, LLC",False,unmatched - passthrough
City of Clay Center - (KS),Municipal / Public Utility (various),False,rule
Wells Fargo Equipment Finance Inc,Financial Tax-Equity Owner (various),False,rule
"Peru 2 Solar Array, LLC","Peru 2 Solar Array, LLC",False,unmatched - passthrough
BD Solar Oxford LLC,BD Solar Oxford LLC,False,unmatched - passthrough
Qualcomm Incorporated,Qualcomm Incorporated,False,unmatched - passthrough
Sikorsky Aircraft Corporation,Sikorsky Aircraft Corporation,False,unmatched - passthrough
LAX Airport,LAX Airport,False,unmatched - passthrough
Energy Center Phoenix LLC,Energy Center Phoenix LLC,False,unmatched - passthrough
AMERESCO Chiquita Canyon LLC,AMERESCO Chiquita Canyon LLC,False,unmatched - passthrough
"Pisgah Mountain, LLC","Pisgah Mountain, LLC",False,unmatched - passthrough
PaTu Wind Farm LLC,PaTu Wind Farm LLC,False,unmatched - passthrough
"Luminace Solar Chicago, LLC","Luminace Solar Chicago, LLC",False,unmatched - passthrough
"SL Babylon, LLC","SL Babylon, LLC",False,unmatched - passthrough
"Strata Manager, LLC","Strata Manager, LLC",False,unmatched - passthrough
"Richmond 5 Solar Array, LLC","Richmond 5 Solar Array, LLC",False,unmatched - passthrough
Boralex IMS Indiana LLC,Boralex IMS Indiana LLC,False,unmatched - passthrough
"SR Washington I, LLC","SR Washington I, LLC",False,unmatched - passthrough
University of Arizona,Institutional Self-Generation (various),False,rule
"Orange County Energy Storage 2, LLC","Orange County Energy Storage 2, LLC",False,unmatched - passthrough
Kodiak Electric Assn Inc,Kodiak Electric Assn Inc,False,unmatched - passthrough
"NextEra Renewable Fuels, LLC",NextEra Energy Resources,True,rule
Spreckels Sugar Company,Spreckels Sugar Company,False,unmatched - passthrough
Costen Solar LLC,Costen Solar LLC,False,unmatched - passthrough
Montefiore Medical Center Moses Division,Institutional Self-Generation (various),False,rule
"COE Bridgewater LLC c/o Thor Equities, LLC","COE Bridgewater LLC c/o Thor Equities, LLC",False,unmatched - passthrough
GE Wind Energy LLC,GE Wind Energy LLC,False,unmatched - passthrough
Amalgamated Sugar Co-Nampa,Amalgamated Sugar Co-Nampa,False,unmatched - passthrough
"Anderson 3 Solar Array, LLC","Anderson 3 Solar Array, LLC",False,unmatched - passthrough
CityCenter Land LLC,CityCenter Land LLC,False,unmatched - passthrough
Gardner Capital,Gardner Capital,False,unmatched - passthrough
"West Waconia Solar, LLC","West Waconia Solar, LLC",False,unmatched - passthrough
CVI CleanCapital Solar 5 LLC,CVI CleanCapital Solar 5 LLC,False,unmatched - passthrough
"Centaurus Holdings, LLC","Centaurus Holdings, LLC",False,unmatched - passthrough
"Agriwind Holdings, LLC","Agriwind Holdings, LLC",False,unmatched - passthrough
Sierra Pacific Industries,NV Energy (BHE),False,rule
"Cassia Wind Farm, LLC","Cassia Wind Farm, LLC",False,unmatched - passthrough
"SEPV Sierra, LLC","SEPV Sierra, LLC",False,unmatched - passthrough
Adams PV Plant (WI),Adams PV Plant (WI),False,unmatched - passthrough
"Redfield Energy, LLC","Redfield Energy, LLC",False,unmatched - passthrough
Jefferson Solar,Jefferson Solar,False,unmatched - passthrough
SunE Alamosa1 Holdings LLC,SunE Alamosa1 Holdings LLC,False,unmatched - passthrough
"Anderson North Solar Project, LLC","Anderson North Solar Project, LLC",False,unmatched - passthrough
The Andersons Albion Ethanol LLC,The Andersons Albion Ethanol LLC,False,unmatched - passthrough
"Delta Solar Power I, LLC","Delta Solar Power I, LLC",False,unmatched - passthrough
Kearsarge Smithfield LLC,Kearsarge Smithfield LLC,False,unmatched - passthrough
Brookfield White Pine Hydro LLC,Brookfield Renewable,True,rule
University of Washington,Institutional Self-Generation (various),False,rule
Brookfield Power New England,Brookfield Renewable,True,rule
PNC Energy Capital LLC,PNC Energy Capital LLC,False,unmatched - passthrough
"Selmer North Solar II, LLC","Selmer North Solar II, LLC",False,unmatched - passthrough
NJR Clean Energy Ventures II Corporation,NJR Clean Energy Ventures II Corporation,False,unmatched - passthrough
"NineDot Holdings, LLC","NineDot Holdings, LLC",False,unmatched - passthrough
Arkansas River Power Authority,Arkansas River Power Authority,False,unmatched - passthrough
"Orion Solar II, LLC","Orion Solar II, LLC",False,unmatched - passthrough
BC Solar,BC Solar,False,unmatched - passthrough
Brady Power Partners,Brady Power Partners,False,unmatched - passthrough
Junction Hilltop 5 LLC,Junction Hilltop 5 LLC,False,unmatched - passthrough
Enfinity BNB Napoleon Solar LLC,Clenera / Enfinity,False,rule
"Huerfano River Wind, LLC","Huerfano River Wind, LLC",False,unmatched - passthrough
Emcor Energy Services,Emcor Energy Services,False,unmatched - passthrough
"Crawfordsville 2 Solar Array, LLC","Crawfordsville 2 Solar Array, LLC",False,unmatched - passthrough
"US Dept of Army, Garrison, APG","US Dept of Army, Garrison, APG",False,unmatched - passthrough
Leprino Foods,Leprino Foods,False,unmatched - passthrough
Penn State University,Institutional Self-Generation (various),False,rule
"Aspen Creek Power Holdings, LLC","Aspen Creek Power Holdings, LLC",False,unmatched - passthrough
"POET Biorefining - Marion, LLC","POET Biorefining - Marion, LLC",False,unmatched - passthrough
"SR Mavericks, LLC","SR Mavericks, LLC",False,unmatched - passthrough
"Anderson 4 Solar Array, LLC","Anderson 4 Solar Array, LLC",False,unmatched - passthrough
NY - PRESBYTERIAN HOSPITAL- 68TH ST,Institutional Self-Generation (various),False,rule
Department of the Navy,Department of the Navy,False,unmatched - passthrough
"RPCA Solar 1, LLC","RPCA Solar 1, LLC",False,unmatched - passthrough
"Pixelle Specialty Solution, LLC","Pixelle Specialty Solution, LLC",False,unmatched - passthrough
"SR Enterprise South, LLC","SR Enterprise South, LLC",False,unmatched - passthrough
Placid Refining Co LLC,Placid Refining Co LLC,False,unmatched - passthrough
"Luminace Solar MC, LLC","Luminace Solar MC, LLC",False,unmatched - passthrough
Toray Plastics America,Toray Plastics America,False,unmatched - passthrough
NYU LANGONE HEALTH,NYU LANGONE HEALTH,False,unmatched - passthrough
Sunlight General Mercer Solar LLC,Sunlight General Mercer Solar LLC,False,unmatched - passthrough
Valero Refining Co,Valero Refining Co,False,unmatched - passthrough
Louisiana Tech University,Institutional Self-Generation (various),False,rule
"DTE Atlantic, LLC",DTE Energy,True,rule
GP Big Island LLC,GP Big Island LLC,False,unmatched - passthrough
Riverside Renewable Energy,Riverside Renewable Energy,False,unmatched - passthrough
"Angel Fire Energy Facility, LLC","Angel Fire Energy Facility, LLC",False,unmatched - passthrough
Otter Creek Ethanol LLC - Poet Ashton,Otter Creek Ethanol LLC - Poet Ashton,False,unmatched - passthrough
"SR Maryville East, LLC","SR Maryville East, LLC",False,unmatched - passthrough
University of Northern Iowa,Institutional Self-Generation (various),False,rule
"Decorative Panels International, Inc.","Decorative Panels International, Inc.",False,unmatched - passthrough
"Architect of the Capitol, Capitol Power Plant","Architect of the Capitol, Capitol Power Plant",False,unmatched - passthrough
"Lake Pulaski Solar, LLC","Lake Pulaski Solar, LLC",False,unmatched - passthrough
Triple Butte,Triple Butte,False,unmatched - passthrough
"Perendale Holdings, LLC","Perendale Holdings, LLC",False,unmatched - passthrough
"ITT Energy Tech Partners, LLC","ITT Energy Tech Partners, LLC",False,unmatched - passthrough
Caithness VG Wind LLC,Caithness VG Wind LLC,False,unmatched - passthrough
"Richmond 2 Solar Array, LLC","Richmond 2 Solar Array, LLC",False,unmatched - passthrough
"Harmonyvale Energy, LLC","Harmonyvale Energy, LLC",False,unmatched - passthrough
The University of Utah,Institutional Self-Generation (various),False,rule
Tate & Lyle Ingredients Americas Inc,Tate & Lyle Ingredients Americas Inc,False,unmatched - passthrough
Louisiana Sugar Refining LLC,Louisiana Sugar Refining LLC,False,unmatched - passthrough
City of Lowell - (MI),Municipal / Public Utility (various),False,rule
"Renewal Energy Alternatives, LLC","Renewal Energy Alternatives, LLC",False,unmatched - passthrough
"ARE RP Bartow, LLC","ARE RP Bartow, LLC",False,unmatched - passthrough
Sycamore Energy LLC,Sycamore Energy LLC,False,unmatched - passthrough
Onyx Asset Services Group,Onyx Asset Services Group,False,unmatched - passthrough
OMEGA Joint Venture 6,OMEGA Joint Venture 6,False,unmatched - passthrough
Georgia-Pacific Wood Products LLC,Georgia-Pacific Wood Products LLC,False,unmatched - passthrough
BD Solar Augusta LLC,BD Solar Augusta LLC,False,unmatched - passthrough
"Richmond 4 Solar Array, LLC","Richmond 4 Solar Array, LLC",False,unmatched - passthrough
"Scottsburg Solar Array, LLC","Scottsburg Solar Array, LLC",False,unmatched - passthrough
"Onsite Partners, LLC","Onsite Partners, LLC",False,unmatched - passthrough
"Hanwha PVPLUS, LLC","Hanwha PVPLUS, LLC",False,unmatched - passthrough
BD Solar Hancock LLC,BD Solar Hancock LLC,False,unmatched - passthrough
Summit Ridge Energy,Summit Ridge Energy,False,rule
BD Solar Hancock North LLC,BD Solar Hancock North LLC,False,unmatched - passthrough
VESI 24 LLC,VESI 24 LLC,False,unmatched - passthrough
Saint Agnes Medical Center,Institutional Self-Generation (various),False,rule
"S.C. Johnson & Son, Inc.","S.C. Johnson & Son, Inc.",False,unmatched - passthrough
New York State Elec & Gas Corp,New York State Elec & Gas Corp,False,unmatched - passthrough
"Adelanto Solar II, LLC","Adelanto Solar II, LLC",False,unmatched - passthrough
BQ Energy Development,BQ Energy Development,False,unmatched - passthrough
Cardinal Solar LLC,Cardinal Solar LLC,False,unmatched - passthrough
State of Rhode Island,State of Rhode Island,False,unmatched - passthrough
Solar Troupsburg LLC,Solar Troupsburg LLC,False,unmatched - passthrough
BD Solar 2 LLC,BD Solar 2 LLC,False,unmatched - passthrough
"RPNY Solar 3, LLC","RPNY Solar 3, LLC",False,unmatched - passthrough
"SCDA Solar 1, LLC","SCDA Solar 1, LLC",False,unmatched - passthrough
Rice University,Institutional Self-Generation (various),False,rule
Heritage Sustainable Energy. LLC,Heritage Sustainable Energy. LLC,False,unmatched - passthrough
"Creston Ridge II, LLC","Creston Ridge II, LLC",False,unmatched - passthrough
"Perennial Wind, LLC","Perennial Wind, LLC",False,unmatched - passthrough
MM West Covina Energy LLC,MM West Covina Energy LLC,False,unmatched - passthrough
"SR Paris, LLC","SR Paris, LLC",False,unmatched - passthrough
"Creston Ridge, LLC","Creston Ridge, LLC",False,unmatched - passthrough
ILR Landfill,ILR Landfill,False,unmatched - passthrough
SoCore 2018 ProjectCo-W26 LLC,SoCore 2018 ProjectCo-W26 LLC,False,unmatched - passthrough
Riverview Energy Systems,Riverview Energy Systems,False,unmatched - passthrough
White Rock Road LLC,White Rock Road LLC,False,unmatched - passthrough
Dutch Energy Corporation,Dutch Energy Corporation,False,unmatched - passthrough
"West Deptford Distributed Solar, LLC","West Deptford Distributed Solar, LLC",False,unmatched - passthrough
"Richmond 3 Solar Array, LLC","Richmond 3 Solar Array, LLC",False,unmatched - passthrough
"Dodge Center Distributed Solar, LLC","Dodge Center Distributed Solar, LLC",False,unmatched - passthrough
"SR Trezevant, LLC","SR Trezevant, LLC",False,unmatched - passthrough
City of Worcester DPW - (MA),Municipal / Public Utility (various),False,rule
"SR Lexington, LLC","SR Lexington, LLC",False,unmatched - passthrough
Nextera Energy Resources,NextEra Energy Resources,True,rule
"Chisago Solar, LLC","Chisago Solar, LLC",False,unmatched - passthrough
The Greater Light USA LLC,The Greater Light USA LLC,False,unmatched - passthrough
Eagle Materials Co LLC,Eagle Materials Co LLC,False,unmatched - passthrough
Argonne National Laboratory,Argonne National Laboratory,False,unmatched - passthrough
Newark America,Newark America,False,unmatched - passthrough
Virginia Polytechnic Inst and State Unv,Virginia Polytechnic Inst and State Unv,False,unmatched - passthrough
"Canoe Brook Solar Partners, LLC","Canoe Brook Solar Partners, LLC",False,unmatched - passthrough
"Mass Solar, LLC","Mass Solar, LLC",False,unmatched - passthrough
Aera Energy LLC-San Ardo,Aera Energy LLC-San Ardo,False,unmatched - passthrough
POET Biorefining- Shelbyville,POET Biorefining- Shelbyville,False,unmatched - passthrough
Sharp Grossmont Hospital,Institutional Self-Generation (various),False,rule
B Braun Medical Inc,B Braun Medical Inc,False,unmatched - passthrough
"Ka Ie Ie Waho Company, LLC","Ka Ie Ie Waho Company, LLC",False,unmatched - passthrough
San Jose State University Fclts Dev &Ops,Institutional Self-Generation (various),False,rule
"Willey Battery Utility, LLC","Willey Battery Utility, LLC",False,unmatched - passthrough
New England Power Company,New England Power Company,False,unmatched - passthrough
FHN TOST Solar Trust,FHN TOST Solar Trust,False,unmatched - passthrough
"Hampstead Solar, LLC","Hampstead Solar, LLC",False,unmatched - passthrough
Kenyon Energy KS Solar 1 LLC,Kenyon Energy KS Solar 1 LLC,False,unmatched - passthrough
"SunEnergy1-Scotland Neck, LLC","SunEnergy1-Scotland Neck, LLC",False,unmatched - passthrough
"LKL BLBD, LLC","LKL BLBD, LLC",False,unmatched - passthrough
SRI International,SRI International,False,unmatched - passthrough
EnerSmart Chula Vista Sub Station,EnerSmart Chula Vista Sub Station,False,unmatched - passthrough
CD US Solar MT1 LLC,CD US Solar MT1 LLC,False,unmatched - passthrough
"Sentinel Peak Resources California, LLC","Sentinel Peak Resources California, LLC",False,unmatched - passthrough
"Orange County Energy Storage 3, LLC","Orange County Energy Storage 3, LLC",False,unmatched - passthrough
"Annandale Solar, LLC","Annandale Solar, LLC",False,unmatched - passthrough
"Ecoplexus, Inc","Ecoplexus, Inc",False,unmatched - passthrough
"Gopher Energy Storage, LLC","Gopher Energy Storage, LLC",False,unmatched - passthrough
"DG South Carolina Solar, LLC","DG South Carolina Solar, LLC",False,unmatched - passthrough
"SR Rattlesnake, LLC","SR Rattlesnake, LLC",False,unmatched - passthrough
Coastal Community Action Program,Coastal Community Action Program,False,unmatched - passthrough
"NorWest Energy 9, LLC","NorWest Energy 9, LLC",False,unmatched - passthrough
"Energy 49, LLC","Energy 49, LLC",False,unmatched - passthrough
MCRD Parris Island / U.S. Marine Corps,MCRD Parris Island / U.S. Marine Corps,False,unmatched - passthrough
"JBAB Solar I, LLC.","JBAB Solar I, LLC.",False,unmatched - passthrough
Bucknell University,Institutional Self-Generation (various),False,rule
E&E Enterprises LLC,E&E Enterprises LLC,False,unmatched - passthrough
U S Gypsum Co,U S Gypsum Co,False,unmatched - passthrough
Ameresco HCE Solar LLC,Ameresco HCE Solar LLC,False,unmatched - passthrough
NuGen Capital Management,NuGen Capital Management,False,unmatched - passthrough
SoCore 2016 ProjectCo 2 LLC,SoCore 2016 ProjectCo 2 LLC,False,unmatched - passthrough
Macquarie Capital,Macquarie Group,False,rule
Ormat Nevada Inc,Ormat Technologies,False,rule
Solutia Inc-Indian,Solutia Inc-Indian,False,unmatched - passthrough
Solar Community I LLC,Solar Community I LLC,False,unmatched - passthrough
"Signal Hill Petroleum, Inc","Signal Hill Petroleum, Inc",False,unmatched - passthrough
University Of Arkansas,Institutional Self-Generation (various),False,rule
"NorWest Energy 4, LLC","NorWest Energy 4, LLC",False,unmatched - passthrough
Foundation CA Fund X Manager LLC,Foundation CA Fund X Manager LLC,False,unmatched - passthrough
ECP Uptown Campus LLC,ECP Uptown Campus LLC,False,unmatched - passthrough
"DLS-Laskin Project Co., LLC","DLS-Laskin Project Co., LLC",False,unmatched - passthrough
Los Angeles County DHS,Los Angeles County DHS,False,unmatched - passthrough
"Azimuth 180 Solar Electric, LLC","Azimuth 180 Solar Electric, LLC",False,unmatched - passthrough
Erving Paper Mills Inc,Erving Paper Mills Inc,False,unmatched - passthrough
Brigham Young Univ Idaho,Brigham Young Univ Idaho,False,unmatched - passthrough
Spectrum Solar LLC,Spectrum Solar LLC,False,unmatched - passthrough
"SPPW1, LLC","SPPW1, LLC",False,unmatched - passthrough
Oregon State University,Institutional Self-Generation (various),False,rule
North Valley,North Valley,False,unmatched - passthrough
"Eastwood Solar, LLC","Eastwood Solar, LLC",False,unmatched - passthrough
"West Faribault Solar, LLC","West Faribault Solar, LLC",False,unmatched - passthrough
Steamboat Development Corp,Steamboat Development Corp,False,unmatched - passthrough
Solar Star Colorado II LLC,Solar Star Colorado II LLC,False,unmatched - passthrough
SMECO Solar LLC,SMECO Solar LLC,False,unmatched - passthrough
Southern Minnesota Mun P Agny,Southern Minnesota Mun P Agny,False,unmatched - passthrough
SunEnergy1,SunEnergy1,False,unmatched - passthrough
DG Edison New Jersey LLC,DG Edison New Jersey LLC,False,unmatched - passthrough
"Tipton Solar Array, LLC","Tipton Solar Array, LLC",False,unmatched - passthrough
The Trustees of Smith College,Institutional Self-Generation (various),False,rule
GD Richmond Beaver River I LLC,GD Richmond Beaver River I LLC,False,unmatched - passthrough
KDC Solar TLS LLC,KDC Solar TLS LLC,False,unmatched - passthrough
"Three Rivers Solar I, LLC","Three Rivers Solar I, LLC",False,unmatched - passthrough
CVI CleanCapital Solar 1 LLC,CVI CleanCapital Solar 1 LLC,False,unmatched - passthrough
County of Kern - (CA),County of Kern - (CA),False,unmatched - passthrough
"AC Power 14, LLC","AC Power 14, LLC",False,unmatched - passthrough
"Foundation CA Fund V Owner, LLC","Foundation CA Fund V Owner, LLC",False,unmatched - passthrough
Farmington Holdco LLC,Farmington Holdco LLC,False,unmatched - passthrough
"ESA Church Road Solar, LLC","ESA Church Road Solar, LLC",False,unmatched - passthrough
"Fresh Air Energy XXII, LLC","Fresh Air Energy XXII, LLC",False,unmatched - passthrough
Helios Energy New York 3 LLC,Helios Energy New York 3 LLC,False,unmatched - passthrough
Sunrise on Montague Rd. LLC,Sunrise on Montague Rd. LLC,False,unmatched - passthrough
"Fresh Air Energy XXI, LLC","Fresh Air Energy XXI, LLC",False,unmatched - passthrough
"Violet Solar, LLC","Violet Solar, LLC",False,unmatched - passthrough
"Rock Farm, LLC","Rock Farm, LLC",False,unmatched - passthrough
"Bradford Solar, LLC","Bradford Solar, LLC",False,unmatched - passthrough
"Kendall Farm, LLC","Kendall Farm, LLC",False,unmatched - passthrough
OYA Main Street LLC,OYA Main Street LLC,False,unmatched - passthrough
"Peake Road Farm, LLC","Peake Road Farm, LLC",False,unmatched - passthrough
OYA Great Lakes Seaway LLC,OYA Great Lakes Seaway LLC,False,unmatched - passthrough
"Taylors Falls 1 CSG 1, LLC","Taylors Falls 1 CSG 1, LLC",False,unmatched - passthrough
"Arndt Farm, LLC","Arndt Farm, LLC",False,unmatched - passthrough
"Arthur Solar 2, LLC","Arthur Solar 2, LLC",False,unmatched - passthrough
"ELP Livingston Solar, LLC","ELP Livingston Solar, LLC",False,unmatched - passthrough
OYA Blanchard Road LLC,OYA Blanchard Road LLC,False,unmatched - passthrough
"Arthur Solar, LLC","Arthur Solar, LLC",False,unmatched - passthrough
"Ohio Solar, LLC","Ohio Solar, LLC",False,unmatched - passthrough
Gloversville Community Solar LLC,Gloversville Community Solar LLC,False,unmatched - passthrough
"Felton Farms CSG 1, LLC","Felton Farms CSG 1, LLC",False,unmatched - passthrough
"Princetown Solar 1, LLC","Princetown Solar 1, LLC",False,unmatched - passthrough
"Gladstone Farm, LLC","Gladstone Farm, LLC",False,unmatched - passthrough
"160TIH WHAM8 Solar, LLC","160TIH WHAM8 Solar, LLC",False,unmatched - passthrough
"Fresh Air Energy XXXI, LLC","Fresh Air Energy XXXI, LLC",False,unmatched - passthrough
CalRenew-1 LLC,CalRenew-1 LLC,False,unmatched - passthrough
"Hwy 14 Holdco, LLC","Hwy 14 Holdco, LLC",False,unmatched - passthrough
"Wadesboro Farm 2, LLC","Wadesboro Farm 2, LLC",False,unmatched - passthrough
"Fresh Air Energy XX, LLC","Fresh Air Energy XX, LLC",False,unmatched - passthrough
Andromeda Community Solar,Andromeda Community Solar,False,unmatched - passthrough
"Wadesboro Farm 3, LLC","Wadesboro Farm 3, LLC",False,unmatched - passthrough
The Methodist Hospital,Institutional Self-Generation (various),False,rule
"Mohawk View Solar, LLC","Mohawk View Solar, LLC",False,unmatched - passthrough
"Dragstrip Farm, LLC","Dragstrip Farm, LLC",False,unmatched - passthrough
"Minnesota Solar CSG 19, LLC","Minnesota Solar CSG 19, LLC",False,unmatched - passthrough
"Henry Farm, LLC","Henry Farm, LLC",False,unmatched - passthrough
"Thigpen Solar, LLC","Thigpen Solar, LLC",False,unmatched - passthrough
"Minnesota Solar CSG 9, LLC","Minnesota Solar CSG 9, LLC",False,unmatched - passthrough
"Breckenridge Street Solar 1, LLC","Breckenridge Street Solar 1, LLC",False,unmatched - passthrough
"Clean Focus Yield, LLC","Clean Focus Yield, LLC",False,unmatched - passthrough
"Mt. Olive Farm 2, LLC","Mt. Olive Farm 2, LLC",False,unmatched - passthrough
Mound City Solar PV,Mound City Solar PV,False,unmatched - passthrough
"Mount Olive Farm, LLC","Mount Olive Farm, LLC",False,unmatched - passthrough
"Moyer Solar, LLC","Moyer Solar, LLC",False,unmatched - passthrough
"Elizabeth Mines Solar 1, LLC","Elizabeth Mines Solar 1, LLC",False,unmatched - passthrough
ERCAM LLC,ERCAM LLC,False,unmatched - passthrough
Penobscot Narrows Solar I LLC,Penobscot Narrows Solar I LLC,False,unmatched - passthrough
"77F2M WHAM8 Solar, LLC","77F2M WHAM8 Solar, LLC",False,unmatched - passthrough
"Tripple State Farm, LLC","Tripple State Farm, LLC",False,unmatched - passthrough
"59FED WHAM8 Solar, LLC","59FED WHAM8 Solar, LLC",False,unmatched - passthrough
"Pendleton Solar 1, LLC","Pendleton Solar 1, LLC",False,unmatched - passthrough
"Henry Gibson Solar, LLC","Henry Gibson Solar, LLC",False,unmatched - passthrough
Hep Goldfinch Holding LLC,Hep Goldfinch Holding LLC,False,unmatched - passthrough
"Wadesboro Farm 1, LLC","Wadesboro Farm 1, LLC",False,unmatched - passthrough
"Williamston Solar, LLC","Williamston Solar, LLC",False,unmatched - passthrough
"Paradise Solar Urban Renewal, LLC","Paradise Solar Urban Renewal, LLC",False,unmatched - passthrough
Helios Energy New York 13 LLC,Helios Energy New York 13 LLC,False,unmatched - passthrough
Helios Energy New York 15 LLC,Helios Energy New York 15 LLC,False,unmatched - passthrough
"Minuteman Energy Storage, LLC","Minuteman Energy Storage, LLC",False,unmatched - passthrough
"Misenheimer Farm, LLC","Misenheimer Farm, LLC",False,unmatched - passthrough
"Mocksville Farm, LLC","Mocksville Farm, LLC",False,unmatched - passthrough
"Waco Farm, LLC","Waco Farm, LLC",False,unmatched - passthrough
"TJA-NY-11202 Ridge Rd Medina, LLC","TJA-NY-11202 Ridge Rd Medina, LLC",False,unmatched - passthrough
"Eastover Farm, LLC","Eastover Farm, LLC",False,unmatched - passthrough
"Dowmont Solar, LLC","Dowmont Solar, LLC",False,unmatched - passthrough
"Arborgate Farm, LLC","Arborgate Farm, LLC",False,unmatched - passthrough
"Flatwood Farm, LLC","Flatwood Farm, LLC",False,unmatched - passthrough
Holden BESS 1 LLC,Holden BESS 1 LLC,False,unmatched - passthrough
"Hidden Meadows Solar, LLC","Hidden Meadows Solar, LLC",False,unmatched - passthrough
"USF Surry, LLC","USF Surry, LLC",False,unmatched - passthrough
"Ticon Solar, LLC","Ticon Solar, LLC",False,unmatched - passthrough
"Wilson Farm 1, LLC","Wilson Farm 1, LLC",False,unmatched - passthrough
"Duplin Solar I, LLC","Duplin Solar I, LLC",False,unmatched - passthrough
Imeson Solar Farm LLC,Imeson Solar Farm LLC,False,unmatched - passthrough
"Tower Solar Partners, LLC","Tower Solar Partners, LLC",False,unmatched - passthrough
Broadway CDG Solar LLC,Broadway CDG Solar LLC,False,unmatched - passthrough
Rosemount Community Solar,Rosemount Community Solar,False,unmatched - passthrough
Paynesville Community Solar,Paynesville Community Solar,False,unmatched - passthrough
"Warrior Solar Partners, LLC","Warrior Solar Partners, LLC",False,unmatched - passthrough
"Generate Community Solar MM X, LLC","Generate Community Solar MM X, LLC",False,unmatched - passthrough
"Generate Community Solar IX, LLC","Generate Community Solar IX, LLC",False,unmatched - passthrough
"Norridgewock River Road Solar, LLC","Norridgewock River Road Solar, LLC",False,unmatched - passthrough
Forest Lake Holdco LLC,Forest Lake Holdco LLC,False,unmatched - passthrough
Foreman's Hill CSG LLC,Foreman's Hill CSG LLC,False,unmatched - passthrough
"NY Alfred, LLC","NY Alfred, LLC",False,unmatched - passthrough
NY USLE Carthage SR26 A LLC,NY USLE Carthage SR26 A LLC,False,unmatched - passthrough
NY USLE Albion Long Bridge A LLC,NY USLE Albion Long Bridge A LLC,False,unmatched - passthrough
"NSF Enfield Site 2, LLC","NSF Enfield Site 2, LLC",False,unmatched - passthrough
"NSF Enfield Site 1, LLC","NSF Enfield Site 1, LLC",False,unmatched - passthrough
"NSF Energy Two, LLC","NSF Energy Two, LLC",False,unmatched - passthrough
NSF Energy Three LLC,NSF Energy Three LLC,False,unmatched - passthrough
"New Bern Farm, LLC","New Bern Farm, LLC",False,unmatched - passthrough
"Roper Farm, LLC","Roper Farm, LLC",False,unmatched - passthrough
"Richmond CSG 1, LLC","Richmond CSG 1, LLC",False,unmatched - passthrough
"Generate Community Solar VII, LLC","Generate Community Solar VII, LLC",False,unmatched - passthrough
"Garrell Solar Farm, LLC","Garrell Solar Farm, LLC",False,unmatched - passthrough
"Generate Community Solar VIII, LLC","Generate Community Solar VIII, LLC",False,unmatched - passthrough
Generate MN Community Solar I,Generate MN Community Solar I,False,unmatched - passthrough
Generate NY Community Solar IV,Generate NY Community Solar IV,False,unmatched - passthrough
"Wellons Farm, LLC","Wellons Farm, LLC",False,unmatched - passthrough
"Wedge Solar Farm, LLC","Wedge Solar Farm, LLC",False,unmatched - passthrough
ASA DeKalb NY Solar I LLC,ASA DeKalb NY Solar I LLC,False,unmatched - passthrough
Geer Rd Solar 1 LLC,Geer Rd Solar 1 LLC,False,unmatched - passthrough
"Gaston Solar, LLC","Gaston Solar, LLC",False,unmatched - passthrough
"Generate C&I Warehouse, LLC","Generate C&I Warehouse, LLC",False,unmatched - passthrough
ASD Wallum MA Solar LLC,ASD Wallum MA Solar LLC,False,unmatched - passthrough
ASA Volney NY Solar I LLC,ASA Volney NY Solar I LLC,False,unmatched - passthrough
"Flat Meeks PV1, LLC","Flat Meeks PV1, LLC",False,unmatched - passthrough
NY USLE Oswego SR104 LLC,NY USLE Oswego SR104 LLC,False,unmatched - passthrough
"Nash 64 Farm, LLC","Nash 64 Farm, LLC",False,unmatched - passthrough
Generate NY Community Solar Lessor III,Generate NY Community Solar Lessor III,False,unmatched - passthrough
"Nash 58 Farm, LLC","Nash 58 Farm, LLC",False,unmatched - passthrough
"Wayne Solar I, LLC","Wayne Solar I, LLC",False,unmatched - passthrough
Brookhaven 1,Brookhaven 1,False,unmatched - passthrough
Generate NY Community Solar V,Generate NY Community Solar V,False,unmatched - passthrough
"River Road Solar, LLC","River Road Solar, LLC",False,unmatched - passthrough
"Royal Solar Partners, LLC","Royal Solar Partners, LLC",False,unmatched - passthrough
"Roxboro Farm, LLC","Roxboro Farm, LLC",False,unmatched - passthrough
"Fisher Solar Farm, LLC","Fisher Solar Farm, LLC",False,unmatched - passthrough
"NSF Marshall Site 2, LLC","NSF Marshall Site 2, LLC",False,unmatched - passthrough
"NSF Marshall Site 1, LLC","NSF Marshall Site 1, LLC",False,unmatched - passthrough
"NSF Enfield Site 3, LLC","NSF Enfield Site 3, LLC",False,unmatched - passthrough
"Jakana Solar, LLC","Jakana Solar, LLC",False,unmatched - passthrough
"Garysburg Solar, LLC","Garysburg Solar, LLC",False,unmatched - passthrough
"Tarboro Solar, LLC","Tarboro Solar, LLC",False,unmatched - passthrough
"IMPA Anderson 1 Solar Project, LLC","IMPA Anderson 1 Solar Project, LLC",False,unmatched - passthrough
"Two Lines Farm, LLC","Two Lines Farm, LLC",False,unmatched - passthrough
"East Hampton Energy Storage Center, LLC","East Hampton Energy Storage Center, LLC",False,unmatched - passthrough
East Brookfield Adams Road Solar LLC,Brookfield Renewable,True,rule
Amherst Community Solar LLC,Amherst Community Solar LLC,False,unmatched - passthrough
TransAlta Corporation,TransAlta,True,rule
"Trent River Farm, LLC","Trent River Farm, LLC",False,unmatched - passthrough
"Nexamp Treasure Valley Solar, LLC",Nexamp,False,rule
"NSF Angelica Site 1, LLC","NSF Angelica Site 1, LLC",False,unmatched - passthrough
NSF Energy One LLC,NSF Energy One LLC,False,unmatched - passthrough
"NSF Coventry Site 3, LLC","NSF Coventry Site 3, LLC",False,unmatched - passthrough
"NSF Coventry Site 2, LLC","NSF Coventry Site 2, LLC",False,unmatched - passthrough
NSF Chateaugay Site 1 LLC,NSF Chateaugay Site 1 LLC,False,unmatched - passthrough
"NY Lodi I, LLC","NY Lodi I, LLC",False,unmatched - passthrough
"NSF Torrey Site 3, LLC","NSF Torrey Site 3, LLC",False,unmatched - passthrough
"NSF Angelica Site 3, LLC","NSF Angelica Site 3, LLC",False,unmatched - passthrough
"NSF Angelica Site 2, LLC","NSF Angelica Site 2, LLC",False,unmatched - passthrough
"Conetoe Solar, LLC","Conetoe Solar, LLC",False,unmatched - passthrough
Montevideo Solar LLC,Montevideo Solar LLC,False,unmatched - passthrough
"Montauk Energy Storage Center, LLC","Montauk Energy Storage Center, LLC",False,unmatched - passthrough
OYA Church Road A LLC,OYA Church Road A LLC,False,unmatched - passthrough
"0HAM WHAM8 Solar, LLC","0HAM WHAM8 Solar, LLC",False,unmatched - passthrough
"Nordic Solar, LLC","Nordic Solar, LLC",False,unmatched - passthrough
Geer Rd Solar 2 LLC,Geer Rd Solar 2 LLC,False,unmatched - passthrough
"Rocky Mountain Elk Solar, LLC","Rocky Mountain Elk Solar, LLC",False,unmatched - passthrough
"Rock County Wind Fuel, LLC","Rock County Wind Fuel, LLC",False,unmatched - passthrough
OYA Blanchard Road 2 LLC,OYA Blanchard Road 2 LLC,False,unmatched - passthrough
OYA 2643 Moore Road LLC,OYA 2643 Moore Road LLC,False,unmatched - passthrough
OYA NYS Rte 12 LLC,OYA NYS Rte 12 LLC,False,unmatched - passthrough
NSTAR Electric Company,NSTAR Electric Company,False,unmatched - passthrough
"Clark Road Solar 1, LLC","Clark Road Solar 1, LLC",False,unmatched - passthrough
"127 CVF, LLC","127 CVF, LLC",False,unmatched - passthrough
"Rush Solar Farm 1, LLC","Rush Solar Farm 1, LLC",False,unmatched - passthrough
"NSF Torrey Site 2, LLC","NSF Torrey Site 2, LLC",False,unmatched - passthrough
"NY CDG Ontario 2, LLC","NY CDG Ontario 2, LLC",False,unmatched - passthrough
NY CDG Montgomery 1 LLC,NY CDG Montgomery 1 LLC,False,unmatched - passthrough
"Wayne Solar III, LLC","Wayne Solar III, LLC",False,unmatched - passthrough
"Wayne Solar II, LLC","Wayne Solar II, LLC",False,unmatched - passthrough
"NY Tioga III, LLC","NY Tioga III, LLC",False,unmatched - passthrough
"NY Owego III, LLC","NY Owego III, LLC",False,unmatched - passthrough
"Brook Street Solar 1, LLC","Brook Street Solar 1, LLC",False,unmatched - passthrough
NYSolar03 LLC,NYSolar03 LLC,False,unmatched - passthrough
Generate NY Community Solar VI,Generate NY Community Solar VI,False,unmatched - passthrough
FTP Solar LLC,FTP Solar LLC,False,unmatched - passthrough
"ELP Claverack Solar, LLC","ELP Claverack Solar, LLC",False,unmatched - passthrough
Webster Holdco LLC,Webster Holdco LLC,False,unmatched - passthrough
"Butter Creek Power, LLC","Butter Creek Power, LLC",False,unmatched - passthrough
"Byrne Solar, LLC","Byrne Solar, LLC",False,unmatched - passthrough
Bullrock-NxtGenREA,Bullrock-NxtGenREA,False,unmatched - passthrough
"SL Sherman II, LLC","SL Sherman II, LLC",False,unmatched - passthrough
Novel-OYA Two LLP,Novel-OYA Two LLP,False,unmatched - passthrough
"NSF Angelica Site 4, LLC","NSF Angelica Site 4, LLC",False,unmatched - passthrough
"North Nash Farm, LLC","North Nash Farm, LLC",False,unmatched - passthrough
"SL Fredonia, LLC","SL Fredonia, LLC",False,unmatched - passthrough
"Cline Solar, LLC","Cline Solar, LLC",False,unmatched - passthrough
"Trinity Solar, LLC","Trinity Solar, LLC",False,unmatched - passthrough
Edenton Solar        ,Edenton Solar,False,unmatched - passthrough
"Hew Fulton Farm, LLC","Hew Fulton Farm, LLC",False,unmatched - passthrough
"Heuvelton Solar, LLC","Heuvelton Solar, LLC",False,unmatched - passthrough
"Herrington Solar, LLC","Herrington Solar, LLC",False,unmatched - passthrough
"Bunn Level Farm, LLC","Bunn Level Farm, LLC",False,unmatched - passthrough
"Stone Solar, LLC","Stone Solar, LLC",False,unmatched - passthrough
"Stout Farm, LLC","Stout Farm, LLC",False,unmatched - passthrough
"Southerland Farm Solar, LLC","Southerland Farm Solar, LLC",False,unmatched - passthrough
"Harrison Solar, LLC","Harrison Solar, LLC",False,unmatched - passthrough
"Long Farm 46 Solar, LLC","Long Farm 46 Solar, LLC",False,unmatched - passthrough
Locust Solar LLC,Locust Solar LLC,False,unmatched - passthrough
Loess Hills Wind Farm LLC,Loess Hills Wind Farm LLC,False,unmatched - passthrough
"Badger Farm, LLC","Badger Farm, LLC",False,unmatched - passthrough
"Kenwood Creek Holdings, LLC","Kenwood Creek Holdings, LLC",False,unmatched - passthrough
"Soluga Farms 2, LLC","Soluga Farms 2, LLC",False,unmatched - passthrough
"Soluga Farms III, LLC","Soluga Farms III, LLC",False,unmatched - passthrough
"Solitude Solar Dix Duvall Rd Microgrid, LLC","Solitude Solar Dix Duvall Rd Microgrid, LLC",False,unmatched - passthrough
Soltage LLC,Soltage,False,rule
"Catalyze Pombrio Solar Farm 2 Microgrid, LLC","Catalyze Pombrio Solar Farm 2 Microgrid, LLC",False,unmatched - passthrough
"Cathcart Solar, LLC","Cathcart Solar, LLC",False,unmatched - passthrough
"Catskill View Solar, LLC","Catskill View Solar, LLC",False,unmatched - passthrough
"Pamlico Partners Solar, LLC","Pamlico Partners Solar, LLC",False,unmatched - passthrough
"Soluga Farms 1, LLC","Soluga Farms 1, LLC",False,unmatched - passthrough
RE McKenzie 3 LLC,RE McKenzie 3 LLC,False,unmatched - passthrough
RE Bruceville LLC,RE Bruceville LLC,False,unmatched - passthrough
"RE Cranbury Solar 1, LLC","RE Cranbury Solar 1, LLC",False,unmatched - passthrough
RE Bruceville 2 LLC,RE Bruceville 2 LLC,False,unmatched - passthrough
"Deep Branch Farm, LLC","Deep Branch Farm, LLC",False,unmatched - passthrough
"Lang Solar Farm, LLC","Lang Solar Farm, LLC",False,unmatched - passthrough
"Langdon Solar Farm, LLC","Langdon Solar Farm, LLC",False,unmatched - passthrough
"Lenoir Farm 2, LLC","Lenoir Farm 2, LLC",False,unmatched - passthrough
"Stikeleather Farm, LLC","Stikeleather Farm, LLC",False,unmatched - passthrough
"Laurinburg Farm, LLC","Laurinburg Farm, LLC",False,unmatched - passthrough
RE McKenzie LLC,RE McKenzie LLC,False,unmatched - passthrough
"RE Rio Grande, LLC","RE Rio Grande, LLC",False,unmatched - passthrough
RE Kammerer 2 LLC,RE Kammerer 2 LLC,False,unmatched - passthrough
ALM Holding Company,ALM Holding Company,False,unmatched - passthrough
DOCCS Eastern,DOCCS Eastern,False,unmatched - passthrough
DOCCS Wende,DOCCS Wende,False,unmatched - passthrough
BQ Energy LLC,BQ Energy LLC,False,unmatched - passthrough
"Lenoir Farm, LLC","Lenoir Farm, LLC",False,unmatched - passthrough
"Sneads Grove, LLC","Sneads Grove, LLC",False,unmatched - passthrough
SoCore 2016 ProjectCo-W1 LLC,SoCore 2016 ProjectCo-W1 LLC,False,unmatched - passthrough
"Smith Solar Farm, LLC","Smith Solar Farm, LLC",False,unmatched - passthrough
MEVS Clark LLC,MEVS Clark LLC,False,unmatched - passthrough
DG California Solar LLC,DG California Solar LLC,False,unmatched - passthrough
"FFP NY Goshen Project2, LLC","FFP NY Goshen Project2, LLC",False,unmatched - passthrough
"DG New York CS, LLC","DG New York CS, LLC",False,unmatched - passthrough
"MC1 Solar Farm, LLC","MC1 Solar Farm, LLC",False,unmatched - passthrough
"Luminace Solar New Jersey, LLC","Luminace Solar New Jersey, LLC",False,unmatched - passthrough
"Daniel Farm, LLC","Daniel Farm, LLC",False,unmatched - passthrough
"Kojak Farm, LLC","Kojak Farm, LLC",False,unmatched - passthrough
Sunrise Community Solar,Sunrise Community Solar,False,unmatched - passthrough
Sunrise on Clubhouse Rd. LLC,Sunrise on Clubhouse Rd. LLC,False,unmatched - passthrough
Sunrise on Knight Rd. LLC,Sunrise on Knight Rd. LLC,False,unmatched - passthrough
BD Solar Fairfield LLC,BD Solar Fairfield LLC,False,unmatched - passthrough
"AM Best Farm, LLC","AM Best Farm, LLC",False,unmatched - passthrough
AETS OpCo Holdings LLC,AETS OpCo Holdings LLC,False,unmatched - passthrough
BD Solar Palmyra LLC,BD Solar Palmyra LLC,False,unmatched - passthrough
"Luminace Sunbeam Development Holdings, LLC","Luminace Sunbeam Development Holdings, LLC",False,unmatched - passthrough
Sol Orchard San Diego 21 LLC,Sol Orchard San Diego 21 LLC,False,unmatched - passthrough
Sol Orchard San Diego 23 LLC,Sol Orchard San Diego 23 LLC,False,unmatched - passthrough
"SolNCPower10, LLC","SolNCPower10, LLC",False,unmatched - passthrough
"SolNCPower5, LLC","SolNCPower5, LLC",False,unmatched - passthrough
"DG Harvest Solar, LLC","DG Harvest Solar, LLC",False,unmatched - passthrough
"DG Kendall, LLC","DG Kendall, LLC",False,unmatched - passthrough
"DG Connecticut III, LLC","DG Connecticut III, LLC",False,unmatched - passthrough
"Bearford Farm, LLC","Bearford Farm, LLC",False,unmatched - passthrough
"DG Empire Shine, LLC","DG Empire Shine, LLC",False,unmatched - passthrough
"DG Empire Sun, LLC","DG Empire Sun, LLC",False,unmatched - passthrough
Solar Advocate Development LLC,Solar Advocate Development LLC,False,unmatched - passthrough
"Beckwith Solar, LLC","Beckwith Solar, LLC",False,unmatched - passthrough
"Solar DG NY Sunnyside 1, LLC","Solar DG NY Sunnyside 1, LLC",False,unmatched - passthrough
"Beaker Farm, LLC","Beaker Farm, LLC",False,unmatched - passthrough
Utah State University,Institutional Self-Generation (various),False,rule
"Solar DG NY Sunnyside 2, LLC","Solar DG NY Sunnyside 2, LLC",False,unmatched - passthrough
"DG Empire Lumen 2023, LLC","DG Empire Lumen 2023, LLC",False,unmatched - passthrough
Fresh Air Energy XIII LLC,Fresh Air Energy XIII LLC,False,unmatched - passthrough
Fresh Air Energy XIV LLC,Fresh Air Energy XIV LLC,False,unmatched - passthrough
Fresh Air Energy XVI LLC,Fresh Air Energy XVI LLC,False,unmatched - passthrough
French King Solar LLC,French King Solar LLC,False,unmatched - passthrough
Fresh Air Energy IX LLC,Fresh Air Energy IX LLC,False,unmatched - passthrough
"Yanceyville Farm 2, LLC","Yanceyville Farm 2, LLC",False,unmatched - passthrough
Foss Manufacturing Company LLC,Foss Manufacturing Company LLC,False,unmatched - passthrough
"Pope Creek Solar, LLC","Pope Creek Solar, LLC",False,unmatched - passthrough
"SunStrong Management, LLC",SunStrong / SunPower,False,rule
"Woodland Avenue Solar 1, LLC","Woodland Avenue Solar 1, LLC",False,unmatched - passthrough
"Catalyze Newark Solar Farm 1 Microgrid, LLC","Catalyze Newark Solar Farm 1 Microgrid, LLC",False,unmatched - passthrough
"Port Huron Multimodal Hub, LLC","Port Huron Multimodal Hub, LLC",False,unmatched - passthrough
"Angier Farm, LLC","Angier Farm, LLC",False,unmatched - passthrough
Capella Community Solar,Capella Community Solar,False,unmatched - passthrough
"Windsor Solar, LLC","Windsor Solar, LLC",False,unmatched - passthrough
"Winema Solar Partners, LLC","Winema Solar Partners, LLC",False,unmatched - passthrough
"Winton Solar, LLC","Winton Solar, LLC",False,unmatched - passthrough
"AE-ESS NWS, LLC","AE-ESS NWS, LLC",False,unmatched - passthrough
"Woodland Solar, LLC","Woodland Solar, LLC",False,unmatched - passthrough
C2 Starratt Solar LLC,C2 Starratt Solar LLC,False,unmatched - passthrough
Northfield Community Solar,Northfield Community Solar,False,unmatched - passthrough
Northfield Holdco LLC,Northfield Holdco LLC,False,unmatched - passthrough
38DN Asset Management LLC ,38DN Asset Management LLC,False,unmatched - passthrough
"237 State Route 96 Site 1, LLC","237 State Route 96 Site 1, LLC",False,unmatched - passthrough
"237 State Route 96 Site 2, LLC","237 State Route 96 Site 2, LLC",False,unmatched - passthrough
"276FED WHAM8 Solar, LLC","276FED WHAM8 Solar, LLC",False,unmatched - passthrough
Fresh Air Energy XII LLC,Fresh Air Energy XII LLC,False,unmatched - passthrough
"Polk Farm, LLC","Polk Farm, LLC",False,unmatched - passthrough
Pivot Energy,Pivot Energy,False,unmatched - passthrough
"Claverack Creek Solar, LLC","Claverack Creek Solar, LLC",False,unmatched - passthrough
"Spring Valley Farm 2, LLC","Spring Valley Farm 2, LLC",False,unmatched - passthrough
"Wilmarth Lane Solar 1, LLC","Wilmarth Lane Solar 1, LLC",False,unmatched - passthrough
"Foxfire Farm, LLC","Foxfire Farm, LLC",False,unmatched - passthrough
"Whiskey Solar, LLC","Whiskey Solar, LLC",False,unmatched - passthrough
"White Cross Farm, LLC","White Cross Farm, LLC",False,unmatched - passthrough
"28 Livermore Hill Road Solar, LLC","28 Livermore Hill Road Solar, LLC",False,unmatched - passthrough
"Hayworth Solar Partners, LLC","Hayworth Solar Partners, LLC",False,unmatched - passthrough
"Hatch Solar Energy Center I, LLC","Hatch Solar Energy Center I, LLC",False,unmatched - passthrough
"Spencer Farm, LLC","Spencer Farm, LLC",False,unmatched - passthrough
"Lansing Renewables, LLC","Lansing Renewables, LLC",False,unmatched - passthrough
"Lapeer-Cortland Solar, LLC","Lapeer-Cortland Solar, LLC",False,unmatched - passthrough
POET Biorefining LLC - Corning,POET Biorefining LLC - Corning,False,unmatched - passthrough
"Overhill Solar, LLC","Overhill Solar, LLC",False,unmatched - passthrough
"Overlook Solar Partners, LLC","Overlook Solar Partners, LLC",False,unmatched - passthrough
"Hutchinson Solar, LLC","Hutchinson Solar, LLC",False,unmatched - passthrough
"RPCA Solar 3, LLC","RPCA Solar 3, LLC",False,unmatched - passthrough
RE McKenzie 4 LLC,RE McKenzie 4 LLC,False,unmatched - passthrough
RE McKenzie 5 LLC,RE McKenzie 5 LLC,False,unmatched - passthrough
RE McKenzie 6 LLC,RE McKenzie 6 LLC,False,unmatched - passthrough
"Catalyze Pombrio Solar Farm 1 Microgrid, LLC","Catalyze Pombrio Solar Farm 1 Microgrid, LLC",False,unmatched - passthrough
RE Bruceville 3 LLC,RE Bruceville 3 LLC,False,unmatched - passthrough
"Pate Farm, LLC","Pate Farm, LLC",False,unmatched - passthrough
RE Kammerer 3 LLC,RE Kammerer 3 LLC,False,unmatched - passthrough
Owen Solar LLC,Owen Solar LLC,False,unmatched - passthrough
Wind Colebrook South,Wind Colebrook South,False,unmatched - passthrough
Trousdale Solar I,Trousdale Solar I,False,unmatched - passthrough
"Trousdale Solar II, LLC","Trousdale Solar II, LLC",False,unmatched - passthrough
"Truman Farm, LLC","Truman Farm, LLC",False,unmatched - passthrough
Phillips Route 82 Solar LLC,Phillips Route 82 Solar LLC,False,unmatched - passthrough
"Sugar Run Solar, LLC","Sugar Run Solar, LLC",False,unmatched - passthrough
BWC Connecticut River LLC,BWC Connecticut River LLC,False,unmatched - passthrough
LSE Pegasus LLC,LSE Pegasus LLC,False,unmatched - passthrough
"Haynes Farm, LLC","Haynes Farm, LLC",False,unmatched - passthrough
"Hector Farm, LLC","Hector Farm, LLC",False,unmatched - passthrough
"Sugar Hill Solar 1, LLC","Sugar Hill Solar 1, LLC",False,unmatched - passthrough
"147 Williamsville Solar 1, LLC","147 Williamsville Solar 1, LLC",False,unmatched - passthrough
Star Solar LLC,Star Solar LLC,False,unmatched - passthrough
"Starr Farm, LLC","Starr Farm, LLC",False,unmatched - passthrough
"Spicewood Solar Farm, LLC","Spicewood Solar Farm, LLC",False,unmatched - passthrough
"Bailey Farm, LLC","Bailey Farm, LLC",False,unmatched - passthrough
"DG Niagara, LLC","DG Niagara, LLC",False,unmatched - passthrough
"Lewiston Solar, LLC","Lewiston Solar, LLC",False,unmatched - passthrough
"SunE Corcoran SP Owner, LLC","SunE Corcoran SP Owner, LLC",False,unmatched - passthrough
"Cookstown Solar Farm, LLC","Cookstown Solar Farm, LLC",False,unmatched - passthrough
"Van Epps Solar, LLC","Van Epps Solar, LLC",False,unmatched - passthrough
Vega Community Solar,Vega Community Solar,False,unmatched - passthrough
Green Street Power Partners,Green Street Power Partners,False,unmatched - passthrough
Greene Community Solar LLC,Greene Community Solar LLC,False,unmatched - passthrough
"Atkinson Farm, LLC","Atkinson Farm, LLC",False,unmatched - passthrough
Tanglewood Circle Solar 1 LLC,Tanglewood Circle Solar 1 LLC,False,unmatched - passthrough
Hemings Solar Partners LLC,Hemings Solar Partners LLC,False,unmatched - passthrough
RE Kammerer LLC,RE Kammerer LLC,False,unmatched - passthrough
United States Solar Corporation,United States Solar Corporation,False,unmatched - passthrough
"TPC Solar Investors 2022, LLC","TPC Solar Investors 2022, LLC",False,unmatched - passthrough
"KSI II Consolidated, LLC","KSI II Consolidated, LLC",False,unmatched - passthrough
"Kalish Farm Solar, LLC","Kalish Farm Solar, LLC",False,unmatched - passthrough
"Tart Farm, LLC","Tart Farm, LLC",False,unmatched - passthrough
"Woodland Church Farm, LLC","Woodland Church Farm, LLC",False,unmatched - passthrough
Dodge Holdco LLC,Dodge Holdco LLC,False,unmatched - passthrough
Domtar Paper Company Rothschild,Domtar Paper Company Rothschild,False,unmatched - passthrough
Hemlock Solar LLC,Hemlock Solar LLC,False,unmatched - passthrough
"McGrigor Farm Solar, LLC","McGrigor Farm Solar, LLC",False,unmatched - passthrough
"Westbound Solar 3, LLC","Westbound Solar 3, LLC",False,unmatched - passthrough
"West Salisbury Farm, LLC","West Salisbury Farm, LLC",False,unmatched - passthrough
Above Grid Binghamton Solar LLC,Above Grid Binghamton Solar LLC,False,unmatched - passthrough
Above Grid Montour Solar LLC,Talen Energy Group,False,rule
"Chadbourn Farm, LLC","Chadbourn Farm, LLC",False,unmatched - passthrough
"Achilles Farm, LLC","Achilles Farm, LLC",False,unmatched - passthrough
CVE US EI8 Quaker LLC,CVE US EI8 Quaker LLC,False,unmatched - passthrough
Convergent Energy and Power LP,Convergent Energy and Power LP,False,unmatched - passthrough
Current Energy Group,Current Energy Group,False,unmatched - passthrough
"Selwyn Farm, LLC","Selwyn Farm, LLC",False,unmatched - passthrough
"Seaboard Solar, LLC","Seaboard Solar, LLC",False,unmatched - passthrough
"Maybrook Solar, LLC","Maybrook Solar, LLC",False,unmatched - passthrough
"McCallum Farm, LLC","McCallum Farm, LLC",False,unmatched - passthrough
"SSC Cicero, LLC","SSC Cicero, LLC",False,unmatched - passthrough
"SSC Scriba, LLC","SSC Scriba, LLC",False,unmatched - passthrough
SRC Partnership 15 LLC,SRC Partnership 15 LLC,False,unmatched - passthrough
Rak 1 Solar LLC,Rak 1 Solar LLC,False,unmatched - passthrough
Grand Island Sunrise LLC,Grand Island Sunrise LLC,False,unmatched - passthrough
FPS Coxsackie Solar LLC,FPS Coxsackie Solar LLC,False,unmatched - passthrough
CI-II Mitchell Holding LLC,CI-II Mitchell Holding LLC,False,unmatched - passthrough
"Wagstaff Farm, LLC","Wagstaff Farm, LLC",False,unmatched - passthrough
"Randolph CSG 1, LLC","Randolph CSG 1, LLC",False,unmatched - passthrough
"Old Middleboro Road Solar, LLC","Old Middleboro Road Solar, LLC",False,unmatched - passthrough
Old Mill Solar,Old Mill Solar,False,unmatched - passthrough
"Old Wire Farm, LLC","Old Wire Farm, LLC",False,unmatched - passthrough
Kilmer Solar LLC,Kilmer Solar LLC,False,unmatched - passthrough
"CD US Solar MT3, LLC","CD US Solar MT3, LLC",False,unmatched - passthrough
"SRE Utility Solar 1, LLC","SRE Utility Solar 1, LLC",False,unmatched - passthrough
Frontenac Holdco LLC,Frontenac Holdco LLC,False,unmatched - passthrough
"Moorings Farm, LLC","Moorings Farm, LLC",False,unmatched - passthrough
"Morpho Ventures III, LLC","Morpho Ventures III, LLC",False,unmatched - passthrough
"Morristown Solar II, LLC","Morristown Solar II, LLC",False,unmatched - passthrough
"Moore Solar Farm, LLC","Moore Solar Farm, LLC",False,unmatched - passthrough
"Moore Solar, LLC","Moore Solar, LLC",False,unmatched - passthrough
GMP VT Microgrid LLC,GMP VT Microgrid LLC,False,unmatched - passthrough
"Kinston Davis Farm, LLC","Kinston Davis Farm, LLC",False,unmatched - passthrough
McCormick NY CSG LLC,McCormick NY CSG LLC,False,unmatched - passthrough
Green Correctional Coxsackie NY Solar LLC,Green Correctional Coxsackie NY Solar LLC,False,unmatched - passthrough
"Green Mile Solar, LLC","Green Mile Solar, LLC",False,unmatched - passthrough
Vicinity Energy Kansas City,Vicinity Energy Kansas City,False,unmatched - passthrough
"McKenzie Farm, LLC","McKenzie Farm, LLC",False,unmatched - passthrough
"County Highway Solar 1, LLC","County Highway Solar 1, LLC",False,unmatched - passthrough
"County Highway Solar 2, LLC","County Highway Solar 2, LLC",False,unmatched - passthrough
"Meriwether Farm, LLC","Meriwether Farm, LLC",False,unmatched - passthrough
"Bodhi Solar, LLC","Bodhi Solar, LLC",False,unmatched - passthrough
"Bolton Farm, LLC","Bolton Farm, LLC",False,unmatched - passthrough
"Mills Anson Farm, LLC","Mills Anson Farm, LLC",False,unmatched - passthrough
"SR Meridian II, LLC","SR Meridian II, LLC",False,unmatched - passthrough
Corvus Community Solar,Corvus Community Solar,False,unmatched - passthrough
Middle Tennessee State University,Institutional Self-Generation (various),False,rule
"Everetts Wildcat Solar, LLC","Everetts Wildcat Solar, LLC",False,unmatched - passthrough
"Gopher CSG 1, LLC","Gopher CSG 1, LLC",False,unmatched - passthrough
"Middle Daisy, LLC","Middle Daisy, LLC",False,unmatched - passthrough
Corinth Main Street Solar LLC,Corinth Main Street Solar LLC,False,unmatched - passthrough
SoCore Energy LLC,SoCore Energy LLC,False,unmatched - passthrough
"SoCore MN Acquisition, LLC","SoCore MN Acquisition, LLC",False,unmatched - passthrough
"SoCore Sherburne 1, LLC","SoCore Sherburne 1, LLC",False,unmatched - passthrough
"Owlville Creek Solar 2, LLC","Owlville Creek Solar 2, LLC",False,unmatched - passthrough
"Owlville Creek Solar, LLC","Owlville Creek Solar, LLC",False,unmatched - passthrough
"Settlers Solar, LLC","Settlers Solar, LLC",False,unmatched - passthrough
"Sellers Farm Solar, LLC","Sellers Farm Solar, LLC",False,unmatched - passthrough
"Manway Solar, LLC","Manway Solar, LLC",False,unmatched - passthrough
"McGoogan Farm, LLC","McGoogan Farm, LLC",False,unmatched - passthrough
FPC Services Inc.,FPC Services Inc.,False,unmatched - passthrough
"Equuleus Community Solar Gardens, LLC","Equuleus Community Solar Gardens, LLC",False,unmatched - passthrough
HXNAir Solar One LLC,HXNAir Solar One LLC,False,unmatched - passthrough
"Maine DG Solar Monmouth, LLC","Maine DG Solar Monmouth, LLC",False,unmatched - passthrough
Big Lake Holdco LLC,Big Lake Holdco LLC,False,unmatched - passthrough
"Hales Mills Solar, LLC","Hales Mills Solar, LLC",False,unmatched - passthrough
VESI 10 LLC,VESI 10 LLC,False,unmatched - passthrough
"BentonSun, LLC","BentonSun, LLC",False,unmatched - passthrough
Madison Solar One LLC,Madison Solar One LLC,False,unmatched - passthrough
RE McKenzie 2 LLC,RE McKenzie 2 LLC,False,unmatched - passthrough
"Fuquay Farm, LLC","Fuquay Farm, LLC",False,unmatched - passthrough
"Erwin Farm, LLC","Erwin Farm, LLC",False,unmatched - passthrough
"Sigmon Catawba Farm, LLC","Sigmon Catawba Farm, LLC",False,unmatched - passthrough
"SolNCPower6, LLC","SolNCPower6, LLC",False,unmatched - passthrough
Hanover PV LLC,Hanover PV LLC,False,unmatched - passthrough
"Happy Hollow Solar Holdings, LLC","Happy Hollow Solar Holdings, LLC",False,unmatched - passthrough
Oreana Renewables LLC,Oreana Renewables LLC,False,unmatched - passthrough
POET Biorefining - Jewell,POET Biorefining - Jewell,False,unmatched - passthrough
CVE US EI5 Manlius East LLC,CVE US EI5 Manlius East LLC,False,unmatched - passthrough
"Shining Solar Partners, LLC","Shining Solar Partners, LLC",False,unmatched - passthrough
CVE US EI5 Manlius West LLC,CVE US EI5 Manlius West LLC,False,unmatched - passthrough
CROPP Cooperative,Electric Cooperative (various),False,rule
"Railroad Farm 2, LLC","Railroad Farm 2, LLC",False,unmatched - passthrough
"RT32 Westerlo Solar 1, LLC","RT32 Westerlo Solar 1, LLC",False,unmatched - passthrough
"RT405 Westerlo Solar 2, LLC","RT405 Westerlo Solar 2, LLC",False,unmatched - passthrough
POET Biorefining - Gowrie,POET Biorefining - Gowrie,False,unmatched - passthrough
Organ Church Solar,Organ Church Solar,False,unmatched - passthrough
"Dibrell Farm, LLC","Dibrell Farm, LLC",False,unmatched - passthrough
"Distributed Solar Development, LLC","Distributed Solar Development, LLC",False,unmatched - passthrough
Denbury Inc,Denbury Inc,False,unmatched - passthrough
LSE Fornax LLC,LSE Fornax LLC,False,unmatched - passthrough
"Delco Farm, LLC","Delco Farm, LLC",False,unmatched - passthrough
"LR Wheatfield Solar 1, LLC","LR Wheatfield Solar 1, LLC",False,unmatched - passthrough
"Crockett Farm, LLC","Crockett Farm, LLC",False,unmatched - passthrough
Mantisi Solar LLC,Mantisi Solar LLC,False,unmatched - passthrough
Shapham Place Solar Project 2020 LLC,Shapham Place Solar Project 2020 LLC,False,unmatched - passthrough
"Shannon Farm, LLC","Shannon Farm, LLC",False,unmatched - passthrough
"Blacksmith Road Solar 1, LLC","Blacksmith Road Solar 1, LLC",False,unmatched - passthrough
"Blandenboro Farm, LLC","Blandenboro Farm, LLC",False,unmatched - passthrough
"Magruder Solar, LLC","Magruder Solar, LLC",False,unmatched - passthrough
"Maine DG Solar Baldwin, LLC","Maine DG Solar Baldwin, LLC",False,unmatched - passthrough
"Blodgett Street Solar 1, LLC","Blodgett Street Solar 1, LLC",False,unmatched - passthrough
GMP VT Solar LLC,GMP VT Solar LLC,False,unmatched - passthrough
"West Siler Farm, LLC","West Siler Farm, LLC",False,unmatched - passthrough
"Shieldwall Solar, LLC","Shieldwall Solar, LLC",False,unmatched - passthrough
University of Tennessee,Institutional Self-Generation (various),False,rule
Ursa Community Solar,Ursa Community Solar,False,unmatched - passthrough
"Bethel Solar, LLC","Bethel Solar, LLC",False,unmatched - passthrough
"Scale Sustainable I, LLC","Scale Sustainable I, LLC",False,unmatched - passthrough
Scenic Hill Solar III LLC,Scenic Hill Solar III LLC,False,unmatched - passthrough
Sartell Holdco LLC,Sartell Holdco LLC,False,unmatched - passthrough
"Affordable Solar Silver City, LLC","Affordable Solar Silver City, LLC",False,unmatched - passthrough
"Marshville Farm, LLC","Marshville Farm, LLC",False,unmatched - passthrough
Kearsarge Riverpark I LLC,Kearsarge Riverpark I LLC,False,unmatched - passthrough
Adkins Energy LLC,Adkins Energy LLC,False,unmatched - passthrough
"Syncarpha Northbridge II, LLC","Syncarpha Northbridge II, LLC",False,unmatched - passthrough
"Syncarpha Puddon I, LLC","Syncarpha Puddon I, LLC",False,unmatched - passthrough
"Syncarpha Puddon II, LLC","Syncarpha Puddon II, LLC",False,unmatched - passthrough
"Syncarpha Millbury, LLC","Syncarpha Millbury, LLC",False,unmatched - passthrough
"Syncarpha Northbridge I, LLC","Syncarpha Northbridge I, LLC",False,unmatched - passthrough
BAP Grounded 2 LLC,BAP Grounded 2 LLC,False,unmatched - passthrough
Kearsarge West Shore Solar LLC,Kearsarge West Shore Solar LLC,False,unmatched - passthrough
"Keen Farm, LLC","Keen Farm, LLC",False,unmatched - passthrough
Afton Solar LLC,Afton Solar LLC,False,unmatched - passthrough
"Williamston West Farm, LLC","Williamston West Farm, LLC",False,unmatched - passthrough
NRG Solar Las Vegas MB-1,NRG Energy Group,False,rule
"Syncarpha Blandford, LLC","Syncarpha Blandford, LLC",False,unmatched - passthrough
"Nash 97 Solar 2, LLC","Nash 97 Solar 2, LLC",False,unmatched - passthrough
"Citizens Solar Holdings IX, LLC","Citizens Solar Holdings IX, LLC",False,unmatched - passthrough
"Yanceyville Farm 3, LLC","Yanceyville Farm 3, LLC",False,unmatched - passthrough
"NextGrid Peppertree, LLC","NextGrid Peppertree, LLC",False,unmatched - passthrough
"Maine DG Solar Pittsfield, LLC","Maine DG Solar Pittsfield, LLC",False,unmatched - passthrough
"Entegrity Solar ADC, LLC","Entegrity Solar ADC, LLC",False,unmatched - passthrough
"Madison ESS, LLC","Madison ESS, LLC",False,unmatched - passthrough
"Chauncey Farm, LLC","Chauncey Farm, LLC",False,unmatched - passthrough
SkyHigh 2 Solar,SkyHigh 2 Solar,False,unmatched - passthrough
"Siler City Solar 2, LLC","Siler City Solar 2, LLC",False,unmatched - passthrough
53 SP Solar Trust,53 SP Solar Trust,False,unmatched - passthrough
"Bearford Solar II, LLC","Bearford Solar II, LLC",False,unmatched - passthrough
"Hanover Solar, LLC","Hanover Solar, LLC",False,unmatched - passthrough
"Arctaris Saddleback Solar, LLC","Arctaris Saddleback Solar, LLC",False,unmatched - passthrough
"Nickelson Solar 2, LLC","Nickelson Solar 2, LLC",False,unmatched - passthrough
Duke Energy Florida Solar Solutions,Duke Energy Group,False,rule
Dublin Street LLC,Dublin Street LLC,False,unmatched - passthrough
"Augustus Farm, LLC","Augustus Farm, LLC",False,unmatched - passthrough
Enfield Hammet Road Solar LLC,Enfield Hammet Road Solar LLC,False,unmatched - passthrough
"Howell Midland Farm, LLC","Howell Midland Farm, LLC",False,unmatched - passthrough
Norridgewock Martin Stream Solar LLC,Norridgewock Martin Stream Solar LLC,False,unmatched - passthrough
Leeds Route 106 Solar LLC,Leeds Route 106 Solar LLC,False,unmatched - passthrough
"Springfield Solar 1, LLC","Springfield Solar 1, LLC",False,unmatched - passthrough
AGA TAG Solar IV LLC,AGA TAG Solar IV LLC,False,unmatched - passthrough
"Bo Biggs Solar, LLC","Bo Biggs Solar, LLC",False,unmatched - passthrough
Gray Yarmouth Road Solar LLC,Gray Yarmouth Road Solar LLC,False,unmatched - passthrough
"County Home Solar, LLC","County Home Solar, LLC",False,unmatched - passthrough
"Meadowlark Solar, LLC","Meadowlark Solar, LLC",False,unmatched - passthrough
SUSI Partners AG,SUSI Partners AG,False,unmatched - passthrough
"Maine DG Solar Harmony, LLC","Maine DG Solar Harmony, LLC",False,unmatched - passthrough
"REC RWD, LLC","REC RWD, LLC",False,unmatched - passthrough
SunVest Solar LLC,SunVest Solar LLC,False,unmatched - passthrough
Glenburn Broadway Solar One LLC,Glenburn Broadway Solar One LLC,False,unmatched - passthrough
"Ruler Solar Partners, LLC","Ruler Solar Partners, LLC",False,unmatched - passthrough
"Rumford ESS, LLC","Rumford ESS, LLC",False,unmatched - passthrough
"Perkins Solar Holdings, LLC","Perkins Solar Holdings, LLC",False,unmatched - passthrough
SunShare Management,SunShare Management,False,unmatched - passthrough
SAH Holdings,SAH Holdings,False,unmatched - passthrough
"SR Byhalia, LLC","SR Byhalia, LLC",False,unmatched - passthrough
"BWC Origination 18, LLC","BWC Origination 18, LLC",False,unmatched - passthrough
"Tinker Farm, LLC","Tinker Farm, LLC",False,unmatched - passthrough
Graham Solar Center LLC,Graham Solar Center LLC,False,unmatched - passthrough
"Crawfordsville 3 Solar Array, LLC","Crawfordsville 3 Solar Array, LLC",False,unmatched - passthrough
BearPond Solar Center LLC,BearPond Solar Center LLC,False,unmatched - passthrough
Hanover II PV LLC,Hanover II PV LLC,False,unmatched - passthrough
Ergon Refining Inc,Ergon Refining Inc,False,unmatched - passthrough
Rollingstone Holdco LLC,Rollingstone Holdco LLC,False,unmatched - passthrough
"ACE-Stanton, LLC","ACE-Stanton, LLC",False,unmatched - passthrough
"Enel X North America, Inc",Enel Green Power,True,rule
Shankle Solar Center LLC,Shankle Solar Center LLC,False,unmatched - passthrough
DTE San Diego COGEN Inc.,DTE Energy,True,rule
"SR Greenville I, LLC","SR Greenville I, LLC",False,unmatched - passthrough
"SR Panola I, LLC","SR Panola I, LLC",False,unmatched - passthrough
"SR Panola II, LLC","SR Panola II, LLC",False,unmatched - passthrough
Dessie Solar Center LLC,Dessie Solar Center LLC,False,unmatched - passthrough
Reactivate,Reactivate,False,unmatched - passthrough
"SR Monroe, LLC","SR Monroe, LLC",False,unmatched - passthrough
"SR West Marshall, LLC","SR West Marshall, LLC",False,unmatched - passthrough
"SR Clarksville II, LLC","SR Clarksville II, LLC",False,unmatched - passthrough
"SR Greenville II, LLC","SR Greenville II, LLC",False,unmatched - passthrough
Kearsarge Solar LLC,Kearsarge Solar LLC,False,unmatched - passthrough
"Syncarpha Palmer, LLC","Syncarpha Palmer, LLC",False,unmatched - passthrough
"SL Jamestown II, LLC","SL Jamestown II, LLC",False,unmatched - passthrough
New Mexico State University,Institutional Self-Generation (various),False,rule
"Syncarpha Westminster, LLC","Syncarpha Westminster, LLC",False,unmatched - passthrough
"SL Sherman, LLC","SL Sherman, LLC",False,unmatched - passthrough
Phoenix Solar South Farms LLC,Phoenix Solar South Farms LLC,False,unmatched - passthrough
Naperville Trust,Naperville Trust,False,unmatched - passthrough
"Mondelez Global, LLC","Mondelez Global, LLC",False,unmatched - passthrough
"EnLink Processing Services, LLC","EnLink Processing Services, LLC",False,unmatched - passthrough
"Blandford Sun, LLC","Blandford Sun, LLC",False,unmatched - passthrough
CVI CleanCapital Solar 4 LLC,CVI CleanCapital Solar 4 LLC,False,unmatched - passthrough
St Mary's Hospital,Institutional Self-Generation (various),False,rule
"Golden Hills Solar, LLC","Golden Hills Solar, LLC",False,unmatched - passthrough
Broshco Fabricated Products,Broshco Fabricated Products,False,unmatched - passthrough
Marina Energy LLC,Marina Energy LLC,False,unmatched - passthrough
"NextGrid Corkwood, LLC","NextGrid Corkwood, LLC",False,unmatched - passthrough
Norton Powerhouse 2,Norton Powerhouse 2,False,unmatched - passthrough
"Fisher Road Solar I, LLC","Fisher Road Solar I, LLC",False,unmatched - passthrough
"NextGrid Mastic, LLC","NextGrid Mastic, LLC",False,unmatched - passthrough
California State University at Fullerton,Institutional Self-Generation (various),False,rule
"NextGrid Mangrove, LLC","NextGrid Mangrove, LLC",False,unmatched - passthrough
The George Washington University,Institutional Self-Generation (various),False,rule
"NextGrid Bitterbush, LLC","NextGrid Bitterbush, LLC",False,unmatched - passthrough
"55 Drive BESS, LLC","55 Drive BESS, LLC",False,unmatched - passthrough
Solar Star Prime 4 LLC,Solar Star Prime 4 LLC,False,unmatched - passthrough
Westbound Solar LLC,Westbound Solar LLC,False,unmatched - passthrough
Frito Lay Incorporated Dayville,Frito Lay Incorporated Dayville,False,unmatched - passthrough
Atlantic Health System,Atlantic Health System,False,unmatched - passthrough
"NSF Torrey Site 1, LLC","NSF Torrey Site 1, LLC",False,unmatched - passthrough
OBP Cogen LLC,OBP Cogen LLC,False,unmatched - passthrough
Princeton Energy Center LLC,Princeton Energy Center LLC,False,unmatched - passthrough
"Paulding Wind 28, LLC","Paulding Wind 28, LLC",False,unmatched - passthrough
"Fox Islands Electric Coop, Inc",Electric Cooperative (various),False,rule
Kearsarge Concord II LLC,Kearsarge Concord II LLC,False,unmatched - passthrough
"Route 3 China 2022 Parent, LLC","Route 3 China 2022 Parent, LLC",False,unmatched - passthrough
SCV Water,SCV Water,False,unmatched - passthrough
Narragansett Bay Commission,Narragansett Bay Commission,False,unmatched - passthrough
"Buckheart Creek Solar 1, LLC","Buckheart Creek Solar 1, LLC",False,unmatched - passthrough
Key Equipment Finance,Key Equipment Finance,False,unmatched - passthrough
Ashland Solar LLC,Ashland Solar LLC,False,unmatched - passthrough
Dynamic Energy Holdings LLC,Dynamic Energy Holdings LLC,False,unmatched - passthrough
Town of West Warwick,Municipal / Public Utility (various),False,rule
"ENGIE 2019 ProjectCo MA-1, LLC",Engie North America,True,rule
Gaylord Entertainment Co,Gaylord Entertainment Co,False,unmatched - passthrough
"Findlay Wind 30, LLC","Findlay Wind 30, LLC",False,unmatched - passthrough
"Iron Horse Solar 4, LLC","Iron Horse Solar 4, LLC",False,unmatched - passthrough
Tinta Wita Energy LLC,Tinta Wita Energy LLC,False,unmatched - passthrough
Catalyze Mira Loma 3251 De Forest Circle Microgrid LLC,Catalyze Mira Loma 3251 De Forest Circle Microgrid LLC,False,unmatched - passthrough
Fairfield University,Institutional Self-Generation (various),False,rule
Helios Energy New York 2 LLC,Helios Energy New York 2 LLC,False,unmatched - passthrough
Kern Oil & Refining Co,Kern Oil & Refining Co,False,unmatched - passthrough
"Continental Divide Solar II, LLC","Continental Divide Solar II, LLC",False,unmatched - passthrough
Cooper Hatchery Inc.,Cooper Hatchery Inc.,False,unmatched - passthrough
"Seagrove Farm, LLC","Seagrove Farm, LLC",False,unmatched - passthrough
"Sandusky Wind 33, LLC","Sandusky Wind 33, LLC",False,unmatched - passthrough
"SunE B9 Holdings, LLC","SunE B9 Holdings, LLC",False,unmatched - passthrough
"Lake Emily Solar, LLC","Lake Emily Solar, LLC",False,unmatched - passthrough
"Mt. Tom Solar, LLC","Mt. Tom Solar, LLC",False,unmatched - passthrough
Heimlich Solar Partners LLC,Heimlich Solar Partners LLC,False,unmatched - passthrough
CPV Beaver Ridge Wind LLC,CPV / Competitive Power Ventures,False,rule
Wales Leeds Junction Solar LLC,Wales Leeds Junction Solar LLC,False,unmatched - passthrough
One Energy Capital Corporation LLC,One Energy Capital Corporation LLC,False,unmatched - passthrough
"Heedeh Solar, LLC","Heedeh Solar, LLC",False,unmatched - passthrough
"RPNY Solar 2, LLC","RPNY Solar 2, LLC",False,unmatched - passthrough
BWC Hamilton Brook LLC,BWC Hamilton Brook LLC,False,unmatched - passthrough
"Hastings Solar, LLC","Hastings Solar, LLC",False,unmatched - passthrough
Haviland Plastic Products Co,Haviland Plastic Products Co,False,unmatched - passthrough
Air Force Civil Engineer Center,Air Force Civil Engineer Center,False,unmatched - passthrough
Stenner Creek Solar LLC,Stenner Creek Solar LLC,False,unmatched - passthrough
"Milo CSG, LLC","Milo CSG, LLC",False,unmatched - passthrough
"Greenville Wind 26, LLC","Greenville Wind 26, LLC",False,unmatched - passthrough
Manville Hill Road Solar LLC,Manville Hill Road Solar LLC,False,unmatched - passthrough
TianRun Uilk LLC,TianRun Uilk LLC,False,unmatched - passthrough
Sophie Solar LLC,Sophie Solar LLC,False,unmatched - passthrough
"Shoe Show, Inc.","Shoe Show, Inc.",False,unmatched - passthrough
Kotzebue Electric Assn Inc,Kotzebue Electric Assn Inc,False,unmatched - passthrough
"BESSP1, LLC.","BESSP1, LLC.",False,unmatched - passthrough
NSF Chateaugay Site 2 LLC,NSF Chateaugay Site 2 LLC,False,unmatched - passthrough
Kearsarge William Way LLC,Kearsarge William Way LLC,False,unmatched - passthrough
"Mohave Electric Cooperative, Inc.",Electric Cooperative (various),False,rule
"Outback Solar, LLC","Outback Solar, LLC",False,unmatched - passthrough
VA Sepulveda Ambulatory Care Center,VA Sepulveda Ambulatory Care Center,False,unmatched - passthrough
"DG Moorman Creek, LLC","DG Moorman Creek, LLC",False,unmatched - passthrough
"Potsdam Community Solar 2, LLC","Potsdam Community Solar 2, LLC",False,unmatched - passthrough
"Federal Road Solar 1, LLC","Federal Road Solar 1, LLC",False,unmatched - passthrough
"SR Jonesborough II, LLC","SR Jonesborough II, LLC",False,unmatched - passthrough
Granite Rock Company,Granite Rock Company,False,unmatched - passthrough
"FFP NY Goshen Project1, LLC","FFP NY Goshen Project1, LLC",False,unmatched - passthrough
Bluestem LLC,Bluestem LLC,False,unmatched - passthrough
NY CDG Genesee 4 LLC,NY CDG Genesee 4 LLC,False,unmatched - passthrough
Danbury Hospital,Institutional Self-Generation (various),False,rule
USS Origami Solar LLC,USS Origami Solar LLC,False,unmatched - passthrough
NY USLE Glenville Freemans Bridge LLC,NY USLE Glenville Freemans Bridge LLC,False,unmatched - passthrough
"SL Evans, LLC","SL Evans, LLC",False,unmatched - passthrough
"Dartmouth Farms Solar, LLC","Dartmouth Farms Solar, LLC",False,unmatched - passthrough
Gamesa Wind US LLC,Gamesa Wind US LLC,False,unmatched - passthrough
"SR Albany, LLC","SR Albany, LLC",False,unmatched - passthrough
"GD Johnson Scituate I, LLC","GD Johnson Scituate I, LLC",False,unmatched - passthrough
"Columbia City Solar Array, LLC","Columbia City Solar Array, LLC",False,unmatched - passthrough
NASA Wallops Flight Facility,NASA Wallops Flight Facility,False,unmatched - passthrough
"BWC Origination 4, LLC","BWC Origination 4, LLC",False,unmatched - passthrough
"Seaboard Energy California, LLC","Seaboard Energy California, LLC",False,unmatched - passthrough
"Solar Star Prime 3, LLC","Solar Star Prime 3, LLC",False,unmatched - passthrough
Cargill Inc,Cargill Inc,False,unmatched - passthrough
DG Crystal Spring LLC,DG Crystal Spring LLC,False,unmatched - passthrough
Rochelle Municipal Utilities - (IL),Municipal / Public Utility (various),False,rule
380 Middlesex Solar LLC,380 Middlesex Solar LLC,False,unmatched - passthrough
"Department of the Army, Fort Carson","Department of the Army, Fort Carson",False,unmatched - passthrough
"Catalyze Blackstone 83 Federal Street Microgrid, LLC","Catalyze Blackstone 83 Federal Street Microgrid, LLC",False,unmatched - passthrough
Mississippi Baptist Medical,Mississippi Baptist Medical,False,unmatched - passthrough
"Marshall Wind Farm, LLC","Marshall Wind Farm, LLC",False,unmatched - passthrough
CSL Behring LLC,CSL Behring LLC,False,unmatched - passthrough
UT West Tennessee Solar Farm,UT West Tennessee Solar Farm,False,unmatched - passthrough
"SSC Kirkland, LLC","SSC Kirkland, LLC",False,unmatched - passthrough
Bostonia WSMR SPV LLC,Bostonia WSMR SPV LLC,False,unmatched - passthrough
Hollingsworth & Vose Co West Groton,Hollingsworth & Vose Co West Groton,False,unmatched - passthrough
Maas Energy Works,Maas Energy Works,False,unmatched - passthrough
KDC Solar NJMG LLC,KDC Solar NJMG LLC,False,unmatched - passthrough
"CRE Fund 2, LLC","CRE Fund 2, LLC",False,unmatched - passthrough
"Luminace Solar New Jersey II, LLC","Luminace Solar New Jersey II, LLC",False,unmatched - passthrough
Calpine Vineland Solar LLC,Calpine Group,False,rule
"ACE-Stanton A, LLC","ACE-Stanton A, LLC",False,unmatched - passthrough
Fort Hays State University,Institutional Self-Generation (various),False,rule
"Catalyze Fort Worth 5200 Gold Spike Drive Microgrid, LLC","Catalyze Fort Worth 5200 Gold Spike Drive Microgrid, LLC",False,unmatched - passthrough
Carina Community Solar,Carina Community Solar,False,unmatched - passthrough
"MA CS Uxbridge, LLC","MA CS Uxbridge, LLC",False,unmatched - passthrough
"ESNY-Yorktown, LLC","ESNY-Yorktown, LLC",False,unmatched - passthrough
"DG New Jersey Solar, LLC","DG New Jersey Solar, LLC",False,unmatched - passthrough
"Eagles Solar I, LLC","Eagles Solar I, LLC",False,unmatched - passthrough
"East Windsor Solar Two, LLC","East Windsor Solar Two, LLC",False,unmatched - passthrough
East Victory Way Solar LLC,East Victory Way Solar LLC,False,unmatched - passthrough
"Toms River Net Meter Solar, LLC","Toms River Net Meter Solar, LLC",False,unmatched - passthrough
"Solar DG NJ BEMS West, LLC","Solar DG NJ BEMS West, LLC",False,unmatched - passthrough
Taurus Community Solar,Taurus Community Solar,False,unmatched - passthrough
Ecos Energy LLC,Ecos Energy LLC,False,unmatched - passthrough
"Eagles Solar II, LLC","Eagles Solar II, LLC",False,unmatched - passthrough
River Ranch Farms LLC,River Ranch Farms LLC,False,unmatched - passthrough
"Atwater Solar, LLC","Atwater Solar, LLC",False,unmatched - passthrough
"3232 Batavia Solar, LLC","3232 Batavia Solar, LLC",False,unmatched - passthrough
"SV CSG Prophetstown 1, LLC","SV CSG Prophetstown 1, LLC",False,unmatched - passthrough
Oxford Community Solar LLC,Oxford Community Solar LLC,False,unmatched - passthrough
"Minnesota Solar CSG 1, LLC","Minnesota Solar CSG 1, LLC",False,unmatched - passthrough
"Entegrity Solar LRWRA, LLC","Entegrity Solar LRWRA, LLC",False,unmatched - passthrough
"GLC-(MA) PlymouthSite 1, LLC","GLC-(MA) PlymouthSite 1, LLC",False,unmatched - passthrough
CVE US EI3 Wheatfield LLC,CVE US EI3 Wheatfield LLC,False,unmatched - passthrough
South County Packing,South County Packing,False,unmatched - passthrough
"Solar DG MD Cherry Hill, LLC","Solar DG MD Cherry Hill, LLC",False,unmatched - passthrough
"Maple Street Solar 1, LLC","Maple Street Solar 1, LLC",False,unmatched - passthrough
Chaffey Community College District,Institutional Self-Generation (various),False,rule
Equity Industrial Turbines,Equity Industrial Turbines,False,unmatched - passthrough
CVE US EI7 Belair LLC,CVE US EI7 Belair LLC,False,unmatched - passthrough
"Belchertown Renewables, LLC","Belchertown Renewables, LLC",False,unmatched - passthrough
Hartly Community Energy Initiative LLC,Hartly Community Energy Initiative LLC,False,unmatched - passthrough
"Solar DG NJ BEMS East, LLC","Solar DG NJ BEMS East, LLC",False,unmatched - passthrough
"Redbrook Solar 1, LLC","Redbrook Solar 1, LLC",False,unmatched - passthrough
GRE 314 East Lyme LLC,GRE 314 East Lyme LLC,False,unmatched - passthrough
"Catalyze Newark Solar Farm 2 Microgrid, LLC","Catalyze Newark Solar Farm 2 Microgrid, LLC",False,unmatched - passthrough
"Charlton Solar I, LLC","Charlton Solar I, LLC",False,unmatched - passthrough
LSE Perseus LLC,LSE Perseus LLC,False,unmatched - passthrough
"Lenape Solar II, LLC","Lenape Solar II, LLC",False,unmatched - passthrough
Dayton Power & Light Co,Dayton Power & Light Co,False,unmatched - passthrough
Hecate Energy Blair Road LLC,Hecate Energy,False,rule
"Enfield Solar One, LLC","Enfield Solar One, LLC",False,unmatched - passthrough
Exeter Mills Road Solar LLC,Exeter Mills Road Solar LLC,False,unmatched - passthrough
"McDonough Solar 1, LLC","McDonough Solar 1, LLC",False,unmatched - passthrough
Westford Solar Park,Westford Solar Park,False,unmatched - passthrough
"Fitchburg Renewables, LLC","Fitchburg Renewables, LLC",False,unmatched - passthrough
"Ashley Solar Farm, LLC","Ashley Solar Farm, LLC",False,unmatched - passthrough
Aries Community Solar,Aries Community Solar,False,unmatched - passthrough
"North Palm Springs Investments, LLC","North Palm Springs Investments, LLC",False,unmatched - passthrough
"Catalyze Joliet 1101 Cherry Hill Road Microgrid, LLC","Catalyze Joliet 1101 Cherry Hill Road Microgrid, LLC",False,unmatched - passthrough
Foster Clean Power B LLC,Foster Clean Power B LLC,False,unmatched - passthrough
"Wyman Hill Solar, LLC","Wyman Hill Solar, LLC",False,unmatched - passthrough
Kearsarge Westerly LLC,Kearsarge Westerly LLC,False,unmatched - passthrough
Avon Solar Farm LLC,Avon Solar Farm LLC,False,unmatched - passthrough
Kearsarge Montague LLC,Kearsarge Montague LLC,False,unmatched - passthrough
National Animal Disease Center,National Animal Disease Center,False,unmatched - passthrough
"Forefront Power, LLC","Forefront Power, LLC",False,unmatched - passthrough
ASA Gouverneur NY Solar II LLC,ASA Gouverneur NY Solar II LLC,False,unmatched - passthrough
"SunE P11L Holdings, LLC","SunE P11L Holdings, LLC",False,unmatched - passthrough
"NY Thompson III, LLC","NY Thompson III, LLC",False,unmatched - passthrough
"Nutting Ridge 2023 Parent, LLC","Nutting Ridge 2023 Parent, LLC",False,unmatched - passthrough
"LSE Dorado, LLC","LSE Dorado, LLC",False,unmatched - passthrough
Double J Dairy,Double J Dairy,False,unmatched - passthrough
Delaware Electric Cooperative,Electric Cooperative (various),False,rule
"Nabholz Solar FPS, LLC","Nabholz Solar FPS, LLC",False,unmatched - passthrough
"Generate Community Solar MM IX, LLC","Generate Community Solar MM IX, LLC",False,unmatched - passthrough
"1639 RT 29 Solar 1, LLC","1639 RT 29 Solar 1, LLC",False,unmatched - passthrough
CD US Solar MT 2 LLC,CD US Solar MT 2 LLC,False,unmatched - passthrough
"Morin Solar 2013, LLC","Morin Solar 2013, LLC",False,unmatched - passthrough
"BWC Gibbs Brook, LLC","BWC Gibbs Brook, LLC",False,unmatched - passthrough
"Off Airport Road - West, LLC","Off Airport Road - West, LLC",False,unmatched - passthrough
"Brick Church Solar 1, LLC","Brick Church Solar 1, LLC",False,unmatched - passthrough
"SR Clinch, LLC","SR Clinch, LLC",False,unmatched - passthrough
Chisago Community Solar,Chisago Community Solar,False,unmatched - passthrough
CD US Solar PO 2 LLC,CD US Solar PO 2 LLC,False,unmatched - passthrough
ASD Three Rivers Road MA Solar LLC,ASD Three Rivers Road MA Solar LLC,False,unmatched - passthrough
Cokato Holdco LLC,Cokato Holdco LLC,False,unmatched - passthrough
"Route 14A CDG Solar North and South, LLC","Route 14A CDG Solar North and South, LLC",False,unmatched - passthrough
"AZ-REA 2021 Solar Holdings ME, LLC","AZ-REA 2021 Solar Holdings ME, LLC",False,unmatched - passthrough
GCC Trident LLC,GCC Trident LLC,False,unmatched - passthrough
"BWC East Brook, LLC","BWC East Brook, LLC",False,unmatched - passthrough
"POET Biorefining-Hanlontown, LLC","POET Biorefining-Hanlontown, LLC",False,unmatched - passthrough
Patheon Manufacturing Service LLC,Patheon Manufacturing Service LLC,False,unmatched - passthrough
"6140 Route 209 - North, LLC","6140 Route 209 - North, LLC",False,unmatched - passthrough
Frankfort Solar Farm LLC,Frankfort Solar Farm LLC,False,unmatched - passthrough
White Brook Renewables LLC,White Brook Renewables LLC,False,unmatched - passthrough
"Syncarpha Bondsville, LLC","Syncarpha Bondsville, LLC",False,unmatched - passthrough
"United Power, Inc","United Power, Inc",False,unmatched - passthrough
"Luminace Solar Federal, LLC","Luminace Solar Federal, LLC",False,unmatched - passthrough
"Pine Island Holdco, LLC","Pine Island Holdco, LLC",False,unmatched - passthrough
Nationwide Solar Energy LLC,Nationwide Solar Energy LLC,False,unmatched - passthrough
"Marie's Way Solar I, LLC","Marie's Way Solar I, LLC",False,unmatched - passthrough
POET Bioprocessing- Mitchell,POET Bioprocessing- Mitchell,False,unmatched - passthrough
Telyon AMZ Windsor LLC,Telyon AMZ Windsor LLC,False,unmatched - passthrough
"Hadley 3 Solar, LLC (North)","Hadley 3 Solar, LLC (North)",False,unmatched - passthrough
"POET Biorefining - North Manchester, LLC","POET Biorefining - North Manchester, LLC",False,unmatched - passthrough
"ABC Coke - Drummond Co, Inc","ABC Coke - Drummond Co, Inc",False,unmatched - passthrough
Eastern Maine Medical Center,Institutional Self-Generation (various),False,rule
"SRC Partnership 3, LLC","SRC Partnership 3, LLC",False,unmatched - passthrough
"POET Biorefining Caro, LLC","POET Biorefining Caro, LLC",False,unmatched - passthrough
Maryland Environmental Service,Maryland Environmental Service,False,unmatched - passthrough
Marion Solar LLC,Marion Solar LLC,False,unmatched - passthrough
"Solitude Solar New Hartford Oxford Microgrid, LLC","Solitude Solar New Hartford Oxford Microgrid, LLC",False,unmatched - passthrough
Central Michigan University,Institutional Self-Generation (various),False,rule
"MA CS Dighton, LLC","MA CS Dighton, LLC",False,unmatched - passthrough
"DG Amaze New Jersey, LLC","DG Amaze New Jersey, LLC",False,unmatched - passthrough
Avidan Energy Solutions,Avidan Energy Solutions,False,unmatched - passthrough
"Rensselaer 2 Solar Array, LLC","Rensselaer 2 Solar Array, LLC",False,unmatched - passthrough
DOCCS Midstate,DOCCS Midstate,False,unmatched - passthrough
LSE Pisces LLC,LSE Pisces LLC,False,unmatched - passthrough
Limestone CSG 1 LLC,Limestone CSG 1 LLC,False,unmatched - passthrough
"Community Renewables, LLC","Community Renewables, LLC",False,unmatched - passthrough
"SB-REA 2021 Solar Holdings, LLC","SB-REA 2021 Solar Holdings, LLC",False,unmatched - passthrough
Kearsarge SKSC1 LLC,Kearsarge SKSC1 LLC,False,unmatched - passthrough
"Tides Lane Solar, LLC","Tides Lane Solar, LLC",False,unmatched - passthrough
DOCCS Greenhaven,DOCCS Greenhaven,False,unmatched - passthrough
Solar Mission SunE LLC,Solar Mission SunE LLC,False,unmatched - passthrough
Colonial Pipeline Company,Colonial Pipeline Company,False,unmatched - passthrough
Shell Chemical LP,Industrial Self-Generation (various),False,rule
"Solar DG NJ Brookdale, LLC","Solar DG NJ Brookdale, LLC",False,unmatched - passthrough
"Dresser Hill Solar, LLC","Dresser Hill Solar, LLC",False,unmatched - passthrough
Kearsarge Ludlow LLC,Kearsarge Ludlow LLC,False,unmatched - passthrough
Cincinnati Zoo & Botanical Garden,Cincinnati Zoo & Botanical Garden,False,unmatched - passthrough
POET Biorefining - Hudson,POET Biorefining - Hudson,False,unmatched - passthrough
"Limelight Solar III, LLC","Limelight Solar III, LLC",False,unmatched - passthrough
Wolf Solar LLC,Wolf Solar LLC,False,unmatched - passthrough
"Montague Road Solar, LLC","Montague Road Solar, LLC",False,unmatched - passthrough
"Clear Solar Holding, LLC","Clear Solar Holding, LLC",False,unmatched - passthrough
CES Agawam Tuckahoe Solar LLC,CES Agawam Tuckahoe Solar LLC,False,unmatched - passthrough
"Syncarpha Northampton, LLC","Syncarpha Northampton, LLC",False,unmatched - passthrough
"POET Biorefining - Alexandria, LLC.","POET Biorefining - Alexandria, LLC.",False,unmatched - passthrough
"EF NY CDG 010, LLC","EF NY CDG 010, LLC",False,unmatched - passthrough
Ameresco San Joaquin Solar LLC,Ameresco San Joaquin Solar LLC,False,unmatched - passthrough
Dow Jones & Co,Dow Jones & Co,False,unmatched - passthrough
ME Sandy River LLC,ME Sandy River LLC,False,unmatched - passthrough
"Fresh Air Energy XV, LLC","Fresh Air Energy XV, LLC",False,unmatched - passthrough
Poet Bioprocessing Emmetsburg,Poet Bioprocessing Emmetsburg,False,unmatched - passthrough
California Family Foods,California Family Foods,False,unmatched - passthrough
"SR Panola III, LLC","SR Panola III, LLC",False,unmatched - passthrough
"Gilead Farm, LLC","Gilead Farm, LLC",False,unmatched - passthrough
Central Contra Costa Sanitary District,Central Contra Costa Sanitary District,False,unmatched - passthrough
Sun E N7 Holdings LLC,Sun E N7 Holdings LLC,False,unmatched - passthrough
NY USLE Rome Rome-Oriskany LLC,NY USLE Rome Rome-Oriskany LLC,False,unmatched - passthrough
1519 Crandall Road LLC,1519 Crandall Road LLC,False,unmatched - passthrough
"ELP Kipp Solar, LLC","ELP Kipp Solar, LLC",False,unmatched - passthrough
"Niagara Depot Solar, LLC","Niagara Depot Solar, LLC",False,unmatched - passthrough
Butte-Glenn Community College District,Institutional Self-Generation (various),False,rule
Valta Energy,Valta Energy,False,unmatched - passthrough
"Acton H Road Solar 1, LLC","Acton H Road Solar 1, LLC",False,unmatched - passthrough
Fostoria Ethanol,Fostoria Ethanol,False,unmatched - passthrough
"Catalyze Breesport Road Microgrid, LLC","Catalyze Breesport Road Microgrid, LLC",False,unmatched - passthrough
"SR Warren, LLC","SR Warren, LLC",False,unmatched - passthrough
"GLC-(CA) Edwards AFB,LLC","GLC-(CA) Edwards AFB,LLC",False,unmatched - passthrough
"TPE RI WA1, LLC","TPE RI WA1, LLC",False,unmatched - passthrough
"SSC Lysander, LLC","SSC Lysander, LLC",False,unmatched - passthrough
Sequoia 1b Tenantco,Sequoia 1b Tenantco,False,unmatched - passthrough
Janssen Pharmaceutical Co,Janssen Pharmaceutical Co,False,unmatched - passthrough
"SR Kersey, LLC","SR Kersey, LLC",False,unmatched - passthrough
Novel-OYA Six LLP,Novel-OYA Six LLP,False,unmatched - passthrough
Prairie Horizon Agri Energy LLC,Prairie Horizon Agri Energy LLC,False,unmatched - passthrough
"RPNY Solar 1, LLC","RPNY Solar 1, LLC",False,unmatched - passthrough
Rak 2 Solar LLC,Rak 2 Solar LLC,False,unmatched - passthrough
"POET Biorefining - Leipsic, LLC","POET Biorefining - Leipsic, LLC",False,unmatched - passthrough
POET Biorefining - Portland,POET Biorefining - Portland,False,unmatched - passthrough
"Montrose Solar, LLC","Montrose Solar, LLC",False,unmatched - passthrough
Kaweah Delta Hospital,Institutional Self-Generation (various),False,rule
"Lawrence Creek Solar, LLC","Lawrence Creek Solar, LLC",False,unmatched - passthrough
RMQ Ventures LLC,RMQ Ventures LLC,False,unmatched - passthrough
"Rattlesnake Power, LLC","Rattlesnake Power, LLC",False,unmatched - passthrough
"Bird Machine Solar Farm, LLC","Bird Machine Solar Farm, LLC",False,unmatched - passthrough
"Arcadia Solar, LLC","Arcadia Solar, LLC",False,unmatched - passthrough
Marbury Point Solar LLC,Marbury Point Solar LLC,False,unmatched - passthrough
M&M Mars Inc,M&M Mars Inc,False,unmatched - passthrough
"Whitakers Farm, LLC","Whitakers Farm, LLC",False,unmatched - passthrough
Henkel U.S. Operations Corporation,Henkel U.S. Operations Corporation,False,unmatched - passthrough
US Space Force,US Space Force,False,unmatched - passthrough
Concord New Energy,Concord New Energy,False,unmatched - passthrough
"Emerald Hills Holdings, LLC","Emerald Hills Holdings, LLC",False,unmatched - passthrough
Brookfield (GGP),Brookfield Renewable,True,rule
"Denver Airport Solar, LLC","Denver Airport Solar, LLC",False,unmatched - passthrough
"Autoliv ASP, Inc.","Autoliv ASP, Inc.",False,unmatched - passthrough
Mt Wachusett Community College,Institutional Self-Generation (various),False,rule
"TPE RI WA2, LLC","TPE RI WA2, LLC",False,unmatched - passthrough
"AR Solar, LLC","AR Solar, LLC",False,unmatched - passthrough
"Belafonte Farm, LLC","Belafonte Farm, LLC",False,unmatched - passthrough
Dept of Corrections NCCI Wind,Dept of Corrections NCCI Wind,False,unmatched - passthrough
WEB Brookfield Solar LLC,Brookfield Renewable,True,rule
Metropolitan Pier and Exposition Auth,Metropolitan Pier and Exposition Auth,False,unmatched - passthrough
Easton CSG 1 LLC,Easton CSG 1 LLC,False,unmatched - passthrough
Whitethorn Solar LLC,Whitethorn Solar LLC,False,unmatched - passthrough
State Correctnl Inst Laurel Highlands,State Correctnl Inst Laurel Highlands,False,unmatched - passthrough
City of Las Vegas - (NV),Municipal / Public Utility (various),False,rule
Sunrise on West Main Rd. LLC,Sunrise on West Main Rd. LLC,False,unmatched - passthrough
NY CDG Oneida 2 LLC,NY CDG Oneida 2 LLC,False,unmatched - passthrough
NY USLE Carthage SR26 B LLC,NY USLE Carthage SR26 B LLC,False,unmatched - passthrough
"Luminace Solar Arizona, LLC","Luminace Solar Arizona, LLC",False,unmatched - passthrough
"SR Bolivar, LLC","SR Bolivar, LLC",False,unmatched - passthrough
"SR Christiana, LLC","SR Christiana, LLC",False,unmatched - passthrough
ASA DeKalb NY Solar III LLC,ASA DeKalb NY Solar III LLC,False,unmatched - passthrough
"Wagon Trail, LLC","Wagon Trail, LLC",False,unmatched - passthrough
"Partridgeville Road Solar 1, LLC","Partridgeville Road Solar 1, LLC",False,unmatched - passthrough
Town of Princeton - (MA),Municipal / Public Utility (various),False,rule
"Lenox Renewables, LLC","Lenox Renewables, LLC",False,unmatched - passthrough
Abundant Solar Power Inc.,Abundant Solar Power Inc.,False,unmatched - passthrough
"Livermore Falls CSG, LLC","Livermore Falls CSG, LLC",False,unmatched - passthrough
"Hecate Energy West Newberry, LLC",Hecate Energy,False,rule
Kearsarge Amesbury LLC,Kearsarge Amesbury LLC,False,unmatched - passthrough
AstraZeneca Pharmaceuticals,AstraZeneca Pharmaceuticals,False,unmatched - passthrough
Western Massachusetts Electric Company,Western Massachusetts Electric Company,False,unmatched - passthrough
Tooele Army Depot,Tooele Army Depot,False,unmatched - passthrough
"Foundation CA Fund VI Owner, LLC","Foundation CA Fund VI Owner, LLC",False,unmatched - passthrough
"Whaling Solar, LLC","Whaling Solar, LLC",False,unmatched - passthrough
"8500 Balboa PV, LLC","8500 Balboa PV, LLC",False,unmatched - passthrough
"Tell City 2 Solar Array, LLC","Tell City 2 Solar Array, LLC",False,unmatched - passthrough
"Luminace Solar Maryland II, LLC","Luminace Solar Maryland II, LLC",False,unmatched - passthrough
Randolf Solar Partners LLC,Randolf Solar Partners LLC,False,unmatched - passthrough
Tucci Energy Services,Tucci Energy Services,False,unmatched - passthrough
Breakthru Beverage,Breakthru Beverage,False,unmatched - passthrough
"Catalyze Oxnard 2600 Sakioka Drive Microgrid, LLC","Catalyze Oxnard 2600 Sakioka Drive Microgrid, LLC",False,unmatched - passthrough
Carleton College,Institutional Self-Generation (various),False,rule
Metropolitan Airports Commission,Metropolitan Airports Commission,False,unmatched - passthrough
Avalon Dairy,Avalon Dairy,False,unmatched - passthrough
"Solar Star Coastal Pirate, LLC","Solar Star Coastal Pirate, LLC",False,unmatched - passthrough
County of Santa Clara - (CA),County of Santa Clara - (CA),False,unmatched - passthrough
ASD Cotuit MA Solar LLC,ASD Cotuit MA Solar LLC,False,unmatched - passthrough
"DG Dighton, LLC","DG Dighton, LLC",False,unmatched - passthrough
"SR Houston Holdings, LLC","SR Houston Holdings, LLC",False,unmatched - passthrough
Valley Sun Solar LLC,Valley Sun Solar LLC,False,unmatched - passthrough
"Syncarpha Taos I, LLC","Syncarpha Taos I, LLC",False,unmatched - passthrough
"Macys Corporate Services, Inc","Macys Corporate Services, Inc",False,unmatched - passthrough
Kearsarge SKSC2 LLC,Kearsarge SKSC2 LLC,False,unmatched - passthrough
Hecate Energy Upshur Rural LLC,Hecate Energy,False,rule
SoCore 2017 ProjectCo-NM6 LLC,SoCore 2017 ProjectCo-NM6 LLC,False,unmatched - passthrough
Audrey Solar LLC,Audrey Solar LLC,False,unmatched - passthrough
RockTenn-Battle Creek Mill,RockTenn-Battle Creek Mill,False,unmatched - passthrough
"Greene County GA S1, LLC","Greene County GA S1, LLC",False,unmatched - passthrough
"MN CSG 2, LLC","MN CSG 2, LLC",False,unmatched - passthrough
Verde Light Community Solar LLC,Verde Light Community Solar LLC,False,unmatched - passthrough
"Green Light FIT 2, LLC","Green Light FIT 2, LLC",False,unmatched - passthrough
"Green Providence Wind II, LLC","Green Providence Wind II, LLC",False,unmatched - passthrough
AMP MA Dudley,AMP MA Dudley,False,unmatched - passthrough
"Foster Clean Power A, LLC","Foster Clean Power A, LLC",False,unmatched - passthrough
Quichapa 2 LLC,Quichapa 2 LLC,False,unmatched - passthrough
Quichapa 3 LLC,Quichapa 3 LLC,False,unmatched - passthrough
RE Dillard 2 LLC,RE Dillard 2 LLC,False,unmatched - passthrough
Ameresco BWC Wading River LLC,Ameresco BWC Wading River LLC,False,unmatched - passthrough
"Integrys MA Solar, LLC","Integrys MA Solar, LLC",False,unmatched - passthrough
"Hartz Solar, LLC","Hartz Solar, LLC",False,unmatched - passthrough
"RPCA Solar 7, LLC","RPCA Solar 7, LLC",False,unmatched - passthrough
"RP Napa Solar 3, LLC","RP Napa Solar 3, LLC",False,unmatched - passthrough
"RP Napa Solar 1, LLC","RP Napa Solar 1, LLC",False,unmatched - passthrough
Orion Community Solar,Orion Community Solar,False,unmatched - passthrough
Wildcat I Energy Storage LLC,Wildcat I Energy Storage LLC,False,unmatched - passthrough
Amethyst Solar LLC,Amethyst Solar LLC,False,unmatched - passthrough
"Howard Lane Solar, LLC","Howard Lane Solar, LLC",False,unmatched - passthrough
"Southern Sky Renewable Energy Berkley, LLC","Southern Sky Renewable Energy Berkley, LLC",False,unmatched - passthrough
Quichapa 1 LLC,Quichapa 1 LLC,False,unmatched - passthrough
IMG Energy Solutions,IMG Energy Solutions,False,unmatched - passthrough
"Meriwether County GA S1, LLC","Meriwether County GA S1, LLC",False,unmatched - passthrough
"UPC Power Asset Management, LLC","UPC Power Asset Management, LLC",False,unmatched - passthrough
"Moncure Farm, LLC","Moncure Farm, LLC",False,unmatched - passthrough
RE Dillard 3 LLC,RE Dillard 3 LLC,False,unmatched - passthrough
RE Dillard LLC,RE Dillard LLC,False,unmatched - passthrough
"Polk County GA S1, LLC","Polk County GA S1, LLC",False,unmatched - passthrough
University of Michigan NCampus Research,Institutional Self-Generation (various),False,rule
"SR Brownsville, LLC","SR Brownsville, LLC",False,unmatched - passthrough
ASA DeKalb NY Solar II LLC,ASA DeKalb NY Solar II LLC,False,unmatched - passthrough
Morgan Community Solar,Morgan Community Solar,False,unmatched - passthrough
Argo Navis Community Solar,Argo Navis Community Solar,False,unmatched - passthrough
"Solar Holdings 2023 I, LLC","Solar Holdings 2023 I, LLC",False,unmatched - passthrough
"Minnesota Solar CSG 21, LLC","Minnesota Solar CSG 21, LLC",False,unmatched - passthrough
"Citizens Solar Holdings V, LLC","Citizens Solar Holdings V, LLC",False,unmatched - passthrough
WakeSun LLC,WakeSun LLC,False,unmatched - passthrough
CHI NV Solar LLC,CHI NV Solar LLC,False,unmatched - passthrough
"Findlay Wind 25, LLC","Findlay Wind 25, LLC",False,unmatched - passthrough
"Solar Integrated Fund V, LLC","Solar Integrated Fund V, LLC",False,unmatched - passthrough
"Citizens Solar Holdings II MA, LLC","Citizens Solar Holdings II MA, LLC",False,unmatched - passthrough
Walton Solar,Walton Solar,False,unmatched - passthrough
Wabasha Holdco LLC,Wabasha Holdco LLC,False,unmatched - passthrough
"WED Shun I, LLC","WED Shun I, LLC",False,unmatched - passthrough
"Belvedere Solar, LLC","Belvedere Solar, LLC",False,unmatched - passthrough
RV CSU Power II LLC,RV CSU Power II LLC,False,unmatched - passthrough
Crater Community Solar,Crater Community Solar,False,unmatched - passthrough
Michelangelo Wind 3 LLC,Michelangelo Wind 3 LLC,False,unmatched - passthrough
"Arcadia Community Solar, LLC","Arcadia Community Solar, LLC",False,unmatched - passthrough
Ware Palmer Road Solar LLC,Ware Palmer Road Solar LLC,False,unmatched - passthrough
"NSF Marshall Site 3, LLC","NSF Marshall Site 3, LLC",False,unmatched - passthrough
"Safari Energy, LLC","Safari Energy, LLC",False,unmatched - passthrough
National Bank of Arizona,National Bank of Arizona,False,unmatched - passthrough
"Mound Solar Owner X, LLC","Mound Solar Owner X, LLC",False,unmatched - passthrough
"Murray County GA S1, LLC","Murray County GA S1, LLC",False,unmatched - passthrough
Sealed Air Corporation,Sealed Air Corporation,False,unmatched - passthrough
Dos Palos Clean Power LLC,Dos Palos Clean Power LLC,False,unmatched - passthrough
Lyra Community Solar,Lyra Community Solar,False,unmatched - passthrough
Mapleton Community Solar,Mapleton Community Solar,False,unmatched - passthrough
Bluebird Solar LLC,Bluebird Solar LLC,False,unmatched - passthrough
"WED Plainfield, LLC","WED Plainfield, LLC",False,unmatched - passthrough
"DG Central 1, LLC","DG Central 1, LLC",False,unmatched - passthrough
"Sunny Templeton, LLC","Sunny Templeton, LLC",False,unmatched - passthrough
"Granby Solar, LLC","Granby Solar, LLC",False,unmatched - passthrough
"Ocean State BTM, LLC","Ocean State BTM, LLC",False,unmatched - passthrough
"WED Shun III, LLC","WED Shun III, LLC",False,unmatched - passthrough
"SunE Solar XVII Project 1, LLC","SunE Solar XVII Project 1, LLC",False,unmatched - passthrough
"Minnesota Solar CSG 4, LLC","Minnesota Solar CSG 4, LLC",False,unmatched - passthrough
"SunE Solar XVII Project 2, LLC","SunE Solar XVII Project 2, LLC",False,unmatched - passthrough
"SunE Solar XVII Project 3, LLC","SunE Solar XVII Project 3, LLC",False,unmatched - passthrough
SunE DB24 LLC,SunE DB24 LLC,False,unmatched - passthrough
United Therapeutics Corporation,United Therapeutics Corporation,False,unmatched - passthrough
"RPNY Solar 6, LLC","RPNY Solar 6, LLC",False,unmatched - passthrough
"Ware County GA S1, LLC","Ware County GA S1, LLC",False,unmatched - passthrough
Goldfinch (Lakeland),Goldfinch (Lakeland),False,unmatched - passthrough
"WED Shun II, LLC","WED Shun II, LLC",False,unmatched - passthrough
"Hayes Solar, LLC","Hayes Solar, LLC",False,unmatched - passthrough
"Crown Solar Center, LLC","Crown Solar Center, LLC",False,unmatched - passthrough
Croton Solar LLC,Croton Solar LLC,False,unmatched - passthrough
"Sherburne Solar Holdings, LLC","Sherburne Solar Holdings, LLC",False,unmatched - passthrough
"WED Plainfield III, LLC","WED Plainfield III, LLC",False,unmatched - passthrough
"WED Plainfield II, LLC","WED Plainfield II, LLC",False,unmatched - passthrough
"WED Green Hill, LLC","WED Green Hill, LLC",False,unmatched - passthrough
Aeolus Wind LLC,Aeolus Wind LLC,False,unmatched - passthrough
"WED Coventry Seven, LLC","WED Coventry Seven, LLC",False,unmatched - passthrough
"Chapman Creek Solar, LLC","Chapman Creek Solar, LLC",False,unmatched - passthrough
"Solar Acquisition 2023 II, LLC","Solar Acquisition 2023 II, LLC",False,unmatched - passthrough
Sunrise on Blandford Rd. LLC,Sunrise on Blandford Rd. LLC,False,unmatched - passthrough
KDC Solar Master Tenant 2011 LLC,KDC Solar Master Tenant 2011 LLC,False,unmatched - passthrough
"Haywood Solar, SMLLC","Haywood Solar, SMLLC",False,unmatched - passthrough
"SL Jamestown, LLC","SL Jamestown, LLC",False,unmatched - passthrough
"SEPV Cuyama, LLC","SEPV Cuyama, LLC",False,unmatched - passthrough
Chisago Holdco LLC,Chisago Holdco LLC,False,unmatched - passthrough
Orange & Rockland Utils Inc,Orange & Rockland Utils Inc,False,unmatched - passthrough
City of Geneseo - (IL),Municipal / Public Utility (various),False,rule
"Martin Creek Farm, LLC","Martin Creek Farm, LLC",False,unmatched - passthrough
"Minnesota Solar CSG 8, LLC","Minnesota Solar CSG 8, LLC",False,unmatched - passthrough
Minnie Solar LLC,Minnie Solar LLC,False,unmatched - passthrough
Costco Wholesale,Costco Wholesale,False,unmatched - passthrough
Antares Community Solar,Antares Community Solar,False,unmatched - passthrough
Metropolitan Water District of S CA,Metropolitan Water District of S CA,False,unmatched - passthrough
"PVN Milliken, LLC","PVN Milliken, LLC",False,unmatched - passthrough
ODT Solar LLC,ODT Solar LLC,False,unmatched - passthrough
OL Elk Grove Trust,OL Elk Grove Trust,False,unmatched - passthrough
"OneEnergy, Inc.","OneEnergy, Inc.",False,unmatched - passthrough
"Apex Eagle Creek, LLC","Apex Eagle Creek, LLC",False,unmatched - passthrough
Arkalon Ethanol LLC,Arkalon Ethanol LLC,False,unmatched - passthrough
Hampden Landfill Solar LLC,Hampden Landfill Solar LLC,False,unmatched - passthrough
"Luminace Solar Rhode Island, LLC","Luminace Solar Rhode Island, LLC",False,unmatched - passthrough
ENGIE Generation North America LLC,Engie North America,True,rule
"Summit Solar, LLC","Summit Solar, LLC",False,unmatched - passthrough
Depot Park Solar Farm,Depot Park Solar Farm,False,unmatched - passthrough
"Southeastern Solar Farm Fund, LLC","Southeastern Solar Farm Fund, LLC",False,unmatched - passthrough
Lime Wind LLC,Lime Wind LLC,False,unmatched - passthrough
"Central Antelope Dry Ranch B, LLC","Central Antelope Dry Ranch B, LLC",False,unmatched - passthrough
Fairhaven Wind LLC,Fairhaven Wind LLC,False,unmatched - passthrough
Gemini Community Solar,Gemini Community Solar,False,unmatched - passthrough
DG Haverhill LLC,DG Haverhill LLC,False,unmatched - passthrough
"Prologis, L.P.","Prologis, L.P.",False,unmatched - passthrough
Knouse Food Cooperative Inc,Electric Cooperative (various),False,rule
"CalCity Solar 1, LLC","CalCity Solar 1, LLC",False,unmatched - passthrough
Paxton BESS 1 LLC,Paxton BESS 1 LLC,False,unmatched - passthrough
Putah Creek Solar Farms LLC,Putah Creek Solar Farms LLC,False,unmatched - passthrough
PSEG Solar Source,PSEG Group,False,rule
ETCAP NES CS MN 06 LLC,ETCAP NES CS MN 06 LLC,False,unmatched - passthrough
Milo Solar LLC,Milo Solar LLC,False,unmatched - passthrough
"Eagle Creek Madison Hydro, LLC","Eagle Creek Madison Hydro, LLC",False,unmatched - passthrough
"299F2M WHAM8 Solar, LLC","299F2M WHAM8 Solar, LLC",False,unmatched - passthrough
Pilot Rock Solar 2 LLC,Pilot Rock Solar 2 LLC,False,unmatched - passthrough
President & Trustees of Williams College,Institutional Self-Generation (various),False,rule
"3104 Batavia Solar, LLC","3104 Batavia Solar, LLC",False,unmatched - passthrough
Wonderful Orchards LLC,Wonderful Orchards LLC,False,unmatched - passthrough
"GL Merced 2, LLC","GL Merced 2, LLC",False,unmatched - passthrough
Phelan Solar LLC,Phelan Solar LLC,False,unmatched - passthrough
"Fresh Air Energy XXIX, LLC","Fresh Air Energy XXIX, LLC",False,unmatched - passthrough
"Yadkin 601 Farm, LLC","Yadkin 601 Farm, LLC",False,unmatched - passthrough
"Franklin County GA S1, LLC","Franklin County GA S1, LLC",False,unmatched - passthrough
Todd A.Stoller Living Trust,Todd A.Stoller Living Trust,False,unmatched - passthrough
ST TOTAL Strong Solar Statutory Trust,ST TOTAL Strong Solar Statutory Trust,False,unmatched - passthrough
"Anderson 5 Solar Array, LLC","Anderson 5 Solar Array, LLC",False,unmatched - passthrough
Verizon Communications,Verizon Communications,False,unmatched - passthrough
Limestone CSG 2 LLC,Limestone CSG 2 LLC,False,unmatched - passthrough
Lindberg Field Solar I LLC,Lindberg Field Solar I LLC,False,unmatched - passthrough
State of CA DGS BPM,State of CA DGS BPM,False,unmatched - passthrough
"California PV Energy 3, LLC","California PV Energy 3, LLC",False,unmatched - passthrough
"10701 Seymour Ave East, LLC","10701 Seymour Ave East, LLC",False,unmatched - passthrough
"SolAmerica Energy, LLC","SolAmerica Energy, LLC",False,unmatched - passthrough
Ventura Solar LLC,Ventura Solar LLC,False,unmatched - passthrough
Dixie Creek Dairy,Dixie Creek Dairy,False,unmatched - passthrough
City and County of Honolulu,City and County of Honolulu,False,unmatched - passthrough
"Entegrity Solar WRMC, LLC","Entegrity Solar WRMC, LLC",False,unmatched - passthrough
Kearsarge Bellingham LLC,Kearsarge Bellingham LLC,False,unmatched - passthrough
NY USLE Copenhagen CR194 LLC,NY USLE Copenhagen CR194 LLC,False,unmatched - passthrough
"Bernards Solar, LLC","Bernards Solar, LLC",False,unmatched - passthrough
Westmont Solar II,Westmont Solar II,False,unmatched - passthrough
RTC Properties Inc,RTC Properties Inc,False,unmatched - passthrough
"REUT Origination, LLC","REUT Origination, LLC",False,unmatched - passthrough
Sun Pacific Shippers LP,Sun Pacific Shippers LP,False,unmatched - passthrough
"South Street Solar, LLC","South Street Solar, LLC",False,unmatched - passthrough
Live Oak Banking Company,Live Oak Banking Company,False,unmatched - passthrough
"Boutillier Solar, LLC","Boutillier Solar, LLC",False,unmatched - passthrough
"Iron Horse Solar 1, LLC","Iron Horse Solar 1, LLC",False,unmatched - passthrough
South Maui Renewable Resources LLC,South Maui Renewable Resources LLC,False,unmatched - passthrough
Hep Cardinalbird Holding LLC,Hep Cardinalbird Holding LLC,False,unmatched - passthrough
"Luminace Solar Georgia 2, LLC","Luminace Solar Georgia 2, LLC",False,unmatched - passthrough
Sunlight General Morris Solar LLC,Sunlight General Morris Solar LLC,False,unmatched - passthrough
National Raisin,National Raisin,False,unmatched - passthrough
Ku'ia Solar LLC,Ku'ia Solar LLC,False,unmatched - passthrough
Bravo REC Management LLC,Bravo REC Management LLC,False,unmatched - passthrough
NRG Energy Center Eagles LLC,NRG Energy Group,False,rule
MaxSolar,MaxSolar,False,unmatched - passthrough
"Rotor Clip Company, Inc.","Rotor Clip Company, Inc.",False,unmatched - passthrough
ME Fort Fairfield LLC,ME Fort Fairfield LLC,False,unmatched - passthrough
"Entegrity Solar UA AG, LLC","Entegrity Solar UA AG, LLC",False,unmatched - passthrough
Kearsarge Haverhill LLC,Kearsarge Haverhill LLC,False,unmatched - passthrough
"Syncarpha Tewksbury, LLC","Syncarpha Tewksbury, LLC",False,unmatched - passthrough
"Greenfield Solar Project, LLC","Greenfield Solar Project, LLC",False,unmatched - passthrough
"Entegrity Solar SWU 2, LLC","Entegrity Solar SWU 2, LLC",False,unmatched - passthrough
"Linkville Solar, LLC","Linkville Solar, LLC",False,unmatched - passthrough
CVI CleanCapital Solar 6,CVI CleanCapital Solar 6,False,unmatched - passthrough
"UGI Energy Services, LLC","UGI Energy Services, LLC",False,unmatched - passthrough
"GLC-(MA) Acushnet - High Hill, LLC","GLC-(MA) Acushnet - High Hill, LLC",False,unmatched - passthrough
"ISM Solar Dighton 3, LLC","ISM Solar Dighton 3, LLC",False,unmatched - passthrough
"RPNY Solar 4, LLC","RPNY Solar 4, LLC",False,unmatched - passthrough
The Joan Turnure 2010 Irrevocable Trust,The Joan Turnure 2010 Irrevocable Trust,False,unmatched - passthrough
"Hickson Solar, LLC","Hickson Solar, LLC",False,unmatched - passthrough
Waverly Municipal Elec Utility - (IA),Municipal / Public Utility (various),False,rule
"Bulloch County GA S1, LLC","Bulloch County GA S1, LLC",False,unmatched - passthrough
"Rio Vista Executive Boat & RV Storage, LLC","Rio Vista Executive Boat & RV Storage, LLC",False,unmatched - passthrough
Pocono International Raceway Inc,Pocono International Raceway Inc,False,unmatched - passthrough
"Western Plains Wind, LLC","Western Plains Wind, LLC",False,unmatched - passthrough
Salmon Brook Solar LLC,Salmon Brook Solar LLC,False,unmatched - passthrough
Holyoke Solar LLC,Holyoke Solar LLC,False,unmatched - passthrough
Waterford Holdco LLC,Waterford Holdco LLC,False,unmatched - passthrough
"Putnam County GA S1, LLC","Putnam County GA S1, LLC",False,unmatched - passthrough
"California PV Energy 2, LLC","California PV Energy 2, LLC",False,unmatched - passthrough
GRE Fund 4 SMF1,GRE Fund 4 SMF1,False,unmatched - passthrough
"NY Hanover, LLC","NY Hanover, LLC",False,unmatched - passthrough
"Rounseville Solar 1, LLC","Rounseville Solar 1, LLC",False,unmatched - passthrough
"C2 MA Lakeville, LLC","C2 MA Lakeville, LLC",False,unmatched - passthrough
Taubman,Taubman,False,unmatched - passthrough
"Epic Hosting, LLC","Epic Hosting, LLC",False,unmatched - passthrough
Nome Joint Utility Systems,Nome Joint Utility Systems,False,unmatched - passthrough
Danell Brothers Inc.,Danell Brothers Inc.,False,unmatched - passthrough
JPMorgan Chase Bank,Financial Tax-Equity Owner (various),False,rule
"Google, Inc.","Google, Inc.",False,unmatched - passthrough
California Dept of Corrections,California Dept of Corrections,False,unmatched - passthrough
"PowerFin ASL 1, LLC","PowerFin ASL 1, LLC",False,unmatched - passthrough
Norwalk Hospital,Institutional Self-Generation (various),False,rule
Haleon PLC,Haleon PLC,False,unmatched - passthrough
Netflix Studios,Netflix Studios,False,unmatched - passthrough
Rockford Solar Partners,Rockford Solar Partners,False,unmatched - passthrough
"Syncarpha Leicester, LLC","Syncarpha Leicester, LLC",False,unmatched - passthrough
"Clayfield Solar, LLC","Clayfield Solar, LLC",False,unmatched - passthrough
Waterford Solar LLC,Waterford Solar LLC,False,unmatched - passthrough
"Thunderhead Solar, LLC","Thunderhead Solar, LLC",False,unmatched - passthrough
BWC Box Pond LLC,BWC Box Pond LLC,False,unmatched - passthrough
Arizona State University FDM,Institutional Self-Generation (various),False,rule
Sunrise on Wing Ln. LLC,Sunrise on Wing Ln. LLC,False,unmatched - passthrough
Spencer Landfill Solar LLC,Spencer Landfill Solar LLC,False,unmatched - passthrough
Lincoln Electric Company,Lincoln Electric Company,False,unmatched - passthrough
Plumas Sierra Rural Electric Coop,Electric Cooperative (various),False,rule
"Cuba 2.5ac, LLC","Cuba 2.5ac, LLC",False,unmatched - passthrough
Chattanooga Metropolitan Airport,Chattanooga Metropolitan Airport,False,unmatched - passthrough
Onyx Renewables LLC,Onyx Renewables LLC,False,unmatched - passthrough
"THD NJ Riverview Main Distribution Center Solar Project 2020, LLC","THD NJ Riverview Main Distribution Center Solar Project 2020, LLC",False,unmatched - passthrough
"Skyway 2023 Parent, LLC","Skyway 2023 Parent, LLC",False,unmatched - passthrough
"Buckner Creek Solar, LLC","Buckner Creek Solar, LLC",False,unmatched - passthrough
"Gun Club Solar, LLC","Gun Club Solar, LLC",False,unmatched - passthrough
"CBC Alternative Energy, LLC","CBC Alternative Energy, LLC",False,unmatched - passthrough
"Nobleboro Solar Holdings, LLC","Nobleboro Solar Holdings, LLC",False,unmatched - passthrough
Sunrise on Drift Rd. LLC,Sunrise on Drift Rd. LLC,False,unmatched - passthrough
Sol Orchard San Diego 22 LLC,Sol Orchard San Diego 22 LLC,False,unmatched - passthrough
Zena Solar LLC,Zena Solar LLC,False,unmatched - passthrough
"Carnes Creek Solar, LLC","Carnes Creek Solar, LLC",False,unmatched - passthrough
"Williams Acres Solar, LLC","Williams Acres Solar, LLC",False,unmatched - passthrough
"1639 RT 29 Solar 2, LLC","1639 RT 29 Solar 2, LLC",False,unmatched - passthrough
"Polk County Renewables, LLC","Polk County Renewables, LLC",False,unmatched - passthrough
"BKV Barnett, LLC","BKV Barnett, LLC",False,unmatched - passthrough
"Gas City Solar Array, LLC","Gas City Solar Array, LLC",False,unmatched - passthrough
"LSE Sculptor, LLC","LSE Sculptor, LLC",False,unmatched - passthrough
Hopkinton Industrial Park LLC,Hopkinton Industrial Park LLC,False,unmatched - passthrough
Palmer Solar LLC,Palmer Solar LLC,False,unmatched - passthrough
Baltimore Gas & Electric Co,Baltimore Gas & Electric Co,False,unmatched - passthrough
"Cosper Creek Solar, LLC","Cosper Creek Solar, LLC",False,unmatched - passthrough
Cuming County Renewables. LLC,Cuming County Renewables. LLC,False,unmatched - passthrough
"REG Juhl Glenville Wind, LLC","REG Juhl Glenville Wind, LLC",False,unmatched - passthrough
"Easthampton Park Solar 1, LLC","Easthampton Park Solar 1, LLC",False,unmatched - passthrough
"Colton Solar One, LLC","Colton Solar One, LLC",False,unmatched - passthrough
"Mt Hope Solar, LLC","Mt Hope Solar, LLC",False,unmatched - passthrough
"CleanLight Energy, LLC","CleanLight Energy, LLC",False,unmatched - passthrough
"Granville Solar, LLC","Granville Solar, LLC",False,unmatched - passthrough
Goya Foods Inc.,Goya Foods Inc.,False,unmatched - passthrough
Regents of the University of Minnesota,Institutional Self-Generation (various),False,rule
Morton Salt Inc,Morton Salt Inc,False,unmatched - passthrough
Cox Enterprises,Cox Enterprises,False,unmatched - passthrough
"SR Franklin, LLC","SR Franklin, LLC",False,unmatched - passthrough
Sonoco Products Co,Sonoco Products Co,False,unmatched - passthrough
"SR Forked Deer, LLC","SR Forked Deer, LLC",False,unmatched - passthrough
Walton Electric Member Corp,Walton Electric Member Corp,False,unmatched - passthrough
Citizens Solar Holdings LLC,Citizens Solar Holdings LLC,False,unmatched - passthrough
Otter River Road Solar LLC,Otter River Road Solar LLC,False,unmatched - passthrough
"Maine DG Solar Augusta, LLC","Maine DG Solar Augusta, LLC",False,unmatched - passthrough
"Sesqui-C Solar, LLC","Sesqui-C Solar, LLC",False,unmatched - passthrough
"Scooby Solar, LLC","Scooby Solar, LLC",False,unmatched - passthrough
Kirkwood Community College,Institutional Self-Generation (various),False,rule
Small Mouth Bass Solar Partners LLC,Small Mouth Bass Solar Partners LLC,False,unmatched - passthrough
Kearsarge Granby LLC,Kearsarge Granby LLC,False,unmatched - passthrough
Kearsarge Montague BD LLC,Kearsarge Montague BD LLC,False,unmatched - passthrough
"Peterson Road Solar, LLC","Peterson Road Solar, LLC",False,unmatched - passthrough
TIG Sun Energy I LLC,TIG Sun Energy I LLC,False,unmatched - passthrough
Scandia CSG LLC,Scandia CSG LLC,False,unmatched - passthrough
"Mars Hill Road Solar Farm, LLC","Mars Hill Road Solar Farm, LLC",False,unmatched - passthrough
"ESNJ-PLD-EDISON6, LLC","ESNJ-PLD-EDISON6, LLC",False,unmatched - passthrough
Contango Oil and Gas,Contango Oil and Gas,False,unmatched - passthrough
"PCSP3 Airport, LLC","PCSP3 Airport, LLC",False,unmatched - passthrough
Generate NY Community Solar Lessor II,Generate NY Community Solar Lessor II,False,unmatched - passthrough
NFI Solar LLC,NFI Solar LLC,False,unmatched - passthrough
"Munich Reinsurance America, Inc","Munich Reinsurance America, Inc",False,unmatched - passthrough
"ESCA-PLD-TRACY4, LLC","ESCA-PLD-TRACY4, LLC",False,unmatched - passthrough
Merrimack Solar Farm,Merrimack Solar Farm,False,unmatched - passthrough
PUD No 1 of Snohomish County - (WA),Municipal / Public Utility (various),False,rule
POM Wonderful LLC,POM Wonderful LLC,False,unmatched - passthrough
"EG2 Kemble Holdings, LLC","EG2 Kemble Holdings, LLC",False,unmatched - passthrough
"Delanco Coopertown Rd Solar 2, LLC","Delanco Coopertown Rd Solar 2, LLC",False,unmatched - passthrough
Jemez Cuba LLC,Jemez Cuba LLC,False,unmatched - passthrough
"Solar Star 1969, LLC","Solar Star 1969, LLC",False,unmatched - passthrough
"Lake Street 2022 Parent, LLC","Lake Street 2022 Parent, LLC",False,unmatched - passthrough
LSE Centaurus LLC,LSE Centaurus LLC,False,unmatched - passthrough
"Continental Divide Solar I, LLC","Continental Divide Solar I, LLC",False,unmatched - passthrough
West Shore Solar LLC,West Shore Solar LLC,False,unmatched - passthrough
Elk Street Solar LLC,Elk Street Solar LLC,False,unmatched - passthrough
Pier Van Der Hoek,Pier Van Der Hoek,False,unmatched - passthrough
Kearsarge Fogland LLC,Kearsarge Fogland LLC,False,unmatched - passthrough
"ADP Boulevard Solar Project 2021, LLC","ADP Boulevard Solar Project 2021, LLC",False,unmatched - passthrough
GRE Fund 4 LGB3 LLC,GRE Fund 4 LGB3 LLC,False,unmatched - passthrough
GRE Fund 4 LGB6,GRE Fund 4 LGB6,False,unmatched - passthrough
Ameresco Glendale Road Solar PV LLC,Ameresco Glendale Road Solar PV LLC,False,unmatched - passthrough
Smithfield Solar Farm,Smithfield Solar Farm,False,unmatched - passthrough
"Walpole Solar 2, LLC","Walpole Solar 2, LLC",False,unmatched - passthrough
Chabot Las Positas Community College District,Institutional Self-Generation (various),False,rule
"SR Trenton, LLC","SR Trenton, LLC",False,unmatched - passthrough
"Crawfordsville 4 Solar Array, LLC","Crawfordsville 4 Solar Array, LLC",False,unmatched - passthrough
Orchard Knob Solar LLC,Orchard Knob Solar LLC,False,unmatched - passthrough
"SunE W12DG-B, LLC","SunE W12DG-B, LLC",False,unmatched - passthrough
"Antelope Creek Solar, LLC","Antelope Creek Solar, LLC",False,unmatched - passthrough
"Catalyze University Park Central Ave Microgrid, LLC",Institutional Self-Generation (various),False,rule
"SunE Solar XV Lessor, LLC","SunE Solar XV Lessor, LLC",False,unmatched - passthrough
Nautilus Solar WPU LLC,Nautilus Solar WPU LLC,False,unmatched - passthrough
"REC SHW, LLC","REC SHW, LLC",False,unmatched - passthrough
CF Jersey Gardens Owner Two LLC,CF Jersey Gardens Owner Two LLC,False,unmatched - passthrough
Solar Mission Sunstone US LLC,Solar Mission Sunstone US LLC,False,unmatched - passthrough
USS Cattail Solar LLC,USS Cattail Solar LLC,False,unmatched - passthrough
Fuel Cell Energy,Fuel Cell Energy,False,unmatched - passthrough
KDC Solar GG LLC,KDC Solar GG LLC,False,unmatched - passthrough
950th Sun 2 LLC,950th Sun 2 LLC,False,unmatched - passthrough
Wonderful Nurseries LLC,Wonderful Nurseries LLC,False,unmatched - passthrough
"Pedernales Electric Coop, Inc",Electric Cooperative (various),False,rule
"Ameresco, Inc - GELD","Ameresco, Inc - GELD",False,unmatched - passthrough
"Silicon Hills Campus, LLC","Silicon Hills Campus, LLC",False,unmatched - passthrough
Farm Credit Leasing Service Corp,Farm Credit Leasing Service Corp,False,unmatched - passthrough
Steel Bridge Solar. LLC,Steel Bridge Solar. LLC,False,unmatched - passthrough
"GLC-(MA) Ludlow, LLC","GLC-(MA) Ludlow, LLC",False,unmatched - passthrough
City of Algona - (IA),Municipal / Public Utility (various),False,rule
Downing Parkway Solar LLC,Downing Parkway Solar LLC,False,unmatched - passthrough
"Lowndes County GA S2, LLC","Lowndes County GA S2, LLC",False,unmatched - passthrough
Bio-Rad USA,Bio-Rad USA,False,unmatched - passthrough
"Somerville Solar, LLC","Somerville Solar, LLC",False,unmatched - passthrough
Sunset Ridge Solar LLC,Sunset Ridge Solar LLC,False,unmatched - passthrough
"Kelly Creek Solar, LLC","Kelly Creek Solar, LLC",False,unmatched - passthrough
California PV Energy LLC,California PV Energy LLC,False,unmatched - passthrough
O'Neill Creek Solar LLC,O'Neill Creek Solar LLC,False,unmatched - passthrough
Chittenden County Solar Partners LLC,Chittenden County Solar Partners LLC,False,unmatched - passthrough
"NY Hanover II, LLC","NY Hanover II, LLC",False,unmatched - passthrough
Claire Solar Partners LLC,Claire Solar Partners LLC,False,unmatched - passthrough
SoCore 2016 ProjectCo-W9 LLC,SoCore 2016 ProjectCo-W9 LLC,False,unmatched - passthrough
"Syncarpha North Adams, LLC","Syncarpha North Adams, LLC",False,unmatched - passthrough
Foxconn,Foxconn,False,unmatched - passthrough
Kale Patch Solar LLC,Kale Patch Solar LLC,False,unmatched - passthrough
"MEVS DOT, LLC","MEVS DOT, LLC",False,unmatched - passthrough
"Limerick Road Solar, LLC","Limerick Road Solar, LLC",False,unmatched - passthrough
Case Creek Solar LLC,Case Creek Solar LLC,False,unmatched - passthrough
"St Louis Solar, LLC","St Louis Solar, LLC",False,unmatched - passthrough
GRE Fund 4 LGB8,GRE Fund 4 LGB8,False,unmatched - passthrough
"Anthony Vineyards, Inc.","Anthony Vineyards, Inc.",False,unmatched - passthrough
"DG Camden, LLC","DG Camden, LLC",False,unmatched - passthrough
Redwood Coast Energy Authority,Redwood Coast Energy Authority,False,unmatched - passthrough
"Solitude Solar Russell County Rd 21 Microgrid, LLC","Solitude Solar Russell County Rd 21 Microgrid, LLC",False,unmatched - passthrough
"Coventry Photovoltaic, LLC","Coventry Photovoltaic, LLC",False,unmatched - passthrough
United Illuminating Co,United Illuminating Co,False,unmatched - passthrough
Monroe Solar LLC,Monroe Solar LLC,False,unmatched - passthrough
"Wadesboro Farm 4, LLC","Wadesboro Farm 4, LLC",False,unmatched - passthrough
"Louis Solar II, LLC","Louis Solar II, LLC",False,unmatched - passthrough
"Thomas Creek Solar, LLC","Thomas Creek Solar, LLC",False,unmatched - passthrough
"Red Prairie Solar, LLC","Red Prairie Solar, LLC",False,unmatched - passthrough
Ballston Solar LLC,Ballston Solar LLC,False,unmatched - passthrough
ERWR Whitcomb Farm Solar LLC,ERWR Whitcomb Farm Solar LLC,False,unmatched - passthrough
Rafael Solar LLC,Rafael Solar LLC,False,unmatched - passthrough
"Cranberry Highway Solar, LLC","Cranberry Highway Solar, LLC",False,unmatched - passthrough
Labish Solar LLC,Labish Solar LLC,False,unmatched - passthrough
IKEA Property Inc,IKEA Property Inc,False,unmatched - passthrough
"SSC Oswego, LLC","SSC Oswego, LLC",False,unmatched - passthrough
Boring Solar LLC,Boring Solar LLC,False,unmatched - passthrough
Anaheim Public Utilities,Anaheim Public Utilities,False,unmatched - passthrough
"ESNY-RT-ELMSFORD, LLC","ESNY-RT-ELMSFORD, LLC",False,unmatched - passthrough
"Luminace Solar Holding, LLC","Luminace Solar Holding, LLC",False,unmatched - passthrough
"MSS Energy Holdings, LLC (d.b.a. Calibrant Energy)","MSS Energy Holdings, LLC (d.b.a. Calibrant Energy)",False,unmatched - passthrough
Superior Almond Hulling,Superior Almond Hulling,False,unmatched - passthrough
HF Sinclair Parco Refining LLC,HF Sinclair Parco Refining LLC,False,unmatched - passthrough
Nova I Solar Fund LLC,Nova I Solar Fund LLC,False,unmatched - passthrough
Prologis Logistics Services Incorporated,Prologis Logistics Services Incorporated,False,unmatched - passthrough
"Burlingame Solar, LLC","Burlingame Solar, LLC",False,unmatched - passthrough
Cargill Salt Hersey,Cargill Salt Hersey,False,unmatched - passthrough
Federated Rural Electric Assn,Federated Rural Electric Assn,False,unmatched - passthrough
"OE IL Solar 3, LLC","OE IL Solar 3, LLC",False,unmatched - passthrough
OK Produce,OK Produce,False,unmatched - passthrough
"Vermilion Solar 1, LLC","Vermilion Solar 1, LLC",False,unmatched - passthrough
"Vickers Farm, LLC","Vickers Farm, LLC",False,unmatched - passthrough
"Viking Solar, LLC","Viking Solar, LLC",False,unmatched - passthrough
"Champepadan Wind Power Partners, LLC","Champepadan Wind Power Partners, LLC",False,unmatched - passthrough
Ridge Farm Solar 1 LLC,Ridge Farm Solar 1 LLC,False,unmatched - passthrough
"Bullhead Solar, LLC","Bullhead Solar, LLC",False,unmatched - passthrough
"Ridgeback Solar, LLC","Ridgeback Solar, LLC",False,unmatched - passthrough
"Changeup Solar, LLC","Changeup Solar, LLC",False,unmatched - passthrough
"One Ten Partners, LLC","One Ten Partners, LLC",False,unmatched - passthrough
"Olney Solar II, LLC","Olney Solar II, LLC",False,unmatched - passthrough
"Olmstead Solar II, LLC","Olmstead Solar II, LLC",False,unmatched - passthrough
"Redmon Solar Farm, LLC","Redmon Solar Farm, LLC",False,unmatched - passthrough
Red Toad Powatan Phase 2 LLC,Red Toad Powatan Phase 2 LLC,False,unmatched - passthrough
"Red Toad 315 Vinson Road, LLC","Red Toad 315 Vinson Road, LLC",False,unmatched - passthrough
"CMR Solar, LLC","CMR Solar, LLC",False,unmatched - passthrough
Bunge North America East LLC,Bunge North America East LLC,False,unmatched - passthrough
"Lower Road III, LLC","Lower Road III, LLC",False,unmatched - passthrough
"Lower Road II, LLC","Lower Road II, LLC",False,unmatched - passthrough
Solar Star California II LLC,Solar Star California II LLC,False,unmatched - passthrough
Lukuc B Community Solar LLC,Lukuc B Community Solar LLC,False,unmatched - passthrough
LSE Canis Major LLC,LSE Canis Major LLC,False,unmatched - passthrough
LSE Canes Venatici LLC,LSE Canes Venatici LLC,False,unmatched - passthrough
"LE Corona Austrina, LLC","LE Corona Austrina, LLC",False,unmatched - passthrough
Delphinus Community Solar,Delphinus Community Solar,False,unmatched - passthrough
LSE Lepus LLC,LSE Lepus LLC,False,unmatched - passthrough
LSE Indus LLC,LSE Indus LLC,False,unmatched - passthrough
LSE Delphinus LLC,LSE Delphinus LLC,False,unmatched - passthrough
"Gore Mountain Solar II, LLC","Gore Mountain Solar II, LLC",False,unmatched - passthrough
Kent School Road Solar 1,Kent School Road Solar 1,False,unmatched - passthrough
"BA Leasing BSC, LLC","BA Leasing BSC, LLC",False,unmatched - passthrough
Sol Orchard San Diego 20 LLC,Sol Orchard San Diego 20 LLC,False,unmatched - passthrough
"Renewable Energy Alternatives, LLC","Renewable Energy Alternatives, LLC",False,unmatched - passthrough
"Old Frontier Solar III PV, LLC","Old Frontier Solar III PV, LLC",False,unmatched - passthrough
"Ogburn Solar, LLC","Ogburn Solar, LLC",False,unmatched - passthrough
Oberlin College,Institutional Self-Generation (various),False,rule
Grabinski Solar LLC,Grabinski Solar LLC,False,unmatched - passthrough
City of Fredonia - (KS),Municipal / Public Utility (various),False,rule
"Vulcan Solar, LLC","Vulcan Solar, LLC",False,unmatched - passthrough
"Ahern Community Solar I, LLC","Ahern Community Solar I, LLC",False,unmatched - passthrough
LSE Coma Berenices LLC,LSE Coma Berenices LLC,False,unmatched - passthrough
"FFP MD Freeland Project1, LLC","FFP MD Freeland Project1, LLC",False,unmatched - passthrough
Green Street Carolinas LLC,Green Street Carolinas LLC,False,unmatched - passthrough
Groton BESS 1 LLC,Groton BESS 1 LLC,False,unmatched - passthrough
"Griffin Road Solar, LLC","Griffin Road Solar, LLC",False,unmatched - passthrough
"Adams Solar SC, LLC","Adams Solar SC, LLC",False,unmatched - passthrough
Slate Hill Solar LLC,Slate Hill Solar LLC,False,unmatched - passthrough
SoCore 2016 ProjectCo-W10 LLC,SoCore 2016 ProjectCo-W10 LLC,False,unmatched - passthrough
"Snow Hill Solar 2, LLC","Snow Hill Solar 2, LLC",False,unmatched - passthrough
Soboba Band of Luiseno Indians,Soboba Band of Luiseno Indians,False,unmatched - passthrough
SoCore Clovis 1 LLC,SoCore Clovis 1 LLC,False,unmatched - passthrough
"DG Harlem, LLC","DG Harlem, LLC",False,unmatched - passthrough
"Dodds Solar, LLC","Dodds Solar, LLC",False,unmatched - passthrough
"Syncarpha Massachusetts, LLC","Syncarpha Massachusetts, LLC",False,unmatched - passthrough
"Syncarpha Hancock II, LLC","Syncarpha Hancock II, LLC",False,unmatched - passthrough
"Kaiser Creek Solar, LLC","Kaiser Creek Solar, LLC",False,unmatched - passthrough
"Syncarpha Still River, LLC","Syncarpha Still River, LLC",False,unmatched - passthrough
Kankakee Solar 4 LLC,Kankakee Solar 4 LLC,False,unmatched - passthrough
"Kankakee County IL S1, LLC","Kankakee County IL S1, LLC",False,unmatched - passthrough
Sidney Sugars Incorporated,Sidney Sugars Incorporated,False,unmatched - passthrough
"Neisler Street Solar I, LLC","Neisler Street Solar I, LLC",False,unmatched - passthrough
"Route 76 Boone Solar 1, LLC","Route 76 Boone Solar 1, LLC",False,unmatched - passthrough
"Brookfield Solar 2013, LLC",Brookfield Renewable,True,rule
"Syncarpha Hancock I, LLC","Syncarpha Hancock I, LLC",False,unmatched - passthrough
"Renewable Properties, LLC","Renewable Properties, LLC",False,unmatched - passthrough
DG Linden New Jersey LLC,DG Linden New Jersey LLC,False,unmatched - passthrough
"DG Illinois Solar, LLC","DG Illinois Solar, LLC",False,unmatched - passthrough
"Solar Integrated Fund VI, LLC","Solar Integrated Fund VI, LLC",False,unmatched - passthrough
DG Foxborough Elm LLC,DG Foxborough Elm LLC,False,unmatched - passthrough
DG Florham Park Solar LLC,DG Florham Park Solar LLC,False,unmatched - passthrough
"Solar DG IL 4, LLC","Solar DG IL 4, LLC",False,unmatched - passthrough
Solar DG IL 3 LLC,Solar DG IL 3 LLC,False,unmatched - passthrough
"Solar DG IL 2, LLC","Solar DG IL 2, LLC",False,unmatched - passthrough
"Bay4 Energy Services, LLC","Bay4 Energy Services, LLC",False,unmatched - passthrough
"Nexamp Peak, LLC",Nexamp,False,rule
"Kinston Solar, LLC","Kinston Solar, LLC",False,unmatched - passthrough
"Kern A Community Solar, LLC","Kern A Community Solar, LLC",False,unmatched - passthrough
Keeversville Solar Energy Center LLC,Keeversville Solar Energy Center LLC,False,unmatched - passthrough
Kearsarge SW LLC,Kearsarge SW LLC,False,unmatched - passthrough
"MMPS1, LLC","MMPS1, LLC",False,unmatched - passthrough
CCC Solar Holdings LLC,CCC Solar Holdings LLC,False,unmatched - passthrough
"Rockford Solar, LLC","Rockford Solar, LLC",False,unmatched - passthrough
"Rockford CS 2, LLC","Rockford CS 2, LLC",False,unmatched - passthrough
"Rockford CS 1, LLC","Rockford CS 1, LLC",False,unmatched - passthrough
Rockford Baxter Rd Holdco LLC CSG,Rockford Baxter Rd Holdco LLC CSG,False,unmatched - passthrough
"NextGrid Cliffrose, LLC","NextGrid Cliffrose, LLC",False,unmatched - passthrough
"Kish Solar, LLC","Kish Solar, LLC",False,unmatched - passthrough
GRE Fund III Projectco 3 LLC,GRE Fund III Projectco 3 LLC,False,unmatched - passthrough
"ARE-RP Woodsdale, LLC","ARE-RP Woodsdale, LLC",False,unmatched - passthrough
Weaver Solar,Weaver Solar,False,unmatched - passthrough
AU Solar 1 LLC,AU Solar 1 LLC,False,unmatched - passthrough
ATOOD Solar III LLC,ATOOD Solar III LLC,False,unmatched - passthrough
GenE Solar I LLC,GenE Solar I LLC,False,unmatched - passthrough
"Geddes 2 Solar, LLC","Geddes 2 Solar, LLC",False,unmatched - passthrough
"Geddes 1 Solar, LLC","Geddes 1 Solar, LLC",False,unmatched - passthrough
"Gala Solar, LLC","Gala Solar, LLC",False,unmatched - passthrough
"ISM Solar Dighton 2, LLC","ISM Solar Dighton 2, LLC",False,unmatched - passthrough
Washingtonville Solar LLC,Washingtonville Solar LLC,False,unmatched - passthrough
"IL Sidney Project1, LLC","IL Sidney Project1, LLC",False,unmatched - passthrough
Town of Stafford - (CT),Municipal / Public Utility (various),False,rule
"Incom Solar, LLC","Incom Solar, LLC",False,unmatched - passthrough
"Township Road 215 Solar Project 2021, LLC","Township Road 215 Solar Project 2021, LLC",False,unmatched - passthrough
"Anderson Solar Farm, LLC","Anderson Solar Farm, LLC",False,unmatched - passthrough
"Coldwater Solar, LLC","Coldwater Solar, LLC",False,unmatched - passthrough
SV CSG Gardner 1 LLC,SV CSG Gardner 1 LLC,False,unmatched - passthrough
"McHenry Franks IL S2, LLC","McHenry Franks IL S2, LLC",False,unmatched - passthrough
"McHenry Franks IL S1, LLC","McHenry Franks IL S1, LLC",False,unmatched - passthrough
Blue Hen Wind,Blue Hen Wind,False,unmatched - passthrough
Blue Goose Solar,Blue Goose Solar,False,unmatched - passthrough
"IL West Hallock Project1, LLC","IL West Hallock Project1, LLC",False,unmatched - passthrough
Putah Creek Solar Farm LLC,Putah Creek Solar Farm LLC,False,unmatched - passthrough
"Panda Solar NC 9, LLC","Panda Solar NC 9, LLC",False,unmatched - passthrough
Acorn I Energy Storage LLC,Acorn I Energy Storage LLC,False,unmatched - passthrough
"Westerlo NY 1, LLC","Westerlo NY 1, LLC",False,unmatched - passthrough
West Tambo Clean Power II,West Tambo Clean Power II,False,unmatched - passthrough
BWC Bass River LLC,BWC Bass River LLC,False,unmatched - passthrough
"Stoneheart Solar, LLC     ","Stoneheart Solar, LLC",False,unmatched - passthrough
"Leyline Renewable Energy, LLC","Leyline Renewable Energy, LLC",False,unmatched - passthrough
Lena Solar 1 LLC,Lena Solar 1 LLC,False,unmatched - passthrough
"Long John Solar, LLC","Long John Solar, LLC",False,unmatched - passthrough
Generate NY Community Solar I,Generate NY Community Solar I,False,unmatched - passthrough
"Long Plain Solar, LLC","Long Plain Solar, LLC",False,unmatched - passthrough
"Bani Solar, LLC","Bani Solar, LLC",False,unmatched - passthrough
Limelight Solar II LLC,Limelight Solar II LLC,False,unmatched - passthrough
"Lilly Hills Holding, LLC","Lilly Hills Holding, LLC",False,unmatched - passthrough
Sullivan B Community Solar LLC,Sullivan B Community Solar LLC,False,unmatched - passthrough
"SunE Coalinga SH Owner, LLC","SunE Coalinga SH Owner, LLC",False,unmatched - passthrough
"Lake Region Community Hybrid, LLC","Lake Region Community Hybrid, LLC",False,unmatched - passthrough
PSEG Solar Hackettstown LLC,PSEG Group,False,rule
"Catalyze Sunnyvale 367 Long Creek Road Microgrid, LLC","Catalyze Sunnyvale 367 Long Creek Road Microgrid, LLC",False,unmatched - passthrough
"Palombo Solar, LLC","Palombo Solar, LLC",False,unmatched - passthrough
"Gilbert Solar Facility I, LLC","Gilbert Solar Facility I, LLC",False,unmatched - passthrough
Los Alamos County - (NM),Los Alamos County - (NM),False,unmatched - passthrough
"SunE DB42, LLC","SunE DB42, LLC",False,unmatched - passthrough
Solar DG MD Ten Oaks LLC,Solar DG MD Ten Oaks LLC,False,unmatched - passthrough
OwnSolar,OwnSolar,False,unmatched - passthrough
"Chester Woods Point Solar, LLC","Chester Woods Point Solar, LLC",False,unmatched - passthrough
"Cattail Solar, LLC","Cattail Solar, LLC",False,unmatched - passthrough
Catawba Solar LLC,Catawba Solar LLC,False,unmatched - passthrough
"RPSC Solar 7, LLC","RPSC Solar 7, LLC",False,unmatched - passthrough
"RPSC Solar 5, LLC","RPSC Solar 5, LLC",False,unmatched - passthrough
"RPSC Solar 3, LLC","RPSC Solar 3, LLC",False,unmatched - passthrough
"CSG Mt. Morris 2, LLC","CSG Mt. Morris 2, LLC",False,unmatched - passthrough
"Samoset Solar, LLC","Samoset Solar, LLC",False,unmatched - passthrough
"RP Napa Solar 2, LLC","RP Napa Solar 2, LLC",False,unmatched - passthrough
"Citizens Solar Holdings III, LLC","Citizens Solar Holdings III, LLC",False,unmatched - passthrough
Fey Windfarm LLC,Fey Windfarm LLC,False,unmatched - passthrough
"Wachusett Solar, LLC","Wachusett Solar, LLC",False,unmatched - passthrough
Golden Springs Development Company LLC,Golden Springs Development Company LLC,False,unmatched - passthrough
"Ward Solar Holdings, LLC","Ward Solar Holdings, LLC",False,unmatched - passthrough
"Wappinger 9D Solar, LLC","Wappinger 9D Solar, LLC",False,unmatched - passthrough
"Walden NY 1, LLC","Walden NY 1, LLC",False,unmatched - passthrough
"Brockelman Road Solar 2, LLC","Brockelman Road Solar 2, LLC",False,unmatched - passthrough
Washington Solar II (SC),Washington Solar II (SC),False,unmatched - passthrough
Wash. DC Department of General Services,Wash. DC Department of General Services,False,unmatched - passthrough
"REA Investments, LLC","REA Investments, LLC",False,unmatched - passthrough
"Interchange Solar, LLC","Interchange Solar, LLC",False,unmatched - passthrough
Iroquois Solar 1B LLC,Iroquois Solar 1B LLC,False,unmatched - passthrough
"ESNJ-PLD-NEWARK1, LLC","ESNJ-PLD-NEWARK1, LLC",False,unmatched - passthrough
"Tower Road Solar, LLC","Tower Road Solar, LLC",False,unmatched - passthrough
TotalEnergies Renewables USA LLC,TotalEnergies,True,rule
Tofteland Windfarm LLC,Tofteland Windfarm LLC,False,unmatched - passthrough
IGS Solar LLC,IGS Solar LLC,False,unmatched - passthrough
"AES Griggs Solar, LLC",AES Wind Generation,True,rule
"SRC P9 - Lena Solar, LLC","SRC P9 - Lena Solar, LLC",False,unmatched - passthrough
"SR White Pine, LLC","SR White Pine, LLC",False,unmatched - passthrough
"2662 Freeport Solar 1, LLC","2662 Freeport Solar 1, LLC",False,unmatched - passthrough
"Somonauk Road Solar 1, LLC","Somonauk Road Solar 1, LLC",False,unmatched - passthrough
"7th Road Solar 1, LLC (Briscoe 1A)","7th Road Solar 1, LLC (Briscoe 1A)",False,unmatched - passthrough
"Woodlawn Solar II, LLC","Woodlawn Solar II, LLC",False,unmatched - passthrough
"Woodfields Solar, LLC","Woodfields Solar, LLC",False,unmatched - passthrough
"Gardner Solar 1, LLC","Gardner Solar 1, LLC",False,unmatched - passthrough
LSE Pictor LLC,LSE Pictor LLC,False,unmatched - passthrough
LSE Phoenix LLC,LSE Phoenix LLC,False,unmatched - passthrough
LSE Ophiuchus LLC,LSE Ophiuchus LLC,False,unmatched - passthrough
"Luminace Solar Illinois 2, LLC","Luminace Solar Illinois 2, LLC",False,unmatched - passthrough
"Little Falls Solar 1, LLC","Little Falls Solar 1, LLC",False,unmatched - passthrough
Little Falls Solar,Little Falls Solar,False,unmatched - passthrough
DP57 LLC,DP57 LLC,False,unmatched - passthrough
"7th Road Solar 2, LLC (Briscoe 2A)","7th Road Solar 2, LLC (Briscoe 2A)",False,unmatched - passthrough
"SR Skylark B, LLC","SR Skylark B, LLC",False,unmatched - passthrough
"Middletown NY 1, LLC","Middletown NY 1, LLC",False,unmatched - passthrough
Cortland Solar 2 LLC,Cortland Solar 2 LLC,False,unmatched - passthrough
Trona Solar III LLC,Trona Solar III LLC,False,unmatched - passthrough
"Angola Solar, LLC","Angola Solar, LLC",False,unmatched - passthrough
US Army Fort Bragg,US Army Fort Bragg,False,unmatched - passthrough
"East Wayne Solar, LLC","East Wayne Solar, LLC",False,unmatched - passthrough
"Bowden Solar, LLC","Bowden Solar, LLC",False,unmatched - passthrough
SRC Partnership 14 LLC,SRC Partnership 14 LLC,False,unmatched - passthrough
"SRC Partnership 1, LLC","SRC Partnership 1, LLC",False,unmatched - passthrough
"Ruggirello Solar, LLC","Ruggirello Solar, LLC",False,unmatched - passthrough
"Medusa NY 1, LLC","Medusa NY 1, LLC",False,unmatched - passthrough
GRE Fund 4 SNA7 LLC,GRE Fund 4 SNA7 LLC,False,unmatched - passthrough
"Foundation HA Energy Generation, LLC","Foundation HA Energy Generation, LLC",False,unmatched - passthrough
"631-56 Airport Owner, LLC","631-56 Airport Owner, LLC",False,unmatched - passthrough
42nd Road Solar LLC,42nd Road Solar LLC,False,unmatched - passthrough
"Bashaw Solar 1, LLC","Bashaw Solar 1, LLC",False,unmatched - passthrough
St. Albans Solar Partners,St. Albans Solar Partners,False,unmatched - passthrough
"Spring Street Solar 1, LLC","Spring Street Solar 1, LLC",False,unmatched - passthrough
Spica Community Solar,Spica Community Solar,False,unmatched - passthrough
"Stafford St Solar 1, LLC","Stafford St Solar 1, LLC",False,unmatched - passthrough
"DG Sand Prairie, LLC","DG Sand Prairie, LLC",False,unmatched - passthrough
Mendota US Solar 1 LLC,Mendota US Solar 1 LLC,False,unmatched - passthrough
USS Itasca Clean Energy Solar LLC,USS Itasca Clean Energy Solar LLC,False,unmatched - passthrough
USS Giveback Solar LLC,USS Giveback Solar LLC,False,unmatched - passthrough
Underhill Solar LLC,Underhill Solar LLC,False,unmatched - passthrough
"Sandoval Holdco, LLC","Sandoval Holdco, LLC",False,unmatched - passthrough
"Sampson Solar, LLC","Sampson Solar, LLC",False,unmatched - passthrough
"Sampson Road Solar, LLC","Sampson Road Solar, LLC",False,unmatched - passthrough
Bluestone Solar LLC,Bluestone Solar LLC,False,unmatched - passthrough
Schulte 2 Community Solar,Schulte 2 Community Solar,False,unmatched - passthrough
"Marlow Solar, LLC","Marlow Solar, LLC",False,unmatched - passthrough
"Marlborough Solar, LLC","Marlborough Solar, LLC",False,unmatched - passthrough
Bodega Avenue Solar LLC,Bodega Avenue Solar LLC,False,unmatched - passthrough
"SV CSG Gander Farms 1 A, LLC","SV CSG Gander Farms 1 A, LLC",False,unmatched - passthrough
SV CSG Barrass Farms II LLC,SV CSG Barrass Farms II LLC,False,unmatched - passthrough
SV CSG Baileyville 2 LLC,SV CSG Baileyville 2 LLC,False,unmatched - passthrough
SV CSG Baileyville 1 LLC,SV CSG Baileyville 1 LLC,False,unmatched - passthrough
SV CSG South Dekalb 2 LLC,SV CSG South Dekalb 2 LLC,False,unmatched - passthrough
SV CSG South Dekalb 1 LLC,SV CSG South Dekalb 1 LLC,False,unmatched - passthrough
SV CSG Lily Lake 2 LLC,SV CSG Lily Lake 2 LLC,False,unmatched - passthrough
Mompano,Mompano,False,unmatched - passthrough
"Bonefish Solar, LLC","Bonefish Solar, LLC",False,unmatched - passthrough
Bonanza BioEnergy LLC,Bonanza BioEnergy LLC,False,unmatched - passthrough
Boeve Windfarm LLC,Boeve Windfarm LLC,False,unmatched - passthrough
Custom Farm Systems,Custom Farm Systems,False,unmatched - passthrough
"10601 Seymour Ave East, LLC","10601 Seymour Ave East, LLC",False,unmatched - passthrough
"13 Mile Solar, LLC","13 Mile Solar, LLC",False,unmatched - passthrough
esVolta LP,esVolta,False,rule
"Whiteside Solar 1, LLC","Whiteside Solar 1, LLC",False,unmatched - passthrough
Minisink Solar 2 LLC,Minisink Solar 2 LLC,False,unmatched - passthrough
"Panda Solar NC 11, LLC","Panda Solar NC 11, LLC",False,unmatched - passthrough
"Catalyze Bedford Park 6901 W 65th Street Microgrid, LLC","Catalyze Bedford Park 6901 W 65th Street Microgrid, LLC",False,unmatched - passthrough
"Illinois PV Fulton 1, LLC","Illinois PV Fulton 1, LLC",False,unmatched - passthrough
Fogarty Solar LLC,Fogarty Solar LLC,False,unmatched - passthrough
Windcurrent Farms LLC,Windcurrent Farms LLC,False,unmatched - passthrough
"DG Richmond, LLC","DG Richmond, LLC",False,unmatched - passthrough
Plainfield Solar LLC,Plainfield Solar LLC,False,unmatched - passthrough
"Captain Solar, LLC","Captain Solar, LLC",False,unmatched - passthrough
"Workman Road Solar Farm, LLC","Workman Road Solar Farm, LLC",False,unmatched - passthrough
"Woodlawn Solar, LLC","Woodlawn Solar, LLC",False,unmatched - passthrough
"French Road Solar II, LLC","French Road Solar II, LLC",False,unmatched - passthrough
"Freehold Solar, LLC","Freehold Solar, LLC",False,unmatched - passthrough
"Franklin Solar 2, LLC","Franklin Solar 2, LLC",False,unmatched - passthrough
Form Energy Inc.,Form Energy Inc.,False,unmatched - passthrough
Yolo County of - (CA),Yolo County of - (CA),False,unmatched - passthrough
"Pontiac Solar, LLC","Pontiac Solar, LLC",False,unmatched - passthrough
"Pine Road Solar, LLC","Pine Road Solar, LLC",False,unmatched - passthrough
"AE-ESS Cassel, LLC","AE-ESS Cassel, LLC",False,unmatched - passthrough
Lisbon West,Lisbon West,False,unmatched - passthrough
"DG Tufts Knoll, LLC","DG Tufts Knoll, LLC",False,unmatched - passthrough
Sterling Municipal Light Department - (MA),Municipal / Public Utility (various),False,rule
"Star Blue Holding, LLC","Star Blue Holding, LLC",False,unmatched - passthrough
Caelum Community Solar,Caelum Community Solar,False,unmatched - passthrough
Cabin Creek Solar LLC,Cabin Creek Solar LLC,False,unmatched - passthrough
"Cannonball Solar, LLC","Cannonball Solar, LLC",False,unmatched - passthrough
"Pretzel Solar, LLC","Pretzel Solar, LLC",False,unmatched - passthrough
"Peterman Solar II, LLC","Peterman Solar II, LLC",False,unmatched - passthrough
Pegasus Community Solar,Pegasus Community Solar,False,unmatched - passthrough
"Prophet Solar, LLC","Prophet Solar, LLC",False,unmatched - passthrough
"Wolfcastle Solar, LLC","Wolfcastle Solar, LLC",False,unmatched - passthrough
Pikes Peak Solar Garden 1 LLC,Pikes Peak Solar Garden 1 LLC,False,unmatched - passthrough
"Castalia Solar, LLC","Castalia Solar, LLC",False,unmatched - passthrough
"Panda Solar NC 10, LLC","Panda Solar NC 10, LLC",False,unmatched - passthrough
Centaurus Community Solar,Centaurus Community Solar,False,unmatched - passthrough
"Panda Solar NC 8, LLC","Panda Solar NC 8, LLC",False,unmatched - passthrough
"Panda Solar NC 4, LLC ","Panda Solar NC 4, LLC",False,unmatched - passthrough
"Panda Solar NC 3, LLC","Panda Solar NC 3, LLC",False,unmatched - passthrough
"Panda Solar NC 2, LLC","Panda Solar NC 2, LLC",False,unmatched - passthrough
Westside Assets LLC,Westside Assets LLC,False,unmatched - passthrough
AGA TAG Solar III LLC,AGA TAG Solar III LLC,False,unmatched - passthrough
"Westtown NY 2, LLC","Westtown NY 2, LLC",False,unmatched - passthrough
"Catalyze Bedford Park 7035 W 65th Street Microgrid, LLC","Catalyze Bedford Park 7035 W 65th Street Microgrid, LLC",False,unmatched - passthrough
TPE MD MO33 LLC,TPE MD MO33 LLC,False,unmatched - passthrough
"Augusta Solar, LLC","Augusta Solar, LLC",False,unmatched - passthrough
"Blackwell Test Facility, LLC","Blackwell Test Facility, LLC",False,unmatched - passthrough
SAS Institute Inc,SAS Institute Inc,False,unmatched - passthrough
"NY Liberty II, LLC","NY Liberty II, LLC",False,unmatched - passthrough
"SMS DC CS01B, LLC","SMS DC CS01B, LLC",False,unmatched - passthrough
"SEC LHNY Solar One, LLC","SEC LHNY Solar One, LLC",False,unmatched - passthrough
SE Solar Trust X,SE Solar Trust X,False,unmatched - passthrough
SDGE Batteries,SDGE Batteries,False,unmatched - passthrough
"Hazel Solar, LLC","Hazel Solar, LLC",False,unmatched - passthrough
"Hilltop Power, LLC","Hilltop Power, LLC",False,unmatched - passthrough
"Edwardsville Solar II, LLC","Edwardsville Solar II, LLC",False,unmatched - passthrough
"Alden Road Harvard Solar 1, LLC","Alden Road Harvard Solar 1, LLC",False,unmatched - passthrough
"Harbor Road Solar 1, LLC","Harbor Road Solar 1, LLC",False,unmatched - passthrough
Ameresco Federal Solutions,Ameresco Federal Solutions,False,unmatched - passthrough
"Clay FC, LLC","Clay FC, LLC",False,unmatched - passthrough
Clarkstown Solar LLC,Clarkstown Solar LLC,False,unmatched - passthrough
"Clarendon Solar Farm, LLC","Clarendon Solar Farm, LLC",False,unmatched - passthrough
"MSAP 13, LLC","MSAP 13, LLC",False,unmatched - passthrough
"MS Greenrock, LLC","MS Greenrock, LLC",False,unmatched - passthrough
KDC Solar ACF LLC,KDC Solar ACF LLC,False,unmatched - passthrough
"K-brink Windfarm, LLC","K-brink Windfarm, LLC",False,unmatched - passthrough
Elba Solar LLC,Elba Solar LLC,False,unmatched - passthrough
Runway Solar Farm,Runway Solar Farm,False,unmatched - passthrough
Pilot Rock Solar 1 LLC,Pilot Rock Solar 1 LLC,False,unmatched - passthrough
"Emcore Solar New Mexico, LLC","Emcore Solar New Mexico, LLC",False,unmatched - passthrough
"Upton Solar, LLC","Upton Solar, LLC",False,unmatched - passthrough
HWS Energy Holdings LLC,HWS Energy Holdings LLC,False,unmatched - passthrough
"HGS solar I, LLC","HGS solar I, LLC",False,unmatched - passthrough
Groton BESS 2 LLC,Groton BESS 2 LLC,False,unmatched - passthrough
"Van Buren Solar, LLC","Van Buren Solar, LLC",False,unmatched - passthrough
"Entegrity Solar ACC, LLC","Entegrity Solar ACC, LLC",False,unmatched - passthrough
"Hadley 3 Solar, LLC (South)","Hadley 3 Solar, LLC (South)",False,unmatched - passthrough
"Nostrand Solar, LLC","Nostrand Solar, LLC",False,unmatched - passthrough
"Tannery Road Solar, LLC","Tannery Road Solar, LLC",False,unmatched - passthrough
Sierra Nevada Brewing Co,Sierra Nevada Brewing Co,False,unmatched - passthrough
MEVS LLC,MEVS LLC,False,unmatched - passthrough
ME CDG 005 LLC,ME CDG 005 LLC,False,unmatched - passthrough
ME CDG 004 LLC,ME CDG 004 LLC,False,unmatched - passthrough
MD CDG 002 LLC,MD CDG 002 LLC,False,unmatched - passthrough
MD CDG 001 LLC,MD CDG 001 LLC,False,unmatched - passthrough
Kearsarge East Providence LLC,Kearsarge East Providence LLC,False,unmatched - passthrough
Kearsarge Beverly LLC,Kearsarge Beverly LLC,False,unmatched - passthrough
TPE MD MO32 LLC,TPE MD MO32 LLC,False,unmatched - passthrough
Kearsarge Johnstown 2 LLC,Kearsarge Johnstown 2 LLC,False,unmatched - passthrough
Kearsarge Gill LLC,Kearsarge Gill LLC,False,unmatched - passthrough
Big Spring Solar LLC,Big Spring Solar LLC,False,unmatched - passthrough
Nationwide Life Insurance Company,Nationwide Life Insurance Company,False,unmatched - passthrough
"May Shannon Solar, LLC","May Shannon Solar, LLC",False,unmatched - passthrough
Cross Pollination Inc,Cross Pollination Inc,False,unmatched - passthrough
"Critical Loop, Inc.","Critical Loop, Inc.",False,unmatched - passthrough
"Cream Street Solar, LLC","Cream Street Solar, LLC",False,unmatched - passthrough
"Magdaline Solar, LLC","Magdaline Solar, LLC",False,unmatched - passthrough
Janus Solar Fund LP,Janus Solar Fund LP,False,unmatched - passthrough
"Jack Francis Solar, LLC","Jack Francis Solar, LLC",False,unmatched - passthrough
"JSD Flatwood PV-1, LLC","JSD Flatwood PV-1, LLC",False,unmatched - passthrough
"Dover Solar, LLC","Dover Solar, LLC",False,unmatched - passthrough
KDC Solar CV O'Donnell Property LLC,KDC Solar CV O'Donnell Property LLC,False,unmatched - passthrough
The Hankin Group,The Hankin Group,False,unmatched - passthrough
EDPRNA DG VA Manassas LLC,EDPRNA DG VA Manassas LLC,False,unmatched - passthrough
"Monson Solar, LLC","Monson Solar, LLC",False,unmatched - passthrough
"Clendenin A Community Solar, LLC","Clendenin A Community Solar, LLC",False,unmatched - passthrough
"Morgan Solar 2, LLC","Morgan Solar 2, LLC",False,unmatched - passthrough
Morgan Solar 1b LLC,Morgan Solar 1b LLC,False,unmatched - passthrough
Morgan Solar 1 LLC,Morgan Solar 1 LLC,False,unmatched - passthrough
"Moraine Solar, LLC","Moraine Solar, LLC",False,unmatched - passthrough
"Moulton Wind Power Partners, LLC","Moulton Wind Power Partners, LLC",False,unmatched - passthrough
"Morgan Solar 4, LLC","Morgan Solar 4, LLC",False,unmatched - passthrough
"SR Clarksville, LLC","SR Clarksville, LLC",False,unmatched - passthrough
Jarlene Development LLC,Jarlene Development LLC,False,unmatched - passthrough
KDC Solar CV Central MD Regional Transit LLC,KDC Solar CV Central MD Regional Transit LLC,False,unmatched - passthrough
KDC Solar CV Cedar Lane Park LLC,KDC Solar CV Cedar Lane Park LLC,False,unmatched - passthrough
KDC Solar CV Ascend One LLC,KDC Solar CV Ascend One LLC,False,unmatched - passthrough
KDC Solar CV Animal Control LLC,KDC Solar CV Animal Control LLC,False,unmatched - passthrough
Tedder Solar,Tedder Solar,False,unmatched - passthrough
Ashley Solar (SC),Ashley Solar (SC),False,unmatched - passthrough
Antlia Community Solar,Antlia Community Solar,False,unmatched - passthrough
"TerraForm Solar XVII, LLC",Terraform Power,True,rule
Maui Electric Co Ltd,Maui Electric Co Ltd,False,unmatched - passthrough
Marshall Solar,Marshall Solar,False,unmatched - passthrough
"Segunda Solar II, LLC","Segunda Solar II, LLC",False,unmatched - passthrough
NW Stadium Solar Plant,NW Stadium Solar Plant,False,unmatched - passthrough
"Hendershot Solar, LLC","Hendershot Solar, LLC",False,unmatched - passthrough
Clinton Solar 4 LLC,Clinton Solar 4 LLC,False,unmatched - passthrough
Braintree BESS 1 LLC,Braintree BESS 1 LLC,False,unmatched - passthrough
SPG IL Hurricane Creek Solar LLC,SPG IL Hurricane Creek Solar LLC,False,unmatched - passthrough
SPG IL Brush Creek I Solar LLC,SPG IL Brush Creek I Solar LLC,False,unmatched - passthrough
"Briarwood Solar, LLC","Briarwood Solar, LLC",False,unmatched - passthrough
Brewster,Brewster,False,unmatched - passthrough
National Grid,National Grid Group,False,rule
"Naples Casco Solar 1, LLC","Naples Casco Solar 1, LLC",False,unmatched - passthrough
NY- CSG- Livingston 4,NY- CSG- Livingston 4,False,unmatched - passthrough
NY- CSG- Johnstown 2,NY- CSG- Johnstown 2,False,unmatched - passthrough
"Edison Farm, LLC","Edison Farm, LLC",False,unmatched - passthrough
Alaska Environmental Power,Alaska Environmental Power,False,unmatched - passthrough
"180 Raritan Energy Solutions, LLC","180 Raritan Energy Solutions, LLC",False,unmatched - passthrough
Lockheed Martin Solar System,Lockheed Martin Solar System,False,unmatched - passthrough
"GLC-(MA) Easthampton, LLC","GLC-(MA) Easthampton, LLC",False,unmatched - passthrough
GRE Fund 4 LGB4,GRE Fund 4 LGB4,False,unmatched - passthrough
"FirstLight Power Resources, Inc. - MA","FirstLight Power Resources, Inc. - MA",False,unmatched - passthrough
"Stafford St Solar 2, LLC","Stafford St Solar 2, LLC",False,unmatched - passthrough
"Finger Lakes Solar I, LLC","Finger Lakes Solar I, LLC",False,unmatched - passthrough
Lockheed Martin RMS,Lockheed Martin RMS,False,unmatched - passthrough
"GLC-(MA) Acushnet - Braley Road 1, LLC","GLC-(MA) Acushnet - Braley Road 1, LLC",False,unmatched - passthrough
WEB Brimfield Solar LLC,WEB Brimfield Solar LLC,False,unmatched - passthrough
FRB Solar LLC,FRB Solar LLC,False,unmatched - passthrough
"Farley Road Solar, LLC","Farley Road Solar, LLC",False,unmatched - passthrough
North Kingstown Solar LLC,North Kingstown Solar LLC,False,unmatched - passthrough
"Ware County GA S2, LLC","Ware County GA S2, LLC",False,unmatched - passthrough
"Washburn Solar Holdings, LLC","Washburn Solar Holdings, LLC",False,unmatched - passthrough
RV CSU Power LLC,RV CSU Power LLC,False,unmatched - passthrough
"Lindberg Field Solar 2, LLC","Lindberg Field Solar 2, LLC",False,unmatched - passthrough
Kearsarge Acushnet LLC,Kearsarge Acushnet LLC,False,unmatched - passthrough
"Dudley Solar, LLC","Dudley Solar, LLC",False,unmatched - passthrough
"Anderson Farm, LLC","Anderson Farm, LLC",False,unmatched - passthrough
"ESIL-AL-Melrose, LLC","ESIL-AL-Melrose, LLC",False,unmatched - passthrough
U.S. General Services Administration,U.S. General Services Administration,False,unmatched - passthrough
"SSA Solar of NM 4, LLC","SSA Solar of NM 4, LLC",False,unmatched - passthrough
Montgomery County Solar,Montgomery County Solar,False,unmatched - passthrough
"SCP 7, LLP","SCP 7, LLP",False,unmatched - passthrough
"Solar Star Track Cheverly, LLC","Solar Star Track Cheverly, LLC",False,unmatched - passthrough
"Solar Star Urbana Landfill Central, LLC","Solar Star Urbana Landfill Central, LLC",False,unmatched - passthrough
"Hatfield Renewables, LLC","Hatfield Renewables, LLC",False,unmatched - passthrough
"Solar Star Urbana Landfill East, LLC","Solar Star Urbana Landfill East, LLC",False,unmatched - passthrough
Mount Hope Solar 1 LLC,Mount Hope Solar 1 LLC,False,unmatched - passthrough
Mount Hope Solar 2 LLC,Mount Hope Solar 2 LLC,False,unmatched - passthrough
"Solar Star Prime 6, LLC","Solar Star Prime 6, LLC",False,unmatched - passthrough
"HCE Johnston I, LLC","HCE Johnston I, LLC",False,unmatched - passthrough
"Valentine Wind, LLC","Valentine Wind, LLC",False,unmatched - passthrough
"Enel North America, Inc.",Enel Green Power,True,rule
"Hadley 2 Solar, LLC","Hadley 2 Solar, LLC",False,unmatched - passthrough
Northern Alternative Energy,Northern Alternative Energy,False,unmatched - passthrough
"Solar Star LA County I, LLC","Solar Star LA County I, LLC",False,unmatched - passthrough
"Luminace Solar Massachusetts, LLC","Luminace Solar Massachusetts, LLC",False,unmatched - passthrough
"Bullock Road Solar 1, LLC","Bullock Road Solar 1, LLC",False,unmatched - passthrough
"River Valley Solar, LLC","River Valley Solar, LLC",False,unmatched - passthrough
"Sutton Solar, LLC","Sutton Solar, LLC",False,unmatched - passthrough
MMA DAS Power,MMA DAS Power,False,unmatched - passthrough
"Snowden River Parkway, LLC","Snowden River Parkway, LLC",False,unmatched - passthrough
"Wind GEM, LLC","Wind GEM, LLC",False,unmatched - passthrough
Kearsarge GB LLC,Kearsarge GB LLC,False,unmatched - passthrough
Kearsarge Uxbridge LLC,Kearsarge Uxbridge LLC,False,unmatched - passthrough
"Catalyze Houston Express Lane Microgrid, LLC","Catalyze Houston Express Lane Microgrid, LLC",False,unmatched - passthrough
GES Megaseven LLC,Siemens Gamesa North America,True,rule
"Barton Solar, LLC","Barton Solar, LLC",False,unmatched - passthrough
"Foundation CA Fund VIII Manager, LLC","Foundation CA Fund VIII Manager, LLC",False,unmatched - passthrough
"Cougar Solar, LLC","Cougar Solar, LLC",False,unmatched - passthrough
"Sandy River Solar, LLC","Sandy River Solar, LLC",False,unmatched - passthrough
"EG1 PKI Holdings, LLC","EG1 PKI Holdings, LLC",False,unmatched - passthrough
"Marquam Creek Solar, LLC","Marquam Creek Solar, LLC",False,unmatched - passthrough
"Tickle Creek Solar, LLC","Tickle Creek Solar, LLC",False,unmatched - passthrough
Los Angeles Community College District,Institutional Self-Generation (various),False,rule
"Juhl Clean Energy Assets, Inc.","Juhl Clean Energy Assets, Inc.",False,unmatched - passthrough
"Jessamine Hills Holding, LLC","Jessamine Hills Holding, LLC",False,unmatched - passthrough
SunRay Power LLC,SunRay Power LLC,False,unmatched - passthrough
CU Solar LLC,CU Solar LLC,False,unmatched - passthrough
"REC CSD, LLC","REC CSD, LLC",False,unmatched - passthrough
PFMD LL Baltimore LLC,PFMD LL Baltimore LLC,False,unmatched - passthrough
PPS Berkshire Solar LLC,PPS Berkshire Solar LLC,False,unmatched - passthrough
Finchville Tpke LLC,Finchville Tpke LLC,False,unmatched - passthrough
SunGen Sharon 1 LLC,SunGen Sharon 1 LLC,False,unmatched - passthrough
Two Dot Wind Broadview East LLC,Two Dot Wind Broadview East LLC,False,unmatched - passthrough
"Spencer TGC Westminster, LLC","Spencer TGC Westminster, LLC",False,unmatched - passthrough
"Solar DG CA Long Beach, LLC","Solar DG CA Long Beach, LLC",False,unmatched - passthrough
"Foundation CA Fund IX Manager, LLC","Foundation CA Fund IX Manager, LLC",False,unmatched - passthrough
"Fruitland Creek Solar, LLC","Fruitland Creek Solar, LLC",False,unmatched - passthrough
"Signal Street Operating, LLC","Signal Street Operating, LLC",False,unmatched - passthrough
"August Wind Energy, LLC","August Wind Energy, LLC",False,unmatched - passthrough
Belmar Gateway Solar LLC,Belmar Gateway Solar LLC,False,unmatched - passthrough
"GD Glocester White Oak I, LLC","GD Glocester White Oak I, LLC",False,unmatched - passthrough
LSE Cassiopeia LLC,LSE Cassiopeia LLC,False,unmatched - passthrough
Continental Building Products,Continental Building Products,False,unmatched - passthrough
Birch Power LLC,Birch Power LLC,False,unmatched - passthrough
"Mecklenburg Solar, LLC","Mecklenburg Solar, LLC",False,unmatched - passthrough
Minisink Solar 1 LLC,Minisink Solar 1 LLC,False,unmatched - passthrough
"Ameresco, Inc - Weston","Ameresco, Inc - Weston",False,unmatched - passthrough
Romark Logistics of PA Inc.,Romark Logistics of PA Inc.,False,unmatched - passthrough
Danton XI Solar LLC,Danton XI Solar LLC,False,unmatched - passthrough
"Entegrity Solar El Dorado SD, LLC","Entegrity Solar El Dorado SD, LLC",False,unmatched - passthrough
Newman & Co Inc,Newman & Co Inc,False,unmatched - passthrough
"Roseman Energy, LLC","Roseman Energy, LLC",False,unmatched - passthrough
"Luminace Solar Net Metering, LLC","Luminace Solar Net Metering, LLC",False,unmatched - passthrough
Aegean Drive Solar LLC,Aegean Drive Solar LLC,False,unmatched - passthrough
Hangar 160 LLC,Hangar 160 LLC,False,unmatched - passthrough
"Ashby Solar, LLC","Ashby Solar, LLC",False,unmatched - passthrough
"Dunn Road Solar, LLC","Dunn Road Solar, LLC",False,unmatched - passthrough
Hull Municipal Light Plant - (MA),Municipal / Public Utility (various),False,rule
Open Sky Ranch,Open Sky Ranch,False,unmatched - passthrough
"Stahl Wind Energy, LLC (Longroad)",Longroad Energy,True,rule
"Gilead Sciences, Inc. - La Verne","Gilead Sciences, Inc. - La Verne",False,unmatched - passthrough
"Syncarpha Halifax, LLC","Syncarpha Halifax, LLC",False,unmatched - passthrough
D'Arrigo Brothers,D'Arrigo Brothers,False,unmatched - passthrough
"Terrell County GA S1, LLC","Terrell County GA S1, LLC",False,unmatched - passthrough
Seward Wind LLC,Seward Wind LLC,False,unmatched - passthrough
Iowa Lakes Community College,Institutional Self-Generation (various),False,rule
Toledo Zoological Society,Toledo Zoological Society,False,unmatched - passthrough
Citigroup,Citigroup,False,unmatched - passthrough
"CEC Solar #1063, LLC","CEC Solar #1063, LLC",False,unmatched - passthrough
Open Sky Dairy,Open Sky Dairy,False,unmatched - passthrough
"Weisshorn Solar I, LLC","Weisshorn Solar I, LLC",False,unmatched - passthrough
Solar DG IL 1 LLC,Solar DG IL 1 LLC,False,unmatched - passthrough
AlphaStruxure Montgomery County LLC,AlphaStruxure Montgomery County LLC,False,unmatched - passthrough
"La Plata Electric Assn, Inc","La Plata Electric Assn, Inc",False,unmatched - passthrough
"CCC Hastings Renewable Energy, LLC","CCC Hastings Renewable Energy, LLC",False,unmatched - passthrough
Notus Clean Energy LLC,Notus Clean Energy LLC,False,unmatched - passthrough
"Greenback Energy, LLC (Longroad)",Longroad Energy,True,rule
"Green Energy Machine, LLC","Green Energy Machine, LLC",False,unmatched - passthrough
Newton Municipal Solar LLC - Rumford,Municipal / Public Utility (various),False,rule
University of Minnesota WCROC,Institutional Self-Generation (various),False,rule
University of Minnesota Morris Campus,Institutional Self-Generation (various),False,rule
"Solar Star Track Southern Ave 2, LLC","Solar Star Track Southern Ave 2, LLC",False,unmatched - passthrough
"Solar Star Track, LLC","Solar Star Track, LLC",False,unmatched - passthrough
"Prudential Drive Investors, LLC","Prudential Drive Investors, LLC",False,unmatched - passthrough
"Carstensen Wind, LLC (Longroad)",Longroad Energy,True,rule
KP Ontario Vineyard O.P. Surgicenter B Solar LLC,KP Ontario Vineyard O.P. Surgicenter B Solar LLC,False,unmatched - passthrough
"Big Top, LLC","Big Top, LLC",False,unmatched - passthrough
Northern Lights Wind LLC (Longroad),Longroad Energy,True,rule
Heartland Community College,Institutional Self-Generation (various),False,rule
"Lucky Wind, LLC (Longroad)",Longroad Energy,True,rule
Illinois Rural Electric Coop,Electric Cooperative (various),False,rule
"Solar DG IL 5, LLC","Solar DG IL 5, LLC",False,unmatched - passthrough
"North Haven Solar One, LLC","North Haven Solar One, LLC",False,unmatched - passthrough
"CMFC, Inc.","CMFC, Inc.",False,unmatched - passthrough
Grand Prix NY Racing LLC,Grand Prix NY Racing LLC,False,unmatched - passthrough
enXco Development Corporation,enXco Development Corporation,False,unmatched - passthrough
"GLC-(MA) Easton, LLC","GLC-(MA) Easton, LLC",False,unmatched - passthrough
South Atlantic Services Inc,South Atlantic Services Inc,False,unmatched - passthrough
South San Joaquin Irr District,South San Joaquin Irr District,False,unmatched - passthrough
"CEC Solar #1114, LLC","CEC Solar #1114, LLC",False,unmatched - passthrough
"DLS-Jean Duluth Project Co., LLC","DLS-Jean Duluth Project Co., LLC",False,unmatched - passthrough
Palm Springs USD,Palm Springs USD,False,unmatched - passthrough
"RPNY Solar 7, LLC","RPNY Solar 7, LLC",False,unmatched - passthrough
Olean Gateway Turnkey LLC,Olean Gateway Turnkey LLC,False,unmatched - passthrough
"Sunlight General Solar Fund II, LLC","Sunlight General Solar Fund II, LLC",False,unmatched - passthrough
Town of Ipswich - (MA),Municipal / Public Utility (various),False,rule
ClearGen LLC,ClearGen LLC,False,unmatched - passthrough
Mondelez Global LLC (Twin Falls),Mondelez Global LLC (Twin Falls),False,unmatched - passthrough
Denver Metro Solar LLC,Denver Metro Solar LLC,False,unmatched - passthrough
"SunE DB27, LLC","SunE DB27, LLC",False,unmatched - passthrough
"Soltage VUL 1600 Chemung, LLC",Soltage,False,rule
City of Osage - (IA),Municipal / Public Utility (various),False,rule
City of Hayward (CA),Municipal / Public Utility (various),False,rule
"BWC Swan Pond River, LLC","BWC Swan Pond River, LLC",False,unmatched - passthrough
Luther College Wind Energy Project LLC,Institutional Self-Generation (various),False,rule
"Greenfield Wind Power, LLC","Greenfield Wind Power, LLC",False,unmatched - passthrough
Nashville Electric Service,Nashville Electric Service,False,unmatched - passthrough
"Solar Integrated Fund IV-A, LLC","Solar Integrated Fund IV-A, LLC",False,unmatched - passthrough
"Meadow Ridge Wind Energy, LLC","Meadow Ridge Wind Energy, LLC",False,unmatched - passthrough
Kelso Community Solar I LLC,Kelso Community Solar I LLC,False,unmatched - passthrough
Kearsarge Wilmington LLC,Kearsarge Wilmington LLC,False,unmatched - passthrough
"Cumberland Rose Wind Energy, LLC","Cumberland Rose Wind Energy, LLC",False,unmatched - passthrough
Sabert Corporation,Sabert Corporation,False,unmatched - passthrough
"Syncarpha Lexington, LLC","Syncarpha Lexington, LLC",False,unmatched - passthrough
Bell Bay Solar Farm,Bell Bay Solar Farm,False,unmatched - passthrough
"TIG Sun Energy IV, LLC","TIG Sun Energy IV, LLC",False,unmatched - passthrough
"Syncarpha El Rito I, LLC","Syncarpha El Rito I, LLC",False,unmatched - passthrough
"Sky Volt, LLC","Sky Volt, LLC",False,unmatched - passthrough
"Syncarpha Questa I, LLC","Syncarpha Questa I, LLC",False,unmatched - passthrough
Phillips 66 Billings Refinery,Phillips 66 Billings Refinery,False,unmatched - passthrough
GWCC PV Solar Farm,GWCC PV Solar Farm,False,unmatched - passthrough
Pennsylvania Real Estate Investment Trust,Pennsylvania Real Estate Investment Trust,False,unmatched - passthrough
St. Olaf College,Institutional Self-Generation (various),False,rule
"Forward Fontanelle Power, LLC","Forward Fontanelle Power, LLC",False,unmatched - passthrough
"Wiota Wind Energy, LLC #1","Wiota Wind Energy, LLC #1",False,unmatched - passthrough
"Luminace Solar Arizona 2, LLC","Luminace Solar Arizona 2, LLC",False,unmatched - passthrough
"Westminster Renewables, LLC","Westminster Renewables, LLC",False,unmatched - passthrough
Winona County Wind LLC,Winona County Wind LLC,False,unmatched - passthrough
GRE Fund 4 SNA6 LLC,GRE Fund 4 SNA6 LLC,False,unmatched - passthrough
RENEW Energy Inc,RENEW Energy Inc,False,unmatched - passthrough
Gilead Sciences Inc.,Gilead Sciences Inc.,False,unmatched - passthrough
"Gold Mine Solar, LLC","Gold Mine Solar, LLC",False,unmatched - passthrough
"GL Castor I, LLC","GL Castor I, LLC",False,unmatched - passthrough
"GL Madera, LLC","GL Madera, LLC",False,unmatched - passthrough
"Wolverine Wind Energy, LLC",Federal / Regional Power Authority,False,rule
180th Fighter Wing,180th Fighter Wing,False,unmatched - passthrough
Zonneveld Dairies INC,Zonneveld Dairies INC,False,unmatched - passthrough
MSM Solar LLC,MSM Solar LLC,False,unmatched - passthrough
Kas Brothers Windfarm LLC,Kas Brothers Windfarm LLC,False,unmatched - passthrough
MWRA Charlestown,MWRA Charlestown,False,unmatched - passthrough
"CD US Solar PO 3, LLC","CD US Solar PO 3, LLC",False,unmatched - passthrough
Oakley Solar Project LLC,Oakley Solar Project LLC,False,unmatched - passthrough
"CCUA Solar, LLC","CCUA Solar, LLC",False,unmatched - passthrough
"Madison BTM, LLC","Madison BTM, LLC",False,unmatched - passthrough
Bayonne Municipal Utilities Authority,Municipal / Public Utility (various),False,rule
WED NK Green LLC,WED NK Green LLC,False,unmatched - passthrough
"Catalyze Rochelle Wiscold Drive Microgrid, LLC","Catalyze Rochelle Wiscold Drive Microgrid, LLC",False,unmatched - passthrough
ASA Gouverneur NY Solar I LLC,ASA Gouverneur NY Solar I LLC,False,unmatched - passthrough
Gas South,Gas South,False,unmatched - passthrough
RP SCG Texas Solar LLC,RP SCG Texas Solar LLC,False,unmatched - passthrough
PFMD LL Jessup LLC,PFMD LL Jessup LLC,False,unmatched - passthrough
Sk Holdings Co. Ltd.,Sk Holdings Co. Ltd.,False,unmatched - passthrough
"196TRE WHAM8 Solar, LLC","196TRE WHAM8 Solar, LLC",False,unmatched - passthrough
Kearsarge Johnstown 1 LLC,Kearsarge Johnstown 1 LLC,False,unmatched - passthrough
"SunE CREST1, LLC","SunE CREST1, LLC",False,unmatched - passthrough
New London Municipal Utilities - (IA),Municipal / Public Utility (various),False,rule
"VCP Realty, LLC","VCP Realty, LLC",False,unmatched - passthrough
"DG Nebraska Energy Storage, LLC","DG Nebraska Energy Storage, LLC",False,unmatched - passthrough
Buffalo Center Wind LLC,Buffalo Center Wind LLC,False,unmatched - passthrough
Solar Star New Jersey VI LLC,Solar Star New Jersey VI LLC,False,unmatched - passthrough
Newberry Solar 1 LLC,Newberry Solar 1 LLC,False,unmatched - passthrough
"SunE CREST 6, LLC","SunE CREST 6, LLC",False,unmatched - passthrough
"SunE CREST 7, LLC","SunE CREST 7, LLC",False,unmatched - passthrough
"BWC Harlow Brook, LLC","BWC Harlow Brook, LLC",False,unmatched - passthrough
"SunE CREST 5, LLC","SunE CREST 5, LLC",False,unmatched - passthrough
"Rappahannock Solar, LLC","Rappahannock Solar, LLC",False,unmatched - passthrough
Kankakee Solar 2 LLC,Kankakee Solar 2 LLC,False,unmatched - passthrough
"Bulldog Wind Energy, LLC","Bulldog Wind Energy, LLC",False,unmatched - passthrough
"Biltmore Natural Resources, LLC","Biltmore Natural Resources, LLC",False,unmatched - passthrough
Ameresco Solar Acton LLC,Ameresco Solar Acton LLC,False,unmatched - passthrough
"BWC Pocasset River, LLC","BWC Pocasset River, LLC",False,unmatched - passthrough
Falmouth Landfill Solar II LLC,Falmouth Landfill Solar II LLC,False,unmatched - passthrough
Citicorp North America Inc.,Citicorp North America Inc.,False,unmatched - passthrough
RB Manufacturing LLC,RB Manufacturing LLC,False,unmatched - passthrough
DG Solar Lessee LLC,DG Solar Lessee LLC,False,unmatched - passthrough
Lisbon East,Lisbon East,False,unmatched - passthrough
Laurel Capital Partners,Laurel Capital Partners,False,unmatched - passthrough
Acushnet Company,Acushnet Company,False,unmatched - passthrough
Camelot Wind LLC,Camelot Wind LLC,False,unmatched - passthrough
Aqua America Inc,Aqua America Inc,False,unmatched - passthrough
Milford Pepes Farm Road Solar LLC,Milford Pepes Farm Road Solar LLC,False,unmatched - passthrough
UXI CSG Venture 3 8303 LLC,UXI CSG Venture 3 8303 LLC,False,unmatched - passthrough
UXI CSG Venture 4 8304 LLC,UXI CSG Venture 4 8304 LLC,False,unmatched - passthrough
Heliocentric LLC,Heliocentric LLC,False,unmatched - passthrough
UXI CSG Venture 1 8301 LLC,UXI CSG Venture 1 8301 LLC,False,unmatched - passthrough
"ESNJ-PLD-ELIZABETH1, LLC","ESNJ-PLD-ELIZABETH1, LLC",False,unmatched - passthrough
Henry Miller Reclamation District,Henry Miller Reclamation District,False,unmatched - passthrough
"Bowser Road Solar Project 2021, LLC","Bowser Road Solar Project 2021, LLC",False,unmatched - passthrough
NRG Solar Las Vegas MB 2,NRG Energy Group,False,rule
"Branch Street Solar Partners, LLC","Branch Street Solar Partners, LLC",False,unmatched - passthrough
"SH COD I, LLC","SH COD I, LLC",False,unmatched - passthrough
City of Traer - (IA),Municipal / Public Utility (various),False,rule
City of Pittsfield - (MA),Municipal / Public Utility (various),False,rule
Boralex Lancaster California LLC,Boralex Lancaster California LLC,False,unmatched - passthrough
Altamonte Mall LLC,Altamonte Mall LLC,False,unmatched - passthrough
"All World Machinery Supply, Inc.","All World Machinery Supply, Inc.",False,unmatched - passthrough
UXI CSG Venture 2 8302 LLC,UXI CSG Venture 2 8302 LLC,False,unmatched - passthrough
"Theodore Drive Solar, LLC","Theodore Drive Solar, LLC",False,unmatched - passthrough
Mesalands Community College,Institutional Self-Generation (various),False,rule
Scituate Wind LLC,Scituate Wind LLC,False,unmatched - passthrough
Hamilton Wind Energy LLC,Hamilton Wind Energy LLC,False,unmatched - passthrough
City of Industry - (CA),Municipal / Public Utility (various),False,rule
Town Of Cary - (NC),Municipal / Public Utility (various),False,rule
"Temescal Canyon RV, LLC","Temescal Canyon RV, LLC",False,unmatched - passthrough
"Jiminy Peak Mountain Resort, LLC","Jiminy Peak Mountain Resort, LLC",False,unmatched - passthrough
J&D Food Service,J&D Food Service,False,unmatched - passthrough
SunE U6 Holdings LLC,SunE U6 Holdings LLC,False,unmatched - passthrough
Seneca Nation,Seneca Nation,False,unmatched - passthrough
Solarenewal LLC,Solarenewal LLC,False,unmatched - passthrough
Sheridan School Corporation,Sheridan School Corporation,False,unmatched - passthrough
"Green Providence Wind I, LLC","Green Providence Wind I, LLC",False,unmatched - passthrough
Adams Electric Cooperative,Electric Cooperative (various),False,rule
Norfork Southern Corp,Norfork Southern Corp,False,unmatched - passthrough
CCG Marketing Solutions,CCG Marketing Solutions,False,unmatched - passthrough
CA ODEVI LLC,CA ODEVI LLC,False,unmatched - passthrough
Taft Associates c/o Wilson Associates,Taft Associates c/o Wilson Associates,False,unmatched - passthrough
G&S Operations LLC,G&S Operations LLC,False,unmatched - passthrough
"Panda Solar NC 7 , LLC","Panda Solar NC 7 , LLC",False,unmatched - passthrough
Catalyze Manteca 730 Spreckels Avenue Microgrid LLC,Catalyze Manteca 730 Spreckels Avenue Microgrid LLC,False,unmatched - passthrough
"Camden Solar Center, LLC","Camden Solar Center, LLC",False,unmatched - passthrough
"Poudre Valley REA, Inc","Poudre Valley REA, Inc",False,unmatched - passthrough
"Lowndes County GA S1, LLC","Lowndes County GA S1, LLC",False,unmatched - passthrough
"ESNJ-PLD-SOUTHBRUNSWICK1, LLC","ESNJ-PLD-SOUTHBRUNSWICK1, LLC",False,unmatched - passthrough
"Solar DG MD Holabird Broening ACC, LLC","Solar DG MD Holabird Broening ACC, LLC",False,unmatched - passthrough
"Solar DG MD Holabird AJCFB, LLC","Solar DG MD Holabird AJCFB, LLC",False,unmatched - passthrough
Merck - Upper Gwynedd Solar Array,Institutional Self-Generation (various),False,rule
SS PA II PSU LLC,SS PA II PSU LLC,False,unmatched - passthrough
SS San Antonio West LLC,SS San Antonio West LLC,False,unmatched - passthrough
Town of West Boylston - (MA),Municipal / Public Utility (various),False,rule
Liverpool Solar Partners,Liverpool Solar Partners,False,unmatched - passthrough
SoCore Bandera LLC,SoCore Bandera LLC,False,unmatched - passthrough
SoCore 2016 ProjectCo-W7 LLC,SoCore 2016 ProjectCo-W7 LLC,False,unmatched - passthrough
"SunE Wasco SP Owner, LLC","SunE Wasco SP Owner, LLC",False,unmatched - passthrough
Town of Otis - (MA),Municipal / Public Utility (various),False,rule
"ICFTS MD Solar, LLC","ICFTS MD Solar, LLC",False,unmatched - passthrough
Commonwealth of Massachusetts,Commonwealth of Massachusetts,False,unmatched - passthrough
"Holy Cross Electric Assn, Inc","Holy Cross Electric Assn, Inc",False,unmatched - passthrough
"Solar Mule, LLC","Solar Mule, LLC",False,unmatched - passthrough
L-8 Solar Project LLC,L-8 Solar Project LLC,False,unmatched - passthrough
"SR Innovation, LLC","SR Innovation, LLC",False,unmatched - passthrough
"NJ Solar 1, LLC","NJ Solar 1, LLC",False,unmatched - passthrough
"Troup County GA S1, LLC","Troup County GA S1, LLC",False,unmatched - passthrough
"SR Blount, LLC","SR Blount, LLC",False,unmatched - passthrough
Connell East LLC.,Connell East LLC.,False,unmatched - passthrough
Moonlight Companies,Moonlight Companies,False,unmatched - passthrough
"Griffin Road Solar 2, LLC","Griffin Road Solar 2, LLC",False,unmatched - passthrough
Ecogy Delaware II LLC.,Ecogy Delaware II LLC.,False,unmatched - passthrough
Kelso Community Solar II LLC,Kelso Community Solar II LLC,False,unmatched - passthrough
"West Brookfield Solar, LLC",Brookfield Renewable,True,rule
City of Moorhead - (MN),Municipal / Public Utility (various),False,rule
Chanel Inc.,Chanel Inc.,False,unmatched - passthrough
Brookfield Wire Company,Brookfield Renewable,True,rule
CVE US EI4 Manlius North LLC,CVE US EI4 Manlius North LLC,False,unmatched - passthrough
"White Pine Fleet, LLC","White Pine Fleet, LLC",False,unmatched - passthrough
Fork in the Road Solar LLC,Fork in the Road Solar LLC,False,unmatched - passthrough
Banner Solar Ironwood LLC,Banner Solar Ironwood LLC,False,unmatched - passthrough
Kearsarge Oppenheim LLC,Kearsarge Oppenheim LLC,False,unmatched - passthrough
"Luminace Solar Maryland, LLC","Luminace Solar Maryland, LLC",False,unmatched - passthrough
"MA CS Ware West, LLC","MA CS Ware West, LLC",False,unmatched - passthrough
Pine Grove Solar LLC,Pine Grove Solar LLC,False,unmatched - passthrough
Bakersfield 111 LLC,Bakersfield 111 LLC,False,unmatched - passthrough
"ESNJ-PLD-EDISON3, LLC","ESNJ-PLD-EDISON3, LLC",False,unmatched - passthrough
"ESNJ-PLD-CARTERET8, LLC","ESNJ-PLD-CARTERET8, LLC",False,unmatched - passthrough
"ESNJ-PLD-NEWARK2, LLC","ESNJ-PLD-NEWARK2, LLC",False,unmatched - passthrough
"Pekin Community High School, LLC","Pekin Community High School, LLC",False,unmatched - passthrough
"SolarStorage Fund C, LLC","SolarStorage Fund C, LLC",False,unmatched - passthrough
Blackwell Creek Solar LLC,Blackwell Creek Solar LLC,False,unmatched - passthrough
"CTMW Solar, LLC","CTMW Solar, LLC",False,unmatched - passthrough
"DG 1 Acquisition Co., LLC","DG 1 Acquisition Co., LLC",False,unmatched - passthrough
ASA Clayton NY Solar I LLC,ASA Clayton NY Solar I LLC,False,unmatched - passthrough
Regeneron Pharmaceuticals Inc.,Regeneron Pharmaceuticals Inc.,False,unmatched - passthrough
Pima Solar Mission III LLC,Pima Solar Mission III LLC,False,unmatched - passthrough
158th Fighter Wing,158th Fighter Wing,False,unmatched - passthrough
"PCS Energy, LLC         ","PCS Energy, LLC",False,unmatched - passthrough
Wasatch View Solar LLC,Wasatch View Solar LLC,False,unmatched - passthrough
Carlisle Area School District,Carlisle Area School District,False,unmatched - passthrough
MN8 Energy LLC,MN8 Energy LLC,False,unmatched - passthrough
Dudley Landfill Solar LLC,Dudley Landfill Solar LLC,False,unmatched - passthrough
"CHF-Davis I, LLC","CHF-Davis I, LLC",False,unmatched - passthrough
Oak Leaf Solar V LLC,Oak Leaf Solar V LLC,False,unmatched - passthrough
Harris Farms Inc,Harris Farms Inc,False,unmatched - passthrough
"Logan Solar, LLC","Logan Solar, LLC",False,unmatched - passthrough
RA Jones,RA Jones,False,unmatched - passthrough
"DG Webster, LLC","DG Webster, LLC",False,unmatched - passthrough
"Calibrant Bakersfield, LLC","Calibrant Bakersfield, LLC",False,unmatched - passthrough
510 REPP One LLC,510 REPP One LLC,False,unmatched - passthrough
Lowell Solar Landfill LLC,Lowell Solar Landfill LLC,False,unmatched - passthrough
515 Main Saugus LLC,515 Main Saugus LLC,False,unmatched - passthrough
"California State University, Northridge",Institutional Self-Generation (various),False,rule
"Tranquillity Solar 1, LLC","Tranquillity Solar 1, LLC",False,unmatched - passthrough
"Solar DG NJ Building 7, LLC","Solar DG NJ Building 7, LLC",False,unmatched - passthrough
Colon FiT LLC,Colon FiT LLC,False,unmatched - passthrough
"Cork Solar, LLC","Cork Solar, LLC",False,unmatched - passthrough
Michigan Sugar Company,Michigan Sugar Company,False,unmatched - passthrough
"IGS Solar I, LLC","IGS Solar I, LLC",False,unmatched - passthrough
Ecogy Pennsylvania Systems LLC,Ecogy Pennsylvania Systems LLC,False,unmatched - passthrough
BluePath Solar Sacramento I LLC,BluePath Solar Sacramento I LLC,False,unmatched - passthrough
"SR Marion, LLC","SR Marion, LLC",False,unmatched - passthrough
Sutter Santa Rosa Solar LLC,Sutter Santa Rosa Solar LLC,False,unmatched - passthrough
Tioga Solar Morris County 1 LLC,Tioga Solar Morris County 1 LLC,False,unmatched - passthrough
Jordache Enterprises,Jordache Enterprises,False,unmatched - passthrough
Shane's Wind Machine LLC,Shane's Wind Machine LLC,False,unmatched - passthrough
Solops 371 Hoes LLC,Solops 371 Hoes LLC,False,unmatched - passthrough
New Columbia Solar,New Columbia Solar,False,unmatched - passthrough
Solar Sudbury One LF LLC,Solar Sudbury One LF LLC,False,unmatched - passthrough
"GLC-(CA) CSD 2, LLC","GLC-(CA) CSD 2, LLC",False,unmatched - passthrough
"SR Maryville, LLC","SR Maryville, LLC",False,unmatched - passthrough
"BRE Fortnight Owner, LLC","BRE Fortnight Owner, LLC",False,unmatched - passthrough
Lanai Sustainability Research LLC,Lanai Sustainability Research LLC,False,unmatched - passthrough
"Foster Solar, LLC","Foster Solar, LLC",False,unmatched - passthrough
"ACM Solar, LLC.","ACM Solar, LLC.",False,unmatched - passthrough
"REC KDO, LLC","REC KDO, LLC",False,unmatched - passthrough
Project Company Phase II-T LLC,Project Company Phase II-T LLC,False,unmatched - passthrough
TWC,TWC,False,unmatched - passthrough
Jamison Solar Farm,Jamison Solar Farm,False,unmatched - passthrough
Jeffco Community Solar Gardens LLC,Jeffco Community Solar Gardens LLC,False,unmatched - passthrough
NorthStar Battery,NorthStar Battery,False,unmatched - passthrough
"Entegrity Solar Green Forest, LLC","Entegrity Solar Green Forest, LLC",False,unmatched - passthrough
Solar Star Prime 1 LLC,Solar Star Prime 1 LLC,False,unmatched - passthrough
Ralph's Grocery Company,Ralph's Grocery Company,False,unmatched - passthrough
City of Mountain Lake - (MN),Municipal / Public Utility (various),False,rule
MMA WBF Power LP,MMA WBF Power LP,False,unmatched - passthrough
"AFTW Storage, LLC","AFTW Storage, LLC",False,unmatched - passthrough
ALDI Inc.,ALDI Inc.,False,unmatched - passthrough
Kent County Levy Court Dept of Pub Work,Kent County Levy Court Dept of Pub Work,False,unmatched - passthrough
"Wilzig Associates, LLC","Wilzig Associates, LLC",False,unmatched - passthrough
Saint John's Health Center,Saint John's Health Center,False,unmatched - passthrough
"Dudley Road Solar Project 2021, LLC","Dudley Road Solar Project 2021, LLC",False,unmatched - passthrough
Massachusetts Wtr Rauth-Deer I,Massachusetts Wtr Rauth-Deer I,False,unmatched - passthrough
EDPRNA DG CA Livermore LLC,EDPRNA DG CA Livermore LLC,False,unmatched - passthrough
Thomas Baker,Thomas Baker,False,unmatched - passthrough
NY CDG 010 LLC,NY CDG 010 LLC,False,unmatched - passthrough
E-Volve Energy Holdings LLC,E-Volve Energy Holdings LLC,False,unmatched - passthrough
NRG Renew Canal 1 LLC,NRG Energy Group,False,rule
Harbec Energy,Harbec Energy,False,unmatched - passthrough
"SunE SEM 1, LLC","SunE SEM 1, LLC",False,unmatched - passthrough
"SunE Pleasant Valley SP Owner, LLC","SunE Pleasant Valley SP Owner, LLC",False,unmatched - passthrough
Amherst College,Institutional Self-Generation (various),False,rule
Bridgeport Disposal LLC,Bridgeport Disposal LLC,False,unmatched - passthrough
Town of Foxborough - Landfill (SREC II),Municipal / Public Utility (various),False,rule
SSA Solar of NY LLC,SSA Solar of NY LLC,False,unmatched - passthrough
Adams Community Solar Garden LLC,Adams Community Solar Garden LLC,False,unmatched - passthrough
Phelan Pinon Hills Community Services District,Phelan Pinon Hills Community Services District,False,unmatched - passthrough
Adams Community Solar Garden III LLC,Adams Community Solar Garden III LLC,False,unmatched - passthrough
Sonoma County Junior College District,Institutional Self-Generation (various),False,rule
Sheriff Rd Solar LLC,Sheriff Rd Solar LLC,False,unmatched - passthrough
GGP Solar,GGP Solar,False,unmatched - passthrough
Bank of America Leasing & Capital LLC,Financial Tax-Equity Owner (various),False,rule
Los Angeles County Metropolitan Transportation Authority,Los Angeles County Metropolitan Transportation Authority,False,unmatched - passthrough
SoCore 2016 ProjectCo-W11 LLC,SoCore 2016 ProjectCo-W11 LLC,False,unmatched - passthrough
L'Oreal USA Products Inc,L'Oreal USA Products Inc,False,unmatched - passthrough
"Solar DG MD Appleton, LLC","Solar DG MD Appleton, LLC",False,unmatched - passthrough
Kaiser Permanente,Kaiser Permanente,False,unmatched - passthrough
"SR Skylark C, LLC","SR Skylark C, LLC",False,unmatched - passthrough
"SunE Solano SP Owner, LLC","SunE Solano SP Owner, LLC",False,unmatched - passthrough
Centerville Solar Array LLC,Centerville Solar Array LLC,False,unmatched - passthrough
FRIT Solar Inc,FRIT Solar Inc,False,unmatched - passthrough
Luz Solar,Luz Solar,False,unmatched - passthrough
Donaghy Sales Inc.,Donaghy Sales Inc.,False,unmatched - passthrough
Kern County Water Agency - (CA),Kern County Water Agency - (CA),False,unmatched - passthrough
Kern Community College District,Institutional Self-Generation (various),False,rule
Kenvue Brands LLC,Kenvue Brands LLC,False,unmatched - passthrough
Chesapeake Beach BESS LLC,Chesapeake Beach BESS LLC,False,unmatched - passthrough
SW Solar Mission III LLC,SW Solar Mission III LLC,False,unmatched - passthrough
Bernhardt Furniture Company,Bernhardt Furniture Company,False,unmatched - passthrough
Dover Dairy Farms,Dover Dairy Farms,False,unmatched - passthrough
SunE M5C Holdings LLC,SunE M5C Holdings LLC,False,unmatched - passthrough
"Solar Star Track Anacostia, LLC","Solar Star Track Anacostia, LLC",False,unmatched - passthrough
"GLC-(MA) Dartmouth, LLC","GLC-(MA) Dartmouth, LLC",False,unmatched - passthrough
Gilead Sciences Inc. Foster City,Gilead Sciences Inc. Foster City,False,unmatched - passthrough
Bioenergy DevCo,Bioenergy DevCo,False,unmatched - passthrough
"ESCA-PLD-FONTANA1, LLC","ESCA-PLD-FONTANA1, LLC",False,unmatched - passthrough
"GLC-(MA) Methuen, LLC","GLC-(MA) Methuen, LLC",False,unmatched - passthrough
"SunE WF3-ST Holdings, LLC","SunE WF3-ST Holdings, LLC",False,unmatched - passthrough
BWC Buckmaster Pond LLC,BWC Buckmaster Pond LLC,False,unmatched - passthrough
Lily Garden LLC,Lily Garden LLC,False,unmatched - passthrough
Ballantyne LLC,Ballantyne LLC,False,unmatched - passthrough
"Bainbridge Solar, LLC","Bainbridge Solar, LLC",False,unmatched - passthrough
"Faunce Corner Road Dartmouth Solar 1, LLC","Faunce Corner Road Dartmouth Solar 1, LLC",False,unmatched - passthrough
"BWC Wareham River, LLC","BWC Wareham River, LLC",False,unmatched - passthrough
Otis Elevator Company,Otis Elevator Company,False,unmatched - passthrough
SunE CPA CDC2 LLC,SunE CPA CDC2 LLC,False,unmatched - passthrough
SunE CPA CDC1 LLC,SunE CPA CDC1 LLC,False,unmatched - passthrough
"Summit Water Nexus, Mount Holly, LLC","Summit Water Nexus, Mount Holly, LLC",False,unmatched - passthrough
Studenski Community Solar LLC,Studenski Community Solar LLC,False,unmatched - passthrough
Buffalo Garden LLC,Buffalo Garden LLC,False,unmatched - passthrough
"Lake Lilian Solar, LLC","Lake Lilian Solar, LLC",False,unmatched - passthrough
"SunE CREST2, LLC","SunE CREST2, LLC",False,unmatched - passthrough
"Strata Roof 1, LLC","Strata Roof 1, LLC",False,unmatched - passthrough
Family Tree Farms,Family Tree Farms,False,unmatched - passthrough
Falls Creek Garden LLC,Falls Creek Garden LLC,False,unmatched - passthrough
Chub Garden LLC,Chub Garden LLC,False,unmatched - passthrough
Lake Waconia Solar LLC,Lake Waconia Solar LLC,False,unmatched - passthrough
BWC Origination 8 LLC Sturbridge 2 LLC,BWC Origination 8 LLC Sturbridge 2 LLC,False,unmatched - passthrough
BWC Origination 8 LLC Sturbridge 1 LLC,BWC Origination 8 LLC Sturbridge 1 LLC,False,unmatched - passthrough
"Lake Wilson Solar, LLC","Lake Wilson Solar, LLC",False,unmatched - passthrough
Novel Froehle Solar HQ LLC,Novel Froehle Solar HQ LLC,False,unmatched - passthrough
"SunE GIL1, LLC","SunE GIL1, LLC",False,unmatched - passthrough
BWC Origination 19 LLC,BWC Origination 19 LLC,False,unmatched - passthrough
Novel Swenson Solar HQ LLC,Novel Swenson Solar HQ LLC,False,unmatched - passthrough
Novel Stumpf 1 Solar LLC,Novel Stumpf 1 Solar LLC,False,unmatched - passthrough
SunE M5 Holdings LLC,SunE M5 Holdings LLC,False,unmatched - passthrough
Hartmann Community Solar LLC,Hartmann Community Solar LLC,False,unmatched - passthrough
Novel Milbradt Solar HQ LLC,Novel Milbradt Solar HQ LLC,False,unmatched - passthrough
"Farrington Solar Farm, LLC","Farrington Solar Farm, LLC",False,unmatched - passthrough
"SunE DB13, LLC","SunE DB13, LLC",False,unmatched - passthrough
"Dudley River Solar, LLC","Dudley River Solar, LLC",False,unmatched - passthrough
Grimm CSG LLC,Grimm CSG LLC,False,unmatched - passthrough
"Dudley River 3 Solar, LLC","Dudley River 3 Solar, LLC",False,unmatched - passthrough
Kearny Mesa Storage LLC,Kearny Mesa Storage LLC,False,unmatched - passthrough
"Ventura Drive Dartmouth Solar 1, LLC","Ventura Drive Dartmouth Solar 1, LLC",False,unmatched - passthrough
"MCP-KCBPU, LLC","MCP-KCBPU, LLC",False,unmatched - passthrough
MN CSG 2019-38 DE LLC,MN CSG 2019-38 DE LLC,False,unmatched - passthrough
MN CSG 2019-22 LLC,MN CSG 2019-22 LLC,False,unmatched - passthrough
Cushman Wakefield,Cushman Wakefield,False,unmatched - passthrough
Veseli Solar I LLC,Veseli Solar I LLC,False,unmatched - passthrough
"Blair Wire Village Solar, LLC","Blair Wire Village Solar, LLC",False,unmatched - passthrough
"Entegrity Solar Southside SD, LLC","Entegrity Solar Southside SD, LLC",False,unmatched - passthrough
Victor Valley Community College District,Institutional Self-Generation (various),False,rule
"Entegrity Solar SWU, LLC","Entegrity Solar SWU, LLC",False,unmatched - passthrough
Rochester MA 2 LLC,Rochester MA 2 LLC,False,unmatched - passthrough
Roberds Garden LLC,Roberds Garden LLC,False,unmatched - passthrough
Novel Brock Solar HQ LLC,Novel Brock Solar HQ LLC,False,unmatched - passthrough
"Bergenmand Solar Partners, LLC","Bergenmand Solar Partners, LLC",False,unmatched - passthrough
Round Lake Solar LLC,Round Lake Solar LLC,False,unmatched - passthrough
New Munich Solar LLC,New Munich Solar LLC,False,unmatched - passthrough
"Entegrity Solar Rivercrest SD, LLC","Entegrity Solar Rivercrest SD, LLC",False,unmatched - passthrough
"Entegrity Solar Crossett SD, LLC","Entegrity Solar Crossett SD, LLC",False,unmatched - passthrough
"Ameresco, Inc - Braintree","Ameresco, Inc - Braintree",False,unmatched - passthrough
Maston Garden LLC,Maston Garden LLC,False,unmatched - passthrough
"Dudley River 2 Solar, LLC","Dudley River 2 Solar, LLC",False,unmatched - passthrough
SunE NC Progress 1 LLC,SunE NC Progress 1 LLC,False,unmatched - passthrough
Betcher CSG LLC,Betcher CSG LLC,False,unmatched - passthrough
"JH Solar, LLC","JH Solar, LLC",False,unmatched - passthrough
"Cherry Valley Solar, LLC","Cherry Valley Solar, LLC",False,unmatched - passthrough
MARTA,MARTA,False,unmatched - passthrough
DSI Don Solar LLC,DSI Don Solar LLC,False,unmatched - passthrough
Silicon Valley Clean Water,Silicon Valley Clean Water,False,unmatched - passthrough
Siems Community Solar LLC,Siems Community Solar LLC,False,unmatched - passthrough
DSI Julie Solar LLC,DSI Julie Solar LLC,False,unmatched - passthrough
Lake Waconia Solar IV LLC,Lake Waconia Solar IV LLC,False,unmatched - passthrough
Shore Point Solar LLC,Shore Point Solar LLC,False,unmatched - passthrough
Jack's Solar Garden,Jack's Solar Garden,False,unmatched - passthrough
Glopak Corporation,Glopak Corporation,False,unmatched - passthrough
South Garden LLC,South Garden LLC,False,unmatched - passthrough
RJC I CSG LLC,RJC I CSG LLC,False,unmatched - passthrough
MSC-Scott01 LLC,MSC-Scott01 LLC,False,unmatched - passthrough
Kapaa Solar LLC,Kapaa Solar LLC,False,unmatched - passthrough
"GLC - (CA) Madera, LLC","GLC - (CA) Madera, LLC",False,unmatched - passthrough
"GWE Cranberry Solar RT, LLC","GWE Cranberry Solar RT, LLC",False,unmatched - passthrough
MN Buffalo Lake 212-2 LLC,MN Buffalo Lake 212-2 LLC,False,unmatched - passthrough
Bavaria Solar LLC,Bavaria Solar LLC,False,unmatched - passthrough
MMA LA Power LP,MMA LA Power LP,False,unmatched - passthrough
MMA Fresno Power LP,MMA Fresno Power LP,False,unmatched - passthrough
SoCore 2016 ProjectCo-W5 LLC,SoCore 2016 ProjectCo-W5 LLC,False,unmatched - passthrough
SoCore 2016 ProjectCo-W4 LLC,SoCore 2016 ProjectCo-W4 LLC,False,unmatched - passthrough
SoCore 2016 ProjectCo-W3 LLC,SoCore 2016 ProjectCo-W3 LLC,False,unmatched - passthrough
SoCore 2016 ProjectCo-W2 LLC,SoCore 2016 ProjectCo-W2 LLC,False,unmatched - passthrough
MN CSG 2019-16 LLC,MN CSG 2019-16 LLC,False,unmatched - passthrough
MN CSG 2019-105 LLC,MN CSG 2019-105 LLC,False,unmatched - passthrough
"Syncarpha Hancock III, LLC","Syncarpha Hancock III, LLC",False,unmatched - passthrough
BWC Mystic River LLC,BWC Mystic River LLC,False,unmatched - passthrough
"71CFR WHAM8 Solar, LLC","71CFR WHAM8 Solar, LLC",False,unmatched - passthrough
"Panda Solar NC 1, LLC","Panda Solar NC 1, LLC",False,unmatched - passthrough
"Panda Solar NC 5, LLC","Panda Solar NC 5, LLC",False,unmatched - passthrough
"Panda Solar NC 6, LLC","Panda Solar NC 6, LLC",False,unmatched - passthrough
Winona Solar I LLC,Winona Solar I LLC,False,unmatched - passthrough
"Barton Acres Solar, LLC","Barton Acres Solar, LLC",False,unmatched - passthrough
Banyan SolarCity Owner 2010 LLC,Banyan SolarCity Owner 2010 LLC,False,unmatched - passthrough
"GLC-(CA) SDCCD, LLC","GLC-(CA) SDCCD, LLC",False,unmatched - passthrough
Franklin CSG 1 LLC,Franklin CSG 1 LLC,False,unmatched - passthrough
Wabasha Solar LLC,Wabasha Solar LLC,False,unmatched - passthrough
"Whatley Renewables, LLC","Whatley Renewables, LLC",False,unmatched - passthrough
AMP MA Joe Jenny,AMP MA Joe Jenny,False,unmatched - passthrough
Project Comapny FinCo Phase V LLC,Project Comapny FinCo Phase V LLC,False,unmatched - passthrough
"Prinsburg CSG I, LLC","Prinsburg CSG I, LLC",False,unmatched - passthrough
"Wolverine Solar, LLC",Federal / Regional Power Authority,False,rule
Zumbro Solar LLC,Zumbro Solar LLC,False,unmatched - passthrough
Zumbro Garden LLC,Zumbro Garden LLC,False,unmatched - passthrough
700Eubanks LLC,700Eubanks LLC,False,unmatched - passthrough
Chevron Technology Ventures,Industrial Self-Generation (various),False,rule
Framingham State University,Institutional Self-Generation (various),False,rule
MN CSG 2019-82 LLC,MN CSG 2019-82 LLC,False,unmatched - passthrough
MN CSG 2019-79 LLC,MN CSG 2019-79 LLC,False,unmatched - passthrough
MN CSG 2019-77 LLC,MN CSG 2019-77 LLC,False,unmatched - passthrough
MN CSG 2019-67 LLC,MN CSG 2019-67 LLC,False,unmatched - passthrough
MN CSG 2019-60 LLC,MN CSG 2019-60 LLC,False,unmatched - passthrough
"Dodge Renewables 2, LLC","Dodge Renewables 2, LLC",False,unmatched - passthrough
"Dodge Renewables 1, LLC","Dodge Renewables 1, LLC",False,unmatched - passthrough
Kansas Electric Power Coop Inc,Electric Cooperative (various),False,rule
"Syncarpha Eagle Nest I, LLC","Syncarpha Eagle Nest I, LLC",False,unmatched - passthrough
Schwinghamer Community Solar LLC,Schwinghamer Community Solar LLC,False,unmatched - passthrough
DG Green Arrow LLC,DG Green Arrow LLC,False,unmatched - passthrough
Kearsarge Upper Union LLC,Kearsarge Upper Union LLC,False,unmatched - passthrough
Kearsarge Onset LLC,Kearsarge Onset LLC,False,unmatched - passthrough
Swan Garden LLC,Swan Garden LLC,False,unmatched - passthrough
Svihel Community Solar LLC,Svihel Community Solar LLC,False,unmatched - passthrough
"Sutton Solar 2, LLC","Sutton Solar 2, LLC",False,unmatched - passthrough
Sunstream Energy LLC,Sunstream Energy LLC,False,unmatched - passthrough
Occidental College,Institutional Self-Generation (various),False,rule
"Bear Grove Solar, LLC","Bear Grove Solar, LLC",False,unmatched - passthrough
CTGB Solar Mission III LLC,CTGB Solar Mission III LLC,False,unmatched - passthrough
"Rafterville Solar, LLC","Rafterville Solar, LLC",False,unmatched - passthrough
"FRV SI Transport Solar, L.P. (Sacremento)","FRV SI Transport Solar, L.P. (Sacremento)",False,unmatched - passthrough
"Palombo B Solar, LLC","Palombo B Solar, LLC",False,unmatched - passthrough
Palmer Community Solar LLC,Palmer Community Solar LLC,False,unmatched - passthrough
Pacific Energy Capital,Pacific Energy Capital,False,unmatched - passthrough
POET Biorefining Lake Crystal,POET Biorefining Lake Crystal,False,unmatched - passthrough
RJC II CSG LLC,RJC II CSG LLC,False,unmatched - passthrough
"Catalyze Bolingbrook 279 Marquette Drive Microgrid, LLC","Catalyze Bolingbrook 279 Marquette Drive Microgrid, LLC",False,unmatched - passthrough
MN East Regal LLC,MN East Regal LLC,False,unmatched - passthrough
Lockheed Martin RMS Syracuse,Lockheed Martin RMS Syracuse,False,unmatched - passthrough
"Webster Solar, LLC","Webster Solar, LLC",False,unmatched - passthrough
Reston Town Center Solar 1 LLC,Reston Town Center Solar 1 LLC,False,unmatched - passthrough
Onyx Solar Mission III LLC,Onyx Solar Mission III LLC,False,unmatched - passthrough
Olinda Trail Solar LLC,Olinda Trail Solar LLC,False,unmatched - passthrough
"North Narragansett Avenue Solar Project 2022, LLC","North Narragansett Avenue Solar Project 2022, LLC",False,unmatched - passthrough
"WYM 1250 Palmer, LLC","WYM 1250 Palmer, LLC",False,unmatched - passthrough
Everson Garden LLC,Everson Garden LLC,False,unmatched - passthrough
MP CSG 1 LLC,MP CSG 1 LLC,False,unmatched - passthrough
"ARG STELDCA001, LLC","ARG STELDCA001, LLC",False,unmatched - passthrough
USS Big Lake 1 LLC,USS Big Lake 1 LLC,False,unmatched - passthrough
USS Hancock Solar,USS Hancock Solar,False,unmatched - passthrough
USS Good Solar LLC,USS Good Solar LLC,False,unmatched - passthrough
USS Golly Gee Solar LLC,USS Golly Gee Solar LLC,False,unmatched - passthrough
USS Franklin Solar LLC,USS Franklin Solar LLC,False,unmatched - passthrough
USS Foley Solar LLC,USS Foley Solar LLC,False,unmatched - passthrough
USS Fair Park Solar LLC,USS Fair Park Solar LLC,False,unmatched - passthrough
USS Dubhe Solar LLC,USS Dubhe Solar LLC,False,unmatched - passthrough
USS Dressen Family Solar LLC,USS Dressen Family Solar LLC,False,unmatched - passthrough
Johnson I CSG LLC,Johnson I CSG LLC,False,unmatched - passthrough
Medin 2 Community Solar LLC,Medin 2 Community Solar LLC,False,unmatched - passthrough
"Cohasse Solar, LLC","Cohasse Solar, LLC",False,unmatched - passthrough
Huneke I CSG LLC,Huneke I CSG LLC,False,unmatched - passthrough
Hopewell Valley High School,Hopewell Valley High School,False,unmatched - passthrough
Loon Garden LLC,Loon Garden LLC,False,unmatched - passthrough
"SR Kersey II, LLC","SR Kersey II, LLC",False,unmatched - passthrough
"Colton Solar Two, LLC","Colton Solar Two, LLC",False,unmatched - passthrough
ENGIE Storage Services NA LLC,Engie North America,True,rule
Mike Woolf Farming,Mike Woolf Farming,False,unmatched - passthrough
Medline Industries Inc.,Medline Industries Inc.,False,unmatched - passthrough
USS Viceroy Solar LLC,USS Viceroy Solar LLC,False,unmatched - passthrough
USS Verbena Solar LLC,USS Verbena Solar LLC,False,unmatched - passthrough
USS Solar Rapids LLC,USS Solar Rapids LLC,False,unmatched - passthrough
USS Solar Dawn LLC,USS Solar Dawn LLC,False,unmatched - passthrough
USS Wonder Solar LLC,USS Wonder Solar LLC,False,unmatched - passthrough
USS Wolf Solar LLC,USS Wolf Solar LLC,False,unmatched - passthrough
USS Wildcat Solar LLC,USS Wildcat Solar LLC,False,unmatched - passthrough
Elora LLC,Elora LLC,False,unmatched - passthrough
"USF McClellan, LLC","USF McClellan, LLC",False,unmatched - passthrough
USS Bluff Country Solar,USS Bluff Country Solar,False,unmatched - passthrough
"ESNJ-PLD-CRANBURY2, LLC","ESNJ-PLD-CRANBURY2, LLC",False,unmatched - passthrough
Hoag Memorial Presbyterian Hospital,Institutional Self-Generation (various),False,rule
"SR Jackson II, LLC","SR Jackson II, LLC",False,unmatched - passthrough
Community Foodbank of NJ,Community Foodbank of NJ,False,unmatched - passthrough
USS Danube Solar LLC,USS Danube Solar LLC,False,unmatched - passthrough
USS Cosmo Solar LLC,USS Cosmo Solar LLC,False,unmatched - passthrough
USS Chariot Solar LLC,USS Chariot Solar LLC,False,unmatched - passthrough
USS Catfish Solar LLC,USS Catfish Solar LLC,False,unmatched - passthrough
USS Bush Solar LLC,USS Bush Solar LLC,False,unmatched - passthrough
USS Brockway Solar LLC,USS Brockway Solar LLC,False,unmatched - passthrough
Tweite Community Solar LLC,Tweite Community Solar LLC,False,unmatched - passthrough
RE-VFO LLC,RE-VFO LLC,False,unmatched - passthrough
RC Energy AA LLC,RC Energy AA LLC,False,unmatched - passthrough
"Woodchuck Solar, LLC","Woodchuck Solar, LLC",False,unmatched - passthrough
"Springer Electric Coop, Inc",Electric Cooperative (various),False,rule
MN Buffalo Lake 212-1 LLC,MN Buffalo Lake 212-1 LLC,False,unmatched - passthrough
Town of Stowe - (VT),Municipal / Public Utility (various),False,rule
Wendell MA 1 LLC,Wendell MA 1 LLC,False,unmatched - passthrough
Caldwell Wastewater Treatment Plant,Caldwell Wastewater Treatment Plant,False,unmatched - passthrough
Cannon River LLC,Cannon River LLC,False,unmatched - passthrough
Corix Cleveland Thermal Generating LP ,Corix Cleveland Thermal Generating LP,False,unmatched - passthrough
DIVOCSG 14 LLC,DIVOCSG 14 LLC,False,unmatched - passthrough
DIVOCSG 13 LLC,DIVOCSG 13 LLC,False,unmatched - passthrough
"DG Tufts Science, LLC","DG Tufts Science, LLC",False,unmatched - passthrough
"Stage Gulch Solar, LLC","Stage Gulch Solar, LLC",False,unmatched - passthrough
"Stafford St Solar 3, LLC","Stafford St Solar 3, LLC",False,unmatched - passthrough
"Ledeaux Solar, LLC","Ledeaux Solar, LLC",False,unmatched - passthrough
"Lavio Solar, LLC","Lavio Solar, LLC",False,unmatched - passthrough
Strandness Garden LLC,Strandness Garden LLC,False,unmatched - passthrough
Straight Garden LLC,Straight Garden LLC,False,unmatched - passthrough
SoCore VT Alburgh LLC,SoCore VT Alburgh LLC,False,unmatched - passthrough
"Cordova Electric Coop, Inc",Electric Cooperative (various),False,rule
SunE WG45 Woodland LLC,SunE WG45 Woodland LLC,False,unmatched - passthrough
LSE Canis Minor LLC,LSE Canis Minor LLC,False,unmatched - passthrough
LSE Ara LLC,LSE Ara LLC,False,unmatched - passthrough
"Luminace Solar Georgia, LLC","Luminace Solar Georgia, LLC",False,unmatched - passthrough
Solar Provider Group MN I LLC,Solar Provider Group MN I LLC,False,unmatched - passthrough
Sunlight General Somerset Solar LLC,Sunlight General Somerset Solar LLC,False,unmatched - passthrough
6685 Santa Barbara Ct,6685 Santa Barbara Ct,False,unmatched - passthrough
"Pleasantdale Road Solar, LLC","Pleasantdale Road Solar, LLC",False,unmatched - passthrough
Leven Garden LLC,Leven Garden LLC,False,unmatched - passthrough
Case Western Reserve University,Institutional Self-Generation (various),False,rule
"St. Joseph's Solar, LLC","St. Joseph's Solar, LLC",False,unmatched - passthrough
Star Garden LLC,Star Garden LLC,False,unmatched - passthrough
Spring Prairie Solar LLC,Spring Prairie Solar LLC,False,unmatched - passthrough
"Phoenix Contact Services, Inc","Phoenix Contact Services, Inc",False,unmatched - passthrough
Prawer Community Solar LLC,Prawer Community Solar LLC,False,unmatched - passthrough
"GLC-(CA) Aqua SD, LLC","GLC-(CA) Aqua SD, LLC",False,unmatched - passthrough
Flodquist Community Solar LLC,Flodquist Community Solar LLC,False,unmatched - passthrough
Five Crowns Inc,Five Crowns Inc,False,unmatched - passthrough
Preston Garden LLC,Preston Garden LLC,False,unmatched - passthrough
Castle Rock Cooling,Castle Rock Cooling,False,unmatched - passthrough
New Germany Solar I LLC,New Germany Solar I LLC,False,unmatched - passthrough
Nevada Gold Mines,Nevada Gold Mines,False,unmatched - passthrough
Clara City Solar LLC,Clara City Solar LLC,False,unmatched - passthrough
"Clara City CSG I, LLC","Clara City CSG I, LLC",False,unmatched - passthrough
City of Los Angeles Harbor Department - (CA),Municipal / Public Utility (various),False,rule
NES Rutgers LLC,NES Rutgers LLC,False,unmatched - passthrough
"Coast Energy Holdings, LLC","Coast Energy Holdings, LLC",False,unmatched - passthrough
Heyer CSG LLC,Heyer CSG LLC,False,unmatched - passthrough
"Nabholz Solar FPS Ozarks, LLC","Nabholz Solar FPS Ozarks, LLC",False,unmatched - passthrough
USS Water City Solar LLC,USS Water City Solar LLC,False,unmatched - passthrough
Munro Valley Solar LLC,Munro Valley Solar LLC,False,unmatched - passthrough
Mud Garden LLC,Mud Garden LLC,False,unmatched - passthrough
"Mountain Parks Services, Inc.","Mountain Parks Services, Inc.",False,unmatched - passthrough
"SOL ME Augusta 13 York Farm, LLC","SOL ME Augusta 13 York Farm, LLC",False,unmatched - passthrough
Enfinity NorCal 1 FAA LLC,Clenera / Enfinity,False,rule
"Electric Avenue Lunenburg Solar 1, LLC","Electric Avenue Lunenburg Solar 1, LLC",False,unmatched - passthrough
NY - Mines Press,NY - Mines Press,False,unmatched - passthrough
Erin Garden LLC,Erin Garden LLC,False,unmatched - passthrough
Altorfer Inc.,Altorfer Inc.,False,unmatched - passthrough
Clear Garden LLC,Clear Garden LLC,False,unmatched - passthrough
SunE WG113 Moreno Valley LLC,SunE WG113 Moreno Valley LLC,False,unmatched - passthrough
Titlow Garden LLC,Titlow Garden LLC,False,unmatched - passthrough
"TicketNetwork Campus Realty, LLC","TicketNetwork Campus Realty, LLC",False,unmatched - passthrough
Stearns Solar I LLC,Stearns Solar I LLC,False,unmatched - passthrough
MSC-Scandia01 LLC,MSC-Scandia01 LLC,False,unmatched - passthrough
MSC-Rice01 LLC,MSC-Rice01 LLC,False,unmatched - passthrough
MSC-GreyCloud01 LLC,MSC-GreyCloud01 LLC,False,unmatched - passthrough
"MSC-Empire01, LLC","MSC-Empire01, LLC",False,unmatched - passthrough
MSC-Chisago02 LLC,MSC-Chisago02 LLC,False,unmatched - passthrough
"SunE NLB-2, LLC","SunE NLB-2, LLC",False,unmatched - passthrough
Masser Farms Realty Ltd,Masser Farms Realty Ltd,False,unmatched - passthrough
Massachusetts Electric Co,Massachusetts Electric Co,False,unmatched - passthrough
"J.T. Hobby and Son, Inc.","J.T. Hobby and Son, Inc.",False,unmatched - passthrough
Johnson II CSG LLC,Johnson II CSG LLC,False,unmatched - passthrough
Severson HoldCo LLC,Severson HoldCo LLC,False,unmatched - passthrough
Scotch Settlement        ,Scotch Settlement,False,unmatched - passthrough
Materials Innovation Recycling Authority,Materials Innovation Recycling Authority,False,unmatched - passthrough
"Erving Poplar Mountain Solar 1, LLC","Erving Poplar Mountain Solar 1, LLC",False,unmatched - passthrough
"SunE WF3 KHL A Holdings, LLC","SunE WF3 KHL A Holdings, LLC",False,unmatched - passthrough
"SunE Solar XVI Lessor, LLC","SunE Solar XVI Lessor, LLC",False,unmatched - passthrough
MSC-Chisago01 LLC,MSC-Chisago01 LLC,False,unmatched - passthrough
Dependable Highway Express Inc,Dependable Highway Express Inc,False,unmatched - passthrough
Delta Electronics (Americas) Ltd,Delta Electronics (Americas) Ltd,False,unmatched - passthrough
"LSE Crater, LLC","LSE Crater, LLC",False,unmatched - passthrough
LSE Chamaeleon LLC,LSE Chamaeleon LLC,False,unmatched - passthrough
Boston Medical Center,Institutional Self-Generation (various),False,rule
Minisink Solar LLC,Minisink Solar LLC,False,unmatched - passthrough
Millis MA 1 LLC,Millis MA 1 LLC,False,unmatched - passthrough
Millbury MA #1092 LLC,Millbury MA #1092 LLC,False,unmatched - passthrough
Eagle Springs Solar LLC,Eagle Springs Solar LLC,False,unmatched - passthrough
Allie L.L.C.,Allie L.L.C.,False,unmatched - passthrough
E. Goenner Community Solar LLC,E. Goenner Community Solar LLC,False,unmatched - passthrough
The Medical Center Company,Institutional Self-Generation (various),False,rule
Schull CSG LLC,Schull CSG LLC,False,unmatched - passthrough
Schueler Community Solar LLC,Schueler Community Solar LLC,False,unmatched - passthrough
School Sisters CSG LLC,School Sisters CSG LLC,False,unmatched - passthrough
"Sand Point Generating, LLC","Sand Point Generating, LLC",False,unmatched - passthrough
"San Miguel Power Assn, Inc","San Miguel Power Assn, Inc",False,unmatched - passthrough
"SV CSG Afton I, LLC","SV CSG Afton I, LLC",False,unmatched - passthrough
STAG St. Paul Community Solar LLC,STAG St. Paul Community Solar LLC,False,unmatched - passthrough
Marlboro Mushroom,Marlboro Mushroom,False,unmatched - passthrough
Courtland CSG LLC,Courtland CSG LLC,False,unmatched - passthrough
Alliance HP Virginia Drive LLC,Alliance HP Virginia Drive LLC,False,unmatched - passthrough
Helen CSG 1 LLC,Helen CSG 1 LLC,False,unmatched - passthrough
USS Norelius Solar LLC,USS Norelius Solar LLC,False,unmatched - passthrough
USS Nillie Corn Solar LLC,USS Nillie Corn Solar LLC,False,unmatched - passthrough
USS Mesa Solar LLC,USS Mesa Solar LLC,False,unmatched - passthrough
USS Maverick Solar LLC,USS Maverick Solar LLC,False,unmatched - passthrough
USS Kasch Solar LLC,USS Kasch Solar LLC,False,unmatched - passthrough
USS Jayhawk Solar LLC,USS Jayhawk Solar LLC,False,unmatched - passthrough
USS JJ Solar LLC,USS JJ Solar LLC,False,unmatched - passthrough
USS Water Fowl Solar LLC,USS Water Fowl Solar LLC,False,unmatched - passthrough
USS Rosebud Solar LLC,USS Rosebud Solar LLC,False,unmatched - passthrough
USS Rockpoint Solar LLC,USS Rockpoint Solar LLC,False,unmatched - passthrough
USS Riley Solar LLC,USS Riley Solar LLC,False,unmatched - passthrough
USS Reindeer Solar LLC,USS Reindeer Solar LLC,False,unmatched - passthrough
USS Quail Solar LLC,USS Quail Solar LLC,False,unmatched - passthrough
USS Prokosch Solar LLC,USS Prokosch Solar LLC,False,unmatched - passthrough
USS Pheasant Solar LLC,USS Pheasant Solar LLC,False,unmatched - passthrough
USS Peach Solar LLC,USS Peach Solar LLC,False,unmatched - passthrough
USS Wells Creek Solar LLC,USS Wells Creek Solar LLC,False,unmatched - passthrough
USS Water Town Solar LLC,USS Water Town Solar LLC,False,unmatched - passthrough
USS Hubers Solar LLC,USS Hubers Solar LLC,False,unmatched - passthrough
Winona Garden LLC,Winona Garden LLC,False,unmatched - passthrough
Pepin Garden LLC,Pepin Garden LLC,False,unmatched - passthrough
Royal Wine Corp,Royal Wine Corp,False,unmatched - passthrough
Sturgeon Garden LLC,Sturgeon Garden LLC,False,unmatched - passthrough
"MKM Oakdale Solar, LLC","MKM Oakdale Solar, LLC",False,unmatched - passthrough
Crane Garden LLC,Crane Garden LLC,False,unmatched - passthrough
University of Redlands,Institutional Self-Generation (various),False,rule
Bollinger Canyon Road BR 1-X Solar Project 2020,Bollinger Canyon Road BR 1-X Solar Project 2020,False,unmatched - passthrough
Macadamia Nut Road Solar Project 2019,Macadamia Nut Road Solar Project 2019,False,unmatched - passthrough
"Freemans Way Solar Project 2019, LLC","Freemans Way Solar Project 2019, LLC",False,unmatched - passthrough
City of State Center - (IA),Municipal / Public Utility (various),False,rule
Mayor and City Council of Baltimore City - (MD),Mayor and City Council of Baltimore City - (MD),False,unmatched - passthrough
Santa Barbara County,Santa Barbara County,False,unmatched - passthrough
"BCSB, LLC","BCSB, LLC",False,unmatched - passthrough
"Alcosta Boulevard BR 15-DD Solar Project 2020, LLC","Alcosta Boulevard BR 15-DD Solar Project 2020, LLC",False,unmatched - passthrough
"BFI Waste Systems of GA, LLC","BFI Waste Systems of GA, LLC",False,unmatched - passthrough
"Hero Drive Solar Project 2023, LLC","Hero Drive Solar Project 2023, LLC",False,unmatched - passthrough
Bank of the West,Bank of the West,False,unmatched - passthrough
Biola University,Institutional Self-Generation (various),False,rule
Ocean County Utilities Auth - (NJ),Ocean County Utilities Auth - (NJ),False,unmatched - passthrough
"ADA Carbon Solutions (Red River), LLC","ADA Carbon Solutions (Red River), LLC",False,unmatched - passthrough
AES Redondo Beach LLC,AES Wind Generation,True,rule
AGC Division of APG Inc,AGC Division of APG Inc,False,unmatched - passthrough
AGC Division of APGI Inc,AGC Division of APGI Inc,False,unmatched - passthrough
Acciona Solar Power,Nordex Acciona North America,True,rule
AgriReNew,AgriReNew,False,unmatched - passthrough
Agrilectric Power Partners Ltd,Agrilectric Power Partners Ltd,False,unmatched - passthrough
"Ahlstrom-Munksjo NA Specialty Solutions, LLC","Ahlstrom-Munksjo NA Specialty Solutions, LLC",False,unmatched - passthrough
Air Products & Chemicals Inc,Air Products & Chemicals Inc,False,unmatched - passthrough
Alabama River Cellulose LLC,Alabama River Cellulose LLC,False,unmatched - passthrough
"Albany Green Energy, LLC","Albany Green Energy, LLC",False,unmatched - passthrough
Alcoa World Alumina LLC,Alcoa World Alumina LLC,False,unmatched - passthrough
Allegheny Energy Supply Co LLC,Allegheny Energy Supply Co LLC,False,unmatched - passthrough
AlphaStruxure Service Co LP,AlphaStruxure Service Co LP,False,unmatched - passthrough
Alta Mesa 640 LLC,Alta Mesa 640 LLC,False,unmatched - passthrough
American Bituminous Power LP,American Bituminous Power LP,False,unmatched - passthrough
Ampersand Chowchilla Biomass LLC,Ampersand Chowchilla Biomass LLC,False,unmatched - passthrough
Antioch Medical Center (site#6) Solar LLC,Institutional Self-Generation (various),False,rule
"Arq Solutions (Red River), LLC","Arq Solutions (Red River), LLC",False,unmatched - passthrough
BP America Inc,BP America Inc,False,unmatched - passthrough
Battery Utility of Ohio LLC,Battery Utility of Ohio LLC,False,unmatched - passthrough
Bay County Board-County Comm,Bay County Board-County Comm,False,unmatched - passthrough
Bay Windpower LLC,Bay Windpower LLC,False,unmatched - passthrough
Bethlehem Renewable Energy LLC,Bethlehem Renewable Energy LLC,False,unmatched - passthrough
"Big Sampson Wind Project, LLC","Big Sampson Wind Project, LLC",False,unmatched - passthrough
Billerud Escanaba LLC,Billerud Escanaba LLC,False,unmatched - passthrough
Billerud Quinnesec Mill,Billerud Quinnesec Mill,False,unmatched - passthrough
Billerud Wisconsin LLC,Billerud Wisconsin LLC,False,unmatched - passthrough
Birch Creek Development,Birch Creek Development,False,unmatched - passthrough
"Black Hills Power, Inc. d/b/a",Black Hills Corp,False,rule
Blue Lake Power LLC,Blue Lake Power LLC,False,unmatched - passthrough
Blue Ridge Paper Products Inc,Blue Ridge Paper Products Inc,False,unmatched - passthrough
Board of Water Electric & Communications,Board of Water Electric & Communications,False,unmatched - passthrough
Brainerd Public Utilities,Brainerd Public Utilities,False,unmatched - passthrough
"Brazoria Solar i, LLC","Brazoria Solar i, LLC",False,unmatched - passthrough
Brunswick Cellulose LLC,Brunswick Cellulose LLC,False,unmatched - passthrough
Buckeye Florida Ltd Partners,Buckeye Florida Ltd Partners,False,unmatched - passthrough
Buena Vista Biomass LLC,Buena Vista Biomass LLC,False,unmatched - passthrough
"Burney Forest Products, A Joint Venture","Burney Forest Products, A Joint Venture",False,unmatched - passthrough
Burney Power Operations,Burney Power Operations,False,unmatched - passthrough
"CES Electron Farm One, LLC","CES Electron Farm One, LLC",False,unmatched - passthrough
CII Carbon LLC,CII Carbon LLC,False,unmatched - passthrough
CMS Generation Operating Co II,CMS Energy Group,False,rule
CMS Generation Operating LLC,CMS Energy Group,False,rule
Cadillac Renewable Energy LLC,Cadillac Renewable Energy LLC,False,unmatched - passthrough
Cambria CoGen Co,Cambria CoGen Co,False,unmatched - passthrough
Capitol District Energy Center,Capitol District Energy Center,False,unmatched - passthrough
"Catalyze Dallas 7750 Dynasty Drive Microgrid, LLC","Catalyze Dallas 7750 Dynasty Drive Microgrid, LLC",False,unmatched - passthrough
Cattlemen Solar Park II LLC,Cattlemen Solar Park II LLC,False,unmatched - passthrough
Cattlemen Solar Park LLC,Cattlemen Solar Park LLC,False,unmatched - passthrough
Chillingham Solar LLC,Chillingham Solar LLC,False,unmatched - passthrough
"Choctaw Generation L.P, L.L.L.P.","Choctaw Generation L.P, L.L.L.P.",False,unmatched - passthrough
City of Binghamton,Municipal / Public Utility (various),False,rule
City of Burlington Electric - (VT),Municipal / Public Utility (various),False,rule
City of Grand Haven - (MI),Municipal / Public Utility (various),False,rule
City of Lebanon - (OH),Municipal / Public Utility (various),False,rule
City of Marquette - (MI),Municipal / Public Utility (various),False,rule
City of Owensboro - (KY),Municipal / Public Utility (various),False,rule
City of Painesville,Municipal / Public Utility (various),False,rule
City of Painesville - (OH),Municipal / Public Utility (various),False,rule
City of Virginia - (MN),Municipal / Public Utility (various),False,rule
Clatskanie Peoples Util Dist,Clatskanie Peoples Util Dist,False,unmatched - passthrough
Clean Energy Systems Delano,Clean Energy Systems Delano,False,unmatched - passthrough
Clearwater Paper Corporation,Clearwater Paper Corporation,False,unmatched - passthrough
Co-Gen II,Co-Gen II,False,unmatched - passthrough
"Colorado Energy Nations Company, LLC","Colorado Energy Nations Company, LLC",False,unmatched - passthrough
Community Eco Springfield LLC,Community Eco Springfield LLC,False,unmatched - passthrough
Constellation New Energy Inc.,Constellation Energy Corp.,True,rule
"Cottonwood Bayou Solar, LLC","Cottonwood Bayou Solar, LLC",False,unmatched - passthrough
Covanta Bristol Inc,Covanta Bristol Inc,False,unmatched - passthrough
Covanta Camden Energy Recovery Center,Covanta Camden Energy Recovery Center,False,unmatched - passthrough
Covanta Delano Inc,Covanta Delano Inc,False,unmatched - passthrough
Covanta Delaware Valley LP,Covanta Delaware Valley LP,False,unmatched - passthrough
Covanta Energy Co,Covanta Energy Co,False,unmatched - passthrough
Covanta Energy of Niagara LP,Covanta Energy of Niagara LP,False,unmatched - passthrough
Covanta Fairfax Inc,Covanta Fairfax Inc,False,unmatched - passthrough
Covanta Indianapolis Inc,Covanta Indianapolis Inc,False,unmatched - passthrough
Covanta Lake Inc,Covanta Lake Inc,False,unmatched - passthrough
Covanta Lancaster Inc,Covanta Lancaster Inc,False,unmatched - passthrough
Covanta MacArthur Renewable Energy,Covanta MacArthur Renewable Energy,False,unmatched - passthrough
Covanta Marion Inc,Covanta Marion Inc,False,unmatched - passthrough
"Covanta Montgomery, Inc.","Covanta Montgomery, Inc.",False,unmatched - passthrough
Covanta Onondega LP,Covanta Onondega LP,False,unmatched - passthrough
"Covanta Projects, LLC","Covanta Projects, LLC",False,unmatched - passthrough
Covanta Southeast Florida Renewable Ltd,Covanta Southeast Florida Renewable Ltd,False,unmatched - passthrough
Covanta Tulsa Renewable Energy LLC,Covanta Tulsa Renewable Energy LLC,False,unmatched - passthrough
Covanta Union Operations LLC,Covanta Union Operations LLC,False,unmatched - passthrough
Crawfordsville Energy LLC,Crawfordsville Energy LLC,False,unmatched - passthrough
Crystal Flash Renewable Energy LLC dba Bay Windpower LLC,Crystal Flash Renewable Energy LLC dba Bay Windpower LLC,False,unmatched - passthrough
Customized Energy Solutions,Customized Energy Solutions,False,unmatched - passthrough
DC Water,DC Water,False,unmatched - passthrough
DG Fairhaven Power LLC,DG Fairhaven Power LLC,False,unmatched - passthrough
DOE National Renewable Energy Laboratory,DOE National Renewable Energy Laboratory,False,unmatched - passthrough
DTE Energy Services-Woodland,DTE Energy,True,rule
DTE Stockton LLC,DTE Energy,True,rule
"DTE Tuscola, LLC",DTE Energy,True,rule
"Danish Fields Solar, LLC","Danish Fields Solar, LLC",False,unmatched - passthrough
Dartmouth College,Institutional Self-Generation (various),False,rule
Desert View Power Inc,Desert View Power Inc,False,unmatched - passthrough
Deutsche Bank,Deutsche Bank,False,unmatched - passthrough
Devon Power LLC,Devon Power LLC,False,unmatched - passthrough
Dinuba Energy,Dinuba Energy,False,unmatched - passthrough
"Dominion Cove Point LNG, LP","Dominion Cove Point LNG, LP",False,unmatched - passthrough
Domtar LLC,Domtar LLC,False,unmatched - passthrough
Domtar Paper Company Bennettsville,Domtar Paper Company Bennettsville,False,unmatched - passthrough
Domtar Paper Company LLC,Domtar Paper Company LLC,False,unmatched - passthrough
Dutchess County RRA,Dutchess County RRA,False,unmatched - passthrough
Dutchess County RRA - (NY),Dutchess County RRA - (NY),False,unmatched - passthrough
Dynegy Kincaid Generation,Vistra Group,False,rule
Dynegy Midwest Generation Inc,Vistra Group,False,rule
Dynegy W H Zimmer,Vistra Group,False,rule
EDF Renewable Services Inc,EDF Power Solutions North America,True,rule
ENGIE Denver Metro LLC,Engie North America,True,rule
East Bay Municipal Util Dist,Municipal / Public Utility (various),False,rule
East Bay Municipal Util Dist - (CA),Municipal / Public Utility (various),False,rule
Easton Utilities Comm,Easton Utilities Comm,False,unmatched - passthrough
Ebensburg Power Co,Ebensburg Power Co,False,unmatched - passthrough
Eco Services Corp.,Eco Services Corp.,False,unmatched - passthrough
Ecomaine,Ecomaine,False,unmatched - passthrough
Edgecombe Operating Services LLC,Edgecombe Operating Services LLC,False,unmatched - passthrough
Electric Energy Inc,Electric Energy Inc,False,unmatched - passthrough
Electric Transmission Texas LLC,Electric Transmission Texas LLC,False,unmatched - passthrough
Elmwood Park Power LLC,Elmwood Park Power LLC,False,unmatched - passthrough
"Enel Green Power Roseland Solar, LLC",Enel Green Power,True,rule
Energy Harbor Generation LLC,Constellation Energy Corp.,True,rule
Entergy Nuclear Generation Co,Entergy Group,False,rule
Entergy Nuclear Indian Point 2,Entergy Group,False,rule
Entergy Nuclear Indian Point 3,Entergy Group,False,rule
Equilon Enterprises LLC d/b/a Shell Oil,Industrial Self-Generation (various),False,rule
Essex Generating Station,Essex Generating Station,False,unmatched - passthrough
EthosEnergy Power Plant Services,EthosEnergy Power Plant Services,False,unmatched - passthrough
Evergreen Packaging Inc,Evergreen Packaging Inc,False,unmatched - passthrough
Ewington Wind Project,Ewington Wind Project,False,unmatched - passthrough
Exelon Wind LLC,Exelon Wind LLC,False,unmatched - passthrough
FPL Energy Green Power,NextEra Energy Resources,True,rule
FPL Energy Operating Services Inc - SEGS,NextEra Energy Resources,True,rule
Finch Paper LLC,Finch Paper LLC,False,unmatched - passthrough
First Citizens Bank,First Citizens Bank,False,unmatched - passthrough
Freeport McMoRan Oil & Gas,Freeport McMoRan Oil & Gas,False,unmatched - passthrough
Frito-Lay Inc,Frito-Lay Inc,False,unmatched - passthrough
GCF US Holdings LLC (Columbus Mill),GCF US Holdings LLC (Columbus Mill),False,unmatched - passthrough
"Gemini Technologies Services, Inc.","Gemini Technologies Services, Inc.",False,unmatched - passthrough
GenConn Devon LLC,GenConn Devon LLC,False,unmatched - passthrough
GenConn Middletown LLC,GenConn Middletown LLC,False,unmatched - passthrough
"GenOn Power Midwest, LP",GenOn Holdings,False,rule
General Mills Inc,General Mills Inc,False,unmatched - passthrough
General Services Administration - Region 8,General Services Administration - Region 8,False,unmatched - passthrough
"Generation Bridge II Connecticut, LLC","Generation Bridge II Connecticut, LLC",False,unmatched - passthrough
"Genesis Alkali, LLC","Genesis Alkali, LLC",False,unmatched - passthrough
Georgia-Pacific Cedar Springs LLC,Georgia-Pacific Cedar Springs LLC,False,unmatched - passthrough
Georgia-Pacific Cons Op LLC Port Hudson,Georgia-Pacific Cons Op LLC Port Hudson,False,unmatched - passthrough
Georgia-Pacific Consr Prods LP-Naheola,Georgia-Pacific Consr Prods LP-Naheola,False,unmatched - passthrough
Georgia-Pacific Consumer Operations LLC-Wauna,Georgia-Pacific Consumer Operations LLC-Wauna,False,unmatched - passthrough
Georgia-Pacific Monticello LLC,Georgia-Pacific Monticello LLC,False,unmatched - passthrough
Georgia-Pacific Toledo LLC,Georgia-Pacific Toledo LLC,False,unmatched - passthrough
Georgia-Pacific Wauna LLC,Georgia-Pacific Wauna LLC,False,unmatched - passthrough
"Golden Renewable Energy, LLC","Golden Renewable Energy, LLC",False,unmatched - passthrough
Graphic Packaging Corp,Graphic Packaging Corp,False,unmatched - passthrough
Graphic Packaging International - Texarkana,Graphic Packaging International - Texarkana,False,unmatched - passthrough
Greenskies,Greenskies,False,unmatched - passthrough
H.A. Wagner LLC,H.A. Wagner LLC,False,unmatched - passthrough
"HH Management, LLC","HH Management, LLC",False,unmatched - passthrough
HL Power Company,HL Power Company,False,unmatched - passthrough
Harbor Wind Tenant LLC,Harbor Wind Tenant LLC,False,unmatched - passthrough
Harrisburg Authority,Harrisburg Authority,False,unmatched - passthrough
Harvest Midstream Co,Harvest Midstream Co,False,unmatched - passthrough
Hawaii Electric Light Co Inc,Hawaii Electric Light Co Inc,False,unmatched - passthrough
Heorot Power Management,Heorot Power Management,False,unmatched - passthrough
High Plains Wind Power LLC,High Plains Wind Power LLC,False,unmatched - passthrough
"Hill Solar 1, LLC","Hill Solar 1, LLC",False,unmatched - passthrough
Hillman Power Co,Hillman Power Co,False,unmatched - passthrough
Hillsborough County,Hillsborough County,False,unmatched - passthrough
Hillsborough County - (FL),Hillsborough County - (FL),False,unmatched - passthrough
"Hood Container of Louisiana, LLC","Hood Container of Louisiana, LLC",False,unmatched - passthrough
Humphrey Realty,Humphrey Realty,False,unmatched - passthrough
Huntington Resource Recovery,Huntington Resource Recovery,False,unmatched - passthrough
IHI Power Services Corp,IHI Power Services Corp,False,unmatched - passthrough
INEOS US Chemicals Company - Naperville Campus,Industrial Self-Generation (various),False,rule
Illinois Electricial Gen Partn,Illinois Electricial Gen Partn,False,unmatched - passthrough
Indianola Municipal Utilities,Municipal / Public Utility (various),False,rule
Ingredion Inc - Winston Salem,Ingredion Inc - Winston Salem,False,unmatched - passthrough
Inland Empire Energy Ctr LLC,Inland Empire Energy Ctr LLC,False,unmatched - passthrough
Inland Paperboard - Rome Mill,Inland Paperboard - Rome Mill,False,unmatched - passthrough
Innolith Snook LLC,Innolith Snook LLC,False,unmatched - passthrough
"Inter-Power/AhlCon Partners, L.P.","Inter-Power/AhlCon Partners, L.P.",False,unmatched - passthrough
International Paper,International Paper,False,unmatched - passthrough
International Paper - Flint River Mill,International Paper - Flint River Mill,False,unmatched - passthrough
International Paper - Franklin,International Paper - Franklin,False,unmatched - passthrough
International Paper - Orange,International Paper - Orange,False,unmatched - passthrough
International Paper - Valliant,International Paper - Valliant,False,unmatched - passthrough
International Paper Co-Eastover,International Paper Co-Eastover,False,unmatched - passthrough
International Paper Co-Eastovr,International Paper Co-Eastovr,False,unmatched - passthrough
International Paper Co-GT Mill,International Paper Co-GT Mill,False,unmatched - passthrough
International Paper Co-Pensacola,International Paper Co-Pensacola,False,unmatched - passthrough
International Paper Co-Riegelwood,International Paper Co-Riegelwood,False,unmatched - passthrough
International Paper Co-Vicksbg,International Paper Co-Vicksbg,False,unmatched - passthrough
International Paper Co.,International Paper Co.,False,unmatched - passthrough
International Paper Co. - New Bern Mill,International Paper Co. - New Bern Mill,False,unmatched - passthrough
International Paper Columbus Mill,International Paper Columbus Mill,False,unmatched - passthrough
International Paper Corporation - Springfield,International Paper Corporation - Springfield,False,unmatched - passthrough
International Paper Port Wentworth Mill,International Paper Port Wentworth Mill,False,unmatched - passthrough
Interstate Paper LLC,Interstate Paper LLC,False,unmatched - passthrough
Ipswich Wind Independence,Ipswich Wind Independence,False,unmatched - passthrough
Island Energy Services,Island Energy Services,False,unmatched - passthrough
JHP Pharmaceuticals LLC,JHP Pharmaceuticals LLC,False,unmatched - passthrough
"Jamaica Bay Peaking Facility, LLC","Jamaica Bay Peaking Facility, LLC",False,unmatched - passthrough
Joliet Battery Storage LLC,Joliet Battery Storage LLC,False,unmatched - passthrough
Kamin LLC,Kamin LLC,False,unmatched - passthrough
KapStone Kraft Paper Corp,KapStone Kraft Paper Corp,False,unmatched - passthrough
Kent County,Kent County,False,unmatched - passthrough
Kent County - (MI),Kent County - (MI),False,unmatched - passthrough
KeyCon Operating LLC,KeyCon Operating LLC,False,unmatched - passthrough
Kimberly-Clark Worldwide Inc,Kimberly-Clark Worldwide Inc,False,unmatched - passthrough
Kinder Morgan Yates Operation,Kinder Morgan Yates Operation,False,unmatched - passthrough
Kingston Wind Independence,Kingston Wind Independence,False,unmatched - passthrough
Koda Energy LLC,Koda Energy LLC,False,unmatched - passthrough
Konoike Pacific,Konoike Pacific,False,unmatched - passthrough
L'Anse Warden Electric Company LLC,L'Anse Warden Electric Company LLC,False,unmatched - passthrough
Lafarge Corp,Lafarge Corp,False,unmatched - passthrough
Leaf River Cellulose LLC,Leaf River Cellulose LLC,False,unmatched - passthrough
Lee County Board-Commissioners,Lee County Board-Commissioners,False,unmatched - passthrough
Longview Fibre Co,Longview Fibre Co,False,unmatched - passthrough
"Longview Power, LLC","Longview Power, LLC",False,unmatched - passthrough
Los Angeles County,Los Angeles County,False,unmatched - passthrough
Lubbock Wind LLC,Lubbock Wind LLC,False,unmatched - passthrough
"M.A. Patout & Son Limited, LLC","M.A. Patout & Son Limited, LLC",False,unmatched - passthrough
MILL SOLAR 1 LLC,MILL SOLAR 1 LLC,False,unmatched - passthrough
Maine Waste to Energy,Maine Waste to Energy,False,unmatched - passthrough
"Major Oak Power, LLC","Major Oak Power, LLC",False,unmatched - passthrough
Marcus Hook 50 L.P,Marcus Hook 50 L.P,False,unmatched - passthrough
Mark Technologies Corp,Mark Technologies Corp,False,unmatched - passthrough
"Mas Countryside RNG, LLC","Mas Countryside RNG, LLC",False,unmatched - passthrough
"McCrae Wind Energy II, LLC","McCrae Wind Energy II, LLC",False,unmatched - passthrough
Merced Power LLC,Merced Power LLC,False,unmatched - passthrough
Middlebury College Biomass,Institutional Self-Generation (various),False,rule
Midwest Electric Power Inc,Midwest Electric Power Inc,False,unmatched - passthrough
Mill Solar 1 LLC,Mill Solar 1 LLC,False,unmatched - passthrough
MillerCoors Shenandoah Brewery,MillerCoors Shenandoah Brewery,False,unmatched - passthrough
Molson Coors Shenandoah Brewery,Molson Coors Shenandoah Brewery,False,unmatched - passthrough
Monmouth Energy Inc,Monmouth Energy Inc,False,unmatched - passthrough
Morgantown Energy Associates,Morgantown Energy Associates,False,unmatched - passthrough
Mosaic Company,Mosaic Company,False,unmatched - passthrough
Mosaic Phosphates Co.,Mosaic Phosphates Co.,False,unmatched - passthrough
Mount Carmel Cogen Inc,Mount Carmel Cogen Inc,False,unmatched - passthrough
"Mountain Power, LLC","Mountain Power, LLC",False,unmatched - passthrough
Mt Poso Cogeneration Co,Mt Poso Cogeneration Co,False,unmatched - passthrough
"Myrtle Solar, LLC","Myrtle Solar, LLC",False,unmatched - passthrough
NAEA Energy Massachusetts LLC,NAEA Energy Massachusetts LLC,False,unmatched - passthrough
NAES Corp,NAES Corporation,False,rule
"NE Renewable Fitchburg, LLC","NE Renewable Fitchburg, LLC",False,unmatched - passthrough
NRG Astoria Gas Turbine Operations Inc,NRG Energy Group,False,rule
NRG Cabrillo Power Ops Inc,NRG Energy Group,False,rule
NRG Canal 3 Development LLC,NRG Energy Group,False,rule
NRG Chalk Point CT,NRG Energy Group,False,rule
NRG Energy Services,NRG Energy Group,False,rule
NRG Sterlington Power LLC,NRG Energy Group,False,rule
NVSS-II,NVSS-II,False,unmatched - passthrough
Nassau Energy Corp,Nassau Energy Corp,False,unmatched - passthrough
National Salvage & Service Corporation,National Salvage & Service Corporation,False,unmatched - passthrough
Neenah Paper Michigan Inc.,Neenah Paper Michigan Inc.,False,unmatched - passthrough
New Hope Power Company,New Hope Power Company,False,unmatched - passthrough
Newark Bay Cogeneration Partnership LP,Newark Bay Cogeneration Partnership LP,False,unmatched - passthrough
NextEra Energy Duane Arnold LLC,NextEra Energy Resources,True,rule
"Niles Power, LLC","Niles Power, LLC",False,unmatched - passthrough
Nippon Dynawave Packaging Co.,Nippon Dynawave Packaging Co.,False,unmatched - passthrough
NorthStar Clean Energy,NorthStar Clean Energy,False,unmatched - passthrough
Novo Biopower LLC,Novo Biopower LLC,False,unmatched - passthrough
Ohio Power Co,Ohio Power Co,False,unmatched - passthrough
Olmsted County Public Works,Olmsted County Public Works,False,unmatched - passthrough
Olmsted County Public Works - (MN),Olmsted County Public Works - (MN),False,unmatched - passthrough
"Omnis Pleasants, LLC","Omnis Pleasants, LLC",False,unmatched - passthrough
Orange County Sanitation Dist,Orange County Sanitation Dist,False,unmatched - passthrough
Oswego County,Oswego County,False,unmatched - passthrough
Oswego County - (NY),Oswego County - (NY),False,unmatched - passthrough
PCA-Tomahawk Mill,PCA-Tomahawk Mill,False,unmatched - passthrough
PCA-Valdosta Mill,PCA-Valdosta Mill,False,unmatched - passthrough
"PCR Rapids 1 Op, LLC","PCR Rapids 1 Op, LLC",False,unmatched - passthrough
PES,PES,False,unmatched - passthrough
PInova Inc,PInova Inc,False,unmatched - passthrough
POET Biorefining- Chancellor,POET Biorefining- Chancellor,False,unmatched - passthrough
PSEG Fossil LLC,PSEG Group,False,rule
PSEG Power Connecticut LLC,PSEG Group,False,rule
PUD No 1 of Klickitat County,Municipal / Public Utility (various),False,rule
"PYCO Industries, Inc.","PYCO Industries, Inc.",False,unmatched - passthrough
Pacific Ethanol Stockton,Pacific Ethanol Stockton,False,unmatched - passthrough
Packaging Corp of America,Packaging Corp of America,False,unmatched - passthrough
Packaging Corporation of America,Packaging Corporation of America,False,unmatched - passthrough
Pasadena Refining System Inc,Pasadena Refining System Inc,False,unmatched - passthrough
Pasco County,Pasco County,False,unmatched - passthrough
Pasco County - (FL),Pasco County - (FL),False,unmatched - passthrough
Pawtucket Power Associates LP,Pawtucket Power Associates LP,False,unmatched - passthrough
Pedricktown Cogeneration Company LP,Pedricktown Cogeneration Company LP,False,unmatched - passthrough
Performance Services,Performance Services,False,unmatched - passthrough
Philadelphia Authority for Industrial Development,Philadelphia Authority for Industrial Development,False,unmatched - passthrough
Phillips 66,Phillips 66,False,unmatched - passthrough
"Pinetree Power Fitchburg, LLC","Pinetree Power Fitchburg, LLC",False,unmatched - passthrough
Pinova Inc.,Pinova Inc.,False,unmatched - passthrough
Pixelle Androscoggin LLC,Pixelle Androscoggin LLC,False,unmatched - passthrough
Port Townsend Paper Co,Port Townsend Paper Co,False,unmatched - passthrough
"Portland Power, LLC","Portland Power, LLC",False,unmatched - passthrough
Prairie State Generating Co LLC,Prairie State Generating Co LLC,False,unmatched - passthrough
"RRI Energy Services, LLC","RRI Energy Services, LLC",False,unmatched - passthrough
Radian Generation,Radian Generation,False,unmatched - passthrough
Ray Ranch Solar LLC,Ray Ranch Solar LLC,False,unmatched - passthrough
Rayonier Advanced Materials,Rayonier Advanced Materials,False,unmatched - passthrough
Red River Mill Intl Paper Company,Red River Mill Intl Paper Company,False,unmatched - passthrough
Resolute Forest Products,Resolute Forest Products,False,unmatched - passthrough
Reworld Indianapolis Inc,Reworld Indianapolis Inc,False,unmatched - passthrough
Reworld MacArthur Renewable Energy,Reworld MacArthur Renewable Energy,False,unmatched - passthrough
"Reworld Niagara I, LLC","Reworld Niagara I, LLC",False,unmatched - passthrough
"Reworld Projects, LLC","Reworld Projects, LLC",False,unmatched - passthrough
Reworld Tulsa LLC,Reworld Tulsa LLC,False,unmatched - passthrough
"Reworld Union (NJ), LLC","Reworld Union (NJ), LLC",False,unmatched - passthrough
Rio Bravo Fresno,Rio Bravo Fresno,False,unmatched - passthrough
Rio Bravo Rocklin,Rio Bravo Rocklin,False,unmatched - passthrough
"Rio Grande Valley Sugar Growers, Inc.","Rio Grande Valley Sugar Growers, Inc.",False,unmatched - passthrough
Riverwood Intl USA Inc,Riverwood Intl USA Inc,False,unmatched - passthrough
"Rock County Energy Center, LLC","Rock County Energy Center, LLC",False,unmatched - passthrough
RockTenn-Hopewell,RockTenn-Hopewell,False,unmatched - passthrough
Roseburg Forest Products Co,Roseburg Forest Products Co,False,unmatched - passthrough
Rousselot Inc,Rousselot Inc,False,unmatched - passthrough
SEMASS Partnership,SEMASS Partnership,False,unmatched - passthrough
SERRF Joint Powers Authority,SERRF Joint Powers Authority,False,unmatched - passthrough
Sabine Cogen LP,Sabine Cogen LP,False,unmatched - passthrough
Saint - Gobain Abrasives Inc,Saint - Gobain Abrasives Inc,False,unmatched - passthrough
San Bernardino Comm College Dist,Institutional Self-Generation (various),False,rule
Sandy Creek Energy Associates LP,Sandy Creek Energy Associates LP,False,unmatched - passthrough
Sappi Cloquet LLC,Sappi Cloquet LLC,False,unmatched - passthrough
Sappi Fine Paper North America-Somerset,Sappi Fine Paper North America-Somerset,False,unmatched - passthrough
Sauder Woodworking Co,Sauder Woodworking Co,False,unmatched - passthrough
Seadrift Coke L P,Seadrift Coke L P,False,unmatched - passthrough
Searles Valley Minerals Operations Inc.,Searles Valley Minerals Operations Inc.,False,unmatched - passthrough
"Shasta Sustainable Resource Management, Inc.","Shasta Sustainable Resource Management, Inc.",False,unmatched - passthrough
Sherbino Mesa I Windfarm LLC,Sherbino Mesa I Windfarm LLC,False,unmatched - passthrough
Sierra Pacific Industries Inc,NV Energy (BHE),False,rule
Simplot Leasing Corp,Simplot Leasing Corp,False,unmatched - passthrough
Simplot Phosphates LLC,Simplot Phosphates LLC,False,unmatched - passthrough
Snyder Wind Farm LLC,Snyder Wind Farm LLC,False,unmatched - passthrough
Solid Waste Authority of Palm Beach Co,Solid Waste Authority of Palm Beach Co,False,unmatched - passthrough
Southern Illinois University Carbondale,Institutional Self-Generation (various),False,rule
Southern Minnesota Beet Sugar,Southern Minnesota Beet Sugar,False,unmatched - passthrough
St Paul Cogeneration LLC,St Paul Cogeneration LLC,False,unmatched - passthrough
State-Fuel Level Increment,State-Fuel Level Increment,False,unmatched - passthrough
Stored Solar J&WE,Stored Solar J&WE,False,unmatched - passthrough
"Stored Solar Services, LLC","Stored Solar Services, LLC",False,unmatched - passthrough
Suzlon Project VIII LLC,Suzlon Project VIII LLC,False,unmatched - passthrough
Sylvamo Corporation - Eastover,Sylvamo Corporation - Eastover,False,unmatched - passthrough
TES Filer City Station LP,TES Filer City Station LP,False,unmatched - passthrough
Talen Montana LLC,Talen Energy Group,False,rule
Targa Midstream Services LP,Targa Midstream Services LP,False,unmatched - passthrough
Tata Chemicals Partners,Tata Chemicals Partners,False,unmatched - passthrough
"Televison City Studios, LLC.","Televison City Studios, LLC.",False,unmatched - passthrough
Temple-Inland Corp,Temple-Inland Corp,False,unmatched - passthrough
"Terra-Gen 251 Wind, LLC",Terra-Gen,False,rule
Tesoro Refining & Marketing Company LLC,Tesoro Refining & Marketing Company LLC,False,unmatched - passthrough
Texas Municipal Power Agency,Municipal / Public Utility (various),False,rule
Texico Wind LP,Texico Wind LP,False,unmatched - passthrough
"The Mosaic Company, Plant City Facility","The Mosaic Company, Plant City Facility",False,unmatched - passthrough
"Titus Power, LLC","Titus Power, LLC",False,unmatched - passthrough
"TotalEnergies Distributed Generation, LLC",TotalEnergies,True,rule
Town of Shrewsbury - (MA),Municipal / Public Utility (various),False,rule
Trexlertown Solar Array North and South,Trexlertown Solar Array North and South,False,unmatched - passthrough
USG Paper LLC,USG Paper LLC,False,unmatched - passthrough
Union Carbide Corp-Texas City,Union Carbide Corp-Texas City,False,unmatched - passthrough
United States Steel Granite City Works,United States Steel Granite City Works,False,unmatched - passthrough
United States Sugar Corp,United States Sugar Corp,False,unmatched - passthrough
University of Alaska,Institutional Self-Generation (various),False,rule
Verso Corporation,Verso Corporation,False,unmatched - passthrough
Verso Escanaba LLC,Verso Escanaba LLC,False,unmatched - passthrough
Verso Luke LLC,Verso Luke LLC,False,unmatched - passthrough
Verso Paper - Quinnesec,Verso Paper - Quinnesec,False,unmatched - passthrough
Verso Paper Androscoggin LLC,Verso Paper Androscoggin LLC,False,unmatched - passthrough
Viking Energy Corp,Viking Energy Corp,False,unmatched - passthrough
Wadham Energy LP,Wadham Energy LP,False,unmatched - passthrough
Wadham Energy Ltd Partners,Wadham Energy Ltd Partners,False,unmatched - passthrough
West Chicago Battery Storage LLC,West Chicago Battery Storage LLC,False,unmatched - passthrough
West Texas Wind Energy Partners LLC,West Texas Wind Energy Partners LLC,False,unmatched - passthrough
WestRock (TX),WestRock (TX),False,unmatched - passthrough
WestRock (WA),WestRock (WA),False,unmatched - passthrough
WestRock Corp,WestRock Corp,False,unmatched - passthrough
WestRock Corp-Panama City,WestRock Corp-Panama City,False,unmatched - passthrough
"WestRock Mill Company, LLC","WestRock Mill Company, LLC",False,unmatched - passthrough
"WestRock, Fernandina Beach","WestRock, Fernandina Beach",False,unmatched - passthrough
WestRock-Florence,WestRock-Florence,False,unmatched - passthrough
WestRock-West Point Mill,WestRock-West Point Mill,False,unmatched - passthrough
Western Sugar Cooperative  - Billings,Electric Cooperative (various),False,rule
Western Sugar Cooperative - Billings,Electric Cooperative (various),False,rule
Westrock (LA),Westrock (LA),False,unmatched - passthrough
"Westrock Kraft Paper, LLC","Westrock Kraft Paper, LLC",False,unmatched - passthrough
Wheelabrator Environmental Systems,Wheelabrator Environmental Systems,False,unmatched - passthrough
White Springs Agrici Chem Inc,White Springs Agrici Chem Inc,False,unmatched - passthrough
Wintec Energy Ltd,Wintec Energy Ltd,False,unmatched - passthrough
Woodland Pulp LLC,Woodland Pulp LLC,False,unmatched - passthrough
Yellowstone Energy LP,Yellowstone Energy LP,False,unmatched - passthrough
York County Solid W & R Auth,York County Solid W & R Auth,False,unmatched - passthrough
York County Solid W & R Auth - (PA),York County Solid W & R Auth - (PA),False,unmatched - passthrough
York Generation Company LLC,York Generation Company LLC,False,unmatched - passthrough
