ordering,segment,rank_in_segment,customer,is_ssi_customer,sites_total,total_gas_mw,sites_confirmed,sites_likely,sites_exposed,mw_at_risk,bpri_weighted,recoverable_usd,worst_site,states,bas,cems_backed_sites,share_at_risk,rank_recoverable,rank_share_at_risk,share_rank_note
by_recoverable_usd,SSI customer (cross-sell),1,"American Electric Power Company, Inc.",True,43,13766.0,2,0,0,1473.0,49.12822071867321,2524255.214199958,Northeastern,"AR, KY, LA, NM, OH, OK, TX, VA, WV","PJM, SWPP",28,0.10700276042423362,1,41.0,
by_recoverable_usd,SSI customer (cross-sell),2,AES Wind Generation,True,7,4947.6,0,1,1,821.4,53.89107991224261,1149470.5873109098,AES Redondo Beach LLC,"CA, IN","CISO, MISO",4,0.1660198884307543,3,31.0,
by_recoverable_usd,SSI customer (cross-sell),3,Invenergy North America,True,6,3987.7000000000003,0,1,0,1498.5,53.56250168291563,1045542.1433447712,Lackawanna Energy Center,"CO, IL, MN, PA, WA","BPAT, MISO, PJM, PSCO",6,0.37578052511472776,4,15.0,
by_recoverable_usd,SSI customer (cross-sell),4,NextEra Energy Resources,True,54,27023.0,0,2,3,2342.8,54.85870880640216,801691.5813294902,Lansing Smith,"CA, FL, MD, MI, NC, NH, NJ, PA, UT, VA","BANC, CISO, DUK, FPL, ISNE, JEA, MISO, PACE, PJM",17,0.0866965177811494,9,43.0,
by_recoverable_usd,SSI customer (cross-sell),5,Capital Power Corporation,True,2,1595.3999999999999,1,0,0,1277.1,64.651686997527,419424.83123712847,Harquahala Generating Project,"AZ, WA","BPAT, SRP",2,0.8004889056036104,18,,fewer than 3 gas sites - excluded from share-at-risk ordering
by_recoverable_usd,SSI customer (cross-sell),6,We Energies,True,15,2803.3,0,2,2,359.8,51.48739823242919,318792.2617860459,Weston,WI,MISO,8,0.12834873185174614,23,37.0,
by_recoverable_usd,SSI customer (cross-sell),7,Southern Power,True,8,8086.9,0,1,0,1995.6999999999998,55.49183563285493,86216.1747715704,E B Harris Electric Generating Plant,"AL, GA, NC","DUK, SOCO",7,0.24678183234614004,44,26.0,
by_recoverable_usd,SSI customer (cross-sell),8,Nordex Acciona North America,True,1,0.0,0,0,0,0.0,50.0,0.0,Nevada Solar One,NV,NEVP,0,,65,,fewer than 3 gas sites - excluded from share-at-risk ordering
by_recoverable_usd,SSI customer (cross-sell),9,Pacificorp,True,8,4951.2,0,0,1,0.0,50.51812774459342,0.0,Jim Bridger,"OR, UT, WA, WY","BPAT, PACE, PACW",8,0.0,65,58.0,
by_recoverable_usd,SSI customer (cross-sell),10,Oklahoma Gas and Electric,True,10,6069.299999999999,0,0,0,0.0,48.49326557818144,0.0,Tinker,OK,SWPP,9,0.0,65,58.0,
by_recoverable_usd,SSI customer (cross-sell),11,MidAmerican Energy Company,True,13,1621.8,0,1,0,576.3,58.41490190668031,0.0,Greater Des Moines,"IA, IL",MISO,4,0.3553459119496855,65,16.0,
by_recoverable_usd,SSI customer (cross-sell),12,Alliant Energy,True,11,3917.0,1,2,0,1577.8999999999999,64.9815529022461,0.0,West Riverside Energy Center,"IA, WI",MISO,6,0.402833801378606,65,14.0,
by_recoverable_usd,SSI customer (cross-sell),13,Allete Clean Energy,True,4,142.5,0,1,0,116.0,65.89368555994082,0.0,Syl Laskin,MN,MISO,1,0.8140350877192982,65,4.0,
by_recoverable_usd,SSI customer (cross-sell),14,Portland General Electric,True,6,2115.3,0,1,0,24.5,43.521819565647334,0.0,Beaver,OR,PGE,3,0.011582281473077103,65,56.0,
by_recoverable_usd,SSI customer (cross-sell),15,Avangrid Renewables,True,2,619.1,0,0,0,0.0,44.92625174090471,0.0,Klamath Expansion Project,OR,AVRN,2,0.0,65,,fewer than 3 gas sites - excluded from share-at-risk ordering
by_recoverable_usd,SSI customer (cross-sell),16,Ameren Energy,True,9,3761.4,0,0,0,0.0,50.55532093994996,0.0,Meramec,"IL, MO",MISO,7,0.0,65,58.0,
by_recoverable_usd,SSI customer (cross-sell),17,Constellation Energy Corp.,True,15,7768.5,0,0,4,0.0,53.63354726368277,0.0,Notch Cliff,"CA, IL, MA, MD, PA, TX","ERCO, ISNE, LDWP, PJM",7,0.0,65,58.0,
by_recoverable_usd,SSI customer (cross-sell),18,DTE Energy,True,24,4332.1,0,1,1,18.5,38.67104271612076,0.0,St Clair,"AL, CA, IL, KY, MI, NJ, OH","CISO, MISO, PJM, SOCO, TVA",10,0.004270446203919576,65,57.0,
by_recoverable_usd,SSI customer (cross-sell),19,Clearway Energy Operating LLC,True,2,828.0,0,1,0,828.0,79.63927751996825,0.0,Marsh Landing Generating Station,CA,CISO,1,1.0,65,,fewer than 3 gas sites - excluded from share-at-risk ordering
by_recoverable_usd,SSI customer (cross-sell),20,Clearlight Energy,True,1,61.5,0,0,0,0.0,43.610363117095055,0.0,Algonquin Power Sanger LLC,CA,CISO,1,0.0,65,,fewer than 3 gas sites - excluded from share-at-risk ordering
by_recoverable_usd,SSI customer (cross-sell),21,Evergy,True,17,3613.9,1,1,0,687.9000000000001,57.52623004169571,0.0,Hawthorn,"KS, MO, OK",SWPP,13,0.1903483770995324,65,29.0,
by_recoverable_usd,SSI customer (cross-sell),22,Engie North America,True,2,15.0,0,1,0,8.0,77.88000617485744,0.0,Metro Wastewater Reclamation District,CO,PSCO,0,0.5333333333333333,65,,fewer than 3 gas sites - excluded from share-at-risk ordering
by_share_at_risk,SSI customer (cross-sell),1,Allete Clean Energy,True,4,142.5,0,1,0,116.0,65.89368555994082,0.0,Syl Laskin,MN,MISO,1,0.8140350877192982,65,4.0,
by_share_at_risk,SSI customer (cross-sell),2,Alliant Energy,True,11,3917.0,1,2,0,1577.8999999999999,64.9815529022461,0.0,West Riverside Energy Center,"IA, WI",MISO,6,0.402833801378606,65,14.0,
by_share_at_risk,SSI customer (cross-sell),3,Invenergy North America,True,6,3987.7000000000003,0,1,0,1498.5,53.56250168291563,1045542.1433447712,Lackawanna Energy Center,"CO, IL, MN, PA, WA","BPAT, MISO, PJM, PSCO",6,0.37578052511472776,4,15.0,
by_share_at_risk,SSI customer (cross-sell),4,MidAmerican Energy Company,True,13,1621.8,0,1,0,576.3,58.41490190668031,0.0,Greater Des Moines,"IA, IL",MISO,4,0.3553459119496855,65,16.0,
by_share_at_risk,SSI customer (cross-sell),5,Southern Power,True,8,8086.9,0,1,0,1995.6999999999998,55.49183563285493,86216.1747715704,E B Harris Electric Generating Plant,"AL, GA, NC","DUK, SOCO",7,0.24678183234614004,44,26.0,
by_share_at_risk,SSI customer (cross-sell),6,Evergy,True,17,3613.9,1,1,0,687.9000000000001,57.52623004169571,0.0,Hawthorn,"KS, MO, OK",SWPP,13,0.1903483770995324,65,29.0,
by_share_at_risk,SSI customer (cross-sell),7,AES Wind Generation,True,7,4947.6,0,1,1,821.4,53.89107991224261,1149470.5873109098,AES Redondo Beach LLC,"CA, IN","CISO, MISO",4,0.1660198884307543,3,31.0,
by_share_at_risk,SSI customer (cross-sell),8,We Energies,True,15,2803.3,0,2,2,359.8,51.48739823242919,318792.2617860459,Weston,WI,MISO,8,0.12834873185174614,23,37.0,
by_share_at_risk,SSI customer (cross-sell),9,"American Electric Power Company, Inc.",True,43,13766.0,2,0,0,1473.0,49.12822071867321,2524255.214199958,Northeastern,"AR, KY, LA, NM, OH, OK, TX, VA, WV","PJM, SWPP",28,0.10700276042423362,1,41.0,
by_share_at_risk,SSI customer (cross-sell),10,NextEra Energy Resources,True,54,27023.0,0,2,3,2342.8,54.85870880640216,801691.5813294902,Lansing Smith,"CA, FL, MD, MI, NC, NH, NJ, PA, UT, VA","BANC, CISO, DUK, FPL, ISNE, JEA, MISO, PACE, PJM",17,0.0866965177811494,9,43.0,
by_share_at_risk,SSI customer (cross-sell),11,Portland General Electric,True,6,2115.3,0,1,0,24.5,43.521819565647334,0.0,Beaver,OR,PGE,3,0.011582281473077103,65,56.0,
by_share_at_risk,SSI customer (cross-sell),12,DTE Energy,True,24,4332.1,0,1,1,18.5,38.67104271612076,0.0,St Clair,"AL, CA, IL, KY, MI, NJ, OH","CISO, MISO, PJM, SOCO, TVA",10,0.004270446203919576,65,57.0,
by_share_at_risk,SSI customer (cross-sell),13,Pacificorp,True,8,4951.2,0,0,1,0.0,50.51812774459342,0.0,Jim Bridger,"OR, UT, WA, WY","BPAT, PACE, PACW",8,0.0,65,58.0,
by_share_at_risk,SSI customer (cross-sell),14,Oklahoma Gas and Electric,True,10,6069.299999999999,0,0,0,0.0,48.49326557818144,0.0,Tinker,OK,SWPP,9,0.0,65,58.0,
by_share_at_risk,SSI customer (cross-sell),15,Ameren Energy,True,9,3761.4,0,0,0,0.0,50.55532093994996,0.0,Meramec,"IL, MO",MISO,7,0.0,65,58.0,
by_share_at_risk,SSI customer (cross-sell),16,Constellation Energy Corp.,True,15,7768.5,0,0,4,0.0,53.63354726368277,0.0,Notch Cliff,"CA, IL, MA, MD, PA, TX","ERCO, ISNE, LDWP, PJM",7,0.0,65,58.0,
by_recoverable_usd,prospect (cold outreach),1,Entergy Group,False,33,21114.5,4,1,1,3017.7,49.32546386477391,1245408.8626297608,New Orleans Power,"AR, LA, MS, TX","ERCO, MISO, TVA",24,0.14292074167041605,2,33.0,
by_recoverable_usd,prospect (cold outreach),2,Louisiana Generating LLC,False,1,626.0,0,0,0,0.0,53.75,988454.2637033965,Big Cajun 2,LA,MISO,1,0.0,5,,fewer than 3 gas sites - excluded from share-at-risk ordering
by_recoverable_usd,prospect (cold outreach),3,Southern Company Group,False,30,16172.5,1,1,0,969.0,48.98257606442951,972979.7117908988,Jack Watson,"AL, GA, MS","SOCO, nan",21,0.05991652496521874,6,49.0,
by_recoverable_usd,prospect (cold outreach),4,Calpine Group,False,23,10861.3,0,1,5,697.8,56.521935230198316,898526.5507755905,Cumberland (NJ),"CA, DE, MA, NJ, NY, PA, TX","BANC, CISO, ERCO, ISNE, NYIS, PJM",19,0.06424645300286337,7,47.0,
by_recoverable_usd,prospect (cold outreach),5,Puget Sound Energy,False,8,1932.1999999999998,0,0,0,0.0,43.10175203288714,853547.8245214757,Frederickson,WA,PSEI,6,0.0,8,58.0,
by_recoverable_usd,prospect (cold outreach),6,Dominion Energy Group,False,30,14797.8,1,1,1,1160.8,49.880676507857906,792287.0162041412,Urquhart,"NC, SC, VA","PJM, SCEG",22,0.07844409304085742,10,46.0,
by_recoverable_usd,prospect (cold outreach),7,Electric Cooperative (various),False,58,16482.1,1,4,2,2316.6,52.3467722399479,777000.0623078714,Wildcat Point Generation Facility,"AL, AR, AZ, CA, CO, GA, IA, IL, MD, MS, MT, NE, NM, OK, TX, UT, VA, WI","CISO, ERCO, MISO, NWMT, PACE, PJM, PSCO, SOCO, SWPP, TVA, WALC",39,0.1405524781429551,11,34.0,
by_recoverable_usd,prospect (cold outreach),8,Brazos Valley Energy,False,1,675.6,0,0,0,0.0,70.21535518380912,700288.9682864882,Jack Fusco Energy Center,TX,MISO,1,0.0,12,,fewer than 3 gas sites - excluded from share-at-risk ordering
by_recoverable_usd,prospect (cold outreach),9,CPV / Competitive Power Ventures,False,7,7510.9,1,2,0,3359.1,56.31914834947798,609964.0624708966,CPV Three Rivers Energy Center,"CT, IL, MD, NY, PA","ISNE, NYIS, PJM",7,0.4472300256959885,13,11.0,
by_recoverable_usd,prospect (cold outreach),10,CPS Energy,False,13,6502.6,1,1,0,1624.2,59.37298340326252,536057.4566644741,Barney M Davis,TX,ERCO,10,0.24977701227201426,14,25.0,
by_recoverable_usd,prospect (cold outreach),11,Astoria Energy LLC,False,1,595.0,0,0,0,0.0,58.15356475147442,464131.4758198325,Astoria Energy,NY,NYIS,1,0.0,15,,fewer than 3 gas sites - excluded from share-at-risk ordering
by_recoverable_usd,prospect (cold outreach),12,Bridgeport Energy LLC,False,1,520.0,0,0,0,0.0,51.90140487465243,459152.2272717622,Bridgeport Energy Project,CT,ISNE,1,0.0,16,,fewer than 3 gas sites - excluded from share-at-risk ordering
by_recoverable_usd,prospect (cold outreach),13,Emera Group (TECO),False,7,5757.5,0,0,1,0.0,55.818472491586284,423118.03681647097,Big Bend,FL,TEC,6,0.0,17,58.0,
by_recoverable_usd,prospect (cold outreach),14,Public Service Co of NM,False,5,721.3,0,0,1,0.0,53.8308409813661,400404.13708452374,Reeves,NM,PNM,5,0.0,19,58.0,
by_recoverable_usd,prospect (cold outreach),15,LCRA,False,5,2228.6,1,0,0,609.0,59.87241134356915,388318.35939319374,Lost Pines 1 Power Project,TX,ERCO,4,0.27326572736246973,20,22.0,
by_recoverable_usd,prospect (cold outreach),16,GenOn Holdings,False,4,3386.0,0,0,0,0.0,60.62838860806874,338899.6991294982,Ormond Beach,"CA, MD, PA","CISO, PJM",3,0.0,21,58.0,
by_recoverable_usd,prospect (cold outreach),17,Indeck-Corinth Ltd Partnership,False,1,147.0,0,0,0,0.0,58.40877506193544,333906.6617134898,Indeck Corinth Energy Center,NY,NYIS,1,0.0,22,,fewer than 3 gas sites - excluded from share-at-risk ordering
by_recoverable_usd,prospect (cold outreach),18,Sempra Group,False,4,1251.0,1,1,0,1096.3,65.15590270080618,313528.1915537341,Desert Star Energy Center,"CA, NV",CISO,4,0.8763389288569144,24,3.0,
by_recoverable_usd,prospect (cold outreach),19,"Tri-State G & T Assn, Inc",False,7,975.3,0,1,2,396.9,53.70987492010007,311632.487502678,JM Shafer Generating Station,"CO, NM","PNM, PSCO, WACM",4,0.4069517071670255,25,13.0,
by_recoverable_usd,prospect (cold outreach),20,Xcel Energy Group,False,30,7024.9,0,1,5,300.0,53.67309515388496,296206.7154544364,Manchief Electric Generating Station,"CO, MN, SD, WI","MISO, PSCO, WACM",16,0.0427052342382098,26,51.0,
by_recoverable_usd,prospect (cold outreach),21,Santa Rosa Energy Center LLC,False,1,274.5,0,1,0,274.5,69.77245676925597,272565.6896064582,Santa Rosa Energy Center,FL,FPL,1,1.0,27,,fewer than 3 gas sites - excluded from share-at-risk ordering
by_recoverable_usd,prospect (cold outreach),22,Frontera Generation Limited Partnership,False,1,529.0,0,1,0,529.0,65.09851983768341,257664.484818456,Frontera Energy Center,TX,ERCO,1,1.0,28,,fewer than 3 gas sites - excluded from share-at-risk ordering
by_recoverable_usd,prospect (cold outreach),23,"Bowline, LLC",False,1,1242.0,0,0,0,0.0,62.44642857142858,252792.75736721195,Bowline Point,NY,NYIS,1,0.0,29,,fewer than 3 gas sites - excluded from share-at-risk ordering
by_recoverable_usd,prospect (cold outreach),24,"New Castle Power, LLC",False,1,348.0,0,0,0,0.0,57.407503506311365,243520.32004579084,New Castle Plant,PA,PJM,1,0.0,30,,fewer than 3 gas sites - excluded from share-at-risk ordering
by_recoverable_usd,prospect (cold outreach),25,Duke Energy Group,False,46,31040.8,1,1,1,698.8,48.661987212387366,238101.45918233838,P L Bartow,"FL, IN, NC, OH, SC","CPLE, DUK, FPC, GVL, MISO, PJM, TEC",28,0.022512306383856085,31,54.0,
by_recoverable_usd,prospect (cold outreach),26,Madison Gas & Electric Co,False,6,467.7,0,0,1,0.0,55.10319059269624,217291.9806181852,Sycamore (WI),WI,MISO,3,0.0,32,58.0,
by_recoverable_usd,prospect (cold outreach),27,LADWP,False,12,4454.3,1,2,1,1476.2,48.55657908936351,213784.34997027455,Harbor,"CA, NV, UT","LDWP, NEVP",11,0.33141009810744676,33,17.0,
by_recoverable_usd,prospect (cold outreach),28,AltaGas Blythe Operations Inc,False,1,591.0,1,0,0,591.0,80.68993506493506,191154.7059661368,Blythe Energy Inc,CA,CISO,1,1.0,34,,fewer than 3 gas sites - excluded from share-at-risk ordering
by_recoverable_usd,prospect (cold outreach),29,El Paso Electric,False,7,2122.2000000000003,0,1,0,285.0,46.06139378996235,182121.22454794106,Newman,"NM, TX",EPE,7,0.13429459994345488,35,36.0,
by_recoverable_usd,prospect (cold outreach),30,Astoria Energy II LLC,False,1,650.0,0,0,0,0.0,62.17465791727381,141339.08129434547,Astoria Energy II,NY,NYIS,0,0.0,36,,fewer than 3 gas sites - excluded from share-at-risk ordering
by_recoverable_usd,prospect (cold outreach),31,Wise County Power Company LLC,False,1,821.7,0,1,0,821.7,78.54607934591748,124740.91374758755,Wise County Power LLC,TX,ERCO,1,1.0,37,,fewer than 3 gas sites - excluded from share-at-risk ordering
by_recoverable_usd,prospect (cold outreach),32,Vistra Group,False,23,14469.1,2,2,5,3429.8,53.96409308698129,116953.06728022489,Graham,"CA, IL, NJ, NY, OH, TX, VA, WV","CISO, ERCO, MISO, NYIS, PJM",18,0.23704307800761623,38,27.0,
by_recoverable_usd,prospect (cold outreach),33,Los Esteros Critical Energy Facility LLC,False,1,306.1,0,0,0,0.0,54.326839826839816,113399.48585240224,Los Esteros Critical Energy Center,CA,CISO,1,0.0,39,,fewer than 3 gas sites - excluded from share-at-risk ordering
by_recoverable_usd,prospect (cold outreach),34,Hoosier Energy,False,5,1066.4,1,0,0,780.0,55.80018860214404,110054.37165033302,St Joseph Energy Center,"IL, IN","MISO, PJM",2,0.7314328582145536,40,6.0,
by_recoverable_usd,prospect (cold outreach),35,Rathdrum Power LLC,False,1,301.5,0,0,0,0.0,45.51513576687689,110024.52139609354,Rathdrum Power LLC,ID,AVA,1,0.0,41,,fewer than 3 gas sites - excluded from share-at-risk ordering
by_recoverable_usd,prospect (cold outreach),36,Westbrook Energy Center,False,1,563.9,0,1,0,563.9,63.564728644200635,97019.21440193157,Westbrook Energy Center Power Plant,ME,ISNE,1,1.0,42,,fewer than 3 gas sites - excluded from share-at-risk ordering
by_recoverable_usd,prospect (cold outreach),37,Castleton Energy Center,False,1,72.0,1,0,0,72.0,64.23092615259078,95747.15473320488,Castleton Energy Center,NY,NYIS,1,1.0,43,,fewer than 3 gas sites - excluded from share-at-risk ordering
by_recoverable_usd,prospect (cold outreach),38,Dartmouth Power Associates LP,False,2,97.39999999999999,0,0,0,0.0,48.01471411340904,79596.73069435159,Dartmouth Power Associates LP,MA,ISNE,2,0.0,45,,fewer than 3 gas sites - excluded from share-at-risk ordering
by_recoverable_usd,prospect (cold outreach),39,Otay Mesa Energy Center LLC,False,1,710.7,0,1,0,710.7,66.38308913308913,79227.03007359932,Otay Mesa Generating Project,CA,CISO,1,1.0,46,,fewer than 3 gas sites - excluded from share-at-risk ordering
by_recoverable_usd,prospect (cold outreach),40,Municipal / Public Utility (various),False,196,14017.7,0,10,11,1156.1000000000001,49.162789209295525,75901.77749191545,North Ninth Street,"AL, AR, CA, CO, DE, FL, GA, IA, IL, IN, KS, KY, LA, MA, MI, MN, MO, NE, NJ, NM, NY, OH, OK, SC, TX, UT, VT, WA, WI, WY","AECI, BANC, BPAT, CISO, DUK, ERCO, FMPP, FPC, ISNE, LDWP, LGEE, MISO, NYIS, PACE, PJM, SOCO, SPA, SWPP, TAL, WACM",69,0.08247430034884468,47,45.0,
by_recoverable_usd,prospect (cold outreach),41,"Hunlock Energy, LLC",False,2,189.9,0,1,0,145.9,66.84352529706806,73567.76514533655,Hunlock Power Station,PA,PJM,2,0.7682991047919958,48,,fewer than 3 gas sites - excluded from share-at-risk ordering
by_recoverable_usd,prospect (cold outreach),42,Oglethorpe Power,False,7,4318.3,1,0,0,596.6,50.755703694655544,70519.24315419848,Talbot County Energy,GA,SOCO,6,0.1381562188824306,49,35.0,
by_recoverable_usd,prospect (cold outreach),43,"Gilbert Power, LLC",False,2,512.0,0,1,0,351.0,72.25288715395259,70309.85668047896,Gilbert,NJ,PJM,2,0.685546875,50,,fewer than 3 gas sites - excluded from share-at-risk ordering
by_recoverable_usd,prospect (cold outreach),44,"Cobalt Power, L.L.C.",False,1,361.0,0,1,0,361.0,64.81807081807081,64562.20725705652,Garrison Energy Center LLC,DE,PJM,1,1.0,51,,fewer than 3 gas sites - excluded from share-at-risk ordering
by_recoverable_usd,prospect (cold outreach),45,"Allegany Generating Station, LLC",False,1,67.0,0,0,0,0.0,65.58764990681468,64414.623521446665,Allegany Cogen,NY,NYIS,0,0.0,52,,fewer than 3 gas sites - excluded from share-at-risk ordering
by_recoverable_usd,prospect (cold outreach),46,"Hull Street Energy, LLC",False,4,461.5,0,1,0,82.0,57.63136121306952,63786.532741773946,Pinelawn Power LLC,"CT, MA, NY","ISNE, NYIS",4,0.17768147345612134,53,30.0,
by_recoverable_usd,prospect (cold outreach),47,Turlock Irrigation District,False,3,573.9000000000001,0,0,0,0.0,49.66594872460088,56377.72231236639,Almond Power Plant,CA,TIDC,2,0.0,54,58.0,
by_recoverable_usd,prospect (cold outreach),48,Sunflower Electric Power Corp,False,9,756.9,0,0,2,0.0,45.361639642597915,50792.361141365815,Cimarron River,KS,SWPP,6,0.0,55,58.0,
by_recoverable_usd,prospect (cold outreach),49,Indeck-Energy Serv Silver Spg,False,1,56.599999999999994,0,0,0,0.0,66.33374133006934,49402.13127527252,Indeck Silver Springs Energy Center,NY,NYIS,1,0.0,56,,fewer than 3 gas sites - excluded from share-at-risk ordering
by_recoverable_usd,prospect (cold outreach),50,Los Medanos Energy Center LLC,False,1,678.3,0,0,0,0.0,59.57218042678391,45329.77924954797,Los Medanos Energy Center,CA,CISO,1,0.0,57,,fewer than 3 gas sites - excluded from share-at-risk ordering
by_recoverable_usd,prospect (cold outreach),51,NV Energy (BHE),False,17,7515.9,0,2,0,2044.3999999999999,55.154792765189306,44208.06286462379,Clark (NVE),"CA, NV","CISO, NEVP",13,0.27201000545510184,58,23.0,
by_recoverable_usd,prospect (cold outreach),52,LS Power Group,False,5,3683.1,2,0,1,2095.5,67.42610839133661,41862.881028355514,Ravenswood,"IL, NY, OH","NYIS, PJM",4,0.5689500692351552,59,8.0,
by_recoverable_usd,prospect (cold outreach),53,"Gregory Power Holdings, LLC",False,1,469.8,0,1,0,469.8,69.77693840988789,29656.857308166782,Gregory Power Plant,TX,ERCO,1,1.0,60,,fewer than 3 gas sites - excluded from share-at-risk ordering
by_recoverable_usd,prospect (cold outreach),54,"HO Clarke Generating, LLC",False,1,484.0,0,0,0,0.0,54.5248558630131,16248.224312214723,HO Clarke Generating,TX,ERCO,1,0.0,61,,fewer than 3 gas sites - excluded from share-at-risk ordering
by_recoverable_usd,prospect (cold outreach),55,Shelter Insurance Companies,False,3,50.5,1,0,0,35.0,69.51608707348134,9939.732300127711,Columbia (MO),MO,MISO,0,0.693069306930693,62,7.0,
by_recoverable_usd,prospect (cold outreach),56,"Cartier Energy, LLC",False,7,153.2,0,1,0,118.0,72.72992626226721,4302.442803111964,Energy Center Dover,"CT, DE, NJ","ISNE, PJM",1,0.7702349869451698,63,5.0,
by_recoverable_usd,prospect (cold outreach),57,Hoffer Plastics,False,1,7.2,0,0,0,0.0,66.64597657244715,237.65706753892005,Hoffer Plastics,IL,PJM,0,0.0,64,,fewer than 3 gas sites - excluded from share-at-risk ordering
by_recoverable_usd,prospect (cold outreach),58,Paris Generation LP,False,1,265.6,0,0,0,0.0,50.455975411269,0.0,Paris Energy Center,TX,ERCO,1,0.0,65,,fewer than 3 gas sites - excluded from share-at-risk ordering
by_recoverable_usd,prospect (cold outreach),59,Newman & Co Inc,False,1,1.8,0,0,0,0.0,45.09104793233083,0.0,Newman (PA),PA,PJM,0,0.0,65,,fewer than 3 gas sites - excluded from share-at-risk ordering
by_recoverable_usd,prospect (cold outreach),60,Newark Bay Cogeneration Partnership LP,False,1,152.0,0,1,0,152.0,67.80303030303028,0.0,Newark Bay Cogeneration Partnership LP,NJ,PJM,0,1.0,65,,fewer than 3 gas sites - excluded from share-at-risk ordering
by_recoverable_usd,prospect (cold outreach),61,Newark America,False,1,6.3,0,0,0,0.0,45.81538461538462,0.0,Newark America Mill,MA,ISNE,0,0.0,65,,fewer than 3 gas sites - excluded from share-at-risk ordering
by_recoverable_usd,prospect (cold outreach),62,Parkway Generation,False,5,3687.9,0,0,1,0.0,59.41522557002552,0.0,Burlington Generating Station,"MD, NJ",PJM,5,0.0,65,58.0,
by_recoverable_usd,prospect (cold outreach),63,NewYork-Presbyterian Brooklyn Methodist Hospital,False,1,0.0,0,0,0,0.0,50.0,0.0,NewYork-Presbyterian Brooklyn Methodist,NY,NYIS,0,,65,,fewer than 3 gas sites - excluded from share-at-risk ordering
by_recoverable_usd,prospect (cold outreach),64,"New-Indy, Oxnard LLC",False,1,29.0,0,0,0,0.0,42.53623188405797,0.0,Oxnard Paper Mill,CA,CISO,0,0.0,65,,fewer than 3 gas sites - excluded from share-at-risk ordering
by_recoverable_usd,prospect (cold outreach),65,New-Indy Ontario LLC,False,1,33.0,0,0,0,0.0,39.030797101449274,0.0,New-Indy Ontario Mill,CA,CISO,0,0.0,65,,fewer than 3 gas sites - excluded from share-at-risk ordering
by_recoverable_usd,prospect (cold outreach),66,New York Zoological Society,False,1,3.6,0,0,0,0.0,51.25824036511156,0.0,Bronx Zoo,NY,NYIS,0,0.0,65,,fewer than 3 gas sites - excluded from share-at-risk ordering
by_recoverable_usd,prospect (cold outreach),67,New York Power Authority,False,9,1215.0,0,0,0,0.0,53.546121943469984,0.0,Brentwood,NY,NYIS,9,0.0,65,58.0,
by_recoverable_usd,prospect (cold outreach),68,New Ulm Public Utilities Comm,False,1,27.0,0,0,0,0.0,55.135489510489506,0.0,New Ulm,MN,MISO,0,0.0,65,,fewer than 3 gas sites - excluded from share-at-risk ordering
by_recoverable_usd,prospect (cold outreach),69,New Prague Utilities Comm,False,1,16.9,0,0,0,0.0,60.13290103378981,0.0,New Prague,MN,MISO,0,0.0,65,,fewer than 3 gas sites - excluded from share-at-risk ordering
by_recoverable_usd,prospect (cold outreach),70,New Hope Power Company,False,1,0.0,0,0,0,0.0,50.0,0.0,Okeelanta Cogeneration,FL,FPL,0,,65,,fewer than 3 gas sites - excluded from share-at-risk ordering
by_recoverable_usd,prospect (cold outreach),71,Pasadena Refining System Inc,False,1,0.0,0,0,0,0.0,50.0,0.0,PRSI FCC Generator,TX,ERCO,0,,65,,fewer than 3 gas sites - excluded from share-at-risk ordering
by_recoverable_usd,prospect (cold outreach),72,New Energy One LLC,False,1,3.2,0,0,0,0.0,44.868421052631575,0.0,Rock Creek Dairy,ID,IPCO,0,0.0,65,,fewer than 3 gas sites - excluded from share-at-risk ordering
by_recoverable_usd,prospect (cold outreach),73,Pasadena Statutory Trust,False,1,815.0,0,0,0,0.0,46.066366885172584,0.0,Pasadena Cogeneration,TX,ERCO,1,0.0,65,,fewer than 3 gas sites - excluded from share-at-risk ordering
by_recoverable_usd,prospect (cold outreach),74,Pasco County - (FL),False,1,0.0,0,0,0,0.0,50.0,0.0,Pasco Cnty Solid Waste Resource Recovery,FL,FPC,0,,65,,fewer than 3 gas sites - excluded from share-at-risk ordering
by_recoverable_usd,prospect (cold outreach),75,Patheon Manufacturing Service LLC,False,1,4.0,0,0,1,0.0,69.94148936170212,0.0,DSM Pharmaceuticals,NC,CPLE,0,0.0,65,,fewer than 3 gas sites - excluded from share-at-risk ordering
by_recoverable_usd,prospect (cold outreach),76,New York State Elec & Gas Corp,False,1,7.0,0,0,0,0.0,46.35135135135135,0.0,Auburn State Street,NY,NYIS,0,0.0,65,,fewer than 3 gas sites - excluded from share-at-risk ordering
by_recoverable_usd,prospect (cold outreach),77,North Carolina El Member Corp,False,2,687.6,0,0,0,0.0,52.895039713717026,0.0,Hamlet Generating Facility,NC,CPLE,2,0.0,65,,fewer than 3 gas sites - excluded from share-at-risk ordering
by_recoverable_usd,prospect (cold outreach),78,North Branch Water & Light Comm,False,1,0.0,0,0,0,0.0,50.0,0.0,North Branch (MN),MN,MISO,0,,65,,fewer than 3 gas sites - excluded from share-at-risk ordering
by_recoverable_usd,prospect (cold outreach),79,Paducah Power System,False,1,120.0,0,0,0,0.0,47.60914760914761,0.0,PPS Power Plant No 1,KY,LGEE,1,0.0,65,,fewer than 3 gas sites - excluded from share-at-risk ordering
by_recoverable_usd,prospect (cold outreach),80,North American Natural Res,False,4,21.6,0,0,0,0.0,46.132286337630994,0.0,Autumn Hills Generating Facility,MI,"MISO, PJM",0,0.0,65,58.0,
by_recoverable_usd,prospect (cold outreach),81,North American Central - LLC,False,1,4.0,0,0,0,0.0,40.254324171132616,0.0,Central Generating,MI,MISO,0,0.0,65,,fewer than 3 gas sites - excluded from share-at-risk ordering
by_recoverable_usd,prospect (cold outreach),82,"North American Biofuels, LLC",False,2,3.0,0,0,0,0.0,40.09383573511969,0.0,Blue Ridge Generating,KY,PJM,0,0.0,65,,fewer than 3 gas sites - excluded from share-at-risk ordering
by_recoverable_usd,prospect (cold outreach),83,"North American -- Erie, LLC",False,1,2.4000000000000004,0,0,0,0.0,46.38637127712109,0.0,North American - Erie Generating Station,OH,PJM,0,0.0,65,,fewer than 3 gas sites - excluded from share-at-risk ordering
by_recoverable_usd,prospect (cold outreach),84,Norfork Southern Corp,False,1,1.5,0,0,0,0.0,64.61235679214403,0.0,Juniata Locomotive Shop,PA,PJM,0,0.0,65,,fewer than 3 gas sites - excluded from share-at-risk ordering
by_recoverable_usd,prospect (cold outreach),85,"Palm Springs, City of - (CA)",False,1,1.2,0,0,0,0.0,57.11779448621552,0.0,Municipal Cogen Plant,CA,CISO,0,0.0,65,,fewer than 3 gas sites - excluded from share-at-risk ordering
by_recoverable_usd,prospect (cold outreach),86,NiSource Group,False,5,960.5,0,1,2,258.0,61.956207150516846,0.0,R M Schahfer,IN,MISO,2,0.26861009890681936,65,24.0,
by_recoverable_usd,prospect (cold outreach),87,Nodal Power,False,1,3.2,0,0,0,0.0,47.63723572212234,0.0,Nodal Power,NM,EPE,0,0.0,65,,fewer than 3 gas sites - excluded from share-at-risk ordering
by_recoverable_usd,prospect (cold outreach),88,PanCentral CGC Holdings LLC,False,1,283.5,0,0,1,0.0,62.26830984649575,0.0,LSP-Cottage Grove LP,MN,MISO,1,0.0,65,,fewer than 3 gas sites - excluded from share-at-risk ordering
by_recoverable_usd,prospect (cold outreach),89,Nissequoque Cogen Partners,False,1,47.0,0,0,0,0.0,29.8216276477146,0.0,Stony Brook Cogen Plant,NY,NYIS,1,0.0,65,,fewer than 3 gas sites - excluded from share-at-risk ordering
by_recoverable_usd,prospect (cold outreach),90,Nippon Dynawave Packaging Co.,False,1,0.0,0,0,0,0.0,50.0,0.0,Nippon Dynawave Packaging Longview WA,WA,BPAT,0,,65,,fewer than 3 gas sites - excluded from share-at-risk ordering
by_recoverable_usd,prospect (cold outreach),91,"Panoche Energy Center, LLC",False,1,432.0,0,0,0,0.0,45.83265378168357,0.0,Panoche Energy Center,CA,CISO,1,0.0,65,,fewer than 3 gas sites - excluded from share-at-risk ordering
by_recoverable_usd,prospect (cold outreach),92,"Niles Power, LLC",False,1,0.0,0,0,0,0.0,50.0,0.0,Niles Power Plant,OH,PJM,0,,65,,fewer than 3 gas sites - excluded from share-at-risk ordering
by_recoverable_usd,prospect (cold outreach),93,Nightpeak Energy,False,1,127.2,0,0,0,0.0,56.16541353383458,0.0,Saguaro Power,NV,NEVP,1,0.0,65,,fewer than 3 gas sites - excluded from share-at-risk ordering
by_recoverable_usd,prospect (cold outreach),94,Panwest NCA2 Holdings LLC,False,1,96.3,0,1,0,96.3,63.75,0.0,Nevada Cogen Associates 2 Black Mountain,NV,NEVP,0,1.0,65,,fewer than 3 gas sites - excluded from share-at-risk ordering
by_recoverable_usd,prospect (cold outreach),95,Paramount Group Inc,False,1,1.5,0,0,0,0.0,61.706896551724135,0.0,One Market Plaza,CA,CISO,0,0.0,65,,fewer than 3 gas sites - excluded from share-at-risk ordering
by_recoverable_usd,prospect (cold outreach),96,"ND Paper, Inc.",False,3,35.6,0,0,0,0.0,45.22888146969663,0.0,Mead Rumford Cogen,"ME, WI","ISNE, MISO",0,0.0,65,58.0,
by_recoverable_usd,prospect (cold outreach),97,Pensacola Christian College,False,1,13.700000000000003,0,0,1,0.0,71.19421906693711,0.0,Standby Generation Plant,FL,FPL,0,0.0,65,,fewer than 3 gas sites - excluded from share-at-risk ordering
by_recoverable_usd,prospect (cold outreach),98,NC Municipal Power Agency,False,1,30.0,0,0,0,0.0,49.177539608574094,0.0,Monroe Generating Station,NC,DUK,0,0.0,65,,fewer than 3 gas sites - excluded from share-at-risk ordering
by_recoverable_usd,prospect (cold outreach),99,NASA Johnson Space Center,False,1,11.2,0,0,0,0.0,40.004988360492185,0.0,NASA Johnson Space Center CHP,TX,ERCO,0,0.0,65,,fewer than 3 gas sites - excluded from share-at-risk ordering
by_recoverable_usd,prospect (cold outreach),100,Peoples Electric Cooperative,False,5,75.0,0,0,0,0.0,33.796094111472506,0.0,Buzzard Flop,OK,SWPP,0,0.0,65,58.0,
by_recoverable_usd,prospect (cold outreach),101,Petra Nova Power I LLC,False,1,82.2,0,0,0,0.0,21.545472126867477,0.0,Petra Nova Carbon Capture Cogen,TX,ERCO,1,0.0,65,,fewer than 3 gas sites - excluded from share-at-risk ordering
by_recoverable_usd,prospect (cold outreach),102,Phelps Dodge Refining Corp,False,1,19.599999999999998,0,0,0,0.0,49.0,0.0,Phelps Dodge Refining,TX,EPE,0,0.0,65,,fewer than 3 gas sites - excluded from share-at-risk ordering
by_recoverable_usd,prospect (cold outreach),103,NAPS - Solon LLC,False,1,3.2,0,0,0,0.0,27.30380782696969,0.0,Cuyahoga Generating Facility,OH,PJM,0,0.0,65,,fewer than 3 gas sites - excluded from share-at-risk ordering
by_recoverable_usd,prospect (cold outreach),104,NAES Corporation,False,1,0.0,0,0,0,0.0,50.0,0.0,CT Resource Rec Authority Facility,CT,ISNE,0,,65,,fewer than 3 gas sites - excluded from share-at-risk ordering
by_recoverable_usd,prospect (cold outreach),105,Paulsboro Refining Company - LLC,False,2,60.5,0,0,0,0.0,42.80463133444462,0.0,Paulsboro Refinery,NJ,PJM,0,0.0,65,,fewer than 3 gas sites - excluded from share-at-risk ordering
by_recoverable_usd,prospect (cold outreach),106,Philadelphia Authority for Industrial Development,False,1,8.0,0,0,0,0.0,52.97540567951319,0.0,Navy Yard Peaker Station,PA,PJM,0,0.0,65,,fewer than 3 gas sites - excluded from share-at-risk ordering
by_recoverable_usd,prospect (cold outreach),107,NAEA Energy Massachusetts LLC,False,2,233.6,0,0,0,0.0,51.62575892340506,0.0,Essential Power Massachusetts LLC,MA,ISNE,0,0.0,65,,fewer than 3 gas sites - excluded from share-at-risk ordering
by_recoverable_usd,prospect (cold outreach),108,Philip Morris USA - Park 500,False,1,13.0,0,0,0,0.0,48.4860588972431,0.0,Park 500 Philip Morris USA,VA,PJM,0,0.0,65,,fewer than 3 gas sites - excluded from share-at-risk ordering
by_recoverable_usd,prospect (cold outreach),109,Phillips 66,False,1,19.0,0,0,0,0.0,63.0811403508772,0.0,Alliance Refinery,LA,MISO,0,0.0,65,,fewer than 3 gas sites - excluded from share-at-risk ordering
by_recoverable_usd,prospect (cold outreach),110,Museum of Science and Industry,False,1,1.7,0,0,0,0.0,57.773109243697476,0.0,Museum of Science and Industry,IL,PJM,0,0.0,65,,fewer than 3 gas sites - excluded from share-at-risk ordering
by_recoverable_usd,prospect (cold outreach),111,Phillips 66 - Los Angeles,False,1,58.5,0,0,0,0.0,43.526806526806524,0.0,Los Angeles Refinery Wilmington,CA,LDWP,0,0.0,65,,fewer than 3 gas sites - excluded from share-at-risk ordering
by_recoverable_usd,prospect (cold outreach),112,Mt Poso Cogeneration Co,False,1,0.0,0,0,0,0.0,50.0,0.0,Mt Poso Cogeneration,CA,CISO,0,,65,,fewer than 3 gas sites - excluded from share-at-risk ordering
by_recoverable_usd,prospect (cold outreach),113,Moxie Freedom LLC,False,1,1105.0,0,0,0,0.0,53.34667487684729,0.0,Moxie Freedom Generation Plant,PA,PJM,1,0.0,65,,fewer than 3 gas sites - excluded from share-at-risk ordering
by_recoverable_usd,prospect (cold outreach),114,"Mountain Power, LLC",False,1,0.0,0,0,0,0.0,50.0,0.0,Mountain,PA,PJM,0,,65,,fewer than 3 gas sites - excluded from share-at-risk ordering
by_recoverable_usd,prospect (cold outreach),115,NAEA Ocean Peaking Power LLC,False,1,397.8,0,0,0,0.0,53.832199546485256,0.0,NAEA Ocean Peaking Power LLC,NJ,PJM,1,0.0,65,,fewer than 3 gas sites - excluded from share-at-risk ordering
by_recoverable_usd,prospect (cold outreach),116,New Athens Generating Company LLC,False,1,1221.6000000000001,0,0,0,0.0,63.7462446499122,0.0,Athens Generating Plant,NY,NYIS,1,0.0,65,,fewer than 3 gas sites - excluded from share-at-risk ordering
by_recoverable_usd,prospect (cold outreach),117,Nevada Gold Mines,False,1,117.60000000000004,0,0,0,0.0,62.232142857142854,0.0,Western 102 Power Plant,NV,NEVP,0,0.0,65,,fewer than 3 gas sites - excluded from share-at-risk ordering
by_recoverable_usd,prospect (cold outreach),118,"Nelson Gardens Energy, LLC",False,1,4.4,0,0,0,0.0,43.29476516336514,0.0,Nelson Gardens Landfill Gas to Energy,TX,ERCO,0,0.0,65,,fewer than 3 gas sites - excluded from share-at-risk ordering
by_recoverable_usd,prospect (cold outreach),119,Pawtucket Power Associates LP,False,1,68.8,0,1,0,68.8,72.5152119600258,0.0,Pawtucket Power Associates,RI,ISNE,0,1.0,65,,fewer than 3 gas sites - excluded from share-at-risk ordering
by_recoverable_usd,prospect (cold outreach),120,Neenah Paper Michigan Inc.,False,1,0.0,0,0,0,0.0,50.0,0.0,Neenah Paper Munising Mill,MI,MISO,0,,65,,fewer than 3 gas sites - excluded from share-at-risk ordering
by_recoverable_usd,prospect (cold outreach),121,Nebraska Public Power District,False,5,412.59999999999997,0,0,0,0.0,41.814540505531106,0.0,Hallam,NE,SWPP,3,0.0,65,58.0,
by_recoverable_usd,prospect (cold outreach),122,National Salvage & Service Corporation,False,2,0.0,0,0,0,0.0,50.0,0.0,National Energy of McBain,MI,MISO,0,,65,,fewer than 3 gas sites - excluded from share-at-risk ordering
by_recoverable_usd,prospect (cold outreach),123,Payson City Corporation,False,1,5.2,0,0,0,0.0,53.6353560256065,0.0,Payson,UT,PACE,0,0.0,65,,fewer than 3 gas sites - excluded from share-at-risk ordering
by_recoverable_usd,prospect (cold outreach),124,"Peak Power 1, LLC",False,1,6.300000000000001,0,0,0,0.0,46.348148148148155,0.0,Peak Power 1 Cogen,NY,NYIS,0,0.0,65,,fewer than 3 gas sites - excluded from share-at-risk ordering
by_recoverable_usd,prospect (cold outreach),125,"NE Renewable Fitchburg, LLC",False,1,0.0,0,0,0,0.0,50.0,0.0,"NE Renewable Fitchburg, LLC",MA,ISNE,0,,65,,fewer than 3 gas sites - excluded from share-at-risk ordering
by_recoverable_usd,prospect (cold outreach),126,National Grid Group,False,7,2805.2,0,0,1,0.0,56.01482378968146,0.0,Port Jefferson,NY,NYIS,6,0.0,65,58.0,
by_recoverable_usd,prospect (cold outreach),127,National Animal Disease Center,False,1,3.0,0,0,0,0.0,54.94255319148936,0.0,NCAH Central Utility Plant,IA,MISO,0,0.0,65,,fewer than 3 gas sites - excluded from share-at-risk ordering
by_recoverable_usd,prospect (cold outreach),128,Nassau Energy Corp,False,1,55.0,0,0,0,0.0,50.928080673758856,0.0,Nassau Energy Corp,NY,NYIS,0,0.0,65,,fewer than 3 gas sites - excluded from share-at-risk ordering
by_recoverable_usd,prospect (cold outreach),129,"Napoleon Biogas, LLC",False,1,2.8,0,0,0,0.0,42.87912087912088,0.0,Napoleon Biogas,OH,PJM,0,0.0,65,,fewer than 3 gas sites - excluded from share-at-risk ordering
by_recoverable_usd,prospect (cold outreach),130,Naperville Trust,False,1,4.7,0,0,0,0.0,56.08552631578947,0.0,Nalco,IL,PJM,0,0.0,65,,fewer than 3 gas sites - excluded from share-at-risk ordering
by_recoverable_usd,prospect (cold outreach),131,NYU LANGONE HEALTH,False,2,9.1,0,0,0,0.0,41.81645557567527,0.0,NYU Langone Hospital- Brooklyn,NY,NYIS,0,0.0,65,,fewer than 3 gas sites - excluded from share-at-risk ordering
by_recoverable_usd,prospect (cold outreach),132,Pedricktown Cogeneration Company LP,False,1,140.2,0,0,0,0.0,59.611742424242415,0.0,Pedricktown Cogeneration Company LP,NJ,PJM,0,0.0,65,,fewer than 3 gas sites - excluded from share-at-risk ordering
by_recoverable_usd,prospect (cold outreach),133,NRG Energy Group,False,25,14253.4,0,2,1,1201.0,51.53430338835803,0.0,T H Wharton,"CA, IN, LA, MD, NY, OH, TX","CISO, ERCO, MISO, NYIS, PJM",14,0.08426059747148049,65,44.0,
by_recoverable_usd,prospect (cold outreach),134,"NET Power, LLC",False,1,0.0,0,0,0,0.0,50.0,0.0,NET Power La Porte Station,TX,ERCO,0,,65,,fewer than 3 gas sites - excluded from share-at-risk ordering
by_recoverable_usd,prospect (cold outreach),135,National Institutes of Health,False,1,28.0,0,0,0,0.0,22.51639107826399,0.0,NIH Cogeneration Facility,MD,PJM,1,0.0,65,,fewer than 3 gas sites - excluded from share-at-risk ordering
by_recoverable_usd,prospect (cold outreach),136,Outagamie Clean Energy Project LLC,False,1,6.4,0,0,0,0.0,52.30984910222759,0.0,Outagamie County Co-Generation Facility,WI,MISO,0,0.0,65,,fewer than 3 gas sites - excluded from share-at-risk ordering
by_recoverable_usd,prospect (cold outreach),137,Otter Tail Power Co,False,2,399.0,0,0,0,0.0,61.21598334629018,0.0,Astoria Station,"MN, SD",MISO,2,0.0,65,,fewer than 3 gas sites - excluded from share-at-risk ordering
by_recoverable_usd,prospect (cold outreach),138,Otter Creek Ethanol LLC - Poet Ashton,False,1,7.5,0,0,0,0.0,45.88936170212766,0.0,Otter Creek Ethanol Poet - Ashton,IA,MISO,0,0.0,65,,fewer than 3 gas sites - excluded from share-at-risk ordering
by_recoverable_usd,prospect (cold outreach),139,Otsego Paper Inc,False,1,21.2,0,0,0,0.0,48.52447552447553,0.0,Otsego Mill Power Plant,MI,MISO,1,0.0,65,,fewer than 3 gas sites - excluded from share-at-risk ordering
by_recoverable_usd,prospect (cold outreach),140,POET Biorefining - Portland,False,1,3.5,0,0,0,0.0,39.75226293103448,0.0,POET Biorefining - Portland,IN,PJM,0,0.0,65,,fewer than 3 gas sites - excluded from share-at-risk ordering
by_recoverable_usd,prospect (cold outreach),141,"POET Biorefining Caro, LLC",False,1,3.8,0,0,0,0.0,38.12079741379311,0.0,"POET Biorefining Caro, LLC",MI,MISO,0,0.0,65,,fewer than 3 gas sites - excluded from share-at-risk ordering
by_recoverable_usd,prospect (cold outreach),142,POET Biorefining LLC - Corning,False,1,5.0,0,0,0,0.0,46.445150862068964,0.0,POET Biorefining LLC - Corning,IA,MISO,0,0.0,65,,fewer than 3 gas sites - excluded from share-at-risk ordering
by_recoverable_usd,prospect (cold outreach),143,"Otay Landfill Gas LLC c/o EPP Service Company, LLC",False,1,10.5,0,0,0,0.0,46.55555555555556,0.0,"Otay Landfill Gas, LLC",CA,CISO,0,0.0,65,,fewer than 3 gas sites - excluded from share-at-risk ordering
by_recoverable_usd,prospect (cold outreach),144,Oswego County - (NY),False,1,0.0,0,0,0,0.0,50.0,0.0,Oswego County Energy Recovery,NY,NYIS,0,,65,,fewer than 3 gas sites - excluded from share-at-risk ordering
by_recoverable_usd,prospect (cold outreach),145,North Slope Borough Power & Light (AK),False,4,22.5,0,0,1,0.0,51.9035378030002,0.0,Barrow,AK,nan,0,0.0,65,58.0,
by_recoverable_usd,prospect (cold outreach),146,Orion Engineered Carbons,False,1,20.0,0,0,0,0.0,38.190124889478334,0.0,Engineered Carbons Borger Cogen,TX,SWPP,0,0.0,65,,fewer than 3 gas sites - excluded from share-at-risk ordering
by_recoverable_usd,prospect (cold outreach),147,"Organic Energy Solutions, Inc.",False,1,0.0,0,0,0,0.0,50.0,0.0,OES Biogas Power,CA,CISO,0,,65,,fewer than 3 gas sites - excluded from share-at-risk ordering
by_recoverable_usd,prospect (cold outreach),148,Oregon Environmental Industries LLC,False,1,3.2,0,0,0,0.0,42.35994397759104,0.0,Dry Creek LFG to Energy Project,OR,PACW,0,0.0,65,,fewer than 3 gas sites - excluded from share-at-risk ordering
by_recoverable_usd,prospect (cold outreach),149,Oregon Clean Energy Center,False,2,1060.0,0,0,0,0.0,51.6750332906909,0.0,Oregon Clean Energy Center,OH,PJM,1,0.0,65,,fewer than 3 gas sites - excluded from share-at-risk ordering
by_recoverable_usd,prospect (cold outreach),150,Orange Grove Energy LP,False,1,118.0,0,0,0,0.0,51.199338296112494,0.0,Orange Grove Peaking Facility,CA,CISO,1,0.0,65,,fewer than 3 gas sites - excluded from share-at-risk ordering
by_recoverable_usd,prospect (cold outreach),151,Orange County Sanitation Dist - (CA),False,1,7.5,0,0,0,0.0,47.24444444444444,0.0,Plant No 1 Orange County,CA,CISO,0,0.0,65,,fewer than 3 gas sites - excluded from share-at-risk ordering
by_recoverable_usd,prospect (cold outreach),152,Orange County Sanitation Dist,False,2,16.0,0,0,0,0.0,48.82606907894736,0.0,Plant No 2 Orange County,CA,CISO,0,0.0,65,,fewer than 3 gas sites - excluded from share-at-risk ordering
by_recoverable_usd,prospect (cold outreach),153,Orange Cogeneration LP,False,1,157.2,0,0,0,0.0,47.81009361762077,0.0,Orange Cogeneration Facility,FL,FPC,1,0.0,65,,fewer than 3 gas sites - excluded from share-at-risk ordering
by_recoverable_usd,prospect (cold outreach),154,POET Biorefining Lake Crystal,False,1,1.0,0,0,0,0.0,53.26168766578249,0.0,POET Biorefining Lake Crystal,MN,MISO,0,0.0,65,,fewer than 3 gas sites - excluded from share-at-risk ordering
by_recoverable_usd,prospect (cold outreach),155,Orlando Utilities Commission,False,5,1944.1,0,0,0,0.0,48.897081501068726,0.0,Curtis H Stanton Energy Center,FL,"FMPP, FPC",4,0.0,65,58.0,
by_recoverable_usd,prospect (cold outreach),156,POET Biorefining - Gowrie,False,1,5.0,0,0,0,0.0,49.31422413793103,0.0,POET Biorefining - Gowrie,IA,MISO,0,0.0,65,,fewer than 3 gas sites - excluded from share-at-risk ordering
by_recoverable_usd,prospect (cold outreach),157,POET Biorefining - Hudson,False,1,3.6,0,0,0,0.0,40.02033874889478,0.0,POET Biorefining - Hudson,SD,MISO,0,0.0,65,,fewer than 3 gas sites - excluded from share-at-risk ordering
by_recoverable_usd,prospect (cold outreach),158,"POET Biorefining - Alexandria, LLC.",False,1,3.6,0,0,0,0.0,38.955064655172414,0.0,"POET Biorefining- Alexandria, LLC",IN,PJM,0,0.0,65,,fewer than 3 gas sites - excluded from share-at-risk ordering
by_recoverable_usd,prospect (cold outreach),159,POET Bioprocessing- Mitchell,False,1,3.9,0,0,0,0.0,41.038469827586205,0.0,POET Bioprocessing- Mitchell,SD,SWPP,0,0.0,65,,fewer than 3 gas sites - excluded from share-at-risk ordering
by_recoverable_usd,prospect (cold outreach),160,POET Biorefining - Jewell,False,1,5.0,0,0,0,0.0,42.81239224137931,0.0,POET Biorefining - Jewell,IA,MISO,0,0.0,65,,fewer than 3 gas sites - excluded from share-at-risk ordering
by_recoverable_usd,prospect (cold outreach),161,PHR Holdings LLC,False,1,427.2,0,0,0,0.0,61.17784992784993,0.0,Bacliff,TX,ERCO,1,0.0,65,,fewer than 3 gas sites - excluded from share-at-risk ordering
by_recoverable_usd,prospect (cold outreach),162,"POET Biorefining - Leipsic, LLC",False,1,3.5,0,0,0,0.0,43.83362068965516,0.0,"POET Biorefining - Leipsic, LLC",OH,PJM,0,0.0,65,,fewer than 3 gas sites - excluded from share-at-risk ordering
by_recoverable_usd,prospect (cold outreach),163,PG&E Group,False,3,1499.1,0,0,0,0.0,53.627381468620406,0.0,Colusa Generating Station,CA,CISO,2,0.0,65,58.0,
by_recoverable_usd,prospect (cold outreach),164,"POET Biorefining - Marion, LLC",False,1,7.8,0,0,0,0.0,40.56045258620689,0.0,"POET Biorefining - Marion, LLC",OH,PJM,0,0.0,65,,fewer than 3 gas sites - excluded from share-at-risk ordering
by_recoverable_usd,prospect (cold outreach),165,Oxbow Creek Energy LLC,False,1,22.0,0,0,0,0.0,33.89566802709814,0.0,Oxbow Creek,PA,PJM,0,0.0,65,,fewer than 3 gas sites - excluded from share-at-risk ordering
by_recoverable_usd,prospect (cold outreach),166,PES,False,1,30.0,0,0,1,0.0,55.87044534412956,0.0,Philadelphia Refinery,PA,PJM,0,0.0,65,,fewer than 3 gas sites - excluded from share-at-risk ordering
by_recoverable_usd,prospect (cold outreach),167,PEI Power Corp,False,2,92.9,0,0,0,0.0,58.78250970148364,0.0,Archbald Power Station,PA,PJM,1,0.0,65,,fewer than 3 gas sites - excluded from share-at-risk ordering
by_recoverable_usd,prospect (cold outreach),168,"PCR Rapids 1 Op, LLC",False,1,0.0,0,0,0,0.0,50.0,0.0,Wisconsin Rapids Pulp Mill,WI,MISO,0,,65,,fewer than 3 gas sites - excluded from share-at-risk ordering
by_recoverable_usd,prospect (cold outreach),169,PCA-Valdosta Mill,False,1,0.0,0,0,0,0.0,50.0,0.0,PCA-Valdosta Mill,GA,SOCO,0,,65,,fewer than 3 gas sites - excluded from share-at-risk ordering
by_recoverable_usd,prospect (cold outreach),170,PCA-Tomahawk Mill,False,1,15.7,0,0,0,0.0,48.444073275862074,0.0,Packaging of America Tomahawk Mill,WI,MISO,0,0.0,65,,fewer than 3 gas sites - excluded from share-at-risk ordering
by_recoverable_usd,prospect (cold outreach),171,"PCA, Filer City Mill",False,1,19.5,0,0,0,0.0,58.02821894341292,0.0,"PCA, Filer City Mill",MI,MISO,0,0.0,65,,fewer than 3 gas sites - excluded from share-at-risk ordering
by_recoverable_usd,prospect (cold outreach),172,"PB Nutclif Master, LLC",False,1,10.6,0,0,0,0.0,47.28466910542069,0.0,Hoffmann LaRoche,NJ,PJM,0,0.0,65,,fewer than 3 gas sites - excluded from share-at-risk ordering
by_recoverable_usd,prospect (cold outreach),173,Oxy Vinyls LP,False,1,380.70000000000005,0,0,0,0.0,48.52941176470587,0.0,Houston Chemical Complex Battleground,TX,ERCO,0,0.0,65,,fewer than 3 gas sites - excluded from share-at-risk ordering
by_recoverable_usd,prospect (cold outreach),174,Oxy Cogener Holding Co Inc,False,1,517.0,0,0,0,0.0,44.29883535582065,0.0,Ingleside Cogeneration,TX,ERCO,0,0.0,65,,fewer than 3 gas sites - excluded from share-at-risk ordering
by_recoverable_usd,prospect (cold outreach),175,"POET Biorefining - North Manchester, LLC",False,1,3.9,0,0,0,0.0,37.97424568965517,0.0,"POET Biorefining - North Manchester, LLC",IN,MISO,0,0.0,65,,fewer than 3 gas sites - excluded from share-at-risk ordering
by_recoverable_usd,prospect (cold outreach),176,"OE Holdings, LLC",False,2,1179.1,0,0,0,0.0,54.31365059890907,0.0,Cedar Bayou 4,TX,ERCO,2,0.0,65,,fewer than 3 gas sites - excluded from share-at-risk ordering
by_recoverable_usd,prospect (cold outreach),177,OBP Cogen LLC,False,1,4.6,0,0,0,0.0,43.72131692716994,0.0,OBP Cogen,NY,NYIS,0,0.0,65,,fewer than 3 gas sites - excluded from share-at-risk ordering
by_recoverable_usd,prospect (cold outreach),178,Pacific Northwest Generating Coop,False,1,5.6,0,0,0,0.0,45.68374035755206,0.0,Coffin Butte,OR,BPAT,0,0.0,65,,fewer than 3 gas sites - excluded from share-at-risk ordering
by_recoverable_usd,prospect (cold outreach),179,Novo Biopower LLC,False,1,0.0,0,0,0,0.0,50.0,0.0,Novo BioPower Plant,AZ,AZPS,0,,65,,fewer than 3 gas sites - excluded from share-at-risk ordering
by_recoverable_usd,prospect (cold outreach),180,Nove Investments I LLC,False,1,3.0,0,0,1,0.0,69.04386409736308,0.0,Nove Power Plant,CA,CISO,0,0.0,65,,fewer than 3 gas sites - excluded from share-at-risk ordering
by_recoverable_usd,prospect (cold outreach),181,Norton Powerhouse 2,False,1,4.6,0,0,0,0.0,35.81170212765958,0.0,Norton Powerhouse 2,MA,ISNE,0,0.0,65,,fewer than 3 gas sites - excluded from share-at-risk ordering
by_recoverable_usd,prospect (cold outreach),182,Northwestern Lake Forest Hospital,False,1,3.2,0,0,0,0.0,63.6764705882353,0.0,Lake Forest Hospital Central Energy Plan,IL,PJM,0,0.0,65,,fewer than 3 gas sites - excluded from share-at-risk ordering
by_recoverable_usd,prospect (cold outreach),183,Northwest Community Hospital,False,1,4.4,0,0,0,0.0,61.712184873949575,0.0,Northwest Community Hospital,IL,PJM,0,0.0,65,,fewer than 3 gas sites - excluded from share-at-risk ordering
by_recoverable_usd,prospect (cold outreach),184,Northern Westchester Hospital,False,1,1.0,0,0,1,0.0,63.89162561576355,0.0,Northern Westchester Hospital,NY,NYIS,0,0.0,65,,fewer than 3 gas sites - excluded from share-at-risk ordering
by_recoverable_usd,prospect (cold outreach),185,POET Biorefining- Chancellor,False,1,0.0,0,0,0,0.0,50.0,0.0,POET Biorefining - Chancellor,SD,MISO,0,,65,,fewer than 3 gas sites - excluded from share-at-risk ordering
by_recoverable_usd,prospect (cold outreach),186,Northern California Power Agny,False,4,421.09999999999997,0,0,0,0.0,53.502291412400595,0.0,Lodi,CA,CISO,2,0.0,65,58.0,
by_recoverable_usd,prospect (cold outreach),187,Packaging Corp of America,False,1,0.0,0,0,0,0.0,47.97087980173481,0.0,Packaging Corp of America,TN,TVA,0,,65,,fewer than 3 gas sites - excluded from share-at-risk ordering
by_recoverable_usd,prospect (cold outreach),188,Packaging Corporation of America,False,1,0.0,0,0,0,0.0,50.0,0.0,DeRidder Mill,LA,MISO,0,,65,,fewer than 3 gas sites - excluded from share-at-risk ordering
by_recoverable_usd,prospect (cold outreach),189,Northeastern Illinois University,False,1,3.2,0,0,1,0.0,65.57422969187675,0.0,Northeastern Illinois University Cogen,IL,PJM,0,0.0,65,,fewer than 3 gas sites - excluded from share-at-risk ordering
by_recoverable_usd,prospect (cold outreach),190,Northeast Energy Associates LP,False,1,386.09999999999997,0,1,0,386.09999999999997,62.75361070964045,0.0,Bellingham Cogeneration Facility,MA,ISNE,1,1.0,65,,fewer than 3 gas sites - excluded from share-at-risk ordering
by_recoverable_usd,prospect (cold outreach),191,NorthWestern Energy - (SD),False,4,174.9,0,0,0,0.0,50.268120712506374,0.0,Huron,SD,SWPP,1,0.0,65,58.0,
by_recoverable_usd,prospect (cold outreach),192,NorthWestern Energy (MT wind/thermal),False,2,410.1,0,0,0,0.0,56.380018215549214,0.0,Yellowstone County Generating Station,MT,NWMT,1,0.0,65,,fewer than 3 gas sites - excluded from share-at-risk ordering
by_recoverable_usd,prospect (cold outreach),193,NorthStar Clean Energy,False,2,0.0,0,0,0,0.0,50.0,0.0,Grayling Generating Station,MI,MISO,0,,65,,fewer than 3 gas sites - excluded from share-at-risk ordering
by_recoverable_usd,prospect (cold outreach),194,Northern Star Generation Services Co LLC,False,1,728.0,0,0,0,0.0,53.7166068746693,0.0,Vandolah Power Station,FL,FPC,1,0.0,65,,fewer than 3 gas sites - excluded from share-at-risk ordering
by_recoverable_usd,prospect (cold outreach),195,POET Biorefining- Shelbyville,False,1,6.1,0,0,0,0.0,36.531788793103445,0.0,POET Biorefining - Shelbyville,IN,MISO,0,0.0,65,,fewer than 3 gas sites - excluded from share-at-risk ordering
by_recoverable_usd,prospect (cold outreach),196,"POET Biorefining-Hanlontown, LLC",False,1,4.0,0,0,0,0.0,45.68146551724138,0.0,"POET Biorefining-Hanlontown, LLC",IA,MISO,0,0.0,65,,fewer than 3 gas sites - excluded from share-at-risk ordering
by_recoverable_usd,prospect (cold outreach),197,Ontelaunee Power Operating Company  LLC,False,1,728.0,0,0,0,0.0,44.19265117427568,0.0,Ontelaunee Energy Center,PA,PJM,1,0.0,65,,fewer than 3 gas sites - excluded from share-at-risk ordering
by_recoverable_usd,prospect (cold outreach),198,PPL Group,False,9,3267.8999999999996,0,0,1,0.0,41.319935368264375,0.0,E W Brown,KY,LGEE,4,0.0,65,58.0,
by_recoverable_usd,prospect (cold outreach),199,"Onsite Partners, LLC",False,2,13.2,0,0,0,0.0,47.92925393455503,0.0,Clyde Peaking Engine,"NJ, OH",PJM,0,0.0,65,,fewer than 3 gas sites - excluded from share-at-risk ordering
by_recoverable_usd,prospect (cold outreach),200,Oneta Power LLC,False,1,1214.0,0,0,1,0.0,53.02511342427722,0.0,Oneta Energy Center,OK,SWPP,1,0.0,65,,fewer than 3 gas sites - excluded from share-at-risk ordering
by_recoverable_usd,prospect (cold outreach),201,"Omnis Pleasants, LLC",False,1,0.0,0,0,0,0.0,50.85192069392812,0.0,Pleasants Power Station,WV,PJM,0,,65,,fewer than 3 gas sites - excluded from share-at-risk ordering
by_recoverable_usd,prospect (cold outreach),202,Omaha Public Power District,False,7,1668.3,0,0,2,0.0,55.3863230617233,0.0,Sarpy County,NE,SWPP,4,0.0,65,58.0,
by_recoverable_usd,prospect (cold outreach),203,"PRIMIENT, LLC",False,1,61.4,0,0,0,0.0,41.29385964912281,0.0,Primient Loudon Plant,TN,TVA,0,0.0,65,,fewer than 3 gas sites - excluded from share-at-risk ordering
by_recoverable_usd,prospect (cold outreach),204,OLS Energy-Agnews Inc.,False,1,32.0,0,0,0,0.0,56.36635638297872,0.0,Agnews Power Plant,CA,CISO,0,0.0,65,,fewer than 3 gas sites - excluded from share-at-risk ordering
by_recoverable_usd,prospect (cold outreach),205,Oleander Holdings LLC,False,1,994.4000000000001,0,0,0,0.0,49.002267573696145,0.0,Oleander Power Project LP,FL,FPL,1,0.0,65,,fewer than 3 gas sites - excluded from share-at-risk ordering
by_recoverable_usd,prospect (cold outreach),206,"Ohio Power Partners, LLC",False,1,543.9,0,0,0,0.0,42.543103448275865,0.0,Middletown Energy Center,OH,PJM,1,0.0,65,,fewer than 3 gas sites - excluded from share-at-risk ordering
by_recoverable_usd,prospect (cold outreach),207,PSEG Group,False,1,0.0,0,0,1,0.0,53.02044609665427,0.0,Bridgeport Station,CT,ISNE,0,,65,,fewer than 3 gas sites - excluded from share-at-risk ordering
by_recoverable_usd,prospect (cold outreach),208,Ocean State Power Co,False,2,560.8,0,0,0,0.0,59.96671854101926,0.0,Ocean State Power,RI,ISNE,2,0.0,65,,fewer than 3 gas sites - excluded from share-at-risk ordering
by_recoverable_usd,prospect (cold outreach),209,Ocean County Utilities Auth - (NJ),False,1,0.8999999999999999,0,0,0,0.0,61.48833671399594,0.0,Bayville Central Facility,NJ,PJM,0,0.0,65,,fewer than 3 gas sites - excluded from share-at-risk ordering
by_recoverable_usd,prospect (cold outreach),210,Occidental Permian Ltd,False,1,23.4,0,0,0,0.0,46.15942028985508,0.0,Wasson CO2 Removal Plant,TX,SWPP,0,0.0,65,,fewer than 3 gas sites - excluded from share-at-risk ordering
by_recoverable_usd,prospect (cold outreach),211,Pacific Ethanol Stockton,False,1,4.8,0,0,0,0.0,49.98752909876954,0.0,Pacific Ethanol Stockton Cogen Plant,CA,CISO,0,0.0,65,,fewer than 3 gas sites - excluded from share-at-risk ordering
by_recoverable_usd,prospect (cold outreach),212,Occidental Chemical Corporation,False,2,937.9000000000001,0,0,1,0.0,28.789217678006693,0.0,Wichita Plant,"KS, LA","MISO, SWPP",1,0.0,65,,fewer than 3 gas sites - excluded from share-at-risk ordering
by_recoverable_usd,prospect (cold outreach),213,Olmsted County Public Works - (MN),False,1,0.0,0,0,0,0.0,50.0,0.0,Olmsted Waste Energy,MN,MISO,0,,65,,fewer than 3 gas sites - excluded from share-at-risk ordering
by_recoverable_usd,prospect (cold outreach),214,Liberty Electric Power LLC,False,1,614.0,0,0,0,0.0,30.63415906766378,0.0,Liberty Electric Power Plant,PA,PJM,1,0.0,65,,fewer than 3 gas sites - excluded from share-at-risk ordering
by_recoverable_usd,prospect (cold outreach),215,Lee County Board-Commissioners,False,1,0.0,0,0,0,0.0,50.0,0.0,Lee County Solid Waste Energy,FL,FPL,0,,65,,fewer than 3 gas sites - excluded from share-at-risk ordering
by_recoverable_usd,prospect (cold outreach),216,Leaf River Cellulose LLC,False,1,0.0,0,0,0,0.0,50.0,0.0,Leaf River Cellulose LLC,MS,SOCO,0,,65,,fewer than 3 gas sites - excluded from share-at-risk ordering
by_recoverable_usd,prospect (cold outreach),217,Lea Power Partners LLC,False,2,681.5,0,0,0,0.0,16.930395246523858,0.0,Hobbs Generating Station,NM,SWPP,1,0.0,65,,fewer than 3 gas sites - excluded from share-at-risk ordering
by_recoverable_usd,prospect (cold outreach),218,Lansing Board of Water and Light,False,3,361.2,0,0,0,0.0,37.959575332726125,0.0,Delta Energy Park,MI,MISO,3,0.0,65,58.0,
by_recoverable_usd,prospect (cold outreach),219,Landfill Energy Systems Florida,False,1,6.4,0,0,0,0.0,37.56224645030426,0.0,Sarasota County LFGTE Facility,FL,FPL,0,0.0,65,,fewer than 3 gas sites - excluded from share-at-risk ordering
by_recoverable_usd,prospect (cold outreach),220,Landfill Energy Systems,False,1,7.6,0,0,0,0.0,54.20914394419344,0.0,Zimmerman Energy,IN,MISO,0,0.0,65,,fewer than 3 gas sites - excluded from share-at-risk ordering
by_recoverable_usd,prospect (cold outreach),221,Lakewood Cogeneration LP,False,1,288.2,0,1,0,288.2,72.77835083926641,0.0,NAEA Lakewood LLC,NJ,PJM,1,1.0,65,,fewer than 3 gas sites - excluded from share-at-risk ordering
by_recoverable_usd,prospect (cold outreach),222,Lakeside Syracuse LLC,False,1,102.7,0,0,0,0.0,55.32107110924267,0.0,CH Resources Syracuse,NY,NYIS,1,0.0,65,,fewer than 3 gas sites - excluded from share-at-risk ordering
by_recoverable_usd,prospect (cold outreach),223,Lakeside Beaver Falls LLC,False,1,107.8,0,0,0,0.0,43.34270857748031,0.0,CH Resources Beaver Falls,NY,NYIS,1,0.0,65,,fewer than 3 gas sites - excluded from share-at-risk ordering
by_recoverable_usd,prospect (cold outreach),224,Montana-Dakota Utilities Co,False,7,304.0,0,1,1,18.6,47.02035943323076,0.0,Lewis & Clark,"MT, ND",MISO,2,0.06118421052631579,65,48.0,
by_recoverable_usd,prospect (cold outreach),225,Lagoon Corp,False,1,3.0,0,0,1,0.0,63.44537815126051,0.0,Lagoon Cogeneration Facility,UT,PACE,0,0.0,65,,fewer than 3 gas sites - excluded from share-at-risk ordering
by_recoverable_usd,prospect (cold outreach),226,Lafayette Utilities System,False,3,647.1,0,0,0,0.0,38.10173982355145,0.0,Hargis-Hebert Electric Generating,LA,MISO,3,0.0,65,58.0,
by_recoverable_usd,prospect (cold outreach),227,Lafarge Corp,False,1,0.0,0,0,0,0.0,50.0,0.0,Alpena Cement Plant,MI,MISO,0,,65,,fewer than 3 gas sites - excluded from share-at-risk ordering
by_recoverable_usd,prospect (cold outreach),228,"LaPorte Power, LLC",False,1,236.0,0,0,0,0.0,58.152958152958156,0.0,Exelon LaPorte Generating Station,TX,ERCO,1,0.0,65,,fewer than 3 gas sites - excluded from share-at-risk ordering
by_recoverable_usd,prospect (cold outreach),229,LMS Energy USA LLC,False,1,9.6,0,0,0,0.0,37.53455468979963,0.0,JED Solid Waste Mgmt Renewable Energy,FL,FPC,0,0.0,65,,fewer than 3 gas sites - excluded from share-at-risk ordering
by_recoverable_usd,prospect (cold outreach),230,LES Project Holdings LLC,False,2,18.4,0,0,0,0.0,44.89581084807736,0.0,I 95 Municipal Landfill Phase I,"CA, VA","BANC, PJM",0,0.0,65,,fewer than 3 gas sites - excluded from share-at-risk ordering
by_recoverable_usd,prospect (cold outreach),231,LES Operations Services LLC,False,1,3.2,0,0,0,0.0,38.23897058823529,0.0,Millersville LFG,MD,PJM,0,0.0,65,,fewer than 3 gas sites - excluded from share-at-risk ordering
by_recoverable_usd,prospect (cold outreach),232,LAX Airport,False,1,9.2,0,0,0,0.0,47.228134353175925,0.0,Central Utilities Plant LAX 2,CA,LDWP,0,0.0,65,,fewer than 3 gas sites - excluded from share-at-risk ordering
by_recoverable_usd,prospect (cold outreach),233,L'Anse Warden Electric Company LLC,False,1,0.0,0,0,0,0.0,50.0,0.0,John H Warden,MI,MISO,0,,65,,fewer than 3 gas sites - excluded from share-at-risk ordering
by_recoverable_usd,prospect (cold outreach),234,"Kyocera International, Inc",False,1,3.8,0,0,0,0.0,47.22794117647059,0.0,Kyocera International Inc.(San Diego),CA,CISO,0,0.0,65,,fewer than 3 gas sites - excluded from share-at-risk ordering
by_recoverable_usd,prospect (cold outreach),235,Lake Road Generating Co LP,False,1,840.0,0,0,0,0.0,45.73620294666374,0.0,Lake Road Generating Plant,CT,ISNE,1,0.0,65,,fewer than 3 gas sites - excluded from share-at-risk ordering
by_recoverable_usd,prospect (cold outreach),236,MM Albany Energy LLC,False,1,5.9,0,0,0,0.0,62.12628754503458,0.0,MM Albany Energy,NY,NYIS,0,0.0,65,,fewer than 3 gas sites - excluded from share-at-risk ordering
by_recoverable_usd,prospect (cold outreach),237,"MEC Holdings, LLC",False,1,740.8,0,0,0,0.0,66.44129756022406,0.0,Mankato Energy Center,MN,MISO,1,0.0,65,,fewer than 3 gas sites - excluded from share-at-risk ordering
by_recoverable_usd,prospect (cold outreach),238,MCRD Parris Island / U.S. Marine Corps,False,1,3.5,0,0,0,0.0,34.915197871632856,0.0,MCRD Parris Island PV Hybrid,SC,SCEG,0,0.0,65,,fewer than 3 gas sites - excluded from share-at-risk ordering
by_recoverable_usd,prospect (cold outreach),239,MATEP LLC,False,2,60.8,0,0,0,0.0,47.4185554662202,0.0,Medical Area Total Energy Plant,MA,ISNE,0,0.0,65,,fewer than 3 gas sites - excluded from share-at-risk ordering
by_recoverable_usd,prospect (cold outreach),240,"M.A. Patout & Son Limited, LLC",False,1,0.0,0,0,0,0.0,50.0,0.0,Enterprise Sugar Factory,LA,MISO,0,,65,,fewer than 3 gas sites - excluded from share-at-risk ordering
by_recoverable_usd,prospect (cold outreach),241,M&M Mars Inc,False,1,3.5,0,0,0,0.0,54.471276595744676,0.0,Mars Snackfood US,IL,PJM,0,0.0,65,,fewer than 3 gas sites - excluded from share-at-risk ordering
by_recoverable_usd,prospect (cold outreach),242,Lower Mount Bethel Project Company LLC,False,1,651.6,0,0,0,0.0,31.532422903863036,0.0,Lower Mount Bethel Energy,PA,PJM,1,0.0,65,,fewer than 3 gas sites - excluded from share-at-risk ordering
by_recoverable_usd,prospect (cold outreach),243,Louisiana Sugar Refining LLC,False,1,6.7,0,0,0,0.0,51.735784774436084,0.0,Louisiana Sugar Refining,LA,MISO,0,0.0,65,,fewer than 3 gas sites - excluded from share-at-risk ordering
by_recoverable_usd,prospect (cold outreach),244,Louisiana Energy & Power Authority,False,2,74.1,0,0,0,0.0,42.40790655884995,0.0,Rayne,LA,MISO,1,0.0,65,,fewer than 3 gas sites - excluded from share-at-risk ordering
by_recoverable_usd,prospect (cold outreach),245,Los Angeles County Sanitation,False,4,97.60000000000001,0,0,0,0.0,42.38030628487854,0.0,Total Energy Facilities,CA,CISO,0,0.0,65,58.0,
by_recoverable_usd,prospect (cold outreach),246,Lincoln Electric System,False,5,504.70000000000005,0,0,0,0.0,50.63113654838396,0.0,Terry Bundy Generating Station,NE,SWPP,4,0.0,65,58.0,
by_recoverable_usd,prospect (cold outreach),247,Los Angeles County,False,2,34.5,0,0,0,0.0,53.806563998893125,0.0,Civic Center,CA,"CISO, LDWP",0,0.0,65,,fewer than 3 gas sites - excluded from share-at-risk ordering
by_recoverable_usd,prospect (cold outreach),248,Lorin Industries,False,1,3.2,0,0,0,0.0,56.76470588235294,0.0,Lorin Industries,MI,MISO,0,0.0,65,,fewer than 3 gas sites - excluded from share-at-risk ordering
by_recoverable_usd,prospect (cold outreach),249,"Longview Power, LLC",False,1,0.0,0,0,1,0.0,53.02044609665427,0.0,Longview Power Plant,WV,PJM,0,,65,,fewer than 3 gas sites - excluded from share-at-risk ordering
by_recoverable_usd,prospect (cold outreach),250,Longview Fibre Co,False,1,0.0,0,0,0,0.0,50.0,0.0,Longview Fibre,WA,BPAT,0,,65,,fewer than 3 gas sites - excluded from share-at-risk ordering
by_recoverable_usd,prospect (cold outreach),251,Long Ridge Energy Generation LLC,False,1,521.9,0,0,0,0.0,58.36206896551724,0.0,Long Ridge Energy Generation,OH,PJM,1,0.0,65,,fewer than 3 gas sites - excluded from share-at-risk ordering
by_recoverable_usd,prospect (cold outreach),252,Lockport Energy Associates LP,False,1,221.3,0,0,0,0.0,61.17579010137149,0.0,Lockport Energy Associates LP,NY,NYIS,1,0.0,65,,fewer than 3 gas sites - excluded from share-at-risk ordering
by_recoverable_usd,prospect (cold outreach),253,Lockhart Power Co,False,2,4.800000000000001,0,0,0,0.0,43.28884942577109,0.0,Wellford Renewable Energy Plant,SC,DUK,0,0.0,65,,fewer than 3 gas sites - excluded from share-at-risk ordering
by_recoverable_usd,prospect (cold outreach),254,Little Rock Water Reclamation Authority,False,1,1.3,0,0,0,0.0,48.94257703081232,0.0,Fourche Creek Wastewater,AR,MISO,0,0.0,65,,fewer than 3 gas sites - excluded from share-at-risk ordering
by_recoverable_usd,prospect (cold outreach),255,Litchfield Public Utilities,False,1,0.0,0,0,0,0.0,50.0,0.0,Litchfield,MN,MISO,0,,65,,fewer than 3 gas sites - excluded from share-at-risk ordering
by_recoverable_usd,prospect (cold outreach),256,Linde Inc,False,1,31.0,0,0,0,0.0,53.36538461538461,0.0,Linde Wilmington,CA,LDWP,0,0.0,65,,fewer than 3 gas sites - excluded from share-at-risk ordering
by_recoverable_usd,prospect (cold outreach),257,Lincoln Generating Facility LLC,False,1,692.0,0,0,0,0.0,50.62851212923887,0.0,Lincoln Generating Facility,IL,PJM,1,0.0,65,,fewer than 3 gas sites - excluded from share-at-risk ordering
by_recoverable_usd,prospect (cold outreach),258,Los Angeles County DHS,False,1,5.6,0,0,0,0.0,64.28510638297873,0.0,Olive View Medical Center,CA,LDWP,0,0.0,65,,fewer than 3 gas sites - excluded from share-at-risk ordering
by_recoverable_usd,prospect (cold outreach),259,KOSPO USA,False,1,1174.4,0,0,0,0.0,52.36299261083744,0.0,Indeck Niles Energy Center,MI,PJM,1,0.0,65,,fewer than 3 gas sites - excluded from share-at-risk ordering
by_recoverable_usd,prospect (cold outreach),260,KES Kingsburg LP,False,1,36.2,0,0,0,0.0,51.31293349653202,0.0,Kingsburg Cogen,CA,CISO,1,0.0,65,,fewer than 3 gas sites - excluded from share-at-risk ordering
by_recoverable_usd,prospect (cold outreach),261,Johnson County Power LLC,False,1,282.6,0,1,0,282.6,53.912431090555906,0.0,Johnson County,TX,ERCO,1,1.0,65,,fewer than 3 gas sites - excluded from share-at-risk ordering
by_recoverable_usd,prospect (cold outreach),262,John Deere Dubuque Works,False,1,0.0,0,0,0,0.0,50.0,0.0,John Deere Dubuque Works,IA,MISO,0,,65,,fewer than 3 gas sites - excluded from share-at-risk ordering
by_recoverable_usd,prospect (cold outreach),263,"Jera Energy America, LLC",False,1,836.0999999999999,0,0,0,0.0,44.48198516063618,0.0,Marcus Hook Energy LP,PA,PJM,1,0.0,65,,fewer than 3 gas sites - excluded from share-at-risk ordering
by_recoverable_usd,prospect (cold outreach),264,Jefferson Torresdale Hospital,False,1,1.1,0,0,0,0.0,49.99771805273834,0.0,Jefferson Torresdale Hospital,PA,PJM,0,0.0,65,,fewer than 3 gas sites - excluded from share-at-risk ordering
by_recoverable_usd,prospect (cold outreach),265,Jax LNG,False,1,12.6,0,0,0,0.0,38.111111111111114,0.0,Jax LNG,FL,JEA,0,0.0,65,,fewer than 3 gas sites - excluded from share-at-risk ordering
by_recoverable_usd,prospect (cold outreach),266,Janssen Pharmaceutical Co,False,3,6.8,0,0,0,0.0,48.39337714510491,0.0,Rariton OMP,"NJ, PA",PJM,0,0.0,65,58.0,
by_recoverable_usd,prospect (cold outreach),267,Jamestown Board of Public Util,False,2,96.3,0,1,0,49.0,45.93335029029506,0.0,S A Carlson,NY,NYIS,0,0.5088265835929388,65,,fewer than 3 gas sites - excluded from share-at-risk ordering
by_recoverable_usd,prospect (cold outreach),268,"Jamaica Bay Peaking Facility, LLC",False,1,60.5,0,0,0,0.0,44.26573426573427,0.0,Jamaica Bay Peaking,NY,NYIS,0,0.0,65,,fewer than 3 gas sites - excluded from share-at-risk ordering
by_recoverable_usd,prospect (cold outreach),269,Kootenai Renewable Energy LLC,False,1,3.2,0,0,0,0.0,40.90819538135561,0.0,Fighting Creek LFGTE Plant,ID,AVA,0,0.0,65,,fewer than 3 gas sites - excluded from share-at-risk ordering
by_recoverable_usd,prospect (cold outreach),270,JHP Pharmaceuticals LLC,False,1,2.8,0,0,1,0.0,63.285714285714285,0.0,Par Sterile Products,MI,MISO,0,0.0,65,,fewer than 3 gas sites - excluded from share-at-risk ordering
by_recoverable_usd,prospect (cold outreach),271,JGT2 Energy LLC,False,1,163.5,0,0,0,0.0,61.666666666666664,0.0,Androscoggin Energy Center,ME,ISNE,0,0.0,65,,fewer than 3 gas sites - excluded from share-at-risk ordering
by_recoverable_usd,prospect (cold outreach),272,"JERA Power Linden, LLC",False,1,974.1000000000001,0,0,0,0.0,46.938995863441555,0.0,Linden Cogen Plant,NJ,NYIS,1,0.0,65,,fewer than 3 gas sites - excluded from share-at-risk ordering
by_recoverable_usd,prospect (cold outreach),273,JEA,False,5,2097.6,0,0,0,0.0,39.14257503469046,0.0,Brandy Branch,FL,JEA,5,0.0,65,58.0,
by_recoverable_usd,prospect (cold outreach),274,J Power USA Development Co Ltd,False,1,576.0,0,1,0,576.0,71.64829953952896,0.0,Elwood Energy LLC,IL,PJM,1,1.0,65,,fewer than 3 gas sites - excluded from share-at-risk ordering
by_recoverable_usd,prospect (cold outreach),275,Island Energy Services,False,1,0.0,0,0,0,0.0,50.0,0.0,Hawaii Cogen,HI,nan,0,,65,,fewer than 3 gas sites - excluded from share-at-risk ordering
by_recoverable_usd,prospect (cold outreach),276,"Irwindale Brew Yard, LLC",False,2,10.9,0,1,0,10.4,88.82961718252507,0.0,"Irwindale Brew Yard, LLC",CA,CISO,0,0.9541284403669725,65,,fewer than 3 gas sites - excluded from share-at-risk ordering
by_recoverable_usd,prospect (cold outreach),277,Iredell Transmission LLC,False,1,3.2,0,0,0,0.0,40.55254516837641,0.0,Iredell County LFG Facility,NC,DUK,0,0.0,65,,fewer than 3 gas sites - excluded from share-at-risk ordering
by_recoverable_usd,prospect (cold outreach),278,Invista,False,2,121.4,0,0,0,0.0,46.44161173107776,0.0,Camden South Carolina,"SC, TX","CPLE, ERCO",0,0.0,65,,fewer than 3 gas sites - excluded from share-at-risk ordering
by_recoverable_usd,prospect (cold outreach),279,Interstate Paper LLC,False,1,0.0,0,0,0,0.0,50.0,0.0,Interstate Paper LLC Riceboro,GA,SOCO,0,,65,,fewer than 3 gas sites - excluded from share-at-risk ordering
by_recoverable_usd,prospect (cold outreach),280,International Paper Port Wentworth Mill,False,1,0.0,0,0,0,0.0,50.0,0.0,Port Wentworth Mill,GA,SOCO,0,,65,,fewer than 3 gas sites - excluded from share-at-risk ordering
by_recoverable_usd,prospect (cold outreach),281,"Jack County Power, LLC",False,1,1280.0,0,0,0,0.0,51.10257820925478,0.0,Jack County,TX,ERCO,1,0.0,65,,fewer than 3 gas sites - excluded from share-at-risk ordering
by_recoverable_usd,prospect (cold outreach),282,Koda Energy LLC,False,1,0.0,0,0,0,0.0,50.0,0.0,Koda Biomass Plant,MN,MISO,0,,65,,fewer than 3 gas sites - excluded from share-at-risk ordering
by_recoverable_usd,prospect (cold outreach),283,"Kleen Energy Systems, LLC",False,1,693.0,0,1,0,693.0,68.11576861508381,0.0,Kleen Energy Systems,CT,ISNE,1,1.0,65,,fewer than 3 gas sites - excluded from share-at-risk ordering
by_recoverable_usd,prospect (cold outreach),284,King County Solid Waste Division,False,1,5.3999999999999995,0,0,0,0.0,58.58899594320487,0.0,Cedar Hills,WA,PSEI,0,0.0,65,,fewer than 3 gas sites - excluded from share-at-risk ordering
by_recoverable_usd,prospect (cold outreach),285,King County Dept-Natural Res - (WA),False,1,4.6,0,0,0,0.0,42.696296296296296,0.0,West Point Treatment Plant,WA,SCL,0,0.0,65,,fewer than 3 gas sites - excluded from share-at-risk ordering
by_recoverable_usd,prospect (cold outreach),286,Kindle Energy LLC,False,2,885.5,0,0,0,0.0,37.24664202124668,0.0,Magnolia Power,"CO, LA","MISO, WACM",1,0.0,65,,fewer than 3 gas sites - excluded from share-at-risk ordering
by_recoverable_usd,prospect (cold outreach),287,Kinder Morgan Yates Operation,False,1,5.6,0,0,0,0.0,47.0,0.0,Yates Gas Plant,TX,ERCO,0,0.0,65,,fewer than 3 gas sites - excluded from share-at-risk ordering
by_recoverable_usd,prospect (cold outreach),288,Kinder Morgan Production Company LP,False,1,153.9,0,0,0,0.0,49.11362933347208,0.0,EG178 Facility,TX,ERCO,0,0.0,65,,fewer than 3 gas sites - excluded from share-at-risk ordering
by_recoverable_usd,prospect (cold outreach),289,Kimura Power LLC,False,5,1063.8999999999999,0,0,0,0.0,55.46046393791285,0.0,Yankee Street,"IN, OH","MISO, PJM",3,0.0,65,58.0,
by_recoverable_usd,prospect (cold outreach),290,Kimberly-Clark Worldwide Inc,False,1,21.0,0,0,0,0.0,34.51830472275951,0.0,Fullerton Mill CHP,CA,CISO,0,0.0,65,,fewer than 3 gas sites - excluded from share-at-risk ordering
by_recoverable_usd,prospect (cold outreach),291,Kimberly-Clark Corporation,False,1,36.300000000000004,0,0,0,0.0,40.21381578947368,0.0,"Kimberly Clark-Unit 1,2,3",CT,ISNE,0,0.0,65,,fewer than 3 gas sites - excluded from share-at-risk ordering
by_recoverable_usd,prospect (cold outreach),292,Kamin LLC,False,1,6.0,0,0,0,0.0,52.0,0.0,Kamin LLC Wrens Plant,GA,SOCO,0,0.0,65,,fewer than 3 gas sites - excluded from share-at-risk ordering
by_recoverable_usd,prospect (cold outreach),293,Kimberly Clark - Mobile Alabama,False,1,50.0,0,0,0,0.0,33.624875290987696,0.0,Kimberly Clark Mobile - CHP Plant,AL,SOCO,0,0.0,65,,fewer than 3 gas sites - excluded from share-at-risk ordering
by_recoverable_usd,prospect (cold outreach),294,KeyCon Operating LLC,False,1,0.0,0,0,0,0.0,47.97087980173481,0.0,Conemaugh,PA,PJM,0,,65,,fewer than 3 gas sites - excluded from share-at-risk ordering
by_recoverable_usd,prospect (cold outreach),295,"Key Government Finance, Inc.",False,1,15.5,0,0,0,0.0,64.69148936170212,0.0,Princeton University Cogeneration,NJ,PJM,0,0.0,65,,fewer than 3 gas sites - excluded from share-at-risk ordering
by_recoverable_usd,prospect (cold outreach),296,"Kettle Butte Digester, LLC",False,1,1.8,0,0,0,0.0,59.56140350877193,0.0,"Kettle Butte Digester, LLC",ID,PACE,0,0.0,65,,fewer than 3 gas sites - excluded from share-at-risk ordering
by_recoverable_usd,prospect (cold outreach),297,Kern River Cogeneration Co,False,1,300.0,0,0,0,0.0,54.55034213098728,0.0,Kern River Cogeneration,CA,CISO,0,0.0,65,,fewer than 3 gas sites - excluded from share-at-risk ordering
by_recoverable_usd,prospect (cold outreach),298,Kern Oil & Refining Co,False,1,4.5,0,0,0,0.0,41.684782608695656,0.0,Kern Oil & Refining Co,CA,CISO,0,0.0,65,,fewer than 3 gas sites - excluded from share-at-risk ordering
by_recoverable_usd,prospect (cold outreach),299,Kent County - (MI),False,1,0.0,0,0,0,0.0,50.0,0.0,Kent County Waste to Energy Facility,MI,MISO,0,,65,,fewer than 3 gas sites - excluded from share-at-risk ordering
by_recoverable_usd,prospect (cold outreach),300,Kennecott Utah Copper,False,2,6.4,0,0,1,0.0,57.941634377728,0.0,Kennecott Power Plant,UT,PACE,0,0.0,65,,fewer than 3 gas sites - excluded from share-at-risk ordering
by_recoverable_usd,prospect (cold outreach),301,"Kendall Green Energy, LLC",False,1,213.39999999999998,0,0,0,0.0,52.98487020814516,0.0,Kendall Square Station,MA,ISNE,1,0.0,65,,fewer than 3 gas sites - excluded from share-at-risk ordering
by_recoverable_usd,prospect (cold outreach),302,Kansas Municipal Energy Agency - (KS),False,2,27.599999999999998,0,0,0,0.0,52.79475213524698,0.0,Jameson Energy Center,KS,SWPP,0,0.0,65,,fewer than 3 gas sites - excluded from share-at-risk ordering
by_recoverable_usd,prospect (cold outreach),303,"Kansas Ethanol, LLC",False,1,13.5,0,0,0,0.0,34.2968085106383,0.0,"Kansas Ethanol, LLC",KS,SWPP,0,0.0,65,,fewer than 3 gas sites - excluded from share-at-risk ordering
by_recoverable_usd,prospect (cold outreach),304,Kimberly-Clark Corp,False,2,69.2,0,0,0,0.0,38.14324219909326,0.0,Chester Operations,PA,PJM,0,0.0,65,,fewer than 3 gas sites - excluded from share-at-risk ordering
by_recoverable_usd,prospect (cold outreach),305,Molson Coors Shenandoah Brewery,False,1,1.4,0,0,0,0.0,68.66939443535188,0.0,Molson Coors Shenandoah Brewery,VA,PJM,0,0.0,65,,fewer than 3 gas sites - excluded from share-at-risk ordering
by_recoverable_usd,prospect (cold outreach),306,Modesto Irrigation District,False,5,391.2,0,0,0,0.0,41.3727241834639,0.0,Woodland,CA,BANC,3,0.0,65,58.0,
by_recoverable_usd,prospect (cold outreach),307,Model City Energy LLC,False,1,5.6,0,0,0,0.0,48.80150532873723,0.0,Model City Energy Facility,NY,NYIS,0,0.0,65,,fewer than 3 gas sites - excluded from share-at-risk ordering
by_recoverable_usd,prospect (cold outreach),308,Mobile Energy LLC,False,1,280.0,0,0,0,0.0,48.74883150802295,0.0,Hog Bayou Energy Center,AL,SOCO,1,0.0,65,,fewer than 3 gas sites - excluded from share-at-risk ordering
by_recoverable_usd,prospect (cold outreach),309,Missouri Jnt Muni.Pwr Elec. Ut. Comm.,False,1,655.2,0,1,0,655.2,69.40986013519408,0.0,Dogwood Energy Facility,MO,SWPP,1,1.0,65,,fewer than 3 gas sites - excluded from share-at-risk ordering
by_recoverable_usd,prospect (cold outreach),310,Mississippi Baptist Medical,False,1,4.2,0,0,0,0.0,58.42857142857143,0.0,Mississippi Baptist Medical Center,MS,MISO,0,0.0,65,,fewer than 3 gas sites - excluded from share-at-risk ordering
by_recoverable_usd,prospect (cold outreach),311,Milwaukee Metro Sewerage Dist,False,2,36.400000000000006,0,0,0,0.0,55.66251377801529,0.0,MMSD Jones Island Wastewater,WI,MISO,0,0.0,65,,fewer than 3 gas sites - excluded from share-at-risk ordering
by_recoverable_usd,prospect (cold outreach),312,"Millennium Power Company, LLC",False,1,427.5,0,1,0,427.5,64.44040139376646,0.0,Millennium Power,MA,ISNE,1,1.0,65,,fewer than 3 gas sites - excluded from share-at-risk ordering
by_recoverable_usd,prospect (cold outreach),313,Milford Power Co LLC,False,1,578.0,0,0,0,0.0,40.14346764346764,0.0,Milford Power Project,CT,ISNE,1,0.0,65,,fewer than 3 gas sites - excluded from share-at-risk ordering
by_recoverable_usd,prospect (cold outreach),314,Milan Energy LLC,False,1,21.0,0,0,0,0.0,29.20731707317073,0.0,Milan,PA,PJM,0,0.0,65,,fewer than 3 gas sites - excluded from share-at-risk ordering
by_recoverable_usd,prospect (cold outreach),315,MM Lopez Energy LLC,False,1,3.0,0,0,0,0.0,36.62459342435103,0.0,MM Lopez Energy,CA,CISO,0,0.0,65,,fewer than 3 gas sites - excluded from share-at-risk ordering
by_recoverable_usd,prospect (cold outreach),316,Midwest Energy Inc - (KS),False,2,119.50000000000003,0,0,0,0.0,45.65089187353598,0.0,Colby,KS,SWPP,0,0.0,65,,fewer than 3 gas sites - excluded from share-at-risk ordering
by_recoverable_usd,prospect (cold outreach),317,Midwest Electric Power Inc,False,1,301.5,0,0,1,0.0,70.13797148643037,0.0,MEPI GT Facility,IL,GLHB,0,0.0,65,,fewer than 3 gas sites - excluded from share-at-risk ordering
by_recoverable_usd,prospect (cold outreach),318,Midway Peaking  LLC,False,1,139.8,0,0,0,0.0,48.346065206530334,0.0,Midway Peaking LLC,CA,CISO,1,0.0,65,,fewer than 3 gas sites - excluded from share-at-risk ordering
by_recoverable_usd,prospect (cold outreach),319,Midland Cogeneration Venture,False,1,1848.6,0,0,0,0.0,45.11651947079004,0.0,Midland Cogeneration Venture,MI,MISO,1,0.0,65,,fewer than 3 gas sites - excluded from share-at-risk ordering
by_recoverable_usd,prospect (cold outreach),320,Middletown Power LLC,False,1,353.0,1,0,0,353.0,74.19356295878035,0.0,Middletown,CT,ISNE,1,1.0,65,,fewer than 3 gas sites - excluded from share-at-risk ordering
by_recoverable_usd,prospect (cold outreach),321,Middlesex County Utilities Authority - (NJ),False,1,22.5,0,1,0,22.5,63.94412878787878,0.0,Middlesex County Utilities Authority,NJ,PJM,0,1.0,65,,fewer than 3 gas sites - excluded from share-at-risk ordering
by_recoverable_usd,prospect (cold outreach),322,"Middle River Power II, LLC",False,2,638.4,0,0,0,0.0,66.32216800925272,0.0,Big Sandy Peaker Plant,"VA, WV",PJM,2,0.0,65,,fewer than 3 gas sites - excluded from share-at-risk ordering
by_recoverable_usd,prospect (cold outreach),323,"Mid-Georgia Cogen, LP",False,1,323.0,0,1,0,323.0,78.40568554137907,0.0,Mid-Georgia Cogeneration Facility,GA,SOCO,1,1.0,65,,fewer than 3 gas sites - excluded from share-at-risk ordering
by_recoverable_usd,prospect (cold outreach),324,Michigan Sugar Company,False,2,1.3,0,0,1,0.0,63.00160098522167,0.0,MSC Croswell,MI,MISO,0,0.0,65,,fewer than 3 gas sites - excluded from share-at-risk ordering
by_recoverable_usd,prospect (cold outreach),325,Michigan Public Power Agency,False,1,60.5,0,0,0,0.0,51.97827523408918,0.0,Kalkaska CT #1,MI,MISO,1,0.0,65,,fewer than 3 gas sites - excluded from share-at-risk ordering
by_recoverable_usd,prospect (cold outreach),326,Midwest Generations EME LLC,False,5,1680.4,0,0,0,0.0,53.87777855135031,0.0,Joliet 9,IL,PJM,0,0.0,65,58.0,
by_recoverable_usd,prospect (cold outreach),327,"Mountain Creek Power, LLC",False,1,852.2,1,0,0,852.2,84.80607001693957,0.0,Mountain Creek,TX,ERCO,1,1.0,65,,fewer than 3 gas sites - excluded from share-at-risk ordering
by_recoverable_usd,prospect (cold outreach),328,Mount Sinai Beth Israel,False,1,0.0,0,0,0,0.0,50.0,0.0,Mount Sinai Beth Israel,NY,NYIS,0,,65,,fewer than 3 gas sites - excluded from share-at-risk ordering
by_recoverable_usd,prospect (cold outreach),329,Mount Joy Wire Corp,False,1,1.1,0,0,0,0.0,56.78221288515407,0.0,Mount Joy Wire,PA,PJM,0,0.0,65,,fewer than 3 gas sites - excluded from share-at-risk ordering
by_recoverable_usd,prospect (cold outreach),330,Mount Carmel Cogen Inc,False,1,0.0,0,0,0,0.0,50.0,0.0,Foster Wheeler Mt Carmel Cogen,PA,PJM,0,,65,,fewer than 3 gas sites - excluded from share-at-risk ordering
by_recoverable_usd,prospect (cold outreach),331,Motiva Enterprises LLC,False,2,295.6,0,0,1,0.0,60.616662731426416,0.0,Motiva Enterprises Port Arthur Refinery,TX,MISO,0,0.0,65,,fewer than 3 gas sites - excluded from share-at-risk ordering
by_recoverable_usd,prospect (cold outreach),332,Mosaic Phosphates Co.,False,1,0.0,0,0,0,0.0,50.0,0.0,Mosaic Phosphates Uncle Sam,LA,MISO,0,,65,,fewer than 3 gas sites - excluded from share-at-risk ordering
by_recoverable_usd,prospect (cold outreach),333,Mosaic Company,False,1,0.0,0,0,0,0.0,50.0,0.0,Mosaic Co Tampa Facility,FL,TEC,0,,65,,fewer than 3 gas sites - excluded from share-at-risk ordering
by_recoverable_usd,prospect (cold outreach),334,Morton Salt Inc,False,1,2.5,0,0,0,0.0,38.69752155172414,0.0,Morton Salt Rittman,OH,PJM,0,0.0,65,,fewer than 3 gas sites - excluded from share-at-risk ordering
by_recoverable_usd,prospect (cold outreach),335,Morris Cogeneration LLC,False,1,218.8,0,0,0,0.0,34.50142798857608,0.0,Morris Cogeneration LLC,IL,PJM,1,0.0,65,,fewer than 3 gas sites - excluded from share-at-risk ordering
by_recoverable_usd,prospect (cold outreach),336,Morgantown Energy Associates,False,1,0.0,0,0,1,0.0,53.02044609665427,0.0,Morgantown Energy Facility,WV,PJM,0,,65,,fewer than 3 gas sites - excluded from share-at-risk ordering
by_recoverable_usd,prospect (cold outreach),337,Molson Coors USA LLC,False,1,35.0,0,0,0,0.0,43.774892241379305,0.0,Colorado Energy Nations Company,CO,PSCO,0,0.0,65,,fewer than 3 gas sites - excluded from share-at-risk ordering
by_recoverable_usd,prospect (cold outreach),338,Moose Lake Water & Light Comm,False,1,2.6,0,0,0,0.0,62.83339203215314,0.0,Moose Lake,MN,MISO,0,0.0,65,,fewer than 3 gas sites - excluded from share-at-risk ordering
by_recoverable_usd,prospect (cold outreach),339,Moose International,False,1,1.8,0,0,1,0.0,63.865546218487395,0.0,Mooseheart Power House,IL,PJM,0,0.0,65,,fewer than 3 gas sites - excluded from share-at-risk ordering
by_recoverable_usd,prospect (cold outreach),340,Montville Power LLC,False,1,75.0,0,1,0,75.0,73.99512650588689,0.0,Montville Station,CT,ISNE,0,1.0,65,,fewer than 3 gas sites - excluded from share-at-risk ordering
by_recoverable_usd,prospect (cold outreach),341,Monterey Regional Waste Mgmt,False,1,5.1,0,0,0,0.0,51.18775354969574,0.0,Marina Landfill Gas,CA,CISO,0,0.0,65,,fewer than 3 gas sites - excluded from share-at-risk ordering
by_recoverable_usd,prospect (cold outreach),342,Monterey One Water,False,1,1.7999999999999998,0,0,0,0.0,48.749366125760645,0.0,Monterey One Water,CA,CISO,0,0.0,65,,fewer than 3 gas sites - excluded from share-at-risk ordering
by_recoverable_usd,prospect (cold outreach),343,Phillips 66 Billings Refinery,False,1,1.6,0,0,0,0.0,56.25,0.0,Phillips 66 Billings Refinery,MT,NWMT,0,0.0,65,,fewer than 3 gas sites - excluded from share-at-risk ordering
by_recoverable_usd,prospect (cold outreach),344,Monroe County - (NY),False,1,5.6,0,0,0,0.0,45.962885154061624,0.0,Monroe Community College Plant,NY,NYIS,0,0.0,65,,fewer than 3 gas sites - excluded from share-at-risk ordering
by_recoverable_usd,prospect (cold outreach),345,Monroe County (NY),False,1,4.199999999999999,0,0,0,0.0,51.20098039215686,0.0,Iola Powerhouse & Cogeneration Facility,NY,NYIS,0,0.0,65,,fewer than 3 gas sites - excluded from share-at-risk ordering
by_recoverable_usd,prospect (cold outreach),346,Monongahela Power Co,False,1,0.0,0,0,1,0.0,53.02044609665427,0.0,FirstEnergy Harrison Power Station,WV,PJM,0,,65,,fewer than 3 gas sites - excluded from share-at-risk ordering
by_recoverable_usd,prospect (cold outreach),347,Monmouth Energy Inc,False,1,9.8,0,0,0,0.0,41.990355836381774,0.0,Monmouth Landfill Gas to Energy,NJ,PJM,0,0.0,65,,fewer than 3 gas sites - excluded from share-at-risk ordering
by_recoverable_usd,prospect (cold outreach),348,"Mondelez Global, LLC",False,1,4.7,0,0,0,0.0,55.298936170212755,0.0,Mondelez Global LLC,IL,PJM,0,0.0,65,,fewer than 3 gas sites - excluded from share-at-risk ordering
by_recoverable_usd,prospect (cold outreach),349,Morgan Energy Center LLC,False,1,900.0,0,0,0,0.0,39.13338866330114,0.0,Morgan Energy Center,AL,TVA,1,0.0,65,,fewer than 3 gas sites - excluded from share-at-risk ordering
by_recoverable_usd,prospect (cold outreach),350,"Manchester Street, LLC.",False,1,515.0,0,0,0,0.0,64.71969752315677,0.0,Manchester Street,RI,ISNE,1,0.0,65,,fewer than 3 gas sites - excluded from share-at-risk ordering
by_recoverable_usd,prospect (cold outreach),351,Manatee County Utilities Department,False,1,1.6,0,0,0,0.0,35.30185091277891,0.0,Manatee County LFGTE,FL,FPL,0,0.0,65,,fewer than 3 gas sites - excluded from share-at-risk ordering
by_recoverable_usd,prospect (cold outreach),352,"Malaga Power, LLC",False,1,121.0,0,0,0,0.0,64.9583919300805,0.0,Malaga Power LLC,CA,CISO,1,0.0,65,,fewer than 3 gas sites - excluded from share-at-risk ordering
by_recoverable_usd,prospect (cold outreach),353,"Major Oak Power, LLC",False,1,0.0,0,0,1,0.0,53.02044609665427,0.0,Major Oak Power,TX,ERCO,0,,65,,fewer than 3 gas sites - excluded from share-at-risk ordering
by_recoverable_usd,prospect (cold outreach),354,Mainline Generation LLC,False,1,640.9,0,1,0,640.9,78.15743944636678,0.0,Grand Tower Energy Center LLC,IL,MISO,0,1.0,65,,fewer than 3 gas sites - excluded from share-at-risk ordering
by_recoverable_usd,prospect (cold outreach),355,Maine Waste to Energy,False,1,0.0,0,0,0,0.0,50.0,0.0,MMWAC Resource Recovery Facility,ME,ISNE,0,,65,,fewer than 3 gas sites - excluded from share-at-risk ordering
by_recoverable_usd,prospect (cold outreach),356,Maine Township High School Dist 207,False,1,1.2,0,0,1,0.0,59.23076923076923,0.0,MTHS Co-Gen Buildings,IL,PJM,0,0.0,65,,fewer than 3 gas sites - excluded from share-at-risk ordering
by_recoverable_usd,prospect (cold outreach),357,"Madera DP 2, LLC",False,1,2.0,0,0,0,0.0,33.06449706013287,0.0,Diamond H Dairy Power,CA,CISO,0,0.0,65,,fewer than 3 gas sites - excluded from share-at-risk ordering
by_recoverable_usd,prospect (cold outreach),358,Macerich,False,1,12.8,0,0,0,0.0,56.08888888888889,0.0,Kings Plaza Total Energy Plant (TEP),NY,NYIS,0,0.0,65,,fewer than 3 gas sites - excluded from share-at-risk ordering
by_recoverable_usd,prospect (cold outreach),359,MRP San Joaquin Energy LLC.,False,3,526.3,0,0,0,0.0,46.35026260949648,0.0,Hanford Energy Park Peaker,CA,CISO,3,0.0,65,58.0,
by_recoverable_usd,prospect (cold outreach),360,Miami Dade Water & Sewer Dept,False,2,12.8,0,0,0,0.0,41.86752028397565,0.0,Central District Wastewater Treat Plant,FL,FPL,0,0.0,65,,fewer than 3 gas sites - excluded from share-at-risk ordering
by_recoverable_usd,prospect (cold outreach),361,MPUA,False,2,40.900000000000006,0,0,0,0.0,44.12004935548481,0.0,Fredericktown Energy Center,MO,SWPP,0,0.0,65,,fewer than 3 gas sites - excluded from share-at-risk ordering
by_recoverable_usd,prospect (cold outreach),362,MPH Cross Island Power,False,1,100.0,0,0,0,0.0,55.62987736900781,0.0,Edgewood Energy LLC,NY,NYIS,1,0.0,65,,fewer than 3 gas sites - excluded from share-at-risk ordering
by_recoverable_usd,prospect (cold outreach),363,"MPC Generating, LLC",False,1,386.1,0,0,0,0.0,51.52965366799756,0.0,MPC Generating,GA,SOCO,1,0.0,65,,fewer than 3 gas sites - excluded from share-at-risk ordering
by_recoverable_usd,prospect (cold outreach),364,MMC Escondido LLC,False,1,54.0,0,0,0,0.0,50.753690753690755,0.0,Escondido Energy Center,CA,CISO,1,0.0,65,,fewer than 3 gas sites - excluded from share-at-risk ordering
by_recoverable_usd,prospect (cold outreach),365,MM West Covina Energy LLC,False,1,6.8,0,0,0,0.0,36.79341491841492,0.0,MM West Covina,CA,CISO,0,0.0,65,,fewer than 3 gas sites - excluded from share-at-risk ordering
by_recoverable_usd,prospect (cold outreach),366,MM Tulare Energy LLC,False,1,1.8,0,0,0,0.0,51.02385561688557,0.0,MM Tulare Energy,CA,CISO,0,0.0,65,,fewer than 3 gas sites - excluded from share-at-risk ordering
by_recoverable_usd,prospect (cold outreach),367,MM Taunton Energy LLC,False,1,3.6,0,0,0,0.0,51.105603448275865,0.0,MM Taunton Energy,MA,ISNE,0,0.0,65,,fewer than 3 gas sites - excluded from share-at-risk ordering
by_recoverable_usd,prospect (cold outreach),368,MM Tajiguas Energy LLC,False,1,3.0,0,0,0,0.0,42.992592592592594,0.0,Tajiguas Plant,CA,CISO,0,0.0,65,,fewer than 3 gas sites - excluded from share-at-risk ordering
by_recoverable_usd,prospect (cold outreach),369,MM San Diego Energy-Miramar,False,1,7.300000000000001,0,0,0,0.0,46.473250507099394,0.0,MM San Diego-Miramar,CA,CISO,0,0.0,65,,fewer than 3 gas sites - excluded from share-at-risk ordering
by_recoverable_usd,prospect (cold outreach),370,MM Prince William Energy LLC,False,1,6.6,0,0,0,0.0,45.246069979716026,0.0,MM Prince William Energy,VA,PJM,0,0.0,65,,fewer than 3 gas sites - excluded from share-at-risk ordering
by_recoverable_usd,prospect (cold outreach),371,MM Prima Deshecha Energy LLC,False,1,6.0,0,0,0,0.0,44.93333333333334,0.0,Prima Plant,CA,CISO,0,0.0,65,,fewer than 3 gas sites - excluded from share-at-risk ordering
by_recoverable_usd,prospect (cold outreach),372,"MRP Generation Holdings, LLC",False,1,960.0,0,0,0,0.0,63.4375,0.0,High Desert Power Plant,CA,CISO,1,0.0,65,,fewer than 3 gas sites - excluded from share-at-risk ordering
by_recoverable_usd,prospect (cold outreach),373,Metropolitan Pier and Exposition Auth,False,2,0.0,0,0,0,0.0,50.0,0.0,MPEA Energy Center,IL,PJM,0,,65,,fewer than 3 gas sites - excluded from share-at-risk ordering
by_recoverable_usd,prospect (cold outreach),374,Mesquite Power LLC,False,1,691.6,0,0,0,0.0,52.52164502164502,0.0,Mesquite Generating Station Block 2,AZ,SRP,1,0.0,65,,fewer than 3 gas sites - excluded from share-at-risk ordering
by_recoverable_usd,prospect (cold outreach),375,Merced Power LLC,False,1,0.0,0,0,0,0.0,50.0,0.0,El Nido Facility,CA,CISO,0,,65,,fewer than 3 gas sites - excluded from share-at-risk ordering
by_recoverable_usd,prospect (cold outreach),376,Melrose Public Utilities,False,1,0.0,0,0,0,0.0,50.0,0.0,Melrose,MN,MISO,0,,65,,fewer than 3 gas sites - excluded from share-at-risk ordering
by_recoverable_usd,prospect (cold outreach),377,Mead Coated Board Inc,False,2,25.0,0,0,0,0.0,45.637662117487494,0.0,Mead Coated Board,AL,SOCO,0,0.0,65,,fewer than 3 gas sites - excluded from share-at-risk ordering
by_recoverable_usd,prospect (cold outreach),378,McKinley Paper,False,1,66.5,0,0,0,0.0,41.266472633195896,0.0,Combined Locks Energy Center,WI,MISO,1,0.0,65,,fewer than 3 gas sites - excluded from share-at-risk ordering
by_recoverable_usd,prospect (cold outreach),379,Mayor and City Council of Baltimore City - (MD),False,1,2.2,0,0,0,0.0,47.55958417849899,0.0,Back River Waste Water Treatment,MD,PJM,0,0.0,65,,fewer than 3 gas sites - excluded from share-at-risk ordering
by_recoverable_usd,prospect (cold outreach),380,Maui Electric Co Ltd,False,1,0.0,0,0,0,0.0,50.0,0.0,Kahului,HI,nan,0,,65,,fewer than 3 gas sites - excluded from share-at-risk ordering
by_recoverable_usd,prospect (cold outreach),381,Matanuska Electric Assn Inc,False,1,171.0,0,0,0,0.0,50.5,0.0,Eklutna Generation Station,AK,nan,0,0.0,65,,fewer than 3 gas sites - excluded from share-at-risk ordering
by_recoverable_usd,prospect (cold outreach),382,Masspower,False,1,260.9,0,0,0,0.0,48.70491412559924,0.0,Masspower,MA,ISNE,1,0.0,65,,fewer than 3 gas sites - excluded from share-at-risk ordering
by_recoverable_usd,prospect (cold outreach),383,Manitowoc Public Utilities,False,3,24.5,0,0,2,0.0,53.96906753799257,0.0,Manitowoc,WI,MISO,0,0.0,65,58.0,
by_recoverable_usd,prospect (cold outreach),384,Massachusetts Mun Wholes Electric Co,False,2,320.0,0,1,0,255.0,62.54025577016644,0.0,Stony Brook,MA,ISNE,2,0.796875,65,,fewer than 3 gas sites - excluded from share-at-risk ordering
by_recoverable_usd,prospect (cold outreach),385,Massachusetts Inst of Tech,False,1,43.4,0,0,0,0.0,60.8347189890256,0.0,Mass Inst Tech Cntrl Utilities/Cogen Plt,MA,ISNE,0,0.0,65,,fewer than 3 gas sites - excluded from share-at-risk ordering
by_recoverable_usd,prospect (cold outreach),386,"Mas Durham Power, LLC",False,1,2.2,0,0,0,0.0,45.11601297093217,0.0,"Mas Durham Power, LLC",NC,DUK,0,0.0,65,,fewer than 3 gas sites - excluded from share-at-risk ordering
by_recoverable_usd,prospect (cold outreach),387,"Mas Countryside RNG, LLC",False,1,12.8,0,0,0,0.0,34.08434296365331,0.0,"Mas Countryside RNG, LLC",IL,PJM,0,0.0,65,,fewer than 3 gas sites - excluded from share-at-risk ordering
by_recoverable_usd,prospect (cold outreach),388,Maryland Environmental Service,False,2,3.8,0,0,0,0.0,48.142742673992664,0.0,Eastern Correctional Institute,MD,PJM,0,0.0,65,,fewer than 3 gas sites - excluded from share-at-risk ordering
by_recoverable_usd,prospect (cold outreach),389,Maryland Economic Development Corporation,False,2,27.4,0,0,0,0.0,48.85921891439596,0.0,UMCP CHP Plant,MD,PJM,0,0.0,65,,fewer than 3 gas sites - excluded from share-at-risk ordering
by_recoverable_usd,prospect (cold outreach),390,Martinez Refining Co,False,1,100.0,0,0,0,0.0,31.335126531270152,0.0,Martinez Refining,CA,CISO,0,0.0,65,,fewer than 3 gas sites - excluded from share-at-risk ordering
by_recoverable_usd,prospect (cold outreach),391,"Mars Wrigley Confectionery US, LLC",False,1,12.3,0,0,0,0.0,53.042763157894726,0.0,"Mars Wrigley Confectionery US, LLC",NJ,PJM,0,0.0,65,,fewer than 3 gas sites - excluded from share-at-risk ordering
by_recoverable_usd,prospect (cold outreach),392,"Mark One Generating, LLC",False,1,484.0,0,0,0,0.0,34.77633477633477,0.0,Mark One Power Station,TX,ERCO,1,0.0,65,,fewer than 3 gas sites - excluded from share-at-risk ordering
by_recoverable_usd,prospect (cold outreach),393,Marcus Hook 50 L.P,False,1,50.5,0,0,0,0.0,53.98368298368298,0.0,Marcus Hook Refinery Cogen,PA,PJM,0,0.0,65,,fewer than 3 gas sites - excluded from share-at-risk ordering
by_recoverable_usd,prospect (cold outreach),394,Marathon Petroleum Company LP,False,3,1082.5,0,0,0,0.0,35.58232347611837,0.0,Tesoro SLC Cogeneration Plant,"TX, UT","ERCO, PACE",1,0.0,65,58.0,
by_recoverable_usd,prospect (cold outreach),395,Massachusetts Wtr Rauth-Deer I,False,1,17.5,0,0,0,0.0,42.03164160401003,0.0,Deer Island Treatment Plant,MA,ISNE,0,0.0,65,,fewer than 3 gas sites - excluded from share-at-risk ordering
by_recoverable_usd,prospect (cold outreach),396,Town of Munster,False,1,1.1,0,0,0,0.0,38.12317909471067,0.0,Munster Landfill Gas-to-Energy,IN,MISO,0,0.0,65,,fewer than 3 gas sites - excluded from share-at-risk ordering
by_recoverable_usd,prospect (cold outreach),397,Town of Hudson - (MA),False,1,14.0,0,0,0,0.0,63.013424765377366,0.0,Cherry Street,MA,ISNE,0,0.0,65,,fewer than 3 gas sites - excluded from share-at-risk ordering
by_recoverable_usd,prospect (cold outreach),398,Town of Berlin - (MD),False,1,2.0,0,0,0,0.0,50.093052738336716,0.0,Berlin,MD,PJM,0,0.0,65,,fewer than 3 gas sites - excluded from share-at-risk ordering
by_recoverable_usd,prospect (cold outreach),399,Total Petrochemicals USA Inc,False,1,38.4,0,0,0,0.0,43.18840579710145,0.0,Port Arthur Texas Refinery,TX,MISO,0,0.0,65,,fewer than 3 gas sites - excluded from share-at-risk ordering
by_recoverable_usd,prospect (cold outreach),400,"Torrance Refining Company, LLC",False,1,22.5,0,0,0,0.0,63.12936481543066,0.0,"Torrance Refining Company, LLC",CA,CISO,0,0.0,65,,fewer than 3 gas sites - excluded from share-at-risk ordering
by_recoverable_usd,prospect (cold outreach),401,Toro Energy of California SLO,False,1,1.5,0,0,0,0.0,41.03714503042597,0.0,Cold Canyon 1,CA,CISO,0,0.0,65,,fewer than 3 gas sites - excluded from share-at-risk ordering
by_recoverable_usd,prospect (cold outreach),402,Toray Plastics America,False,2,20.0,0,0,0,0.0,39.84678626594338,0.0,Toray Plastic America's CHP Plant,RI,ISNE,0,0.0,65,,fewer than 3 gas sites - excluded from share-at-risk ordering
by_recoverable_usd,prospect (cold outreach),403,"Topaz Generating, LLC",False,1,605.0,0,0,0,0.0,45.528499278499275,0.0,Topaz Generating,TX,ERCO,1,0.0,65,,fewer than 3 gas sites - excluded from share-at-risk ordering
by_recoverable_usd,prospect (cold outreach),404,Tiverton Power LLC,False,1,274.5,0,0,0,0.0,41.82293672958397,0.0,Tiverton Power Plant,RI,ISNE,1,0.0,65,,fewer than 3 gas sites - excluded from share-at-risk ordering
by_recoverable_usd,prospect (cold outreach),405,"Titus Power, LLC",False,1,0.0,0,0,0,0.0,50.0,0.0,Titus,PA,PJM,0,,65,,fewer than 3 gas sites - excluded from share-at-risk ordering
by_recoverable_usd,prospect (cold outreach),406,Platte River Power Authority,False,1,506.79999999999995,0,0,0,0.0,40.35798909127276,0.0,Rawhide,CO,PSCO,1,0.0,65,,fewer than 3 gas sites - excluded from share-at-risk ordering
by_recoverable_usd,prospect (cold outreach),407,Tilton Energy LLC,False,1,188.0,0,0,0,0.0,50.73454397061824,0.0,Tilton,IL,MISO,1,0.0,65,,fewer than 3 gas sites - excluded from share-at-risk ordering
by_recoverable_usd,prospect (cold outreach),408,"Tillamook BioGas, LLC Digester",False,1,1.0,0,0,0,0.0,50.963615618661265,0.0,POTB Digester,OR,BPAT,0,0.0,65,,fewer than 3 gas sites - excluded from share-at-risk ordering
by_recoverable_usd,prospect (cold outreach),409,Ticona Polymers Inc,False,1,44.2,0,0,0,0.0,42.89855072463768,0.0,Ticona Polymers Inc,TX,ERCO,0,0.0,65,,fewer than 3 gas sites - excluded from share-at-risk ordering
by_recoverable_usd,prospect (cold outreach),410,Thumb Electric Coop of Mich,False,1,0.0,0,0,0,0.0,50.0,0.0,Ubly,MI,MISO,0,,65,,fewer than 3 gas sites - excluded from share-at-risk ordering
by_recoverable_usd,prospect (cold outreach),411,Thorton Township School Dist,False,2,2.4,0,0,2,0.0,60.609243697478995,0.0,Thornridge High School,IL,PJM,0,0.0,65,,fewer than 3 gas sites - excluded from share-at-risk ordering
by_recoverable_usd,prospect (cold outreach),412,Thomson Corp,False,1,0.0,0,0,0,0.0,50.0,0.0,Thomson Reuters Campus Bldg A-D,MN,MISO,0,,65,,fewer than 3 gas sites - excluded from share-at-risk ordering
by_recoverable_usd,prospect (cold outreach),413,Thilmany LLC,False,1,44.6,0,0,1,0.0,61.608620689655176,0.0,Kaukauna Paper Mill,WI,MISO,0,0.0,65,,fewer than 3 gas sites - excluded from share-at-risk ordering
by_recoverable_usd,prospect (cold outreach),414,The University of Texas at Dallas,False,1,3.5,0,0,1,0.0,64.28571428571429,0.0,University of Texas at Dallas,TX,ERCO,0,0.0,65,,fewer than 3 gas sites - excluded from share-at-risk ordering
by_recoverable_usd,prospect (cold outreach),415,The Regents of the Univ. of California,False,1,28.5,0,0,0,0.0,46.90270390070921,0.0,PE Berkeley,CA,CISO,0,0.0,65,,fewer than 3 gas sites - excluded from share-at-risk ordering
by_recoverable_usd,prospect (cold outreach),416,The Premcor Refining Group Inc,False,2,169.10000000000002,0,0,0,0.0,29.487545411503916,0.0,Air Products Port Arthur,TX,MISO,0,0.0,65,,fewer than 3 gas sites - excluded from share-at-risk ordering
by_recoverable_usd,prospect (cold outreach),417,"The Mosaic Company, Plant City Facility",False,1,0.0,0,0,0,0.0,50.0,0.0,"The Mosaic Company, Plant City Facility",FL,TEC,0,,65,,fewer than 3 gas sites - excluded from share-at-risk ordering
by_recoverable_usd,prospect (cold outreach),418,Timberline Energy LLC,False,1,3.2,0,0,0,0.0,55.89285714285714,0.0,Front Range Project,CO,WACM,0,0.0,65,,fewer than 3 gas sites - excluded from share-at-risk ordering
by_recoverable_usd,prospect (cold outreach),419,United States Steel-Gary,False,1,161.0,0,0,0,0.0,35.85033350658351,0.0,Gary Works,IN,MISO,0,0.0,65,,fewer than 3 gas sites - excluded from share-at-risk ordering
by_recoverable_usd,prospect (cold outreach),420,United States Steel- Clairton,False,1,31.0,0,0,0,0.0,52.75,0.0,Clairton Works,PA,PJM,0,0.0,65,,fewer than 3 gas sites - excluded from share-at-risk ordering
by_recoverable_usd,prospect (cold outreach),421,United States Steel Granite City Works,False,1,0.0,0,0,0,0.0,50.0,0.0,Granite City Works,IL,MISO,0,,65,,fewer than 3 gas sites - excluded from share-at-risk ordering
by_recoverable_usd,prospect (cold outreach),422,Unison Energy LLC,False,1,4.0,0,0,0,0.0,37.00501253132832,0.0,Gaylord Rockies CHP,CO,PSCO,0,0.0,65,,fewer than 3 gas sites - excluded from share-at-risk ordering
by_recoverable_usd,prospect (cold outreach),423,Union Carbide Corp-Texas City,False,1,0.0,0,0,0,0.0,50.0,0.0,Texas City Plant Union Carbide,TX,ERCO,0,,65,,fewer than 3 gas sites - excluded from share-at-risk ordering
by_recoverable_usd,prospect (cold outreach),424,Union Carbide Corp-Seadrift,False,3,336.0,0,0,0,0.0,43.332982584234855,0.0,Union Carbide Seadrift Cogen,TX,ERCO,0,0.0,65,58.0,
by_recoverable_usd,prospect (cold outreach),425,USG Paper LLC,False,1,0.0,0,0,0,0.0,50.0,0.0,"USG Paper, LLC - Orange Mill",TX,MISO,0,,65,,fewer than 3 gas sites - excluded from share-at-risk ordering
by_recoverable_usd,prospect (cold outreach),426,"US Sugar Savannah Refinery, LLC",False,1,11.7,0,0,0,0.0,49.921875,0.0,Imperial Savannah LP,GA,SOCO,0,0.0,65,,fewer than 3 gas sites - excluded from share-at-risk ordering
by_recoverable_usd,prospect (cold outreach),427,US Paper Mill Company,False,1,27.2,0,0,0,0.0,44.79512262585285,0.0,Pixelle Specialty Solutions LLC - Chilli,OH,PJM,0,0.0,65,,fewer than 3 gas sites - excluded from share-at-risk ordering
by_recoverable_usd,prospect (cold outreach),428,US Magnesium,False,1,48.0,0,0,1,0.0,57.074275362318836,0.0,US Magnesium,UT,PACE,0,0.0,65,,fewer than 3 gas sites - excluded from share-at-risk ordering
by_recoverable_usd,prospect (cold outreach),429,US GSA Heating and Transmission,False,1,10.8,0,1,0,10.8,83.57499168606584,0.0,US GSA Heating and Transmission,DC,PJM,0,1.0,65,,fewer than 3 gas sites - excluded from share-at-risk ordering
by_recoverable_usd,prospect (cold outreach),430,"Toyon Landfill Gas Conversion, LLC",False,1,1.1,0,0,0,0.0,35.464376267748484,0.0,Toyon Power Station,CA,LDWP,0,0.0,65,,fewer than 3 gas sites - excluded from share-at-risk ordering
by_recoverable_usd,prospect (cold outreach),431,"UNS Electric, Inc",False,2,229.0,0,0,0,0.0,51.68310684363495,0.0,Valencia,AZ,TEPC,1,0.0,65,,fewer than 3 gas sites - excluded from share-at-risk ordering
by_recoverable_usd,prospect (cold outreach),432,U.S. Army - Radford,False,1,18.0,0,0,0,0.0,53.088936781609185,0.0,Radford Army Ammunition Plant,VA,PJM,0,0.0,65,,fewer than 3 gas sites - excluded from share-at-risk ordering
by_recoverable_usd,prospect (cold outreach),433,U S Gypsum Co,False,1,5.8,0,0,1,0.0,69.43297872340425,0.0,US Gypsum Oakfield,NY,NYIS,0,0.0,65,,fewer than 3 gas sites - excluded from share-at-risk ordering
by_recoverable_usd,prospect (cold outreach),434,U S Borax Inc,False,1,48.2,0,0,0,0.0,42.634453781512605,0.0,US Borax,CA,CISO,0,0.0,65,,fewer than 3 gas sites - excluded from share-at-risk ordering
by_recoverable_usd,prospect (cold outreach),435,Tulsa LFG LLC,False,1,3.2,0,0,0,0.0,42.11360755875477,0.0,Tulsa LFG LLC,OK,SWPP,0,0.0,65,,fewer than 3 gas sites - excluded from share-at-risk ordering
by_recoverable_usd,prospect (cold outreach),436,Tropicana Products Inc,False,1,46.8,0,0,0,0.0,40.869565217391305,0.0,Tropicana Products Bradenton,FL,FPL,0,0.0,65,,fewer than 3 gas sites - excluded from share-at-risk ordering
by_recoverable_usd,prospect (cold outreach),437,Triton College,False,1,3.6,0,0,1,0.0,66.85224089635855,0.0,Triton East and West Cogen,IL,PJM,0,0.0,65,,fewer than 3 gas sites - excluded from share-at-risk ordering
by_recoverable_usd,prospect (cold outreach),438,"Trigen Inner Harbor East, LLC",False,1,2.1,0,0,0,0.0,50.529100529100525,0.0,Inner Harbor East Heating,MD,PJM,0,0.0,65,,fewer than 3 gas sites - excluded from share-at-risk ordering
by_recoverable_usd,prospect (cold outreach),439,Tres Power Victoria LLC,False,2,200.0,0,0,0,0.0,49.365258199302716,0.0,Tres City Power LLC,TX,ERCO,2,0.0,65,,fewer than 3 gas sites - excluded from share-at-risk ordering
by_recoverable_usd,prospect (cold outreach),440,Transamerica Pyramid Properties LLC,False,1,1.0,0,0,0,0.0,58.98985801217039,0.0,Transamerica Pyramid,CA,CISO,0,0.0,65,,fewer than 3 gas sites - excluded from share-at-risk ordering
by_recoverable_usd,prospect (cold outreach),441,"Toyota Motor Manufacturing, Kentucky, Inc.",False,1,2.0,0,0,0,0.0,51.22015894987021,0.0,"Green City Recovery, LLC",KY,LGEE,0,0.0,65,,fewer than 3 gas sites - excluded from share-at-risk ordering
by_recoverable_usd,prospect (cold outreach),442,"US Dept of Army, Garrison, APG",False,1,7.9,0,0,0,0.0,53.13269038909212,0.0,APG Combined Heat and Power Plant,MD,PJM,0,0.0,65,,fewer than 3 gas sites - excluded from share-at-risk ordering
by_recoverable_usd,prospect (cold outreach),443,Tata Chemicals Partners,False,1,0.0,0,0,0,0.0,50.0,0.0,General Chemical,WY,PACE,0,,65,,fewer than 3 gas sites - excluded from share-at-risk ordering
by_recoverable_usd,prospect (cold outreach),444,Targa Pipeline Mid-Continent West OK LLC,False,1,3.9000000000000004,0,0,0,0.0,30.054430863254392,0.0,Waynoka Gas Processing Plant,OK,SWPP,0,0.0,65,,fewer than 3 gas sites - excluded from share-at-risk ordering
by_recoverable_usd,prospect (cold outreach),445,Targa Midstream Services LP,False,1,2.5,0,0,1,0.0,61.19293078055965,0.0,Stingray Facility,LA,MISO,0,0.0,65,,fewer than 3 gas sites - excluded from share-at-risk ordering
by_recoverable_usd,prospect (cold outreach),446,Targa Co-Generation LLC,False,1,15.0,0,0,0,0.0,43.8427003658131,0.0,Mont Belvieu Cogeneration Unit,TX,ERCO,0,0.0,65,,fewer than 3 gas sites - excluded from share-at-risk ordering
by_recoverable_usd,prospect (cold outreach),447,Tanaska Grimes Partners LP,False,1,939.6999999999999,0,0,0,0.0,45.250521394185526,0.0,Tenaska Frontier Generation Station,TX,ERCO,1,0.0,65,,fewer than 3 gas sites - excluded from share-at-risk ordering
by_recoverable_usd,prospect (cold outreach),448,Tampa Wastewater Department,False,1,2.5,0,0,1,0.0,63.201970443349765,0.0,Howard F Curren Advncd Wastewater Plant,FL,TEC,0,0.0,65,,fewer than 3 gas sites - excluded from share-at-risk ordering
by_recoverable_usd,prospect (cold outreach),449,Talen Energy Group,False,3,3374.0,0,2,0,3374.0,74.47903275956443,0.0,Brunner Island,"MT, PA","NWMT, PJM",1,1.0,65,1.0,
by_recoverable_usd,prospect (cold outreach),450,"TX LFG Energy, LP",False,1,3.4,0,0,0,0.0,61.45206033964771,0.0,Security,TX,MISO,0,0.0,65,,fewer than 3 gas sites - excluded from share-at-risk ordering
by_recoverable_usd,prospect (cold outreach),451,"TPC Group, LLC",False,1,35.0,0,0,0,0.0,47.09508145363408,0.0,Texas Petrochemicals,TX,ERCO,0,0.0,65,,fewer than 3 gas sites - excluded from share-at-risk ordering
by_recoverable_usd,prospect (cold outreach),452,"TMF-RIG, LLC",False,1,4.800000000000001,0,0,0,0.0,52.76315789473684,0.0,Threemile Digester,OR,PACW,0,0.0,65,,fewer than 3 gas sites - excluded from share-at-risk ordering
by_recoverable_usd,prospect (cold outreach),453,The Gillette Company,False,2,12.2,0,0,0,0.0,43.672748019234824,0.0,Gillette SBMC,MA,ISNE,0,0.0,65,,fewer than 3 gas sites - excluded from share-at-risk ordering
by_recoverable_usd,prospect (cold outreach),454,TES Filer City Station LP,False,1,0.0,0,0,0,0.0,50.20136307311028,0.0,TES Filer City Station,MI,MISO,0,,65,,fewer than 3 gas sites - excluded from share-at-risk ordering
by_recoverable_usd,prospect (cold outreach),455,TDX North Slope Generating Inc.,False,2,33.2,0,0,1,0.0,45.66161467900991,0.0,TNSG South Plant,AK,nan,0,0.0,65,,fewer than 3 gas sites - excluded from share-at-risk ordering
by_recoverable_usd,prospect (cold outreach),456,T&M Limited Partnership,False,1,1.0,0,0,0,0.0,51.78221288515407,0.0,"Hidden View Dairy, LLC",IN,MISO,0,0.0,65,,fewer than 3 gas sites - excluded from share-at-risk ordering
by_recoverable_usd,prospect (cold outreach),457,Synergy Biogas LLC,False,1,1.4,0,0,0,0.0,55.1750700280112,0.0,Synergy Biogas,NY,NYIS,0,0.0,65,,fewer than 3 gas sites - excluded from share-at-risk ordering
by_recoverable_usd,prospect (cold outreach),458,Sylvamo North America LLC,False,1,42.1,0,0,0,0.0,49.822629310344844,0.0,Ticonderoga Mill,NY,NYIS,0,0.0,65,,fewer than 3 gas sites - excluded from share-at-risk ordering
by_recoverable_usd,prospect (cold outreach),459,Sylvamo Corporation - Eastover,False,1,109.6,0,1,0,109.6,76.44927536231884,0.0,Sylvamo Corporation Eastover Facility,SC,SCEG,0,1.0,65,,fewer than 3 gas sites - excluded from share-at-risk ordering
by_recoverable_usd,prospect (cold outreach),460,Sycamore Energy LLC,False,1,5.4,0,0,0,0.0,39.22015297638843,0.0,Sycamore Energy LLC,CA,CISO,0,0.0,65,,fewer than 3 gas sites - excluded from share-at-risk ordering
by_recoverable_usd,prospect (cold outreach),461,Sycamore Cogeneration Co,False,1,300.0,0,0,0,0.0,48.216031280547405,0.0,Sycamore Cogeneration,CA,CISO,0,0.0,65,,fewer than 3 gas sites - excluded from share-at-risk ordering
by_recoverable_usd,prospect (cold outreach),462,Sweeny Cogeneration LLC,False,1,572.0,0,0,0,0.0,22.419470992547154,0.0,Sweeny Cogen Facility,TX,ERCO,1,0.0,65,,fewer than 3 gas sites - excluded from share-at-risk ordering
by_recoverable_usd,prospect (cold outreach),463,Sunshine Gas Producers LLC,False,1,23.0,0,0,0,0.0,14.564126460678185,0.0,Sunshine Gas Producers,CA,CISO,0,0.0,65,,fewer than 3 gas sites - excluded from share-at-risk ordering
by_recoverable_usd,prospect (cold outreach),464,Sunrise Power Co LLC,False,1,685.2,0,0,1,0.0,60.31249999999999,0.0,Sunrise Power LLC,CA,CISO,1,0.0,65,,fewer than 3 gas sites - excluded from share-at-risk ordering
by_recoverable_usd,prospect (cold outreach),465,THUMS Long Beach Company,False,1,57.4,0,0,0,0.0,21.137529137529135,0.0,THUMS,CA,CISO,0,0.0,65,,fewer than 3 gas sites - excluded from share-at-risk ordering
by_recoverable_usd,prospect (cold outreach),466,The College of New Jersey,False,1,6.2,0,0,0,0.0,44.375,0.0,College of New Jersey,NJ,PJM,0,0.0,65,,fewer than 3 gas sites - excluded from share-at-risk ordering
by_recoverable_usd,prospect (cold outreach),467,The Andersons Albion Ethanol LLC,False,2,10.1,0,0,0,0.0,37.24374250888038,0.0,The Andersons Albion Ethanol LLC,MI,MISO,0,0.0,65,,fewer than 3 gas sites - excluded from share-at-risk ordering
by_recoverable_usd,prospect (cold outreach),468,The Amalgamated Sugar Co,False,1,12.7,0,0,0,0.0,54.24107142857142,0.0,Amalgamated Sugar Twin Falls,ID,IPCO,0,0.0,65,,fewer than 3 gas sites - excluded from share-at-risk ordering
by_recoverable_usd,prospect (cold outreach),469,"Thad Hill Energy Center, LLC",False,1,807.0,0,0,1,0.0,70.06538577101544,0.0,Thad Hill Energy Center,TX,ERCO,1,0.0,65,,fewer than 3 gas sites - excluded from share-at-risk ordering
by_recoverable_usd,prospect (cold outreach),470,"Texas Microgrid, LLC",False,32,82.4,0,0,0,0.0,48.40429876020854,0.0,HEB00292,TX,ERCO,0,0.0,65,58.0,
by_recoverable_usd,prospect (cold outreach),471,Texas City Cogeneration LLC,False,1,450.0,0,0,0,0.0,41.5325273851903,0.0,Texas City Power Plant,TX,ERCO,1,0.0,65,,fewer than 3 gas sites - excluded from share-at-risk ordering
by_recoverable_usd,prospect (cold outreach),472,"Texas A&M, Utilities & Energy Services",False,1,45.1,0,0,1,0.0,63.48684210526315,0.0,Central Utility Plant - Texas A&M,TX,ERCO,0,0.0,65,,fewer than 3 gas sites - excluded from share-at-risk ordering
by_recoverable_usd,prospect (cold outreach),473,Tesoro SoCal Cogen LLC,False,1,405.0,0,0,0,0.0,45.588235294117645,0.0,Watson Cogeneration,CA,CISO,0,0.0,65,,fewer than 3 gas sites - excluded from share-at-risk ordering
by_recoverable_usd,prospect (cold outreach),474,Tesoro Refining and Marketing Company,False,2,83.0,0,0,0,0.0,48.757465092471875,0.0,Equilon Los Angeles Refining,CA,LDWP,0,0.0,65,,fewer than 3 gas sites - excluded from share-at-risk ordering
by_recoverable_usd,prospect (cold outreach),475,Tesoro Refining and Marketing Co LLC,False,2,122.8,0,0,0,0.0,35.110894560567445,0.0,Tesoro Mandan Cogeneration Plant,"CA, ND","CISO, SWPP",0,0.0,65,,fewer than 3 gas sites - excluded from share-at-risk ordering
by_recoverable_usd,prospect (cold outreach),476,Tesoro Refining & Marketing Company LLC,False,1,0.0,0,0,0,0.0,50.0,0.0,Tesoro Wilmington Calciner,CA,CISO,0,,65,,fewer than 3 gas sites - excluded from share-at-risk ordering
by_recoverable_usd,prospect (cold outreach),477,Tate & Lyle Ingredients Americas Inc,False,1,7.4,0,0,0,0.0,38.09140141467727,0.0,Sagamore Plant Cogeneration,IN,MISO,0,0.0,65,,fewer than 3 gas sites - excluded from share-at-risk ordering
by_recoverable_usd,prospect (cold outreach),478,"Terreva Wayne County RNG, LLC",False,1,2.2,0,0,0,0.0,53.392474815908606,0.0,"Terreva Wayne County RNG, LLC",NC,CPLE,0,0.0,65,,fewer than 3 gas sites - excluded from share-at-risk ordering
by_recoverable_usd,prospect (cold outreach),479,"Terreva Suffolk RNG, LLC",False,1,3.2,0,0,0,0.0,62.204361054766736,0.0,"Terreva Suffolk RNG, LLC",VA,PJM,0,0.0,65,,fewer than 3 gas sites - excluded from share-at-risk ordering
by_recoverable_usd,prospect (cold outreach),480,Terrebonne Parish Consol Gov't,False,1,78.9,0,0,0,0.0,55.87121212121211,0.0,Houma,LA,MISO,0,0.0,65,,fewer than 3 gas sites - excluded from share-at-risk ordering
by_recoverable_usd,prospect (cold outreach),481,Terra-Gen,False,2,92.0,0,0,0,0.0,44.797321751719146,0.0,"Lockhart Solar PV, LLC",CA,CISO,0,0.0,65,,fewer than 3 gas sites - excluded from share-at-risk ordering
by_recoverable_usd,prospect (cold outreach),482,Tennessee Valley Authority,False,16,14126.0,0,0,0,0.0,46.31286804453599,0.0,Gallatin (TN),"AL, KY, MS, TN",TVA,15,0.0,65,58.0,
by_recoverable_usd,prospect (cold outreach),483,Tenet Hospital Ltd,False,1,4.2,0,0,1,0.0,64.28571428571429,0.0,Tenet Hospital,TX,EPE,0,0.0,65,,fewer than 3 gas sites - excluded from share-at-risk ordering
by_recoverable_usd,prospect (cold outreach),484,Tenaska Group,False,4,4420.2,0,0,0,0.0,52.482676347758776,0.0,Tenaska Gateway Generating Station,"GA, OK, TX, VA","ERCO, PJM, SOCO",4,0.0,65,58.0,
by_recoverable_usd,prospect (cold outreach),485,Temple-Inland Corp,False,1,0.0,0,0,0,0.0,50.0,0.0,Gaylord Container Bogalusa,LA,MISO,0,,65,,fewer than 3 gas sites - excluded from share-at-risk ordering
by_recoverable_usd,prospect (cold outreach),486,Temple University,False,1,16.0,0,1,0,16.0,94.37373225152129,0.0,Temple SEGF,PA,PJM,0,1.0,65,,fewer than 3 gas sites - excluded from share-at-risk ordering
by_recoverable_usd,prospect (cold outreach),487,"Televison City Studios, LLC.",False,1,0.0,0,0,0,0.0,50.0,0.0,CBS Television City,CA,LDWP,0,,65,,fewer than 3 gas sites - excluded from share-at-risk ordering
by_recoverable_usd,prospect (cold outreach),488,Tejas Power Generation LLC,False,1,121.5,0,0,0,0.0,53.52573883242177,0.0,Friendswood Energy,TX,ERCO,1,0.0,65,,fewer than 3 gas sites - excluded from share-at-risk ordering
by_recoverable_usd,prospect (cold outreach),489,Tesoro Alaska Company LLC,False,1,8.6,0,0,0,0.0,60.226139008979054,0.0,Tesoro Kenai Cogeneration Plant,AK,nan,0,0.0,65,,fewer than 3 gas sites - excluded from share-at-risk ordering
by_recoverable_usd,prospect (cold outreach),490,Wadham Energy LP,False,1,0.0,0,0,0,0.0,50.0,0.0,Wadham Energy,CA,CISO,0,,65,,fewer than 3 gas sites - excluded from share-at-risk ordering
by_recoverable_usd,prospect (cold outreach),491,"Wabash Valley Power Assn, Inc",False,10,646.8,0,1,0,192.0,49.025290510305126,0.0,Wabash Valley Power IGCC,"IL, IN","MISO, PJM",2,0.29684601113172543,65,20.0,
by_recoverable_usd,prospect (cold outreach),492,"WTG Jameson, L.P.",False,1,1.8,0,0,0,0.0,47.73809523809524,0.0,Jameson Gas Processing Plant,TX,ERCO,0,0.0,65,,fewer than 3 gas sites - excluded from share-at-risk ordering
by_recoverable_usd,prospect (cold outreach),493,"WTE-Dairyland, LLC",False,1,1.4,0,0,0,0.0,37.14598039764227,0.0,Dairyland WTE Plant,WI,MISO,0,0.0,65,,fewer than 3 gas sites - excluded from share-at-risk ordering
by_recoverable_usd,prospect (cold outreach),494,WPPI Energy,False,2,442.1,0,0,0,0.0,41.89958885561401,0.0,Island Street Peaking Plant,WI,MISO,2,0.0,65,,fewer than 3 gas sites - excluded from share-at-risk ordering
by_recoverable_usd,prospect (cold outreach),495,WM Renewable Energy LLC,False,66,327.6,0,0,0,0.0,44.26819652146095,0.0,CSL Gas Recovery,"AR, AZ, CA, CO, CT, FL, GA, IA, IL, KS, MA, ME, MI, MN, MS, NC, NH, NV, NY, OH, OR, PA, TN, TX, VA, WI","AZPS, BPAT, CISO, DUK, ERCO, FPL, ISNE, MISO, NEVP, NYIS, PJM, PNM, PSCO, SOCO, SWPP, TVA",0,0.0,65,58.0,
by_recoverable_usd,prospect (cold outreach),496,"ADS Renewable Energy- Wolf Creek, LLC",False,1,2.8,0,0,0,0.0,42.553346972435556,0.0,ADS Renewable Energy-Wolf Creek LLC,GA,SOCO,0,0.0,65,,fewer than 3 gas sites - excluded from share-at-risk ordering
by_recoverable_usd,prospect (cold outreach),497,Amalgamated Sugar Co-Nampa,False,1,8.2,0,0,0,0.0,46.20535714285714,0.0,Amalgamated Sugar LLC Nampa,ID,IPCO,0,0.0,65,,fewer than 3 gas sites - excluded from share-at-risk ordering
by_recoverable_usd,prospect (cold outreach),498,Amalgamated Bank of Chicago,False,2,15.9,0,0,0,0.0,48.92428376825725,0.0,North Chicago Energy Center,IL,PJM,0,0.0,65,,fewer than 3 gas sites - excluded from share-at-risk ordering
by_recoverable_usd,prospect (cold outreach),499,AltaGas Ripon Energy Inc.,False,1,49.5,0,1,0,49.5,83.75105042016807,0.0,AltaGas Ripon Energy Inc.,CA,CISO,0,1.0,65,,fewer than 3 gas sites - excluded from share-at-risk ordering
by_recoverable_usd,prospect (cold outreach),500,United States Steel-Mon Valley,False,1,52.5,0,0,0,0.0,49.559806034482754,0.0,Mon Valley Works,PA,PJM,0,0.0,65,,fewer than 3 gas sites - excluded from share-at-risk ordering
by_recoverable_usd,prospect (cold outreach),501,AlphaStruxure Service Co LP,False,1,0.0,0,0,0,0.0,50.0,0.0,Brookville Smart Bus Depot Microgrid,MD,PJM,0,,65,,fewer than 3 gas sites - excluded from share-at-risk ordering
by_recoverable_usd,prospect (cold outreach),502,AlphaStruxure Montgomery County LLC,False,1,1.7999999999999998,0,0,0,0.0,52.22895537525355,0.0,Brookville Smart Bus Depot Microgrid,MD,PJM,0,0.0,65,,fewer than 3 gas sites - excluded from share-at-risk ordering
by_recoverable_usd,prospect (cold outreach),503,"Alpha Generation Brandywine, LLC",False,1,288.8,0,0,0,0.0,50.6439393939394,0.0,Brandywine Power Facility,MD,PJM,1,0.0,65,,fewer than 3 gas sites - excluded from share-at-risk ordering
by_recoverable_usd,prospect (cold outreach),504,Alpaca Energy LLC,False,1,21.0,0,0,0,0.0,29.573170731707314,0.0,Alpaca,PA,PJM,0,0.0,65,,fewer than 3 gas sites - excluded from share-at-risk ordering
by_recoverable_usd,prospect (cold outreach),505,"Alliance NYGT, LLC",False,2,88.4,0,0,0,0.0,56.41506144903398,0.0,Hillburn,NY,NYIS,2,0.0,65,,fewer than 3 gas sites - excluded from share-at-risk ordering
by_recoverable_usd,prospect (cold outreach),506,Algonquin / Liberty,False,5,1369.7,0,1,0,32.6,50.991255804752484,0.0,Riverton,"KS, MO",SWPP,4,0.023800832299043586,65,53.0,
by_recoverable_usd,prospect (cold outreach),507,Alcoa World Alumina LLC,False,1,63.1,0,0,0,0.0,52.42914979757085,0.0,Point Comfort Operations,TX,ERCO,0,0.0,65,,fewer than 3 gas sites - excluded from share-at-risk ordering
by_recoverable_usd,prospect (cold outreach),508,Albuquerque City of,False,1,6.6,0,1,0,6.6,77.91353383458646,0.0,Southside Water Reclamation Plant,NM,PNM,0,1.0,65,,fewer than 3 gas sites - excluded from share-at-risk ordering
by_recoverable_usd,prospect (cold outreach),509,"Albany Green Energy, LLC",False,1,0.0,0,0,0,0.0,50.0,0.0,Albany Green Energy,GA,SOCO,0,,65,,fewer than 3 gas sites - excluded from share-at-risk ordering
by_recoverable_usd,prospect (cold outreach),510,AlsoEnergy,False,2,33.5,0,0,0,0.0,53.42512648225039,0.0,Verwey-Hanford Dairy Digester #1,"CA, MA","CISO, ISNE",0,0.0,65,,fewer than 3 gas sites - excluded from share-at-risk ordering
by_recoverable_usd,prospect (cold outreach),511,"WestRock Mill Company, LLC",False,1,0.0,0,0,0,0.0,50.0,0.0,WestRock Demopolis Mill,AL,SOCO,0,,65,,fewer than 3 gas sites - excluded from share-at-risk ordering
by_recoverable_usd,prospect (cold outreach),512,WestRock Corp-Panama City,False,1,0.0,0,0,0,0.0,50.0,0.0,WestRock Panama City Mill,FL,SOCO,0,,65,,fewer than 3 gas sites - excluded from share-at-risk ordering
by_recoverable_usd,prospect (cold outreach),513,WestRock Corp,False,1,0.0,0,0,0,0.0,47.97087980173481,0.0,Covington Facility,VA,PJM,0,,65,,fewer than 3 gas sites - excluded from share-at-risk ordering
by_recoverable_usd,prospect (cold outreach),514,WestRock (WA),False,1,0.0,0,0,0,0.0,50.0,0.0,WestRock (WA),WA,TPWR,0,,65,,fewer than 3 gas sites - excluded from share-at-risk ordering
by_recoverable_usd,prospect (cold outreach),515,WestRock (TX),False,1,0.0,0,0,0,0.0,50.0,0.0,WestRock (TX),TX,MISO,0,,65,,fewer than 3 gas sites - excluded from share-at-risk ordering
by_recoverable_usd,prospect (cold outreach),516,WestRock (IL),False,1,2.8999999999999995,0,0,1,0.0,67.88515406162466,0.0,WestRock (IL),IL,PJM,0,0.0,65,,fewer than 3 gas sites - excluded from share-at-risk ordering
by_recoverable_usd,prospect (cold outreach),517,West Deptford Energy LLC,False,1,754.6,0,0,0,0.0,34.15201465201465,0.0,West Deptford Energy Station,NJ,PJM,1,0.0,65,,fewer than 3 gas sites - excluded from share-at-risk ordering
by_recoverable_usd,prospect (cold outreach),518,Wesleyan University,False,1,2.4,0,0,0,0.0,45.63492063492063,0.0,Wesleyan University Cogen 1,CT,ISNE,0,0.0,65,,fewer than 3 gas sites - excluded from share-at-risk ordering
by_recoverable_usd,prospect (cold outreach),519,Wells Manufacturing Co,False,1,6.0,0,0,0,0.0,47.533422459893046,0.0,Charter Dura-Bar,IL,PJM,0,0.0,65,,fewer than 3 gas sites - excluded from share-at-risk ordering
by_recoverable_usd,prospect (cold outreach),520,"Wellhead Services, Inc",False,3,147.6,0,0,0,0.0,47.65960619639572,0.0,Chula Vista Energy Center,CA,CISO,2,0.0,65,58.0,
by_recoverable_usd,prospect (cold outreach),521,Wellesley College,False,1,10.9,0,0,1,0.0,65.5131845841785,0.0,Wellesley College Central Utility Plant,MA,ISNE,0,0.0,65,,fewer than 3 gas sites - excluded from share-at-risk ordering
by_recoverable_usd,prospect (cold outreach),522,Wallingford Energy LLC,False,1,350.0,0,0,0,0.0,61.54130548540485,0.0,Wallingford Energy,CT,ISNE,1,0.0,65,,fewer than 3 gas sites - excluded from share-at-risk ordering
by_recoverable_usd,prospect (cold outreach),523,We Power,False,1,1229.6,0,0,0,0.0,56.59536414034844,0.0,Port Washington Generating Station,WI,MISO,1,0.0,65,,fewer than 3 gas sites - excluded from share-at-risk ordering
by_recoverable_usd,prospect (cold outreach),524,Watkins Manufacturing Corporation,False,1,2.0,0,1,0,2.0,75.4007534048102,0.0,Watkins Manufacturing Co.,CA,CISO,0,1.0,65,,fewer than 3 gas sites - excluded from share-at-risk ordering
by_recoverable_usd,prospect (cold outreach),525,Waterbury Generation LLC,False,1,96.0,0,0,0,0.0,56.12781833712066,0.0,Waterbury Generation,CT,ISNE,1,0.0,65,,fewer than 3 gas sites - excluded from share-at-risk ordering
by_recoverable_usd,prospect (cold outreach),526,Watchtower Bible & Tract Soc-NY,False,1,1.4,0,0,1,0.0,67.24789915966386,0.0,Watchtower Educational Center,NY,NYIS,0,0.0,65,,fewer than 3 gas sites - excluded from share-at-risk ordering
by_recoverable_usd,prospect (cold outreach),527,Washington State University,False,1,2.2,0,0,0,0.0,64.15266106442577,0.0,Grimes Way,WA,AVA,0,0.0,65,,fewer than 3 gas sites - excluded from share-at-risk ordering
by_recoverable_usd,prospect (cold outreach),528,Washington Electric Coop - (VT),False,1,8.0,0,0,0,0.0,43.44655669430977,0.0,Coventry Clean Energy Corporation,VT,ISNE,0,0.0,65,,fewer than 3 gas sites - excluded from share-at-risk ordering
by_recoverable_usd,prospect (cold outreach),529,"Warren Generation, LLC",False,1,53.1,0,0,0,0.0,57.210027558864766,0.0,Warren,PA,PJM,1,0.0,65,,fewer than 3 gas sites - excluded from share-at-risk ordering
by_recoverable_usd,prospect (cold outreach),530,Walton Discover LLC,False,1,103.0,0,0,0,0.0,44.67719060742316,0.0,Walton Discover Power Facility,AL,SOCO,1,0.0,65,,fewer than 3 gas sites - excluded from share-at-risk ordering
by_recoverable_usd,prospect (cold outreach),531,"Walton County Power, LLC.",False,1,494.09999999999997,0,0,0,0.0,52.870133405818834,0.0,Walton County Energy Facility,GA,SOCO,1,0.0,65,,fewer than 3 gas sites - excluded from share-at-risk ordering
by_recoverable_usd,prospect (cold outreach),532,Walnut Creek LLC,False,1,500.0,0,0,0,0.0,39.38432352076183,0.0,Walnut Creek Energy Park,CA,CISO,1,0.0,65,,fewer than 3 gas sites - excluded from share-at-risk ordering
by_recoverable_usd,prospect (cold outreach),533,AC Landfill Energy LLC,False,1,3.5,0,0,0,0.0,44.29373732251521,0.0,AC Landfill Energy LLC,NJ,PJM,0,0.0,65,,fewer than 3 gas sites - excluded from share-at-risk ordering
by_recoverable_usd,prospect (cold outreach),534,Weaver Bridgewater Dairy,False,1,1.2,0,0,0,0.0,57.839635854341736,0.0,Bridgewater Dairy Anaerobic Digester,OH,PJM,0,0.0,65,,fewer than 3 gas sites - excluded from share-at-risk ordering
by_recoverable_usd,prospect (cold outreach),535,Village of Oxford - (NE),False,1,3.4000000000000004,0,0,1,0.0,70.45634303396234,0.0,Oxford (NE),NE,SWPP,0,0.0,65,,fewer than 3 gas sites - excluded from share-at-risk ordering
by_recoverable_usd,prospect (cold outreach),536,Village of Freeport - (NY),False,1,60.5,0,0,0,0.0,63.4032634032634,0.0,Plant No 2 Freeport,NY,NYIS,1,0.0,65,,fewer than 3 gas sites - excluded from share-at-risk ordering
by_recoverable_usd,prospect (cold outreach),537,Village of Freeburg - (IL),False,1,0.0,0,0,0,0.0,50.0,0.0,Freeburg,IL,MISO,0,,65,,fewer than 3 gas sites - excluded from share-at-risk ordering
by_recoverable_usd,prospect (cold outreach),538,Village of Clinton - (MI),False,1,0.0,0,0,0,0.0,50.0,0.0,Clinton,MI,MISO,0,,65,,fewer than 3 gas sites - excluded from share-at-risk ordering
by_recoverable_usd,prospect (cold outreach),539,Village of Cashton - (WI),False,1,1.1,0,0,1,0.0,67.23314082900117,0.0,Cashton,WI,MISO,0,0.0,65,,fewer than 3 gas sites - excluded from share-at-risk ordering
by_recoverable_usd,prospect (cold outreach),540,"Victoria WLE, LP",False,1,376.9,0,0,0,0.0,44.658457038825304,0.0,Victoria,TX,ERCO,1,0.0,65,,fewer than 3 gas sites - excluded from share-at-risk ordering
by_recoverable_usd,prospect (cold outreach),541,Victoria Port Power II,False,1,100.0,0,0,0,0.0,49.05239687848383,0.0,Victoria Port II,TX,ERCO,1,0.0,65,,fewer than 3 gas sites - excluded from share-at-risk ordering
by_recoverable_usd,prospect (cold outreach),542,"Vicinity Energy Trenton, L.P.",False,1,6.0,0,0,1,0.0,75.0,0.0,"Vicinity Energy Trenton, L.P.",NJ,PJM,0,0.0,65,,fewer than 3 gas sites - excluded from share-at-risk ordering
by_recoverable_usd,prospect (cold outreach),543,Vicinity Energy Kansas City,False,1,5.0,0,0,0,0.0,37.39801864801864,0.0,Grand Ave Plant,MO,SWPP,0,0.0,65,,fewer than 3 gas sites - excluded from share-at-risk ordering
by_recoverable_usd,prospect (cold outreach),544,Verso Luke LLC,False,1,0.0,0,0,0,0.0,47.97087980173481,0.0,Luke Mill,MD,PJM,0,,65,,fewer than 3 gas sites - excluded from share-at-risk ordering
by_recoverable_usd,prospect (cold outreach),545,Alabama River Cellulose LLC,False,2,0.0,0,0,0,0.0,50.0,0.0,Alabama River Pulp,AL,SOCO,0,,65,,fewer than 3 gas sites - excluded from share-at-risk ordering
by_recoverable_usd,prospect (cold outreach),546,Valero Wilmington,False,1,33.5,0,0,0,0.0,32.971014492753625,0.0,Valero Wilmington Cogeneration Plant,CA,LDWP,0,0.0,65,,fewer than 3 gas sites - excluded from share-at-risk ordering
by_recoverable_usd,prospect (cold outreach),547,Valero Refining Co California,False,1,49.9,0,0,0,0.0,40.0,0.0,Valero Refinery Cogeneration Unit 1,CA,CISO,0,0.0,65,,fewer than 3 gas sites - excluded from share-at-risk ordering
by_recoverable_usd,prospect (cold outreach),548,Valero Refining Co,False,1,0.0,0,0,0,0.0,50.0,0.0,Valero Refinery Corpus Christi West,TX,ERCO,0,,65,,fewer than 3 gas sites - excluded from share-at-risk ordering
by_recoverable_usd,prospect (cold outreach),549,"VESI Pomona Energy Storage, Inc.",False,2,46.0,0,0,0,0.0,55.482586827489214,0.0,VESI Pomona,CA,CISO,0,0.0,65,,fewer than 3 gas sites - excluded from share-at-risk ordering
by_recoverable_usd,prospect (cold outreach),550,"Uwharrie Mountain Renewable Energy, LLC",False,1,9.6,0,0,0,0.0,42.464146270857,0.0,Uwharrie Mountain Renewable,NC,CPLE,0,0.0,65,,fewer than 3 gas sites - excluded from share-at-risk ordering
by_recoverable_usd,prospect (cold outreach),551,Utah Associated Mun Power Sys,False,1,140.0,0,0,0,0.0,34.979469155680846,0.0,Nebo Power Station,UT,PACE,1,0.0,65,,fewer than 3 gas sites - excluded from share-at-risk ordering
by_recoverable_usd,prospect (cold outreach),552,Upper Michigan Energy Resources Company,False,2,188.0,0,0,0,0.0,44.67857142857143,0.0,F.D. Kuester Generating Station,MI,MISO,0,0.0,65,,fewer than 3 gas sites - excluded from share-at-risk ordering
by_recoverable_usd,prospect (cold outreach),553,University of San Francisco,False,1,1.5,0,0,0,0.0,57.47654665314402,0.0,Univ of San Francisco Cogen,CA,CISO,0,0.0,65,,fewer than 3 gas sites - excluded from share-at-risk ordering
by_recoverable_usd,prospect (cold outreach),554,University of Arizona - Biosphere 2,False,1,1.6,0,0,1,0.0,70.13471177944862,0.0,University of Arizona - Biosphere 2,AZ,WALC,0,0.0,65,,fewer than 3 gas sites - excluded from share-at-risk ordering
by_recoverable_usd,prospect (cold outreach),555,United Technologies,False,1,25.8,0,0,0,0.0,36.48458926472509,0.0,Pratt & Whitney,CT,ISNE,1,0.0,65,,fewer than 3 gas sites - excluded from share-at-risk ordering
by_recoverable_usd,prospect (cold outreach),556,United States Sugar Corp,False,1,0.0,0,0,0,0.0,50.0,0.0,Clewiston Sugar House,FL,FPC,0,,65,,fewer than 3 gas sites - excluded from share-at-risk ordering
by_recoverable_usd,prospect (cold outreach),557,Vermillion Power LLC,False,1,425.0,0,0,0,0.0,41.903707100624906,0.0,West Lorain,OH,PJM,0,0.0,65,,fewer than 3 gas sites - excluded from share-at-risk ordering
by_recoverable_usd,prospect (cold outreach),558,Air Products & Chemicals Inc,False,1,0.0,0,0,0,0.0,50.0,0.0,Wilmington Hydrogen Plant,CA,LDWP,0,,65,,fewer than 3 gas sites - excluded from share-at-risk ordering
by_recoverable_usd,prospect (cold outreach),559,Air Liquide Large Industries U S LP,False,3,440.29999999999995,0,0,0,0.0,37.25944649126966,0.0,Port Neches Plant,"LA, TX","ERCO, MISO",1,0.0,65,58.0,
by_recoverable_usd,prospect (cold outreach),560,"Ahlstrom-Munksjo NA Specialty Solutions, LLC",False,1,0.0,0,0,0,0.0,50.0,0.0,Mosinee Mill,WI,MISO,0,,65,,fewer than 3 gas sites - excluded from share-at-risk ordering
by_recoverable_usd,prospect (cold outreach),561,Ahlstrom-Munksjo,False,1,10.0,0,0,0,0.0,55.264331896551724,0.0,Rhinelander Mill,WI,MISO,0,0.0,65,,fewer than 3 gas sites - excluded from share-at-risk ordering
by_recoverable_usd,prospect (cold outreach),562,Ahlstrom Power Windsor Locks LLC,False,1,71.0,0,0,0,0.0,51.067319461444306,0.0,Algonquin Windsor Locks,CT,ISNE,1,0.0,65,,fewer than 3 gas sites - excluded from share-at-risk ordering
by_recoverable_usd,prospect (cold outreach),563,ABEC #4 LLC,False,1,1.0,0,0,0,0.0,37.976190476190474,0.0,ABEC #4 dba CE&S Dairy,CA,CISO,0,0.0,65,,fewer than 3 gas sites - excluded from share-at-risk ordering
by_recoverable_usd,prospect (cold outreach),564,AgriReNew,False,1,1.0,0,0,0,0.0,22.00354864147968,0.0,AgriReNew,IA,MISO,0,0.0,65,,fewer than 3 gas sites - excluded from share-at-risk ordering
by_recoverable_usd,prospect (cold outreach),565,AgPower Jerome LLC,False,1,4.5,0,0,0,0.0,41.40350877192982,0.0,Double A Digester,ID,IPCO,0,0.0,65,,fewer than 3 gas sites - excluded from share-at-risk ordering
by_recoverable_usd,prospect (cold outreach),566,"AgPower DCD, LLC",False,1,2.4000000000000004,0,0,0,0.0,45.05012531328321,0.0,Cargill Dry Creek Biofactory,ID,IPCO,0,0.0,65,,fewer than 3 gas sites - excluded from share-at-risk ordering
by_recoverable_usd,prospect (cold outreach),567,Aera Energy LLC-San Ardo,False,1,6.2,0,0,1,0.0,67.4531914893617,0.0,Aera San Ardo Cogen Facility,CA,CISO,0,0.0,65,,fewer than 3 gas sites - excluded from share-at-risk ordering
by_recoverable_usd,prospect (cold outreach),568,Advanced Power / Doswell,False,3,2625.5,1,0,0,1312.4999999999998,59.97821118281164,0.0,Cricket Valley Energy,"NY, VA","NYIS, PJM",3,0.4999047800418967,65,9.0,
by_recoverable_usd,prospect (cold outreach),569,Village of Rantoul - (IL),False,1,0.0,0,0,0,0.0,50.0,0.0,Rantoul,IL,MISO,0,,65,,fewer than 3 gas sites - excluded from share-at-risk ordering
by_recoverable_usd,prospect (cold outreach),570,Ada Cogeneration LLC,False,1,33.1,0,0,0,0.0,37.322428794263026,0.0,Ada Cogeneration LP,MI,MISO,0,0.0,65,,fewer than 3 gas sites - excluded from share-at-risk ordering
by_recoverable_usd,prospect (cold outreach),571,WM Illinois Renewable Energy LLC,False,7,31.200000000000003,0,0,0,0.0,44.384670695564445,0.0,Woodland Landfill Gas Recovery,IL,"MISO, PJM",0,0.0,65,58.0,
by_recoverable_usd,prospect (cold outreach),572,"WGP Redwood Holdings, LLC",False,8,379.4,0,1,0,46.0,55.2124328214298,0.0,Chalk Cliff Limited,CA,CISO,4,0.12124406958355298,65,39.0,
by_recoverable_usd,prospect (cold outreach),573,W&T Offshore Inc,False,2,15.4,0,0,0,0.0,42.617375432424886,0.0,W&T Onshore Treating Facility (OTF),AL,SOCO,0,0.0,65,,fewer than 3 gas sites - excluded from share-at-risk ordering
by_recoverable_usd,prospect (cold outreach),574,W Power LLC,False,1,141.0,0,0,0,0.0,36.98412698412697,0.0,Stanton Energy Reliability Center Hybrid,CA,CISO,1,0.0,65,,fewer than 3 gas sites - excluded from share-at-risk ordering
by_recoverable_usd,prospect (cold outreach),575,Vitol Green Gas LLC,False,1,3.2,0,0,0,0.0,31.791979949874687,0.0,West Point RNG,ID,IPCO,0,0.0,65,,fewer than 3 gas sites - excluded from share-at-risk ordering
by_recoverable_usd,prospect (cold outreach),576,Virginia Polytechnic Inst and State Unv,False,1,6.3,0,0,0,0.0,55.53405172413793,0.0,Virginia Tech Power Plant,VA,PJM,0,0.0,65,,fewer than 3 gas sites - excluded from share-at-risk ordering
by_recoverable_usd,prospect (cold outreach),577,Viresco Turtle Lake,False,1,3.2,0,0,0,0.0,42.4462059050339,0.0,Viresco Turtle Lake,WI,MISO,0,0.0,65,,fewer than 3 gas sites - excluded from share-at-risk ordering
by_recoverable_usd,prospect (cold outreach),578,Village of Winnetka - (IL),False,1,28.2,0,1,0,28.2,72.08624708624708,0.0,Winnetka,IL,PJM,0,1.0,65,,fewer than 3 gas sites - excluded from share-at-risk ordering
by_recoverable_usd,prospect (cold outreach),579,Village of Sebewaing - (MI),False,2,7.7,0,0,0,0.0,42.442408755207865,0.0,Main Street (MI),MI,MISO,0,0.0,65,,fewer than 3 gas sites - excluded from share-at-risk ordering
by_recoverable_usd,prospect (cold outreach),580,Village of Rockville Centre - (NY),False,1,29.4,0,0,1,0.0,74.4,0.0,Charles P Keller,NY,NYIS,0,0.0,65,,fewer than 3 gas sites - excluded from share-at-risk ordering
by_recoverable_usd,prospect (cold outreach),581,Adkins Energy LLC,False,2,6.8,0,0,0,0.0,47.07214682415519,0.0,Adkins Energy LLC,IL,PJM,0,0.0,65,,fewer than 3 gas sites - excluded from share-at-risk ordering
by_recoverable_usd,prospect (cold outreach),582,Richland-Stryker Generation LLC,False,1,435.0,0,0,0,0.0,67.38908499446289,0.0,Richland (OH),OH,PJM,1,0.0,65,,fewer than 3 gas sites - excluded from share-at-risk ordering
by_recoverable_usd,prospect (cold outreach),583,Richland Center Renewable Energy LLC,False,1,1.8,0,0,0,0.0,41.7133068822326,0.0,Richland Center Renewable Energy LLC,WI,MISO,0,0.0,65,,fewer than 3 gas sites - excluded from share-at-risk ordering
by_recoverable_usd,prospect (cold outreach),584,"Rhode Island State Energy Center, LP",False,1,596.0,0,0,0,0.0,53.92901587654747,0.0,Rhode Island State Energy Center,RI,ISNE,1,0.0,65,,fewer than 3 gas sites - excluded from share-at-risk ordering
by_recoverable_usd,prospect (cold outreach),585,Rhode Island LFG Genco,False,2,42.1,0,0,0,0.0,54.53196432300539,0.0,Ridgewood Providence Power,RI,ISNE,0,0.0,65,,fewer than 3 gas sites - excluded from share-at-risk ordering
by_recoverable_usd,prospect (cold outreach),586,"Reworld Union (NJ), LLC",False,1,0.0,0,0,0,0.0,50.0,0.0,Union County Resource Recovery,NJ,PJM,0,,65,,fewer than 3 gas sites - excluded from share-at-risk ordering
by_recoverable_usd,prospect (cold outreach),587,Reworld Tulsa LLC,False,1,0.0,0,0,0,0.0,50.0,0.0,Reworld Tulsa,OK,SWPP,0,,65,,fewer than 3 gas sites - excluded from share-at-risk ordering
by_recoverable_usd,prospect (cold outreach),588,"Reworld Projects, LLC",False,1,0.0,0,0,0,0.0,50.0,0.0,Pinellas County Resource Recovery,FL,FPC,0,,65,,fewer than 3 gas sites - excluded from share-at-risk ordering
by_recoverable_usd,prospect (cold outreach),589,"Reworld Niagara I, LLC",False,1,0.0,0,0,0,0.0,50.0,0.0,Reworld Niagara I,NY,NYIS,0,,65,,fewer than 3 gas sites - excluded from share-at-risk ordering
by_recoverable_usd,prospect (cold outreach),590,Reworld MacArthur Renewable Energy,False,1,0.0,0,0,0,0.0,50.0,0.0,MacArthur Waste to Energy Facility,NY,NYIS,0,,65,,fewer than 3 gas sites - excluded from share-at-risk ordering
by_recoverable_usd,prospect (cold outreach),591,Reworld Indianapolis Inc,False,1,0.0,0,0,0,0.0,50.0,0.0,Covanta Indianapolis Energy,IN,MISO,0,,65,,fewer than 3 gas sites - excluded from share-at-risk ordering
by_recoverable_usd,prospect (cold outreach),592,SunSelect Produce (California) Inc,False,1,6.6,0,0,0,0.0,60.714285714285715,0.0,SunSelect1,CA,CISO,0,0.0,65,,fewer than 3 gas sites - excluded from share-at-risk ordering
by_recoverable_usd,prospect (cold outreach),593,"Republic Services Renewable Energy, LLC",False,1,12.0,0,0,0,0.0,32.05797101449276,0.0,"Republic Services Renewable Energy, LLC",NV,NEVP,0,0.0,65,,fewer than 3 gas sites - excluded from share-at-risk ordering
by_recoverable_usd,prospect (cold outreach),594,Rensselaer Generating LLC,False,1,88.2,0,0,0,0.0,54.02447980416157,0.0,Rensselaer Cogen,NY,NYIS,1,0.0,65,,fewer than 3 gas sites - excluded from share-at-risk ordering
by_recoverable_usd,prospect (cold outreach),595,Regeneron Pharmaceuticals Inc.,False,1,0.8,0,0,0,0.0,59.26419878296146,0.0,Regeneron Pharmaceuticals Inc.,NY,NYIS,0,0.0,65,,fewer than 3 gas sites - excluded from share-at-risk ordering
by_recoverable_usd,prospect (cold outreach),596,Redwood Falls Public Util Comm,False,1,5.8,0,0,0,0.0,56.82926829268292,0.0,Redwood Falls,MN,MISO,0,0.0,65,,fewer than 3 gas sites - excluded from share-at-risk ordering
by_recoverable_usd,prospect (cold outreach),597,Red River Mill Intl Paper Company,False,1,0.0,0,0,0,0.0,50.0,0.0,International Paper Red River Mill,LA,MISO,0,,65,,fewer than 3 gas sites - excluded from share-at-risk ordering
by_recoverable_usd,prospect (cold outreach),598,"Red Oak Power, LLC",False,1,821.0999999999999,0,0,0,0.0,52.88179385726051,0.0,Red Oak Power LLC,NJ,PJM,1,0.0,65,,fewer than 3 gas sites - excluded from share-at-risk ordering
by_recoverable_usd,prospect (cold outreach),599,Rayonier Advanced Materials,False,2,0.0,0,0,0,0.0,50.0,0.0,Jesup Plant,"FL, GA","JEA, SOCO",0,,65,,fewer than 3 gas sites - excluded from share-at-risk ordering
by_recoverable_usd,prospect (cold outreach),600,Rand Whitney Containerboard L.P.,False,1,16.5,0,0,0,0.0,39.04057199866977,0.0,Rand Whitney CHP Plant,CT,ISNE,0,0.0,65,,fewer than 3 gas sites - excluded from share-at-risk ordering
by_recoverable_usd,prospect (cold outreach),601,RW Miller Power LLC,False,2,603.6,0,0,0,0.0,49.4433471697062,0.0,R W Miller,TX,ERCO,2,0.0,65,,fewer than 3 gas sites - excluded from share-at-risk ordering
by_recoverable_usd,prospect (cold outreach),602,"RRI Energy Services, LLC",False,1,0.0,0,0,0,0.0,47.97087980173481,0.0,Conemaugh Fuels LLC -Terminal,PA,nan,0,,65,,fewer than 3 gas sites - excluded from share-at-risk ordering
by_recoverable_usd,prospect (cold outreach),603,"REV LNG SSL BC, LLC",False,1,4.800000000000001,0,0,0,0.0,31.31302521008404,0.0,Towanda Facility,PA,PJM,0,0.0,65,,fewer than 3 gas sites - excluded from share-at-risk ordering
by_recoverable_usd,prospect (cold outreach),604,Resolute Forest Products,False,1,0.0,0,0,0,0.0,50.0,0.0,Bowater Newsprint Calhoun Operation,TN,TVA,0,,65,,fewer than 3 gas sites - excluded from share-at-risk ordering
by_recoverable_usd,prospect (cold outreach),605,Russell City Energy Company LLC,False,1,655.0,0,0,0,0.0,54.98882495505907,0.0,Russell City Energy Center,CA,CISO,1,0.0,65,,fewer than 3 gas sites - excluded from share-at-risk ordering
by_recoverable_usd,prospect (cold outreach),606,Rumford Power,False,1,274.5,0,1,0,274.5,62.183941574500516,0.0,Rumford Power LLC,ME,ISNE,1,1.0,65,,fewer than 3 gas sites - excluded from share-at-risk ordering
by_recoverable_usd,prospect (cold outreach),607,Rousselot Inc,False,1,6.7,0,0,0,0.0,52.877897869674186,0.0,Rousselot Inc,MA,ISNE,0,0.0,65,,fewer than 3 gas sites - excluded from share-at-risk ordering
by_recoverable_usd,prospect (cold outreach),608,Roundtop Energy LLC,False,1,22.0,0,0,0,0.0,38.341741076052955,0.0,Roundtop,PA,PJM,0,0.0,65,,fewer than 3 gas sites - excluded from share-at-risk ordering
by_recoverable_usd,prospect (cold outreach),609,"Rosendale Renewable Energy, LLC",False,1,1.4,0,0,0,0.0,34.40225702004267,0.0,Oshkosh Foundation Rosedale Biodigester LLC,WI,MISO,0,0.0,65,,fewer than 3 gas sites - excluded from share-at-risk ordering
by_recoverable_usd,prospect (cold outreach),610,Roseburg LFG Energy LLC,False,1,1.6,0,0,0,0.0,45.48494306364077,0.0,Roseburg LFG,OR,PACW,0,0.0,65,,fewer than 3 gas sites - excluded from share-at-risk ordering
by_recoverable_usd,prospect (cold outreach),611,Roseburg Forest Products Co,False,1,0.0,0,0,0,0.0,50.0,0.0,Dillard Complex,OR,PACW,0,,65,,fewer than 3 gas sites - excluded from share-at-risk ordering
by_recoverable_usd,prospect (cold outreach),612,Roquette America,False,1,50.0,0,0,0,0.0,52.34579661824243,0.0,Roquette America,IA,MISO,0,0.0,65,,fewer than 3 gas sites - excluded from share-at-risk ordering
by_recoverable_usd,prospect (cold outreach),613,Rolling Hills Generating LLC,False,1,977.5,0,0,0,0.0,51.39664959667114,0.0,Rolling Hills Generating,OH,PJM,1,0.0,65,,fewer than 3 gas sites - excluded from share-at-risk ordering
by_recoverable_usd,prospect (cold outreach),614,"Rockland Power Partners, LLC",False,1,251.8,0,0,1,0.0,63.118686868686865,0.0,Eagle Point Power Generation,NJ,PJM,1,0.0,65,,fewer than 3 gas sites - excluded from share-at-risk ordering
by_recoverable_usd,prospect (cold outreach),615,Rockland Bakery Inc.,False,1,0.8999999999999999,0,0,0,0.0,61.39072008113591,0.0,Rockland Bakery Inc.,NY,NYIS,0,0.0,65,,fewer than 3 gas sites - excluded from share-at-risk ordering
by_recoverable_usd,prospect (cold outreach),616,Richmond Energy LLC,False,1,6.4,0,0,0,0.0,55.05882352941177,0.0,Richmond Energy,VA,PJM,0,0.0,65,,fewer than 3 gas sites - excluded from share-at-risk ordering
by_recoverable_usd,prospect (cold outreach),617,RockTenn-Hopewell,False,1,0.0,0,0,0,0.0,50.0,0.0,Hopewell Mill,VA,PJM,0,,65,,fewer than 3 gas sites - excluded from share-at-risk ordering
by_recoverable_usd,prospect (cold outreach),618,RockTenn-Battle Creek Mill,False,1,2.0,0,0,0,0.0,55.70883620689654,0.0,Battle Creek Mill,MI,MISO,0,0.0,65,,fewer than 3 gas sites - excluded from share-at-risk ordering
by_recoverable_usd,prospect (cold outreach),619,Rochester Public Utilities,False,2,131.4,0,0,0,0.0,47.969744229352195,0.0,Cascade Creek,MN,MISO,1,0.0,65,,fewer than 3 gas sites - excluded from share-at-risk ordering
by_recoverable_usd,prospect (cold outreach),620,Robeson County Landfill - (NC),False,1,2.0,0,0,0,0.0,47.90616246498599,0.0,Robeson County LFG to Energy,NC,CPLE,0,0.0,65,,fewer than 3 gas sites - excluded from share-at-risk ordering
by_recoverable_usd,prospect (cold outreach),621,Riverwood Intl USA Inc,False,1,0.0,0,0,0,0.0,50.0,0.0,Graphic Packaging Intl Macon Mill,GA,SOCO,0,,65,,fewer than 3 gas sites - excluded from share-at-risk ordering
by_recoverable_usd,prospect (cold outreach),622,Riverview Energy Systems,False,1,6.6,0,0,0,0.0,50.631407269338304,0.0,Riverview Energy Systems,MI,MISO,0,0.0,65,,fewer than 3 gas sites - excluded from share-at-risk ordering
by_recoverable_usd,prospect (cold outreach),623,Riverside Generating Co LLC,False,1,1150.0,0,0,1,0.0,70.49319727891155,0.0,Riverside Generating LLC,KY,PJM,1,0.0,65,,fewer than 3 gas sites - excluded from share-at-risk ordering
by_recoverable_usd,prospect (cold outreach),624,Riverbay Corp,False,3,83.6,0,0,0,0.0,43.555792944657746,0.0,Riverbay,NY,NYIS,1,0.0,65,58.0,
by_recoverable_usd,prospect (cold outreach),625,"Rio Grande Valley Sugar Growers, Inc.",False,1,0.0,0,0,0,0.0,50.0,0.0,Rio Grande Valley Sugar Growers,TX,ERCO,0,,65,,fewer than 3 gas sites - excluded from share-at-risk ordering
by_recoverable_usd,prospect (cold outreach),626,Rio Bravo Rocklin,False,1,0.0,0,0,0,0.0,50.0,0.0,Rio Bravo Rocklin,CA,CISO,0,,65,,fewer than 3 gas sites - excluded from share-at-risk ordering
by_recoverable_usd,prospect (cold outreach),627,Rio Bravo Fresno,False,1,0.0,0,0,0,0.0,50.0,0.0,Rio Bravo Fresno,CA,CISO,0,,65,,fewer than 3 gas sites - excluded from share-at-risk ordering
by_recoverable_usd,prospect (cold outreach),628,Rockford Generation LLC,False,2,484.0,0,0,0,0.0,50.23392026406066,0.0,NRG Rockford I,IL,PJM,2,0.0,65,,fewer than 3 gas sites - excluded from share-at-risk ordering
by_recoverable_usd,prospect (cold outreach),629,"Portland Power, LLC",False,1,0.0,0,0,1,0.0,62.309063136456224,0.0,Portland (PA),PA,PJM,1,,65,,fewer than 3 gas sites - excluded from share-at-risk ordering
by_recoverable_usd,prospect (cold outreach),630,Port Townsend Paper Co,False,1,0.0,0,0,0,0.0,50.0,0.0,Port Townsend Paper,WA,BPAT,0,,65,,fewer than 3 gas sites - excluded from share-at-risk ordering
by_recoverable_usd,prospect (cold outreach),631,"Port Huron Multimodal Hub, LLC",False,1,5.0,0,0,0,0.0,56.76142241379309,0.0,E.B. Eddy Paper Inc,MI,MISO,0,0.0,65,,fewer than 3 gas sites - excluded from share-at-risk ordering
by_recoverable_usd,prospect (cold outreach),632,Port Comfort Power LLC,False,1,121.0,0,0,0,0.0,50.450660450660436,0.0,Calhoun Port Comfort,TX,ERCO,1,0.0,65,,fewer than 3 gas sites - excluded from share-at-risk ordering
by_recoverable_usd,prospect (cold outreach),633,Port Charlotte Energy LLC,False,1,3.0,0,0,0,0.0,55.04525862068966,0.0,Port Charlotte Energy LLC,FL,FPL,0,0.0,65,,fewer than 3 gas sites - excluded from share-at-risk ordering
by_recoverable_usd,prospect (cold outreach),634,Poet Bioprocessing Emmetsburg,False,1,3.5,0,0,0,0.0,41.777478448275865,0.0,Poet Bioprocessing Emmetsburg,IA,MISO,0,0.0,65,,fewer than 3 gas sites - excluded from share-at-risk ordering
by_recoverable_usd,prospect (cold outreach),635,International Paper Corporation - Springfield,False,1,0.0,0,0,0,0.0,50.0,0.0,IP Springfield Oregon,OR,BPAT,0,,65,,fewer than 3 gas sites - excluded from share-at-risk ordering
by_recoverable_usd,prospect (cold outreach),636,Plains End Operating Services LLC,False,2,231.60000000000005,0,0,0,0.0,51.95121951219512,0.0,Plains End,CO,PSCO,0,0.0,65,,fewer than 3 gas sites - excluded from share-at-risk ordering
by_recoverable_usd,prospect (cold outreach),637,Placid Refining Co LLC,False,1,7.6,0,0,0,0.0,49.65851063829788,0.0,Port Allen (LA),LA,MISO,0,0.0,65,,fewer than 3 gas sites - excluded from share-at-risk ordering
by_recoverable_usd,prospect (cold outreach),638,Qualcomm Incorporated,False,3,13.799999999999999,0,0,0,0.0,45.410708347189896,0.0,Q Plant,CA,CISO,0,0.0,65,58.0,
by_recoverable_usd,prospect (cold outreach),639,"Pixelle Specialty Solution, LLC",False,1,7.6,0,0,0,0.0,45.287068965517236,0.0,Stevens Point Mill,WI,MISO,0,0.0,65,,fewer than 3 gas sites - excluded from share-at-risk ordering
by_recoverable_usd,prospect (cold outreach),640,Pixelle Androscoggin LLC,False,1,80.0,0,0,1,0.0,60.22435344827586,0.0,Androscoggin Mill,ME,ISNE,0,0.0,65,,fewer than 3 gas sites - excluded from share-at-risk ordering
by_recoverable_usd,prospect (cold outreach),641,Pioneer Crossing Energy LLC,False,1,8.0,0,0,0,0.0,42.94668197619401,0.0,"Pioneer Crossing Energy, LLC",PA,PJM,0,0.0,65,,fewer than 3 gas sites - excluded from share-at-risk ordering
by_recoverable_usd,prospect (cold outreach),642,Pio Pico Energy Center LLC,False,1,395.40000000000003,0,0,0,0.0,52.233560090702944,0.0,Pio Pico Energy Center,CA,CISO,1,0.0,65,,fewer than 3 gas sites - excluded from share-at-risk ordering
by_recoverable_usd,prospect (cold outreach),643,Pinova Inc.,False,1,0.0,0,0,0,0.0,50.0,0.0,Pinova Inc.,GA,SOCO,0,,65,,fewer than 3 gas sites - excluded from share-at-risk ordering
by_recoverable_usd,prospect (cold outreach),644,Pinnacle West / APS,False,9,4247.3,0,2,1,1233.2,63.50323990436165,0.0,West Phoenix,"AZ, NM","AZPS, SRP, WALC",5,0.2903491629976691,65,21.0,
by_recoverable_usd,prospect (cold outreach),645,Pine Tree Landfill,False,1,2.2,0,0,0,0.0,45.31288032454361,0.0,Pine Tree Landfill Gas to Energy,ME,ISNE,0,0.0,65,,fewer than 3 gas sites - excluded from share-at-risk ordering
by_recoverable_usd,prospect (cold outreach),646,Pine Bluff Energy LLC,False,1,230.4,0,0,0,0.0,41.89547879095758,0.0,Pine Bluff Energy Center,AR,MISO,1,0.0,65,,fewer than 3 gas sites - excluded from share-at-risk ordering
by_recoverable_usd,prospect (cold outreach),647,"Pico Energy, LLC",False,1,2.2,0,0,0,0.0,61.62280701754387,0.0,Cargill B6 Biofactory,ID,IPCO,0,0.0,65,,fewer than 3 gas sites - excluded from share-at-risk ordering
by_recoverable_usd,prospect (cold outreach),648,"Phoenix Contact Services, Inc",False,1,1.0,0,0,0,0.0,38.73297872340425,0.0,Phoenix Contact - CCHP Plant,PA,PJM,0,0.0,65,,fewer than 3 gas sites - excluded from share-at-risk ordering
by_recoverable_usd,prospect (cold outreach),649,Phillips 66 Company,False,3,60.400000000000006,0,0,0,0.0,47.44534503353688,0.0,Santa Maria EPG,CA,CISO,0,0.0,65,58.0,
by_recoverable_usd,prospect (cold outreach),650,Pixelle Specialty Solutions LLC - (PA),False,1,18.6,0,0,0,0.0,48.570173335792,0.0,Pixelle Specialty Solutions LLC - Spring,PA,PJM,0,0.0,65,,fewer than 3 gas sites - excluded from share-at-risk ordering
by_recoverable_usd,prospect (cold outreach),651,"Quail Run Energy Partners, LP",False,1,550.4,0,0,0,0.0,59.20707070707071,0.0,Quail Run Energy Center,TX,ERCO,1,0.0,65,,fewer than 3 gas sites - excluded from share-at-risk ordering
by_recoverable_usd,prospect (cold outreach),652,Public Service Elec & Gas Co,False,1,576.3,0,0,0,0.0,43.45238095238095,0.0,Bridgeport Station,CT,ISNE,1,0.0,65,,fewer than 3 gas sites - excluded from share-at-risk ordering
by_recoverable_usd,prospect (cold outreach),653,Public Serv Comm of Yazoo City -(MS),False,1,34.1,0,0,1,0.0,61.87663327526133,0.0,Yazoo,MS,MISO,0,0.0,65,,fewer than 3 gas sites - excluded from share-at-risk ordering
by_recoverable_usd,prospect (cold outreach),654,Procter&Gamble Paper Products Co-Oxnard,False,1,68.7,0,0,0,0.0,43.47826086956522,0.0,Oxnard,CA,CISO,0,0.0,65,,fewer than 3 gas sites - excluded from share-at-risk ordering
by_recoverable_usd,prospect (cold outreach),655,Procter & Gamble Ppr Prdts Co,False,2,120.19999999999999,0,0,0,0.0,33.90046141604206,0.0,Procter & Gamble Mehoopany Mill,PA,PJM,1,0.0,65,,fewer than 3 gas sites - excluded from share-at-risk ordering
by_recoverable_usd,prospect (cold outreach),656,Procter & Gamble Co,False,1,12.5,0,0,0,0.0,62.406681034482766,0.0,Procter & Gamble Cincinnati Plant,OH,PJM,0,0.0,65,,fewer than 3 gas sites - excluded from share-at-risk ordering
by_recoverable_usd,prospect (cold outreach),657,Princeton Public Utils Comm,False,1,0.0,0,0,0,0.0,50.0,0.0,Princeton (MN),MN,MISO,0,,65,,fewer than 3 gas sites - excluded from share-at-risk ordering
by_recoverable_usd,prospect (cold outreach),658,Princeton Energy Center LLC,False,1,4.6,0,0,0,0.0,41.86702127659574,0.0,"Princeton Energy Center, LLC",NJ,PJM,0,0.0,65,,fewer than 3 gas sites - excluded from share-at-risk ordering
by_recoverable_usd,prospect (cold outreach),659,Prince George's County - (MD),False,1,4.0,0,0,0,0.0,63.36130831643001,0.0,Brown Station Road Plant II,MD,PJM,0,0.0,65,,fewer than 3 gas sites - excluded from share-at-risk ordering
by_recoverable_usd,prospect (cold outreach),660,Prince George's County,False,1,2.7,0,0,1,0.0,62.80788177339902,0.0,Brown Station Road Plant I,MD,PJM,0,0.0,65,,fewer than 3 gas sites - excluded from share-at-risk ordering
by_recoverable_usd,prospect (cold outreach),661,"Primary Products Ingredients Americas, LLC d/b/a Primient",False,1,61.8,0,0,0,0.0,23.145487788951282,0.0,Primient,IN,MISO,1,0.0,65,,fewer than 3 gas sites - excluded from share-at-risk ordering
by_recoverable_usd,prospect (cold outreach),662,Potomac Energy Center LLC,False,1,812.0,0,0,0,0.0,43.24136440956979,0.0,"Potomac Energy Center, LLC",VA,PJM,1,0.0,65,,fewer than 3 gas sites - excluded from share-at-risk ordering
by_recoverable_usd,prospect (cold outreach),663,"Primary Energy Recycling Holdings, LLC",False,2,61.0,0,0,0,0.0,32.43346584529674,0.0,Portside Energy,IN,MISO,1,0.0,65,,fewer than 3 gas sites - excluded from share-at-risk ordering
by_recoverable_usd,prospect (cold outreach),664,Primary Energy,False,1,90.0,0,0,0,0.0,43.229166666666664,0.0,Indiana Harbor E 5 AC Station,IN,MISO,0,0.0,65,,fewer than 3 gas sites - excluded from share-at-risk ordering
by_recoverable_usd,prospect (cold outreach),665,Preston Public Utilities Comm,False,1,3.1,0,0,1,0.0,70.22827989189268,0.0,Preston (MN),MN,MISO,0,0.0,65,,fewer than 3 gas sites - excluded from share-at-risk ordering
by_recoverable_usd,prospect (cold outreach),666,Presence Health,False,1,1.6,0,0,1,0.0,66.92226890756302,0.0,Presence Saint Mary of Nazareth Hospital,IL,PJM,0,0.0,65,,fewer than 3 gas sites - excluded from share-at-risk ordering
by_recoverable_usd,prospect (cold outreach),667,Prairies Edge Dairy Farms LLC,False,1,1.1,0,0,0,0.0,50.88935574229692,0.0,Prairies Edge Generating Facility,IN,MISO,0,0.0,65,,fewer than 3 gas sites - excluded from share-at-risk ordering
by_recoverable_usd,prospect (cold outreach),668,Prairie State Generating Co LLC,False,1,0.0,0,0,0,0.0,47.97087980173481,0.0,Prairie State Generating Station,IL,MISO,0,,65,,fewer than 3 gas sites - excluded from share-at-risk ordering
by_recoverable_usd,prospect (cold outreach),669,"Prairie Power, Inc",False,1,173.0,0,0,0,0.0,52.79024688839012,0.0,Alsey,IL,MISO,1,0.0,65,,fewer than 3 gas sites - excluded from share-at-risk ordering
by_recoverable_usd,prospect (cold outreach),670,Prairie Horizon Agri Energy LLC,False,1,1.7,0,0,0,0.0,40.29080459770116,0.0,Prairie Horizon Agri Energy,KS,SWPP,0,0.0,65,,fewer than 3 gas sites - excluded from share-at-risk ordering
by_recoverable_usd,prospect (cold outreach),671,"Powergen Development Group, LLC",False,1,1.8,0,0,0,0.0,44.78714503042597,0.0,Hilton NY Co Gen Plant,NY,NYIS,0,0.0,65,,fewer than 3 gas sites - excluded from share-at-risk ordering
by_recoverable_usd,prospect (cold outreach),672,Power City Partners LP,False,1,102.1,0,0,0,0.0,54.5986177565125,0.0,Massena Energy Facility,NY,NYIS,1,0.0,65,,fewer than 3 gas sites - excluded from share-at-risk ordering
by_recoverable_usd,prospect (cold outreach),673,"Potrero Hills Energy Producers, LLC",False,1,8.0,0,0,0,0.0,34.28080628803245,0.0,Potrero Hills Energy Producers,CA,CISO,0,0.0,65,,fewer than 3 gas sites - excluded from share-at-risk ordering
by_recoverable_usd,prospect (cold outreach),674,"Primary Products Ingredients Americas, LLC",False,1,64.8,0,0,0,0.0,56.061692969870876,0.0,Primient Decatur Plant Cogen,IL,MISO,0,0.0,65,,fewer than 3 gas sites - excluded from share-at-risk ordering
by_recoverable_usd,prospect (cold outreach),675,Southeastern Chester County Refuse Auth,False,1,2.5,0,0,0,0.0,55.57422969187676,0.0,SECCRA Community Landfill,PA,PJM,0,0.0,65,,fewer than 3 gas sites - excluded from share-at-risk ordering
by_recoverable_usd,prospect (cold outreach),676,Southbridge Recycling and Disposal Park,False,1,1.6,0,0,0,0.0,42.357907233021876,0.0,Southbridge Landfill Gas-to-Energy,MA,ISNE,0,0.0,65,,fewer than 3 gas sites - excluded from share-at-risk ordering
by_recoverable_usd,prospect (cold outreach),677,Southaven Power LLC,False,1,903.9000000000001,0,0,0,0.0,50.87200381467937,0.0,TVA Southaven Combined Cycle,MS,TVA,1,0.0,65,,fewer than 3 gas sites - excluded from share-at-risk ordering
by_recoverable_usd,prospect (cold outreach),678,South Point Energy Center LLC,False,1,708.0,0,1,0,708.0,74.375,0.0,South Point Energy Center,AZ,WALC,1,1.0,65,,fewer than 3 gas sites - excluded from share-at-risk ordering
by_recoverable_usd,prospect (cold outreach),679,South Oak Hospital,False,1,1.0,0,0,0,0.0,43.60332150101419,0.0,South Oaks Hospital,NY,NYIS,0,0.0,65,,fewer than 3 gas sites - excluded from share-at-risk ordering
by_recoverable_usd,prospect (cold outreach),680,"South Field Energy, LLC",False,1,1210.3999999999999,0,0,0,0.0,53.79926108374384,0.0,South Field Energy,OH,PJM,1,0.0,65,,fewer than 3 gas sites - excluded from share-at-risk ordering
by_recoverable_usd,prospect (cold outreach),681,"South Carolina Genertg Co, Inc",False,2,53.8,0,0,1,0.0,69.89609501622616,0.0,Williams,SC,SCEG,0,0.0,65,,fewer than 3 gas sites - excluded from share-at-risk ordering
by_recoverable_usd,prospect (cold outreach),682,Sonoco Products Co,False,1,2.5,0,0,0,0.0,56.66293103448275,0.0,Sonoco Products Co,SC,CPLE,0,0.0,65,,fewer than 3 gas sites - excluded from share-at-risk ordering
by_recoverable_usd,prospect (cold outreach),683,Solutia Inc-Indian,False,1,5.7,0,0,0,0.0,67.371408045977,0.0,Indian Orchard Plant 1,MA,ISNE,0,0.0,65,,fewer than 3 gas sites - excluded from share-at-risk ordering
by_recoverable_usd,prospect (cold outreach),684,Solid Waste Authority of Palm Beach Co,False,2,0.0,0,0,0,0.0,50.0,0.0,Palm Beach Renewable Energy Facility 1,FL,FPL,0,,65,,fewer than 3 gas sites - excluded from share-at-risk ordering
by_recoverable_usd,prospect (cold outreach),685,"S.C. Johnson & Son, Inc.",False,1,7.0,0,0,0,0.0,43.83723404255319,0.0,Waxdale,WI,MISO,0,0.0,65,,fewer than 3 gas sites - excluded from share-at-risk ordering
by_recoverable_usd,prospect (cold outreach),686,Snowbird Corporation,False,1,6.5,0,0,1,0.0,68.41269841269842,0.0,Snowbird Power Plant,UT,PACE,0,0.0,65,,fewer than 3 gas sites - excluded from share-at-risk ordering
by_recoverable_usd,prospect (cold outreach),687,Smarr EMC,False,2,812.0,0,0,0,0.0,62.33058108599053,0.0,Smarr Energy Center,GA,SOCO,2,0.0,65,,fewer than 3 gas sites - excluded from share-at-risk ordering
by_recoverable_usd,prospect (cold outreach),688,"Sky Global Power One Pledgor, LLC",False,1,51.0,0,0,0,0.0,39.63414634146341,0.0,Sky Global Power One,TX,ERCO,0,0.0,65,,fewer than 3 gas sites - excluded from share-at-risk ordering
by_recoverable_usd,prospect (cold outreach),689,Simplot Phosphates LLC,False,1,0.0,0,0,0,0.0,50.0,0.0,Simplot Phosphates,WY,PACE,0,,65,,fewer than 3 gas sites - excluded from share-at-risk ordering
by_recoverable_usd,prospect (cold outreach),690,Simplot Leasing Corp,False,1,0.0,0,0,0,0.0,50.0,0.0,Simplot Leasing Don Plant,ID,IPCO,0,,65,,fewer than 3 gas sites - excluded from share-at-risk ordering
by_recoverable_usd,prospect (cold outreach),691,Simonds Saw LLC,False,1,1.7999999999999998,0,0,0,0.0,45.72924273790787,0.0,Simonds,MA,ISNE,0,0.0,65,,fewer than 3 gas sites - excluded from share-at-risk ordering
by_recoverable_usd,prospect (cold outreach),692,Silicon Valley Clean Water,False,1,1.2,0,0,0,0.0,36.90048174442191,0.0,Silicon Valley Clean Water,CA,CISO,0,0.0,65,,fewer than 3 gas sites - excluded from share-at-risk ordering
by_recoverable_usd,prospect (cold outreach),693,"Silicon Hills Campus, LLC",False,2,14.3,0,0,0,0.0,40.75728886498117,0.0,Central Utility Plant,TX,ERCO,0,0.0,65,,fewer than 3 gas sites - excluded from share-at-risk ordering
by_recoverable_usd,prospect (cold outreach),694,Sikorsky Aircraft Corporation,False,1,9.2,0,0,0,0.0,38.81942135018291,0.0,Sikorsky Aircraft CHP,CT,ISNE,0,0.0,65,,fewer than 3 gas sites - excluded from share-at-risk ordering
by_recoverable_usd,prospect (cold outreach),695,"Signal Hill Petroleum, Inc",False,1,5.7,0,0,0,0.0,31.370690610797027,0.0,Signal Hill West Unit,CA,CISO,0,0.0,65,,fewer than 3 gas sites - excluded from share-at-risk ordering
by_recoverable_usd,prospect (cold outreach),696,Signal Hill Generating LLC,False,1,80.0,0,1,0,80.0,72.08956256921373,0.0,Signal Hill Generating LLC,TX,ERCO,0,1.0,65,,fewer than 3 gas sites - excluded from share-at-risk ordering
by_recoverable_usd,prospect (cold outreach),697,Solano County - (CA),False,1,2.8,0,0,0,0.0,59.1168864097363,0.0,Solano County Cogen Plant,CA,CISO,0,0.0,65,,fewer than 3 gas sites - excluded from share-at-risk ordering
by_recoverable_usd,prospect (cold outreach),698,"SunCoke Energy, Inc.",False,2,134.0,0,0,0,0.0,35.91638513513514,0.0,Haverhill North Cogeneration Facility,OH,PJM,0,0.0,65,,fewer than 3 gas sites - excluded from share-at-risk ordering
by_recoverable_usd,prospect (cold outreach),699,Stored Solar J&WE,False,2,0.0,0,0,0,0.0,50.0,0.0,NE Renewable Power Jonesboro,ME,ISNE,0,,65,,fewer than 3 gas sites - excluded from share-at-risk ordering
by_recoverable_usd,prospect (cold outreach),700,Stillwater Utilities Authority,False,2,56.400000000000006,0,0,1,0.0,66.75600505689002,0.0,Stillwater Energy Center,OK,SWPP,0,0.0,65,,fewer than 3 gas sites - excluded from share-at-risk ordering
by_recoverable_usd,prospect (cold outreach),701,Still Water Power LLC,False,1,1.0,0,0,0,0.0,53.20175438596491,0.0,Still Water Power,CA,CISO,0,0.0,65,,fewer than 3 gas sites - excluded from share-at-risk ordering
by_recoverable_usd,prospect (cold outreach),702,"Steuben Rural Elec Coop, Inc",False,1,3.2,0,0,0,0.0,42.868455967674834,0.0,SREC Bath LFGTE,NY,NYIS,0,0.0,65,,fewer than 3 gas sites - excluded from share-at-risk ordering
by_recoverable_usd,prospect (cold outreach),703,Sterling Power Partners LP,False,1,64.2,0,0,0,0.0,59.561811505507954,0.0,Sterling Power Plant,NY,NYIS,1,0.0,65,,fewer than 3 gas sites - excluded from share-at-risk ordering
by_recoverable_usd,prospect (cold outreach),704,State-Fuel Level Increment,False,4,0.0,0,0,0,0.0,50.0,0.0,State-Fuel Level Increment,LA,State-Fuel Level Increment,0,,65,,
by_recoverable_usd,prospect (cold outreach),705,State of Wisconsin,False,3,11.7,0,0,1,0.0,45.666214441060106,0.0,Waupun Correctional Central Heating Plt,WI,MISO,0,0.0,65,58.0,
by_recoverable_usd,prospect (cold outreach),706,State of Rhode Island,False,3,11.0,0,0,1,0.0,49.125096069187336,0.0,Central Power Plant,RI,ISNE,0,0.0,65,58.0,
by_recoverable_usd,prospect (cold outreach),707,State of CA DGS BPM,False,1,2.9,0,0,0,0.0,45.199999999999996,0.0,DGS Central Utility Plant,CA,BANC,0,0.0,65,,fewer than 3 gas sites - excluded from share-at-risk ordering
by_recoverable_usd,prospect (cold outreach),708,State Correctnl Inst Laurel Highlands,False,2,6.5,0,0,0,0.0,51.022333594648984,0.0,Glades Pike Generation Plant,PA,PJM,0,0.0,65,,fewer than 3 gas sites - excluded from share-at-risk ordering
by_recoverable_usd,prospect (cold outreach),709,Southern California P P A,False,2,587.6,0,0,0,0.0,30.43613458757943,0.0,Canyon Power Plant,CA,"CISO, LDWP",2,0.0,65,,fewer than 3 gas sites - excluded from share-at-risk ordering
by_recoverable_usd,prospect (cold outreach),710,St. Mary's Hospital For Children,False,1,0.3,0,0,0,0.0,45.019523326572006,0.0,St. Mary's Hospital For Children,NY,NYIS,0,0.0,65,,fewer than 3 gas sites - excluded from share-at-risk ordering
by_recoverable_usd,prospect (cold outreach),711,St Paul Cogeneration LLC,False,1,0.0,0,0,0,0.0,50.0,0.0,St Paul Cogeneration,MN,MISO,0,,65,,fewer than 3 gas sites - excluded from share-at-risk ordering
by_recoverable_usd,prospect (cold outreach),712,Spruance Genco LLC,False,1,114.8,0,0,0,0.0,54.58861361955367,0.0,Spruance Operating Services LLC,VA,PJM,0,0.0,65,,fewer than 3 gas sites - excluded from share-at-risk ordering
by_recoverable_usd,prospect (cold outreach),713,Springdale Energy LLC,False,2,643.6,0,0,0,0.0,46.178057652991754,0.0,Springdale 1 & 2,PA,PJM,2,0.0,65,,fewer than 3 gas sites - excluded from share-at-risk ordering
by_recoverable_usd,prospect (cold outreach),714,Spring Valley Pub Utils Comm,False,1,0.0,0,0,0,0.0,50.0,0.0,Spring Valley,MN,MISO,0,,65,,fewer than 3 gas sites - excluded from share-at-risk ordering
by_recoverable_usd,prospect (cold outreach),715,Spreckels Sugar Company,False,1,8.9,0,0,0,0.0,46.20535714285714,0.0,Spreckels Sugar Company,CA,IID,0,0.0,65,,fewer than 3 gas sites - excluded from share-at-risk ordering
by_recoverable_usd,prospect (cold outreach),716,Sowega Energy Resources LLC,False,1,121.0,0,0,0,0.0,56.94080448804285,0.0,Baconton Power Plant,GA,SOCO,1,0.0,65,,fewer than 3 gas sites - excluded from share-at-risk ordering
by_recoverable_usd,prospect (cold outreach),717,Southern Minnesota Mun P Agny,False,3,66.4,0,0,0,0.0,43.20062190324939,0.0,SMMPA Methane Energy Facility,MN,MISO,0,0.0,65,58.0,
by_recoverable_usd,prospect (cold outreach),718,Southern Minnesota Beet Sugar,False,1,0.0,0,0,0,0.0,50.0,0.0,Southern Minnesota Beet Sugar,MN,MISO,0,,65,,fewer than 3 gas sites - excluded from share-at-risk ordering
by_recoverable_usd,prospect (cold outreach),719,Southern Indiana Gas & Elec Co,False,6,761.6,0,0,4,0.0,64.90659967672897,0.0,A B Brown,IN,MISO,1,0.0,65,58.0,
by_recoverable_usd,prospect (cold outreach),720,Southern Idaho Solid Waste,False,1,3.9000000000000004,0,0,0,0.0,39.94987468671679,0.0,Milner Butte LFGE,ID,IPCO,0,0.0,65,,fewer than 3 gas sites - excluded from share-at-risk ordering
by_recoverable_usd,prospect (cold outreach),721,"Stamford Health Systems, Inc.",False,1,0.0,0,0,0,0.0,50.0,0.0,Stamford Health,CT,ISNE,0,,65,,fewer than 3 gas sites - excluded from share-at-risk ordering
by_recoverable_usd,prospect (cold outreach),722,Sandy Creek Energy Associates LP,False,1,0.0,0,0,0,0.0,50.0,0.0,Sandy Creek Energy Station,TX,ERCO,0,,65,,fewer than 3 gas sites - excluded from share-at-risk ordering
by_recoverable_usd,prospect (cold outreach),723,San Jose/Santa Clara Water P C,False,1,14.0,0,0,0,0.0,56.13703703703703,0.0,SJ/SC WPCP,CA,CISO,0,0.0,65,,fewer than 3 gas sites - excluded from share-at-risk ordering
by_recoverable_usd,prospect (cold outreach),724,San Antonio Regional Hospital,False,1,2.7,0,0,0,0.0,56.91729323308272,0.0,San Antonio Regional Hospital,CA,CISO,0,0.0,65,,fewer than 3 gas sites - excluded from share-at-risk ordering
by_recoverable_usd,prospect (cold outreach),725,Samchully Power & Utilities 1 LLC,False,1,650.0,0,0,0,0.0,14.642857142857144,0.0,Luna Energy Facility,NM,PNM,1,0.0,65,,fewer than 3 gas sites - excluded from share-at-risk ordering
by_recoverable_usd,prospect (cold outreach),726,Salt River Project,False,12,6026.4,1,3,1,2684.4,58.081769836208046,0.0,Agua Fria,AZ,SRP,9,0.4454400637196336,65,12.0,
by_recoverable_usd,prospect (cold outreach),727,Salinas River Cogeneration Co,False,1,38.9,0,0,0,0.0,30.226824457593686,0.0,Salinas River Cogeneration,CA,CISO,1,0.0,65,,fewer than 3 gas sites - excluded from share-at-risk ordering
by_recoverable_usd,prospect (cold outreach),728,Salem Harbor Power Development LP,False,1,798.2,0,1,0,798.2,60.52411477411477,0.0,Salem Harbor Power Development LP,MA,ISNE,1,1.0,65,,fewer than 3 gas sites - excluded from share-at-risk ordering
by_recoverable_usd,prospect (cold outreach),729,Saint John's Health Center,False,1,1.2,0,0,0,0.0,55.44918998527247,0.0,Saint Johns Health Center,CA,CISO,0,0.0,65,,fewer than 3 gas sites - excluded from share-at-risk ordering
by_recoverable_usd,prospect (cold outreach),730,Saint - Gobain Abrasives Inc,False,1,5.6,0,0,0,0.0,51.98660201149425,0.0,Norton Powerhouse,MA,ISNE,0,0.0,65,,fewer than 3 gas sites - excluded from share-at-risk ordering
by_recoverable_usd,prospect (cold outreach),731,Sagepoint Energy,False,1,3.2,0,0,0,0.0,38.801352835153,0.0,Peoples Generating Station,MI,MISO,0,0.0,65,,fewer than 3 gas sites - excluded from share-at-risk ordering
by_recoverable_usd,prospect (cold outreach),732,Sierra Nevada Brewing Co,False,1,2.0,0,0,0,0.0,38.78829787234042,0.0,Sierra Nevada Brewing Co Hybrid,CA,CISO,0,0.0,65,,fewer than 3 gas sites - excluded from share-at-risk ordering
by_recoverable_usd,prospect (cold outreach),733,SX Landfill Energy LLC,False,1,3.2,0,0,0,0.0,43.3839658649437,0.0,SX Landfill Energy LLC,NJ,PJM,0,0.0,65,,fewer than 3 gas sites - excluded from share-at-risk ordering
by_recoverable_usd,prospect (cold outreach),734,"SWVP Alpharetta Owners, LLC",False,1,0.0,0,0,0,0.0,50.0,0.0,Hewlett Packard Enterprise,GA,SOCO,0,,65,,fewer than 3 gas sites - excluded from share-at-risk ordering
by_recoverable_usd,prospect (cold outreach),735,"SWG Arapahoe, LLC",False,1,194.0,1,0,0,194.0,76.05263157894737,0.0,Arapahoe Combustion Turbine Project,CO,PSCO,1,1.0,65,,fewer than 3 gas sites - excluded from share-at-risk ordering
by_recoverable_usd,prospect (cold outreach),736,SUNY Old Westbury College,False,1,1.8,0,0,0,0.0,40.73618154158215,0.0,SUNY Old Westbury College,NY,NYIS,0,0.0,65,,fewer than 3 gas sites - excluded from share-at-risk ordering
by_recoverable_usd,prospect (cold outreach),737,SRI International,False,1,6.0,0,0,0,0.0,45.56701030927835,0.0,SRI International Cogen Project,CA,CISO,0,0.0,65,,fewer than 3 gas sites - excluded from share-at-risk ordering
by_recoverable_usd,prospect (cold outreach),738,SMUD,False,6,1126.6,0,0,0,0.0,36.94286852905695,0.0,McClellan (CA),CA,BANC,5,0.0,65,58.0,
by_recoverable_usd,prospect (cold outreach),739,SJRR Power LLC,False,1,100.0,0,0,0,0.0,44.31866906783294,0.0,SJRR (LIG),TX,ERCO,1,0.0,65,,fewer than 3 gas sites - excluded from share-at-risk ordering
by_recoverable_usd,prospect (cold outreach),740,SERRF Joint Powers Authority,False,1,0.0,0,0,0,0.0,50.0,0.0,Southeast Resource Recovery,CA,CISO,0,,65,,fewer than 3 gas sites - excluded from share-at-risk ordering
by_recoverable_usd,prospect (cold outreach),741,SEMASS Partnership,False,1,0.0,0,0,0,0.0,50.0,0.0,SEMASS Resource Recovery,MA,ISNE,0,,65,,fewer than 3 gas sites - excluded from share-at-risk ordering
by_recoverable_usd,prospect (cold outreach),742,SC Landfill Energy LLC,False,1,1.9,0,0,0,0.0,39.743027383367135,0.0,SC Landfill Energy LLC,NJ,PJM,0,0.0,65,,fewer than 3 gas sites - excluded from share-at-risk ordering
by_recoverable_usd,prospect (cold outreach),743,"SABIC IP Mt. Vernon, LLC",False,1,108.0,0,0,0,0.0,13.557422969187675,0.0,SABIC Innovative Plastics Mt. Vernon,IN,MISO,0,0.0,65,,fewer than 3 gas sites - excluded from share-at-risk ordering
by_recoverable_usd,prospect (cold outreach),744,Sabine Cogen LP,False,1,106.5,0,0,0,0.0,39.25844213410703,0.0,Sabine Cogen,TX,MISO,0,0.0,65,,fewer than 3 gas sites - excluded from share-at-risk ordering
by_recoverable_usd,prospect (cold outreach),745,Sidney Sugars Incorporated,False,2,2.0,0,0,0,0.0,48.16849816849816,0.0,Sidney MT Plant,"MT, WY","NWMT, WACM",0,0.0,65,,fewer than 3 gas sites - excluded from share-at-risk ordering
by_recoverable_usd,prospect (cold outreach),746,Sid Richardson Carbon Ltd,False,1,30.0,0,1,0,30.0,64.43498563218391,0.0,Borger Plant,TX,SWPP,0,1.0,65,,fewer than 3 gas sites - excluded from share-at-risk ordering
by_recoverable_usd,prospect (cold outreach),747,"Shelby County Energy Center, LLC",False,1,483.0,0,0,0,0.0,61.31078649247254,0.0,Shelby Energy County,IL,MISO,1,0.0,65,,fewer than 3 gas sites - excluded from share-at-risk ordering
by_recoverable_usd,prospect (cold outreach),748,"Sheboygan Power, LLC",False,1,346.8,0,0,0,0.0,42.5331057049002,0.0,Sheboygan Falls,WI,MISO,1,0.0,65,,fewer than 3 gas sites - excluded from share-at-risk ordering
by_recoverable_usd,prospect (cold outreach),749,"Shawville Power, LLC",False,1,626.0,0,0,0,0.0,63.38385093167704,0.0,Shawville,PA,PJM,1,0.0,65,,fewer than 3 gas sites - excluded from share-at-risk ordering
by_recoverable_usd,prospect (cold outreach),750,"Shasta Sustainable Resource Management, Inc.",False,1,0.0,0,0,0,0.0,50.0,0.0,Wheelabrator Shasta,CA,CISO,0,,65,,fewer than 3 gas sites - excluded from share-at-risk ordering
by_recoverable_usd,prospect (cold outreach),751,Shady Hills Power Co LLC,False,1,541.2,0,0,0,0.0,47.233560090702944,0.0,Shady Hills Generating Station,FL,FPC,1,0.0,65,,fewer than 3 gas sites - excluded from share-at-risk ordering
by_recoverable_usd,prospect (cold outreach),752,Shadow Wolf Energy,False,1,42.8,0,0,1,0.0,69.20638297872341,0.0,Berry Placerita Cogen,CA,CISO,0,0.0,65,,fewer than 3 gas sites - excluded from share-at-risk ordering
by_recoverable_usd,prospect (cold outreach),753,"Sentinel Peak Resources California, LLC",False,2,11.0,0,0,0,0.0,46.12384716732543,0.0,Dome Project,CA,CISO,0,0.0,65,,fewer than 3 gas sites - excluded from share-at-risk ordering
by_recoverable_usd,prospect (cold outreach),754,Seneca Power Partners LP,False,1,66.2,0,0,0,0.0,56.336189310485516,0.0,Batavia Power Plant,NY,NYIS,1,0.0,65,,fewer than 3 gas sites - excluded from share-at-risk ordering
by_recoverable_usd,prospect (cold outreach),755,Seneca Energy II,False,2,28.800000000000004,0,0,0,0.0,63.44082037489267,0.0,Seneca Energy,NY,NYIS,0,0.0,65,,fewer than 3 gas sites - excluded from share-at-risk ordering
by_recoverable_usd,prospect (cold outreach),756,Santa Barbara County,False,1,5.0,0,0,0,0.0,40.68990872210953,0.0,Santa Barbara ReSource Center,CA,CISO,0,0.0,65,,fewer than 3 gas sites - excluded from share-at-risk ordering
by_recoverable_usd,prospect (cold outreach),757,Selkirk Cogen Partners LP,False,1,446.0,0,0,0,0.0,54.344672092101256,0.0,Selkirk Cogen,NY,NYIS,1,0.0,65,,fewer than 3 gas sites - excluded from share-at-risk ordering
by_recoverable_usd,prospect (cold outreach),758,Searles Valley Minerals Operations Inc.,False,1,0.0,0,0,0,0.0,51.843246592317215,0.0,Argus Cogen Plant,CA,CISO,0,,65,,fewer than 3 gas sites - excluded from share-at-risk ordering
by_recoverable_usd,prospect (cold outreach),759,Seadrift Coke L P,False,1,0.0,0,0,0,0.0,50.0,0.0,Seadrift Coke LP,TX,ERCO,0,,65,,fewer than 3 gas sites - excluded from share-at-risk ordering
by_recoverable_usd,prospect (cold outreach),760,"Sayreville Power, LLC",False,1,212.0,0,0,0,0.0,51.63059163059163,0.0,Sayreville,NJ,PJM,1,0.0,65,,fewer than 3 gas sites - excluded from share-at-risk ordering
by_recoverable_usd,prospect (cold outreach),761,Sauder Woodworking Co,False,1,0.0,0,0,0,0.0,50.0,0.0,Sauder Power Plant,OH,PJM,0,,65,,fewer than 3 gas sites - excluded from share-at-risk ordering
by_recoverable_usd,prospect (cold outreach),762,Sargent Canyon Cogeneration Co,False,1,38.2,0,0,0,0.0,52.56410256410257,0.0,Sargent Canyon Cogeneration,CA,CISO,0,0.0,65,,fewer than 3 gas sites - excluded from share-at-risk ordering
by_recoverable_usd,prospect (cold outreach),763,Saranac Power Partners LP,False,1,285.6,0,0,0,0.0,33.53258226290714,0.0,Saranac Facility,NY,NYIS,1,0.0,65,,fewer than 3 gas sites - excluded from share-at-risk ordering
by_recoverable_usd,prospect (cold outreach),764,Sappi Fine Paper North America-Somerset,False,1,0.0,0,0,0,0.0,50.0,0.0,Somerset Plant,ME,ISNE,0,,65,,fewer than 3 gas sites - excluded from share-at-risk ordering
by_recoverable_usd,prospect (cold outreach),765,Sappi Cloquet LLC,False,1,0.0,0,0,0,0.0,50.0,0.0,Sappi Cloquet Mill,MN,MISO,0,,65,,fewer than 3 gas sites - excluded from share-at-risk ordering
by_recoverable_usd,prospect (cold outreach),766,Santee Cooper,False,11,1186.3000000000002,0,0,0,0.0,34.67058078496458,0.0,Lee County Landfill,SC,"DUK, SC",2,0.0,65,58.0,
by_recoverable_usd,prospect (cold outreach),767,Santa Cruz Energy LLC,False,1,1.6,0,0,0,0.0,42.21031947261663,0.0,Santa Cruz Energy,CA,CISO,0,0.0,65,,fewer than 3 gas sites - excluded from share-at-risk ordering
by_recoverable_usd,prospect (cold outreach),768,Seminole Electric Cooperative,False,4,2036.5,0,0,0,0.0,43.30404795063139,0.0,Midulla Generating Station,FL,SEC,3,0.0,65,58.0,
by_recoverable_usd,prospect (cold outreach),769,City of Burlingame - (KS),False,1,4.0,0,0,1,0.0,68.75691933062984,0.0,Burlingame,KS,SWPP,0,0.0,65,,fewer than 3 gas sites - excluded from share-at-risk ordering
by_recoverable_usd,prospect (cold outreach),770,City of Brooklyn - (IA),False,1,0.0,0,0,0,0.0,50.0,0.0,Brooklyn,IA,MISO,0,,65,,fewer than 3 gas sites - excluded from share-at-risk ordering
by_recoverable_usd,prospect (cold outreach),771,City of Broken Bow - (NE),False,1,7.4,0,0,1,0.0,72.34749813293503,0.0,Broken Bow,NE,SWPP,0,0.0,65,,fewer than 3 gas sites - excluded from share-at-risk ordering
by_recoverable_usd,prospect (cold outreach),772,City of Breese - (IL),False,1,0.0,0,0,0,0.0,50.0,0.0,Breese,IL,MISO,0,,65,,fewer than 3 gas sites - excluded from share-at-risk ordering
by_recoverable_usd,prospect (cold outreach),773,City of Bloomfield - (IA),False,1,7.9,0,0,1,0.0,69.56248184629007,0.0,Bloomfield,IA,AECI,0,0.0,65,,fewer than 3 gas sites - excluded from share-at-risk ordering
by_recoverable_usd,prospect (cold outreach),774,City of Beloit - (KS),False,1,19.299999999999997,0,0,0,0.0,63.21800741676853,0.0,Beloit,KS,SWPP,0,0.0,65,,fewer than 3 gas sites - excluded from share-at-risk ordering
by_recoverable_usd,prospect (cold outreach),775,City of Bellevue - (IA),False,1,0.0,0,0,0,0.0,50.0,0.0,Bellevue,IA,MISO,0,,65,,fewer than 3 gas sites - excluded from share-at-risk ordering
by_recoverable_usd,prospect (cold outreach),776,City of Belleville - (KS),False,1,11.5,0,0,0,0.0,60.979873210549215,0.0,Belleville,KS,SWPP,0,0.0,65,,fewer than 3 gas sites - excluded from share-at-risk ordering
by_recoverable_usd,prospect (cold outreach),777,City of Beaver City - (NE),False,1,1.2,0,0,1,0.0,61.38461538461538,0.0,Beaver City,NE,SWPP,0,0.0,65,,fewer than 3 gas sites - excluded from share-at-risk ordering
by_recoverable_usd,prospect (cold outreach),778,City of Bay City - (MI),False,2,28.0,0,0,0,0.0,57.78048780487806,0.0,Water Street Station,MI,MISO,0,0.0,65,,fewer than 3 gas sites - excluded from share-at-risk ordering
by_recoverable_usd,prospect (cold outreach),779,Inland Paperboard - Rome Mill,False,1,0.0,0,0,0,0.0,50.0,0.0,Inland Paperboard Packaging Rome,GA,SOCO,0,,65,,fewer than 3 gas sites - excluded from share-at-risk ordering
by_recoverable_usd,prospect (cold outreach),780,City of Augusta - (KS),False,2,29.2,0,0,1,0.0,62.12175020101849,0.0,Augusta Electric Plant No 1,KS,SWPP,0,0.0,65,,fewer than 3 gas sites - excluded from share-at-risk ordering
by_recoverable_usd,prospect (cold outreach),781,City of Ashland - (KS),False,1,1.5,0,0,1,0.0,62.835164835164825,0.0,Ashland,KS,SWPP,0,0.0,65,,fewer than 3 gas sites - excluded from share-at-risk ordering
by_recoverable_usd,prospect (cold outreach),782,City of Arcadia - (WI),False,1,6.0,0,0,0,0.0,50.06334293231681,0.0,Arcadia Electric,WI,MISO,0,0.0,65,,fewer than 3 gas sites - excluded from share-at-risk ordering
by_recoverable_usd,prospect (cold outreach),783,City of Anthony - (KS),False,1,11.1,0,0,0,0.0,58.71718908616297,0.0,Anthony,KS,SWPP,0,0.0,65,,fewer than 3 gas sites - excluded from share-at-risk ordering
by_recoverable_usd,prospect (cold outreach),784,City of Ansley - (NE),False,1,1.5,0,0,1,0.0,70.14123403872306,0.0,Ansley,NE,SWPP,0,0.0,65,,fewer than 3 gas sites - excluded from share-at-risk ordering
by_recoverable_usd,prospect (cold outreach),785,City of Alta - (IA),False,1,0.0,0,0,0,0.0,50.0,0.0,Alta Municipal Utilities,IA,SWPP,0,,65,,fewer than 3 gas sites - excluded from share-at-risk ordering
by_recoverable_usd,prospect (cold outreach),786,City of Alexandria - (MN),False,1,0.0,0,0,0,0.0,50.0,0.0,Alexandria,MN,MISO,0,,65,,fewer than 3 gas sites - excluded from share-at-risk ordering
by_recoverable_usd,prospect (cold outreach),787,City of Akron - (OH),False,1,1.7999999999999998,0,0,0,0.0,56.19620575502929,0.0,Akron WRF,OH,PJM,0,0.0,65,,fewer than 3 gas sites - excluded from share-at-risk ordering
by_recoverable_usd,prospect (cold outreach),788,City Water and Light Plant - (AR),False,1,224.3,0,0,0,0.0,43.58027030440824,0.0,Jonesboro City Water & Light Plant,AR,MISO,1,0.0,65,,fewer than 3 gas sites - excluded from share-at-risk ordering
by_recoverable_usd,prospect (cold outreach),789,City Utilities of Springfield - (MO),False,5,589.3,0,0,0,0.0,54.732392496659145,0.0,James River Power Station,MO,SWPP,3,0.0,65,58.0,
by_recoverable_usd,prospect (cold outreach),790,City & County of San Francisco - (CA),False,1,2.1,0,0,0,0.0,63.85185185185184,0.0,SF Southeast Cogen Plant,CA,CISO,0,0.0,65,,fewer than 3 gas sites - excluded from share-at-risk ordering
by_recoverable_usd,prospect (cold outreach),791,City of Baldwin City- (KS),False,2,6.4,0,0,0,0.0,55.17076575664904,0.0,Baldwin City Plant No 2,KS,SWPP,0,0.0,65,,fewer than 3 gas sites - excluded from share-at-risk ordering
by_recoverable_usd,prospect (cold outreach),792,City of Fairfield- (IL),False,1,0.0,0,0,0,0.0,50.0,0.0,Fairfield,IL,MISO,0,,65,,fewer than 3 gas sites - excluded from share-at-risk ordering
by_recoverable_usd,prospect (cold outreach),793,City of Estherville - (IA),False,1,14.0,0,0,0,0.0,59.90573660113116,0.0,Estherville,IA,SWPP,0,0.0,65,,fewer than 3 gas sites - excluded from share-at-risk ordering
by_recoverable_usd,prospect (cold outreach),794,City of Emerson - (NE),False,1,1.5,0,0,1,0.0,70.29693436445595,0.0,Emerson,NE,SWPP,0,0.0,65,,fewer than 3 gas sites - excluded from share-at-risk ordering
by_recoverable_usd,prospect (cold outreach),795,City of Elroy - (WI),False,1,0.0,0,0,0,0.0,50.0,0.0,Elroy,WI,MISO,0,,65,,fewer than 3 gas sites - excluded from share-at-risk ordering
by_recoverable_usd,prospect (cold outreach),796,City of Ellinwood - (KS),False,1,7.8999999999999995,0,0,1,0.0,70.1143234899884,0.0,Ellinwood,KS,SWPP,0,0.0,65,,fewer than 3 gas sites - excluded from share-at-risk ordering
by_recoverable_usd,prospect (cold outreach),797,City of Elk River,False,1,3.2,0,0,0,0.0,49.11631364745434,0.0,Elk River City of,MN,MISO,0,0.0,65,,fewer than 3 gas sites - excluded from share-at-risk ordering
by_recoverable_usd,prospect (cold outreach),798,City of Durant - (IA),False,1,0.0,0,0,0,0.0,50.0,0.0,Durant,IA,MISO,0,,65,,fewer than 3 gas sites - excluded from share-at-risk ordering
by_recoverable_usd,prospect (cold outreach),799,City of Denton - (TX),False,2,227.20000000000005,0,0,1,0.0,73.19432783113702,0.0,Denton Energy Center,TX,ERCO,0,0.0,65,,fewer than 3 gas sites - excluded from share-at-risk ordering
by_recoverable_usd,prospect (cold outreach),800,City of David City -(NE),False,1,4.8,0,0,1,0.0,69.83554624117858,0.0,David City,NE,SWPP,0,0.0,65,,fewer than 3 gas sites - excluded from share-at-risk ordering
by_recoverable_usd,prospect (cold outreach),801,City of Cushing - (OK),False,1,24.6,0,0,1,0.0,68.99951314508277,0.0,Cushing,OK,SWPP,0,0.0,65,,fewer than 3 gas sites - excluded from share-at-risk ordering
by_recoverable_usd,prospect (cold outreach),802,City of Burlington - (KS),False,1,4.8,0,0,1,0.0,65.40295013362613,0.0,Burlington (KS),KS,SWPP,0,0.0,65,,fewer than 3 gas sites - excluded from share-at-risk ordering
by_recoverable_usd,prospect (cold outreach),803,City of Cumberland - (WI),False,1,12.1,0,0,0,0.0,52.70655078829063,0.0,Cumberland (WI),WI,MISO,0,0.0,65,,fewer than 3 gas sites - excluded from share-at-risk ordering
by_recoverable_usd,prospect (cold outreach),804,City of Croswell - (MI),False,1,0.0,0,0,0,0.0,50.0,0.0,Croswell,MI,MISO,0,,65,,fewer than 3 gas sites - excluded from share-at-risk ordering
by_recoverable_usd,prospect (cold outreach),805,City of Crete - (NE),False,1,6.0,0,0,1,0.0,68.41463414634147,0.0,Crete,NE,SWPP,0,0.0,65,,fewer than 3 gas sites - excluded from share-at-risk ordering
by_recoverable_usd,prospect (cold outreach),806,City of Colby - (KS),False,1,0.0,0,0,0,0.0,50.0,0.0,Colby City of,KS,SWPP,0,,65,,fewer than 3 gas sites - excluded from share-at-risk ordering
by_recoverable_usd,prospect (cold outreach),807,City of Center - (CO),False,1,0.0,0,0,0,0.0,50.0,0.0,Center,CO,PSCO,0,,65,,fewer than 3 gas sites - excluded from share-at-risk ordering
by_recoverable_usd,prospect (cold outreach),808,City of Carthage - (MO),False,1,41.8,0,0,1,0.0,65.77529055915805,0.0,Carthage,MO,SWPP,0,0.0,65,,fewer than 3 gas sites - excluded from share-at-risk ordering
by_recoverable_usd,prospect (cold outreach),809,City of Carmi - (IL),False,1,0.0,0,0,0,0.0,50.0,0.0,Carmi,IL,MISO,0,,65,,fewer than 3 gas sites - excluded from share-at-risk ordering
by_recoverable_usd,prospect (cold outreach),810,City of Carlyle - (IL),False,1,0.0,0,0,0,0.0,50.0,0.0,Carlyle,IL,MISO,0,,65,,fewer than 3 gas sites - excluded from share-at-risk ordering
by_recoverable_usd,prospect (cold outreach),811,City of Butler - (MO),False,1,0.0,0,0,0,0.0,50.0,0.0,Butler Municipal Power Plant,MO,SWPP,0,,65,,fewer than 3 gas sites - excluded from share-at-risk ordering
by_recoverable_usd,prospect (cold outreach),812,City of Bushnell - (IL),False,1,0.0,0,0,0,0.0,50.0,0.0,Bushnell,IL,MISO,0,,65,,fewer than 3 gas sites - excluded from share-at-risk ordering
by_recoverable_usd,prospect (cold outreach),813,City of Burwell - (NE),False,1,0.0,0,0,0,0.0,50.0,0.0,Burwell,NE,SWPP,0,,65,,fewer than 3 gas sites - excluded from share-at-risk ordering
by_recoverable_usd,prospect (cold outreach),814,City of Curtis - (NE),False,1,3.4,0,0,1,0.0,70.71502506854014,0.0,Curtis,NE,SWPP,0,0.0,65,,fewer than 3 gas sites - excluded from share-at-risk ordering
by_recoverable_usd,prospect (cold outreach),815,Carrollton Board of Public Wks,False,1,18.599999999999998,0,0,1,0.0,62.91793313069909,0.0,Carrollton,MO,SWPP,0,0.0,65,,fewer than 3 gas sites - excluded from share-at-risk ordering
by_recoverable_usd,prospect (cold outreach),816,Carroll County Energy LLC,False,1,832.3,0,0,0,0.0,29.08005926251097,0.0,Carroll County Energy,OH,PJM,1,0.0,65,,fewer than 3 gas sites - excluded from share-at-risk ordering
by_recoverable_usd,prospect (cold outreach),817,"Carolina Power Partners, LLC",False,1,543.9,0,0,0,0.0,29.522783251231527,0.0,Kings Mountain Energy Center,NC,DUK,1,0.0,65,,fewer than 3 gas sites - excluded from share-at-risk ordering
by_recoverable_usd,prospect (cold outreach),818,Carlsbad Energy Center LLC,False,1,659.0,0,0,0,0.0,65.87301587301587,0.0,Carlsbad Energy Center,CA,CISO,0,0.0,65,,fewer than 3 gas sites - excluded from share-at-risk ordering
by_recoverable_usd,prospect (cold outreach),819,Cargill Salt Hersey,False,1,2.1,0,0,0,0.0,53.92306034482759,0.0,Cargill Salt Hersey,MI,MISO,0,0.0,65,,fewer than 3 gas sites - excluded from share-at-risk ordering
by_recoverable_usd,prospect (cold outreach),820,Cargill Inc North America Sweetners,False,1,40.0,0,0,0,0.0,50.19806034482759,0.0,Cargill Corn Milling Division,IA,MISO,0,0.0,65,,fewer than 3 gas sites - excluded from share-at-risk ordering
by_recoverable_usd,prospect (cold outreach),821,Cargill Inc,False,1,4.2,0,0,0,0.0,53.21293103448275,0.0,Cargill Salt,MI,MISO,0,0.0,65,,fewer than 3 gas sites - excluded from share-at-risk ordering
by_recoverable_usd,prospect (cold outreach),822,Capitol District Energy Center,False,1,70.5,0,1,0,70.5,69.93404015746967,0.0,Capitol District Energy Center,CT,ISNE,0,1.0,65,,fewer than 3 gas sites - excluded from share-at-risk ordering
by_recoverable_usd,prospect (cold outreach),823,Cape May County Municipal - (NJ),False,1,1.1,0,0,0,0.0,52.066556795131845,0.0,Woodbine Landfill Plant,NJ,PJM,0,0.0,65,,fewer than 3 gas sites - excluded from share-at-risk ordering
by_recoverable_usd,prospect (cold outreach),824,Canal Generating LLC,False,2,330.0,0,0,0,0.0,44.79891956089051,0.0,Canal,MA,ISNE,2,0.0,65,,fewer than 3 gas sites - excluded from share-at-risk ordering
by_recoverable_usd,prospect (cold outreach),825,Citrus World Inc,False,1,10.7,0,0,0,0.0,52.37340425531916,0.0,Florida's Natural Growers,FL,FPC,0,0.0,65,,fewer than 3 gas sites - excluded from share-at-risk ordering
by_recoverable_usd,prospect (cold outreach),826,Cambria CoGen Co,False,1,0.0,0,0,0,0.0,47.97087980173481,0.0,Cambria Cogen,PA,PJM,0,,65,,fewer than 3 gas sites - excluded from share-at-risk ordering
by_recoverable_usd,prospect (cold outreach),827,CamChino Leasing LLC,False,1,30.8,0,0,1,0.0,62.604166666666664,0.0,CamChino Leasing LLC,CA,CISO,0,0.0,65,,fewer than 3 gas sites - excluded from share-at-risk ordering
by_recoverable_usd,prospect (cold outreach),828,California Resources Elk Hills LLC,False,2,669.6,0,0,0,0.0,32.80758840941754,0.0,Elk Hills Cogen,CA,CISO,1,0.0,65,,fewer than 3 gas sites - excluded from share-at-risk ordering
by_recoverable_usd,prospect (cold outreach),829,California Power Holdings LLC,False,2,96.0,0,0,0,0.0,52.055773374215335,0.0,Chowchilla II,CA,CISO,0,0.0,65,,fewer than 3 gas sites - excluded from share-at-risk ordering
by_recoverable_usd,prospect (cold outreach),830,California Institute-Technology,False,1,13.0,0,0,0,0.0,55.42763157894736,0.0,California Institute of Technology,CA,CISO,0,0.0,65,,fewer than 3 gas sites - excluded from share-at-risk ordering
by_recoverable_usd,prospect (cold outreach),831,California Holdings Delano LLC,False,1,60.5,0,0,0,0.0,44.71184064207319,0.0,Delano Energy Center,CA,CISO,1,0.0,65,,fewer than 3 gas sites - excluded from share-at-risk ordering
by_recoverable_usd,prospect (cold outreach),832,California Dept. of Water Resources,False,4,231.8,0,0,0,0.0,46.73181351940428,0.0,Greenleaf 1,CA,"BANC, CISO",1,0.0,65,58.0,
by_recoverable_usd,prospect (cold outreach),833,California Dept of Corrections,False,1,2.6,0,0,1,0.0,67.34120385766545,0.0,Richard J Donovan Correctional Facility,CA,CISO,0,0.0,65,,fewer than 3 gas sites - excluded from share-at-risk ordering
by_recoverable_usd,prospect (cold outreach),834,CalPeak Power - Vaca Dixon LLC,False,1,60.5,0,0,0,0.0,50.1297361762478,0.0,CalPeak Power Vaca Dixon Peaker Plant,CA,CISO,1,0.0,65,,fewer than 3 gas sites - excluded from share-at-risk ordering
by_recoverable_usd,prospect (cold outreach),835,CalPeak Power - Panoche LLC,False,1,60.5,0,0,0,0.0,52.201888829795806,0.0,CalPeak Power Panoche Peaker Plant,CA,CISO,1,0.0,65,,fewer than 3 gas sites - excluded from share-at-risk ordering
by_recoverable_usd,prospect (cold outreach),836,CalPeak Power - Enterprise LLC,False,1,58.9,0,0,0,0.0,55.5944055944056,0.0,CalPeak Power Enterprise Peaker Plant,CA,CISO,1,0.0,65,,fewer than 3 gas sites - excluded from share-at-risk ordering
by_recoverable_usd,prospect (cold outreach),837,"Camden Plant Holdings, L.L.C.",False,1,172.9,0,1,0,172.9,69.3912812333865,0.0,Camden Plant Holding LLC,NJ,PJM,1,1.0,65,,fewer than 3 gas sites - excluded from share-at-risk ordering
by_recoverable_usd,prospect (cold outreach),838,Citizens Thermal Energy,False,1,5.0,0,0,0,0.0,51.13636363636363,0.0,CC Perry K,IN,MISO,0,0.0,65,,fewer than 3 gas sites - excluded from share-at-risk ordering
by_recoverable_usd,prospect (cold outreach),839,Cinnamon Bay LLC,False,1,9.6,0,0,0,0.0,34.23402255639098,0.0,Cinnamon Bay Edgeboro Landfill,NJ,PJM,0,0.0,65,,fewer than 3 gas sites - excluded from share-at-risk ordering
by_recoverable_usd,prospect (cold outreach),840,Chugach Electric Assn Inc,False,6,954.0999999999999,0,1,1,195.2,57.254081918691945,0.0,George M Sullivan Generation Plant 2,AK,nan,0,0.20459071376166021,65,28.0,
by_recoverable_usd,prospect (cold outreach),841,"Choctaw Generation L.P, L.L.L.P.",False,1,0.0,0,0,1,0.0,53.02044609665427,0.0,Red Hills Generating Facility,MS,TVA,0,,65,,fewer than 3 gas sites - excluded from share-at-risk ordering
by_recoverable_usd,prospect (cold outreach),842,Chickadee 3-G Purchaser LLC,False,2,34.8,0,0,0,0.0,44.639339565360395,0.0,Chickadee G-3,TX,MISO,0,0.0,65,,fewer than 3 gas sites - excluded from share-at-risk ordering
by_recoverable_usd,prospect (cold outreach),843,Cheyenne Light Fuel & Power,False,2,140.0,0,0,0,0.0,42.965464733432796,0.0,Cheyenne Prairie Generating Station,WY,WACM,2,0.0,65,,fewer than 3 gas sites - excluded from share-at-risk ordering
by_recoverable_usd,prospect (cold outreach),844,Cherokee County Cogen Partners LLC,False,1,117.7,0,0,0,0.0,20.23772801251687,0.0,Cherokee County Cogen,SC,SC,1,0.0,65,,fewer than 3 gas sites - excluded from share-at-risk ordering
by_recoverable_usd,prospect (cold outreach),845,Chautauqua County,False,1,9.6,0,0,0,0.0,56.9028002325621,0.0,Chautauqua LFGTE Facility,NY,NYIS,0,0.0,65,,fewer than 3 gas sites - excluded from share-at-risk ordering
by_recoverable_usd,prospect (cold outreach),846,Chamon Power LLC,False,1,121.0,0,0,0,0.0,53.27117327117328,0.0,Chamon,TX,ERCO,1,0.0,65,,fewer than 3 gas sites - excluded from share-at-risk ordering
by_recoverable_usd,prospect (cold outreach),847,"Chambersburg Energy, LLC",False,1,87.6,0,0,0,0.0,55.49887778004489,0.0,Chambersburg,PA,PJM,1,0.0,65,,fewer than 3 gas sites - excluded from share-at-risk ordering
by_recoverable_usd,prospect (cold outreach),848,Central Valley Ag Power LLC,False,1,1.5,0,0,0,0.0,47.27891156462585,0.0,Central Valley Ag Power,CA,CISO,0,0.0,65,,fewer than 3 gas sites - excluded from share-at-risk ordering
by_recoverable_usd,prospect (cold outreach),849,Carthage Energy LLC,False,1,62.9,0,0,0,0.0,39.33374133006936,0.0,Carthage Energy LLC,NY,NYIS,1,0.0,65,,fewer than 3 gas sites - excluded from share-at-risk ordering
by_recoverable_usd,prospect (cold outreach),850,Central Florida Tourism Oversight District,False,1,70.0,0,0,1,0.0,61.469414893617014,0.0,Central Energy Plant,FL,FPC,0,0.0,65,,fewer than 3 gas sites - excluded from share-at-risk ordering
by_recoverable_usd,prospect (cold outreach),851,Central Contra Costa Sanitary District,False,1,3.5,0,0,0,0.0,52.44762221483206,0.0,CCCSD Wastewater Treatment Plnt,CA,CISO,0,0.0,65,,fewer than 3 gas sites - excluded from share-at-risk ordering
by_recoverable_usd,prospect (cold outreach),852,Central Connecticut State University,False,1,2.6,0,0,0,0.0,60.24859943977591,0.0,CCSU Co-Gen-STBY Gen,CT,ISNE,0,0.0,65,,fewer than 3 gas sites - excluded from share-at-risk ordering
by_recoverable_usd,prospect (cold outreach),853,"Centerstream STL, LLC",False,2,33.0,0,0,0,0.0,40.270786092248734,0.0,Trigen St. Louis,MO,MISO,0,0.0,65,,fewer than 3 gas sites - excluded from share-at-risk ordering
by_recoverable_usd,prospect (cold outreach),854,Cedar Falls Utilities,False,2,94.9,0,0,0,0.0,54.885927217424886,0.0,Gas Turbine (IA),IA,MISO,1,0.0,65,,fewer than 3 gas sites - excluded from share-at-risk ordering
by_recoverable_usd,prospect (cold outreach),855,Caterpillar Inc,False,1,9.3,0,0,0,0.0,65.87301587301587,0.0,Caterpillar,IN,MISO,0,0.0,65,,fewer than 3 gas sites - excluded from share-at-risk ordering
by_recoverable_usd,prospect (cold outreach),856,Catawba County,False,1,2.9,0,0,0,0.0,54.62495809746687,0.0,Blackburn Landfill Co-Generation,NC,DUK,0,0.0,65,,fewer than 3 gas sites - excluded from share-at-risk ordering
by_recoverable_usd,prospect (cold outreach),857,Casella Waste Systems,False,2,11.200000000000001,0,0,0,0.0,43.288701520167955,0.0,Clinton LFGTE Facility,NY,NYIS,0,0.0,65,,fewer than 3 gas sites - excluded from share-at-risk ordering
by_recoverable_usd,prospect (cold outreach),858,Casco Bay Energy Co LLC,False,1,550.2,0,0,0,0.0,44.94789106915148,0.0,Maine Independence Station,ME,ISNE,1,0.0,65,,fewer than 3 gas sites - excluded from share-at-risk ordering
by_recoverable_usd,prospect (cold outreach),859,Cascade Municipal Utilities - (IA),False,1,0.0,0,0,0,0.0,50.0,0.0,Cascade,IA,MISO,0,,65,,fewer than 3 gas sites - excluded from share-at-risk ordering
by_recoverable_usd,prospect (cold outreach),860,Carville Energy LLC,False,1,555.0,0,0,0,0.0,40.60969744690389,0.0,Carville Energy LLC,LA,MISO,1,0.0,65,,fewer than 3 gas sites - excluded from share-at-risk ordering
by_recoverable_usd,prospect (cold outreach),861,Central Hudson Gas & Elec Corp,False,1,21.3,0,0,0,0.0,62.25768872320596,0.0,Coxsackie,NY,NYIS,0,0.0,65,,fewer than 3 gas sites - excluded from share-at-risk ordering
by_recoverable_usd,prospect (cold outreach),862,City of Preston - (IA),False,1,1.8,0,0,1,0.0,68.06731772702173,0.0,Preston (IA),IA,MISO,0,0.0,65,,fewer than 3 gas sites - excluded from share-at-risk ordering
by_recoverable_usd,prospect (cold outreach),863,City of Portland - (MI),False,1,0.0,0,0,0,0.0,50.0,0.0,Frank Jenkins,MI,MISO,0,,65,,fewer than 3 gas sites - excluded from share-at-risk ordering
by_recoverable_usd,prospect (cold outreach),864,City of Poplar Bluff - (MO),False,1,34.1,0,0,1,0.0,65.60975609756099,0.0,Poplar Bluff Generating Station,MO,SWPP,0,0.0,65,,fewer than 3 gas sites - excluded from share-at-risk ordering
by_recoverable_usd,prospect (cold outreach),865,City of Piggott - (AR),False,1,0.0,0,0,0,0.0,50.0,0.0,Municipal Light,AR,SPA,0,,65,,fewer than 3 gas sites - excluded from share-at-risk ordering
by_recoverable_usd,prospect (cold outreach),866,City of Pender - (NE),False,1,4.9,0,0,1,0.0,71.38468179617732,0.0,Pender,NE,SWPP,0,0.0,65,,fewer than 3 gas sites - excluded from share-at-risk ordering
by_recoverable_usd,prospect (cold outreach),867,City of Pawhuska - (OK),False,1,0.0,0,0,0,0.0,50.0,0.0,Pawhuska,OK,SWPP,0,,65,,fewer than 3 gas sites - excluded from share-at-risk ordering
by_recoverable_usd,prospect (cold outreach),868,City of Palo Alto,False,1,4.4,0,0,0,0.0,63.70613590263692,0.0,City of Palo Alto,CA,CISO,0,0.0,65,,fewer than 3 gas sites - excluded from share-at-risk ordering
by_recoverable_usd,prospect (cold outreach),869,City of Oxnard - (CA),False,1,1.5,0,0,0,0.0,48.459631266299624,0.0,Oxnard Wastewater Treatment Plant,CA,CISO,0,0.0,65,,fewer than 3 gas sites - excluded from share-at-risk ordering
by_recoverable_usd,prospect (cold outreach),870,City of Osborne - (KS),False,1,1.7,0,0,1,0.0,67.64010650176489,0.0,Osborne,KS,SWPP,0,0.0,65,,fewer than 3 gas sites - excluded from share-at-risk ordering
by_recoverable_usd,prospect (cold outreach),871,City of Osawatomie - (KS),False,1,0.0,0,0,0,0.0,50.0,0.0,Osawatomie City of,KS,SWPP,0,,65,,fewer than 3 gas sites - excluded from share-at-risk ordering
by_recoverable_usd,prospect (cold outreach),872,City of Falls City - (NE),False,1,29.8,0,0,1,0.0,67.3137520976196,0.0,Falls City,NE,SWPP,0,0.0,65,,fewer than 3 gas sites - excluded from share-at-risk ordering
by_recoverable_usd,prospect (cold outreach),873,City of Ord - (NE),False,1,0.0,0,0,0,0.0,50.0,0.0,Ord,NE,SWPP,0,,65,,fewer than 3 gas sites - excluded from share-at-risk ordering
by_recoverable_usd,prospect (cold outreach),874,City of Omaha - (NE),False,2,4.5,0,0,0,0.0,39.02618623206858,0.0,Papillion Creek Wastewater,NE,SWPP,0,0.0,65,,fewer than 3 gas sites - excluded from share-at-risk ordering
by_recoverable_usd,prospect (cold outreach),875,City of Ogden - (IA),False,1,0.0,0,0,0,0.0,50.0,0.0,Ogden,IA,MISO,0,,65,,fewer than 3 gas sites - excluded from share-at-risk ordering
by_recoverable_usd,prospect (cold outreach),876,City of Oberlin - (OH),False,1,17.4,0,0,0,0.0,55.86121527274234,0.0,Oberlin (OH),OH,PJM,0,0.0,65,,fewer than 3 gas sites - excluded from share-at-risk ordering
by_recoverable_usd,prospect (cold outreach),877,City of New Roads - (LA),False,1,9.4,0,0,1,0.0,63.58241758241759,0.0,New Roads,LA,MISO,0,0.0,65,,fewer than 3 gas sites - excluded from share-at-risk ordering
by_recoverable_usd,prospect (cold outreach),878,City of New Lisbon (WI),False,1,0.0,0,0,0,0.0,50.0,0.0,New Lisbon,WI,MISO,0,,65,,fewer than 3 gas sites - excluded from share-at-risk ordering
by_recoverable_usd,prospect (cold outreach),879,City of New Hampton - (IA),False,1,15.899999999999999,0,0,1,0.0,69.75609756097562,0.0,New Hampton,IA,SWPP,0,0.0,65,,fewer than 3 gas sites - excluded from share-at-risk ordering
by_recoverable_usd,prospect (cold outreach),880,City of Nebraska City - (NE),False,3,37.6,0,0,2,0.0,57.04274222834658,0.0,Syracuse # 2,NE,SWPP,0,0.0,65,58.0,
by_recoverable_usd,prospect (cold outreach),881,City of Mora - (MN),False,1,6.800000000000001,0,0,1,0.0,65.64435766226771,0.0,Mora,MN,MISO,0,0.0,65,,fewer than 3 gas sites - excluded from share-at-risk ordering
by_recoverable_usd,prospect (cold outreach),882,City of Montezuma - (IA),False,1,4.2,0,0,0,0.0,54.86694358698129,0.0,Montezuma,IA,MISO,0,0.0,65,,fewer than 3 gas sites - excluded from share-at-risk ordering
by_recoverable_usd,prospect (cold outreach),883,City of Monroe City - (MO),False,1,0.0,0,0,0,0.0,50.0,0.0,Monroe (MO),MO,AECI,0,,65,,fewer than 3 gas sites - excluded from share-at-risk ordering
by_recoverable_usd,prospect (cold outreach),884,City of Osage City - (KS),False,1,11.1,0,0,0,0.0,63.97235405876817,0.0,Osage City,KS,SWPP,0,0.0,65,,fewer than 3 gas sites - excluded from share-at-risk ordering
by_recoverable_usd,prospect (cold outreach),885,City of Sterling - (KS),False,1,10.3,0,0,1,0.0,71.6653132168739,0.0,Sterling,KS,SWPP,0,0.0,65,,fewer than 3 gas sites - excluded from share-at-risk ordering
by_recoverable_usd,prospect (cold outreach),886,City of Stanberry - (MO),False,1,4.0,0,0,1,0.0,61.38461538461539,0.0,Stanberry,MO,AECI,0,0.0,65,,fewer than 3 gas sites - excluded from share-at-risk ordering
by_recoverable_usd,prospect (cold outreach),887,City of Stafford - (KS),False,1,0.0,0,0,0,0.0,50.0,0.0,Stafford,KS,SWPP,0,,65,,fewer than 3 gas sites - excluded from share-at-risk ordering
by_recoverable_usd,prospect (cold outreach),888,City of St. John - (KS),False,1,0.0,0,0,0,0.0,50.0,0.0,St John,KS,SWPP,0,,65,,fewer than 3 gas sites - excluded from share-at-risk ordering
by_recoverable_usd,prospect (cold outreach),889,City of St Louis - (MI),False,1,0.0,0,0,0,0.0,50.0,0.0,St Louis,MI,MISO,0,,65,,fewer than 3 gas sites - excluded from share-at-risk ordering
by_recoverable_usd,prospect (cold outreach),890,City of St Francis - (KS),False,1,0.0,0,0,0,0.0,50.0,0.0,St Francis,KS,SWPP,0,,65,,fewer than 3 gas sites - excluded from share-at-risk ordering
by_recoverable_usd,prospect (cold outreach),891,City of Springville - (UT),False,1,26.5,0,0,0,0.0,50.963506598437924,0.0,Whitehead,UT,PACE,0,0.0,65,,fewer than 3 gas sites - excluded from share-at-risk ordering
by_recoverable_usd,prospect (cold outreach),892,City of Springfield - (MO),False,1,3.2,0,0,0,0.0,47.590637883527734,0.0,Noble Hill Landfill,MO,SWPP,0,0.0,65,,fewer than 3 gas sites - excluded from share-at-risk ordering
by_recoverable_usd,prospect (cold outreach),893,City of Springfield - (CO),False,1,0.0,0,0,0,0.0,50.0,0.0,Springfield (CO),CO,WACM,0,,65,,fewer than 3 gas sites - excluded from share-at-risk ordering
by_recoverable_usd,prospect (cold outreach),894,City of Sidney - (NE),False,1,4.3,0,0,1,0.0,61.70212765957446,0.0,Sidney (NE),NE,SWPP,0,0.0,65,,fewer than 3 gas sites - excluded from share-at-risk ordering
by_recoverable_usd,prospect (cold outreach),895,City of Princeton - (IL),False,1,37.9,0,0,0,0.0,62.42831838239864,0.0,Princeton (IL),IL,MISO,0,0.0,65,,fewer than 3 gas sites - excluded from share-at-risk ordering
by_recoverable_usd,prospect (cold outreach),896,City of Shelby - (OH),False,1,0.0,0,0,0,0.0,50.0,0.0,Shelby Municipal Light Plant,OH,PJM,0,,65,,fewer than 3 gas sites - excluded from share-at-risk ordering
by_recoverable_usd,prospect (cold outreach),897,City of Sharon Springs - (KS),False,1,3.0,0,0,1,0.0,68.92730269319561,0.0,Sharon Spring,KS,SWPP,0,0.0,65,,fewer than 3 gas sites - excluded from share-at-risk ordering
by_recoverable_usd,prospect (cold outreach),898,City of Sargent - (NE),False,1,0.0,0,0,0,0.0,50.0,0.0,Sargent,NE,SWPP,0,,65,,fewer than 3 gas sites - excluded from share-at-risk ordering
by_recoverable_usd,prospect (cold outreach),899,City of Santa Rosa - (CA),False,1,4.4,0,0,0,0.0,38.059203853955374,0.0,Laguna Water Reclamation Facility,CA,CISO,0,0.0,65,,fewer than 3 gas sites - excluded from share-at-risk ordering
by_recoverable_usd,prospect (cold outreach),900,City of San Diego - (CA),False,2,6.199999999999999,0,0,1,0.0,54.4763438436801,0.0,Gas Utilization Facility,CA,CISO,0,0.0,65,,fewer than 3 gas sites - excluded from share-at-risk ordering
by_recoverable_usd,prospect (cold outreach),901,City of San Diego,False,1,3.6,0,0,0,0.0,60.05299188640973,0.0,North City - Landfill Gas Engines South,CA,CISO,0,0.0,65,,fewer than 3 gas sites - excluded from share-at-risk ordering
by_recoverable_usd,prospect (cold outreach),902,City of Salem Public Works - (OR),False,1,1.2,0,0,0,0.0,35.476190476190474,0.0,WLWPCF Cogeneration Facility,OR,PGE,0,0.0,65,,fewer than 3 gas sites - excluded from share-at-risk ordering
by_recoverable_usd,prospect (cold outreach),903,City of Sabetha - (KS),False,1,4.4,0,0,0,0.0,47.264437689969604,0.0,Sabetha Power Plant,KS,SWPP,0,0.0,65,,fewer than 3 gas sites - excluded from share-at-risk ordering
by_recoverable_usd,prospect (cold outreach),904,City of Rochester - (MN),False,1,2.0,0,0,0,0.0,50.80882352941177,0.0,Water Reclamation Plant,MN,MISO,0,0.0,65,,fewer than 3 gas sites - excluded from share-at-risk ordering
by_recoverable_usd,prospect (cold outreach),905,City of Rensselaer - (IN),False,1,13.4,0,0,0,0.0,61.21951219512195,0.0,Rensselaer City Light Plant,IN,MISO,0,0.0,65,,fewer than 3 gas sites - excluded from share-at-risk ordering
by_recoverable_usd,prospect (cold outreach),906,City of Red Cloud - (NE),False,1,0.0,0,0,0,0.0,50.0,0.0,Red Cloud,NE,SWPP,0,,65,,fewer than 3 gas sites - excluded from share-at-risk ordering
by_recoverable_usd,prospect (cold outreach),907,City of Sibley - (IA),False,2,5.2,0,0,1,0.0,68.70475448307877,0.0,Sibley One,IA,MISO,0,0.0,65,,fewer than 3 gas sites - excluded from share-at-risk ordering
by_recoverable_usd,prospect (cold outreach),908,City of Kimball - (NE),False,1,0.0,0,0,0,0.0,50.0,0.0,Kimball,NE,SWPP,0,,65,,fewer than 3 gas sites - excluded from share-at-risk ordering
by_recoverable_usd,prospect (cold outreach),909,City of Kennett - (MO),False,1,12.8,0,0,1,0.0,69.8780487804878,0.0,Kennett,MO,SWPP,0,0.0,65,,fewer than 3 gas sites - excluded from share-at-risk ordering
by_recoverable_usd,prospect (cold outreach),910,City of Kahoka - (MO),False,1,3.1999999999999997,0,0,1,0.0,61.78021978021978,0.0,Kahoka,MO,MISO,0,0.0,65,,fewer than 3 gas sites - excluded from share-at-risk ordering
by_recoverable_usd,prospect (cold outreach),911,City of Johnson - (KS),False,1,0.0,0,0,0,0.0,50.0,0.0,Johnson,KS,SWPP,0,,65,,fewer than 3 gas sites - excluded from share-at-risk ordering
by_recoverable_usd,prospect (cold outreach),912,City of Jetmore -(KS),False,1,0.0,0,0,0,0.0,50.0,0.0,Jetmore,KS,SWPP,0,,65,,fewer than 3 gas sites - excluded from share-at-risk ordering
by_recoverable_usd,prospect (cold outreach),913,City of Janesville - (MN),False,1,0.0,0,0,0,0.0,50.0,0.0,Janesville,MN,MISO,0,,65,,fewer than 3 gas sites - excluded from share-at-risk ordering
by_recoverable_usd,prospect (cold outreach),914,City of Jackson - (MO),False,1,0.0,0,0,0,0.0,50.0,0.0,Jackson (MO),MO,MISO,0,,65,,fewer than 3 gas sites - excluded from share-at-risk ordering
by_recoverable_usd,prospect (cold outreach),915,City of Iola - (KS),False,1,10.0,0,0,0,0.0,52.95614162298783,0.0,Iola,KS,SWPP,0,0.0,65,,fewer than 3 gas sites - excluded from share-at-risk ordering
by_recoverable_usd,prospect (cold outreach),916,City of Hugoton - (KS),False,1,0.8,0,0,1,0.0,65.60222125997086,0.0,Hugoton 2,KS,SWPP,0,0.0,65,,fewer than 3 gas sites - excluded from share-at-risk ordering
by_recoverable_usd,prospect (cold outreach),917,City of Homestead - (FL),False,1,33.6,0,0,1,0.0,62.16931216931217,0.0,G W Ivey,FL,HST,0,0.0,65,,fewer than 3 gas sites - excluded from share-at-risk ordering
by_recoverable_usd,prospect (cold outreach),918,City of Minneapolis - (KS),False,1,7.1,0,0,1,0.0,69.78668630632515,0.0,Minneapolis City of,KS,SWPP,0,0.0,65,,fewer than 3 gas sites - excluded from share-at-risk ordering
by_recoverable_usd,prospect (cold outreach),919,City of Hoisington - (KS),False,1,6.0,0,0,0,0.0,61.07807288321697,0.0,Hoisington,KS,SWPP,0,0.0,65,,fewer than 3 gas sites - excluded from share-at-risk ordering
by_recoverable_usd,prospect (cold outreach),920,City of Hill City -(KS),False,1,6.9,0,0,1,0.0,63.1868131868132,0.0,Hill City,KS,SWPP,0,0.0,65,,fewer than 3 gas sites - excluded from share-at-risk ordering
by_recoverable_usd,prospect (cold outreach),921,City of Highland - (IL),False,1,0.0,0,0,0,0.0,50.0,0.0,Highland,IL,MISO,0,,65,,fewer than 3 gas sites - excluded from share-at-risk ordering
by_recoverable_usd,prospect (cold outreach),922,City of Herington - (KS),False,1,0.0,0,0,0,0.0,50.0,0.0,Herington,KS,SWPP,0,,65,,fewer than 3 gas sites - excluded from share-at-risk ordering
by_recoverable_usd,prospect (cold outreach),923,City of Hart Hydro - (MI),False,1,1.4,0,0,1,0.0,61.208791208791226,0.0,Hart,MI,MISO,0,0.0,65,,fewer than 3 gas sites - excluded from share-at-risk ordering
by_recoverable_usd,prospect (cold outreach),924,City of Goodland - (KS),False,1,18.0,0,0,0,0.0,54.7112462006079,0.0,Goodland,KS,SWPP,0,0.0,65,,fewer than 3 gas sites - excluded from share-at-risk ordering
by_recoverable_usd,prospect (cold outreach),925,City of Girard - (KS),False,1,2.2,0,0,1,0.0,66.17218090285691,0.0,Girard,KS,SWPP,0,0.0,65,,fewer than 3 gas sites - excluded from share-at-risk ordering
by_recoverable_usd,prospect (cold outreach),926,City of Geneva - (IL),False,1,29.5,0,0,0,0.0,53.90243902439024,0.0,Geneva Generation Facility,IL,PJM,0,0.0,65,,fewer than 3 gas sites - excluded from share-at-risk ordering
by_recoverable_usd,prospect (cold outreach),927,City of Garnett - (KS),False,1,0.0,0,0,0,0.0,50.0,0.0,Garnett Municipal,KS,SWPP,0,,65,,fewer than 3 gas sites - excluded from share-at-risk ordering
by_recoverable_usd,prospect (cold outreach),928,City of Franklin - (NE),False,1,3.9,0,0,1,0.0,70.81274493824698,0.0,Franklin (NE),NE,SWPP,0,0.0,65,,fewer than 3 gas sites - excluded from share-at-risk ordering
by_recoverable_usd,prospect (cold outreach),929,City of Farmer City - (IL),False,1,5.0,0,0,0,0.0,52.88753799392098,0.0,Farmer City,IL,MISO,0,0.0,65,,fewer than 3 gas sites - excluded from share-at-risk ordering
by_recoverable_usd,prospect (cold outreach),930,City of Holton - (KS),False,1,6.2,0,0,0,0.0,50.353850297292254,0.0,Holton,KS,SWPP,0,0.0,65,,fewer than 3 gas sites - excluded from share-at-risk ordering
by_recoverable_usd,prospect (cold outreach),931,City of Memphis - (MO),False,1,0.0,0,0,0,0.0,50.0,0.0,Memphis,MO,AECI,0,,65,,fewer than 3 gas sites - excluded from share-at-risk ordering
by_recoverable_usd,prospect (cold outreach),932,City of Meade - (KS),False,1,8.2,0,0,1,0.0,68.1455437355409,0.0,Meade,KS,SWPP,0,0.0,65,,fewer than 3 gas sites - excluded from share-at-risk ordering
by_recoverable_usd,prospect (cold outreach),933,City of McLeansboro - (IL),False,1,0.0,0,0,0,0.0,50.0,0.0,McLeansboro,IL,MISO,0,,65,,fewer than 3 gas sites - excluded from share-at-risk ordering
by_recoverable_usd,prospect (cold outreach),934,City of Martinsville - (VA),False,1,1.1,0,0,0,0.0,66.82756632381248,0.0,Martinsville LFG Generator,VA,PJM,0,0.0,65,,fewer than 3 gas sites - excluded from share-at-risk ordering
by_recoverable_usd,prospect (cold outreach),935,City of Marshall - (MI),False,1,9.5,0,0,0,0.0,56.46268826783237,0.0,Marshall (MI),MI,MISO,0,0.0,65,,fewer than 3 gas sites - excluded from share-at-risk ordering
by_recoverable_usd,prospect (cold outreach),936,City of Marceline - (MO),False,1,0.0,0,0,0,0.0,50.0,0.0,Marceline,MO,MISO,0,,65,,fewer than 3 gas sites - excluded from share-at-risk ordering
by_recoverable_usd,prospect (cold outreach),937,City of Maquoketa - (IA),False,1,19.0,0,0,0,0.0,56.474963226915825,0.0,Maquoketa 1,IA,MISO,0,0.0,65,,fewer than 3 gas sites - excluded from share-at-risk ordering
by_recoverable_usd,prospect (cold outreach),938,City of Mangum - (OK),False,1,6.699999999999999,0,0,1,0.0,72.48510775458374,0.0,Mangum,OK,SWPP,0,0.0,65,,fewer than 3 gas sites - excluded from share-at-risk ordering
by_recoverable_usd,prospect (cold outreach),939,City of Malden - (MO),False,1,0.0,0,0,0,0.0,50.0,0.0,Malden,MO,SWPP,0,,65,,fewer than 3 gas sites - excluded from share-at-risk ordering
by_recoverable_usd,prospect (cold outreach),940,City of Madison - (NE),False,1,5.800000000000001,0,0,1,0.0,70.65178277337601,0.0,Madison Utilities,NE,SWPP,0,0.0,65,,fewer than 3 gas sites - excluded from share-at-risk ordering
by_recoverable_usd,prospect (cold outreach),941,City of Madelia - (MN),False,1,11.8,0,0,1,0.0,60.486322188449854,0.0,Madelia,MN,MISO,0,0.0,65,,fewer than 3 gas sites - excluded from share-at-risk ordering
by_recoverable_usd,prospect (cold outreach),942,City of Kingfisher - (OK),False,1,9.1,0,0,1,0.0,70.66801930557347,0.0,Kingfisher,OK,SWPP,0,0.0,65,,fewer than 3 gas sites - excluded from share-at-risk ordering
by_recoverable_usd,prospect (cold outreach),943,City of Lincoln Center - (KS),False,1,0.0,0,0,0,0.0,50.0,0.0,Lincoln,KS,SWPP,0,,65,,fewer than 3 gas sites - excluded from share-at-risk ordering
by_recoverable_usd,prospect (cold outreach),944,City of Laurel - (NE),False,1,3.5,0,0,1,0.0,70.2135968550598,0.0,Laurel,NE,SWPP,0,0.0,65,,fewer than 3 gas sites - excluded from share-at-risk ordering
by_recoverable_usd,prospect (cold outreach),945,City of Las Animas - (CO),False,1,0.0,0,0,0,0.0,50.0,0.0,Las Animas,CO,WACM,0,,65,,fewer than 3 gas sites - excluded from share-at-risk ordering
by_recoverable_usd,prospect (cold outreach),946,City of Larned - (KS),False,1,0.0,0,0,0,0.0,50.0,0.0,Larned,KS,SWPP,0,,65,,fewer than 3 gas sites - excluded from share-at-risk ordering
by_recoverable_usd,prospect (cold outreach),947,City of Lamoni - (IA),False,1,0.0,0,0,0,0.0,50.0,0.0,Lamoni Municipal Utilities,IA,MISO,0,,65,,fewer than 3 gas sites - excluded from share-at-risk ordering
by_recoverable_usd,prospect (cold outreach),948,City of Lakin - (KS),False,1,4.4,0,0,0,0.0,50.0,0.0,Lakin Municipal,KS,SWPP,0,0.0,65,,fewer than 3 gas sites - excluded from share-at-risk ordering
by_recoverable_usd,prospect (cold outreach),949,City of Lake Mills - (IA),False,1,0.0,0,0,0,0.0,50.0,0.0,Lake Mills,IA,MISO,0,,65,,fewer than 3 gas sites - excluded from share-at-risk ordering
by_recoverable_usd,prospect (cold outreach),950,City of Lake Crystal - (MN),False,1,0.0,0,0,0,0.0,50.0,0.0,Lake Crystal,MN,MISO,0,,65,,fewer than 3 gas sites - excluded from share-at-risk ordering
by_recoverable_usd,prospect (cold outreach),951,City of La Junta - (CO),False,1,0.0,0,0,0,0.0,50.0,0.0,La Junta,CO,PSCO,0,,65,,fewer than 3 gas sites - excluded from share-at-risk ordering
by_recoverable_usd,prospect (cold outreach),952,City of La Crosse - (KS),False,1,0.0,0,0,0,0.0,50.0,0.0,La Crosse,KS,SWPP,0,,65,,fewer than 3 gas sites - excluded from share-at-risk ordering
by_recoverable_usd,prospect (cold outreach),953,City of Kingman - (KS),False,1,19.1,0,0,0,0.0,59.4127701008929,0.0,Kingman Municipal Power and Light Plant,KS,SWPP,0,0.0,65,,fewer than 3 gas sites - excluded from share-at-risk ordering
by_recoverable_usd,prospect (cold outreach),954,City of Luverne - (MN),False,1,0.0,0,0,0,0.0,50.0,0.0,Luverne,MN,SWPP,0,,65,,fewer than 3 gas sites - excluded from share-at-risk ordering
by_recoverable_usd,prospect (cold outreach),955,Anheuser-Busch Inc,False,2,34.8,0,0,0,0.0,55.20579248277009,0.0,Anheuser-Busch St Louis,"FL, MO","JEA, MISO",0,0.0,65,,fewer than 3 gas sites - excluded from share-at-risk ordering
by_recoverable_usd,prospect (cold outreach),956,Anaergia,False,2,8.4,0,0,0,0.0,47.90927861659569,0.0,Orbit Energy RI,"NC, RI","DUK, ISNE",0,0.0,65,,fewer than 3 gas sites - excluded from share-at-risk ordering
by_recoverable_usd,prospect (cold outreach),957,Ampersand Chowchilla Biomass LLC,False,1,0.0,0,0,0,0.0,50.0,0.0,Ampersand Chowchilla Biomass LLC,CA,CISO,0,,65,,fewer than 3 gas sites - excluded from share-at-risk ordering
by_recoverable_usd,prospect (cold outreach),958,"American Sugar Refining, Inc.",False,1,17.5,0,0,0,0.0,46.75458176691728,0.0,Domino Sugar Baltimore,MD,PJM,0,0.0,65,,fewer than 3 gas sites - excluded from share-at-risk ordering
by_recoverable_usd,prospect (cold outreach),959,American Sugar Refining Inc.,False,1,14.0,0,0,0,0.0,47.32789003759398,0.0,Domino Sugar Arabi Plant,LA,MISO,0,0.0,65,,fewer than 3 gas sites - excluded from share-at-risk ordering
by_recoverable_usd,prospect (cold outreach),960,"American Mun Power-Ohio, Inc",False,6,952.0,0,0,0,0.0,52.263664320975096,0.0,Napoleon Peaking Station,OH,PJM,6,0.0,65,58.0,
by_recoverable_usd,prospect (cold outreach),961,American Bituminous Power LP,False,1,0.0,0,0,1,0.0,53.02044609665427,0.0,Grant Town Power Plant,WV,PJM,0,,65,,fewer than 3 gas sites - excluded from share-at-risk ordering
by_recoverable_usd,prospect (cold outreach),962,"Ameresco Vasco Road, LLC",False,1,4.4,0,0,0,0.0,31.964200625660364,0.0,Ameresco Vasco Road,CA,CISO,0,0.0,65,,fewer than 3 gas sites - excluded from share-at-risk ordering
by_recoverable_usd,prospect (cold outreach),963,"Ameresco San Joaquin, LLC",False,1,4.4,0,0,0,0.0,46.25,0.0,Ameresco San Joaquin,CA,CISO,0,0.0,65,,fewer than 3 gas sites - excluded from share-at-risk ordering
by_recoverable_usd,prospect (cold outreach),964,Ameresco LFG I Inc,False,1,2.4000000000000004,0,0,0,0.0,56.318833637821015,0.0,Al Turi,NY,NYIS,0,0.0,65,,fewer than 3 gas sites - excluded from share-at-risk ordering
by_recoverable_usd,prospect (cold outreach),965,CalPeak Power - Border LLC,False,1,60.5,0,0,0,0.0,54.22688422688422,0.0,Border Hybrid Energy Center,CA,CISO,1,0.0,65,,fewer than 3 gas sites - excluded from share-at-risk ordering
by_recoverable_usd,prospect (cold outreach),966,"Ameresco Forward, LLC",False,1,4.4,0,0,0,0.0,43.75,0.0,Ameresco Forward,CA,CISO,0,0.0,65,,fewer than 3 gas sites - excluded from share-at-risk ordering
by_recoverable_usd,prospect (cold outreach),967,Ameresco Federal Solutions,False,2,2.3,0,0,0,0.0,41.43521613190731,0.0,MCRD Parris Island PV Hybrid,"SC, UT","PACE, SCEG",0,0.0,65,,fewer than 3 gas sites - excluded from share-at-risk ordering
by_recoverable_usd,prospect (cold outreach),968,Ameresco Dallas LLC,False,1,4.199999999999999,0,0,0,0.0,38.400252509894834,0.0,Ameresco Dallas LLC,TX,ERCO,0,0.0,65,,fewer than 3 gas sites - excluded from share-at-risk ordering
by_recoverable_usd,prospect (cold outreach),969,Ameresco Butte County LLC,False,1,2.3,0,0,0,0.0,40.13145082765336,0.0,Ameresco Butte County,CA,CISO,0,0.0,65,,fewer than 3 gas sites - excluded from share-at-risk ordering
by_recoverable_usd,prospect (cold outreach),970,ABEC Bidart-Old River LLC,False,1,2.0,0,0,0,0.0,43.83458646616541,0.0,ABEC Bidart-Old River LLC,CA,CISO,0,0.0,65,,fewer than 3 gas sites - excluded from share-at-risk ordering
by_recoverable_usd,prospect (cold outreach),971,Zero Waste Energy Development Company LLC,False,1,1.6,0,0,0,0.0,50.632099391480736,0.0,Zero Waste Energy Development Co LLC,CA,CISO,0,0.0,65,,fewer than 3 gas sites - excluded from share-at-risk ordering
by_recoverable_usd,prospect (cold outreach),972,Zeeland Farm Services,False,1,3.2,0,0,0,0.0,44.363920763465366,0.0,Zeeland Farm Services,MI,MISO,0,0.0,65,,fewer than 3 gas sites - excluded from share-at-risk ordering
by_recoverable_usd,prospect (cold outreach),973,Yuhaaviatam of San Manuel Nation,False,1,5.4,0,0,0,0.0,44.107142857142854,0.0,San Manuel Central Plant Cogens,CA,CISO,0,0.0,65,,fewer than 3 gas sites - excluded from share-at-risk ordering
by_recoverable_usd,prospect (cold outreach),974,York Generation Company LLC,False,1,52.2,0,0,1,0.0,59.69165282392027,0.0,York Generation Company LLC,PA,PJM,0,0.0,65,,fewer than 3 gas sites - excluded from share-at-risk ordering
by_recoverable_usd,prospect (cold outreach),975,York County Solid W & R Auth - (PA),False,1,0.0,0,0,0,0.0,50.0,0.0,York County Resource Recovery,PA,PJM,0,,65,,fewer than 3 gas sites - excluded from share-at-risk ordering
by_recoverable_usd,prospect (cold outreach),976,Yolo County Community Services Department,False,1,3.5999999999999996,0,0,0,0.0,51.5815604527663,0.0,MM Yolo Power,CA,CISO,0,0.0,65,,fewer than 3 gas sites - excluded from share-at-risk ordering
by_recoverable_usd,prospect (cold outreach),977,Ameresco Johnson Canyon LLC,False,1,1.4,0,0,0,0.0,36.53415378777005,0.0,Ameresco Johnson Canyon,CA,CISO,0,0.0,65,,fewer than 3 gas sites - excluded from share-at-risk ordering
by_recoverable_usd,prospect (cold outreach),978,Avista Corp,False,6,547.0,0,0,0,0.0,44.49567489706663,0.0,Northeast (WA),"ID, OR, WA","AVA, BPAT",1,0.0,65,58.0,
by_recoverable_usd,prospect (cold outreach),979,Austin Energy,False,5,1312.0,0,1,0,206.0,54.750558909484646,0.0,Decker Creek,TX,ERCO,3,0.15701219512195122,65,32.0,
by_recoverable_usd,prospect (cold outreach),980,Aurora Generation LLC,False,1,1086.2,0,0,0,0.0,52.33922192618274,0.0,Aurora,IL,PJM,1,0.0,65,,fewer than 3 gas sites - excluded from share-at-risk ordering
by_recoverable_usd,prospect (cold outreach),981,Auburn Board of Public Works,False,1,18.699999999999996,0,0,1,0.0,66.80638712216951,0.0,Auburn,NE,SWPP,0,0.0,65,,fewer than 3 gas sites - excluded from share-at-risk ordering
by_recoverable_usd,prospect (cold outreach),982,Atlantic Health System,False,2,7.199999999999999,0,0,0,0.0,41.472511533445285,0.0,Overlook Medical Center,NJ,PJM,0,0.0,65,,fewer than 3 gas sites - excluded from share-at-risk ordering
by_recoverable_usd,prospect (cold outreach),983,Atalco Gramercy LLC,False,2,85.30000000000001,0,0,0,0.0,46.19880765082499,0.0,"Atlantic Alumina, Gramercy Operations",LA,MISO,0,0.0,65,,fewer than 3 gas sites - excluded from share-at-risk ordering
by_recoverable_usd,prospect (cold outreach),984,"Astoria Generating Company, L.P.",False,4,1630.0,0,0,1,0.0,63.106598217493456,0.0,Gowanus Gas Turbines Generating,NY,NYIS,3,0.0,65,58.0,
by_recoverable_usd,prospect (cold outreach),985,Associated Electric Cooperative,False,6,3013.4,0,0,1,0.0,47.10012365863222,0.0,Holden,"AR, MO, OK",AECI,6,0.0,65,58.0,
by_recoverable_usd,prospect (cold outreach),986,Ascend Performance Materials LLC,False,2,102.0,0,0,0,0.0,44.128583147159,0.0,Pensacola Florida Plant,FL,SOCO,0,0.0,65,,fewer than 3 gas sites - excluded from share-at-risk ordering
by_recoverable_usd,prospect (cold outreach),987,Apex Power Generation Corp.,False,1,7.699999999999999,0,0,1,0.0,68.99380231734996,0.0,"Oroville Cogeneration, LLC",CA,CISO,0,0.0,65,,fewer than 3 gas sites - excluded from share-at-risk ordering
by_recoverable_usd,prospect (cold outreach),988,Arthur Kill Power LLC,False,2,895.5,0,1,0,877.5,73.12964976761567,0.0,Arthur Kill Generating Station,NY,NYIS,2,0.9798994974874372,65,,fewer than 3 gas sites - excluded from share-at-risk ordering
by_recoverable_usd,prospect (cold outreach),989,"Arq Solutions (Red River), LLC",False,1,0.0,0,0,0,0.0,50.0,0.0,Arq Solutions Red River,LA,MISO,0,,65,,fewer than 3 gas sites - excluded from share-at-risk ordering
by_recoverable_usd,prospect (cold outreach),990,Armstrong Power LLC,False,1,688.0,0,0,0,0.0,55.61399414816278,0.0,Armstrong,PA,PJM,1,0.0,65,,fewer than 3 gas sites - excluded from share-at-risk ordering
by_recoverable_usd,prospect (cold outreach),991,Arlington Valley LLC,False,1,713.0,0,0,0,0.0,39.29112554112554,0.0,Arlington Valley Energy Facility,AZ,DEAA,1,0.0,65,,fewer than 3 gas sites - excluded from share-at-risk ordering
by_recoverable_usd,prospect (cold outreach),992,Arkansas River Power Authority,False,3,3.8,0,0,1,0.0,63.57142857142858,0.0,Trinidad (CO),CO,"PSCO, WACM",0,0.0,65,58.0,
by_recoverable_usd,prospect (cold outreach),993,Arkalon Ethanol LLC,False,1,3.0,0,0,0,0.0,49.17866379310343,0.0,Arkalon Ethanol LLC,KS,SWPP,0,0.0,65,,fewer than 3 gas sites - excluded from share-at-risk ordering
by_recoverable_usd,prospect (cold outreach),994,Argonne National Laboratory,False,1,6.3,0,0,0,0.0,32.76095060577819,0.0,Argonne National Laboratory CHP,IL,PJM,0,0.0,65,,fewer than 3 gas sites - excluded from share-at-risk ordering
by_recoverable_usd,prospect (cold outreach),995,"Architect of the Capitol, Capitol Power Plant",False,1,7.5,0,0,0,0.0,32.9082141669438,0.0,"AOC, Capitol Power Plant",DC,PJM,0,0.0,65,,fewer than 3 gas sites - excluded from share-at-risk ordering
by_recoverable_usd,prospect (cold outreach),996,Archer Daniels Midland Co,False,9,112.89999999999999,0,0,0,0.0,53.53190726187318,0.0,Archer Daniels Midland Southport,"IA, IL, MN, NC, ND, NE","CPLE, MISO, SWPP",0,0.0,65,58.0,
by_recoverable_usd,prospect (cold outreach),997,ArcelorMittal USA INC,False,1,176.2,0,0,0,0.0,51.5625,0.0,ArcelorMittal Burns Harbor,IN,MISO,0,0.0,65,,fewer than 3 gas sites - excluded from share-at-risk ordering
by_recoverable_usd,prospect (cold outreach),998,ArcLight Capital Partners,False,6,5566.8,0,1,0,70.80000000000001,52.72284010051694,0.0,TalenEnergy Martins Creek,"NJ, NY, OH, PA","NYIS, PJM",4,0.012718258245311491,65,55.0,
by_recoverable_usd,prospect (cold outreach),999,Ascend Performance Materials,False,1,52.1,0,0,0,0.0,47.958176691729314,0.0,Ascend Performance Materials Texas Inc.,TX,ERCO,0,0.0,65,,fewer than 3 gas sites - excluded from share-at-risk ordering
by_recoverable_usd,prospect (cold outreach),1000,31st Street Energy LLC,False,1,3.3000000000000003,0,0,0,0.0,59.863430582889166,0.0,Beecher Gas Recovery,IL,PJM,0,0.0,65,,fewer than 3 gas sites - excluded from share-at-risk ordering
by_recoverable_usd,prospect (cold outreach),1001,3 MW LLC,False,1,3.0,0,0,0,0.0,54.63935574229692,0.0,3 MW LLC,CO,WACM,0,0.0,65,,fewer than 3 gas sites - excluded from share-at-risk ordering
by_recoverable_usd,prospect (cold outreach),1002,Zion Energy LLC,False,1,596.7,0,0,0,0.0,46.137592968221774,0.0,Zion Energy Center,IL,PJM,1,0.0,65,,fewer than 3 gas sites - excluded from share-at-risk ordering
by_recoverable_usd,prospect (cold outreach),1003,Agrilectric Power Partners Ltd,False,1,0.0,0,0,0,0.0,50.0,0.0,Agrilectric Power Partners Ltd,LA,MISO,0,,65,,fewer than 3 gas sites - excluded from share-at-risk ordering
by_recoverable_usd,prospect (cold outreach),1004,WestRock Seminole,False,1,30.0,0,0,0,0.0,48.305725250626566,0.0,Seminole Mill,FL,JEA,0,0.0,65,,fewer than 3 gas sites - excluded from share-at-risk ordering
by_recoverable_usd,prospect (cold outreach),1005,Westlake 2 US LLC,False,4,854.0999999999999,0,0,1,0.0,57.502465514924225,0.0,PPG Powerhouse C,LA,MISO,1,0.0,65,58.0,
by_recoverable_usd,prospect (cold outreach),1006,"Walmart Stores Texas, LLC",False,86,102.60000000000001,0,0,0,0.0,47.67355692924395,0.0,WAL3226,TX,ERCO,0,0.0,65,58.0,
by_recoverable_usd,prospect (cold outreach),1007,"ARG STELDCA001, LLC",False,1,4.2,0,0,0,0.0,41.13711699020075,0.0,Broadridge Cogen,CA,CISO,0,0.0,65,,fewer than 3 gas sites - excluded from share-at-risk ordering
by_recoverable_usd,prospect (cold outreach),1008,APTIM Environmental & Infrastructure,False,1,5.6,0,0,0,0.0,53.15931039012535,0.0,Keystone Recovery,PA,PJM,0,0.0,65,,fewer than 3 gas sites - excluded from share-at-risk ordering
by_recoverable_usd,prospect (cold outreach),1009,Yellowstone Energy LP,False,1,0.0,0,0,0,0.0,50.0,0.0,Yellowstone Energy LP,MT,NWMT,0,,65,,fewer than 3 gas sites - excluded from share-at-risk ordering
by_recoverable_usd,prospect (cold outreach),1010,AMERESCO Stafford LLC,False,1,2.2,0,0,0,0.0,55.39046653144016,0.0,Ameresco Stafford,VA,PJM,0,0.0,65,,fewer than 3 gas sites - excluded from share-at-risk ordering
by_recoverable_usd,prospect (cold outreach),1011,AMERESCO Santa Cruz Energy LLC,False,1,3.0,0,0,0,0.0,43.03891987829615,0.0,Ameresco Santa Cruz Energy,CA,CISO,0,0.0,65,,fewer than 3 gas sites - excluded from share-at-risk ordering
by_recoverable_usd,prospect (cold outreach),1012,AMERESCO Ox Mountain Energy LLC,False,1,11.4,0,0,0,0.0,37.164245870762095,0.0,Ameresco Ox Mountain,CA,CISO,0,0.0,65,,fewer than 3 gas sites - excluded from share-at-risk ordering
by_recoverable_usd,prospect (cold outreach),1013,AMERESCO Keller Canyon LLC,False,1,3.8,0,0,0,0.0,42.54120182555781,0.0,Ameresco Keller Canyon,CA,CISO,0,0.0,65,,fewer than 3 gas sites - excluded from share-at-risk ordering
by_recoverable_usd,prospect (cold outreach),1014,AMERESCO Jefferson City LLC,False,1,3.0,0,0,0,0.0,43.988826802052195,0.0,Ameresco Jefferson City,MO,MISO,0,0.0,65,,fewer than 3 gas sites - excluded from share-at-risk ordering
by_recoverable_usd,prospect (cold outreach),1015,AMERESCO Janesville LLC,False,1,3.0,0,0,0,0.0,57.88487567901566,0.0,Ameresco Janesville,WI,MISO,0,0.0,65,,fewer than 3 gas sites - excluded from share-at-risk ordering
by_recoverable_usd,prospect (cold outreach),1016,AMERESCO Delaware South,False,1,5.0,0,0,0,0.0,54.73009634888437,0.0,Ameresco Delaware South,DE,PJM,0,0.0,65,,fewer than 3 gas sites - excluded from share-at-risk ordering
by_recoverable_usd,prospect (cold outreach),1017,AMERESCO Delaware Central,False,1,5.0,0,0,0,0.0,43.259508113590265,0.0,Ameresco Delaware Central,DE,PJM,0,0.0,65,,fewer than 3 gas sites - excluded from share-at-risk ordering
by_recoverable_usd,prospect (cold outreach),1018,AMERESCO Chiquita Canyon LLC,False,1,9.2,0,0,0,0.0,38.299161230195715,0.0,Ameresco Chiquita Canyon,CA,CISO,0,0.0,65,,fewer than 3 gas sites - excluded from share-at-risk ordering
by_recoverable_usd,prospect (cold outreach),1019,AMERESCO Chicopee Energy LLC,False,1,7.800000000000001,0,0,0,0.0,61.12979203207216,0.0,Ameresco Chicopee Energy,MA,ISNE,0,0.0,65,,fewer than 3 gas sites - excluded from share-at-risk ordering
by_recoverable_usd,prospect (cold outreach),1020,AGC Division of APGI Inc,False,1,0.0,0,0,1,0.0,53.02044609665427,0.0,Warrick,IN,MISO,0,,65,,fewer than 3 gas sites - excluded from share-at-risk ordering
by_recoverable_usd,prospect (cold outreach),1021,ANP Blackstone Energy Company LLC,False,1,578.0,0,0,0,0.0,47.437376536435465,0.0,ANP Blackstone Energy Project,MA,ISNE,1,0.0,65,,fewer than 3 gas sites - excluded from share-at-risk ordering
by_recoverable_usd,prospect (cold outreach),1022,Wooster Renewable Energy LLC,False,1,1.0,0,0,0,0.0,48.44887955182073,0.0,Wooster Renewable Energy,OH,PJM,0,0.0,65,,fewer than 3 gas sites - excluded from share-at-risk ordering
by_recoverable_usd,prospect (cold outreach),1023,Woodland Pulp LLC,False,1,0.0,0,0,0,0.0,50.0,0.0,"Woodland Pulp, LLC",ME,NBSO,0,,65,,fewer than 3 gas sites - excluded from share-at-risk ordering
by_recoverable_usd,prospect (cold outreach),1024,Woodbridge Energy Center,False,1,772.9,0,0,0,0.0,54.75457875457876,0.0,Woodbridge Energy Center,NJ,PJM,1,0.0,65,,fewer than 3 gas sites - excluded from share-at-risk ordering
by_recoverable_usd,prospect (cold outreach),1025,Wolf Run Energy LLC,False,1,22.0,0,0,0,0.0,31.42001077295987,0.0,Wolf Run Energy,PA,PJM,0,0.0,65,,fewer than 3 gas sites - excluded from share-at-risk ordering
by_recoverable_usd,prospect (cold outreach),1026,"Wolf Hollow I Power, LLC",False,1,788.4000000000001,0,0,0,0.0,48.69728791703248,0.0,Wolf Hollow I LP,TX,ERCO,1,0.0,65,,fewer than 3 gas sites - excluded from share-at-risk ordering
by_recoverable_usd,prospect (cold outreach),1027,Winnebago County - (WI),False,1,1.5,0,0,0,0.0,52.9383632590805,0.0,Winnebago County Landfill Gas,WI,MISO,0,0.0,65,,fewer than 3 gas sites - excluded from share-at-risk ordering
by_recoverable_usd,prospect (cold outreach),1028,William Floyd School District,False,1,2.6,0,0,0,0.0,54.42723123732251,0.0,William Floyd School District,NY,NYIS,0,0.0,65,,fewer than 3 gas sites - excluded from share-at-risk ordering
by_recoverable_usd,prospect (cold outreach),1029,William Beaumont Hospital,False,1,0.0,0,0,0,0.0,50.0,0.0,William Beaumont Hospital,MI,MISO,0,,65,,fewer than 3 gas sites - excluded from share-at-risk ordering
by_recoverable_usd,prospect (cold outreach),1030,White Springs Agrici Chem Inc,False,1,0.0,0,0,0,0.0,50.0,0.0,Swift Creek Chemical Complex,FL,FPC,0,,65,,fewer than 3 gas sites - excluded from share-at-risk ordering
by_recoverable_usd,prospect (cold outreach),1031,Wheelabrator Environmental Systems,False,5,0.0,0,0,0,0.0,50.0,0.0,Wheelabrator Ridge Energy,"FL, MA, NY, PA","FMPP, ISNE, NYIS, PJM",0,,65,,
by_recoverable_usd,prospect (cold outreach),1032,"Westrock Kraft Paper, LLC",False,1,0.0,0,0,0,0.0,50.0,0.0,KapStone Kraft Paper Corp,NC,PJM,0,,65,,fewer than 3 gas sites - excluded from share-at-risk ordering
by_recoverable_usd,prospect (cold outreach),1033,"ABC Coke - Drummond Co, Inc",False,1,3.8,0,0,0,0.0,57.06336206896552,0.0,ABC Coke,AL,SOCO,0,0.0,65,,fewer than 3 gas sites - excluded from share-at-risk ordering
by_recoverable_usd,prospect (cold outreach),1034,Westlake Chemicals & Vinyls LLC,False,1,306.0,0,0,0,0.0,43.4650728207082,0.0,Westlake Plaquemine,LA,MISO,0,0.0,65,,fewer than 3 gas sites - excluded from share-at-risk ordering
by_recoverable_usd,prospect (cold outreach),1035,Westlake Chemical Natrium Plant,False,1,115.5,0,0,0,0.0,51.559929928084074,0.0,Axiall Natrium Plant,WV,PJM,0,0.0,65,,fewer than 3 gas sites - excluded from share-at-risk ordering
by_recoverable_usd,prospect (cold outreach),1036,AERA Energy LLC,False,4,342.0,0,0,0,0.0,48.248921781455564,0.0,Lost Hills Cogeneration Plant,CA,CISO,0,0.0,65,58.0,
by_recoverable_usd,prospect (cold outreach),1037,Western Power and Steam II LLC,False,1,27.7,0,0,0,0.0,30.521008403361346,0.0,Western Power & Steam Inc,CA,CISO,0,0.0,65,,fewer than 3 gas sites - excluded from share-at-risk ordering
by_recoverable_usd,prospect (cold outreach),1038,Western Minnesota Mun Pwr Agny,False,1,181.5,0,0,0,0.0,51.328788538090855,0.0,Exira,IA,SWPP,1,0.0,65,,fewer than 3 gas sites - excluded from share-at-risk ordering
by_recoverable_usd,prospect (cold outreach),1039,WestRock-West Point Mill,False,1,0.0,0,0,1,0.0,53.02044609665427,0.0,WestRock-West Point Mill,VA,PJM,0,,65,,fewer than 3 gas sites - excluded from share-at-risk ordering
by_recoverable_usd,prospect (cold outreach),1040,WestRock-Florence,False,1,0.0,0,0,1,0.0,53.02044609665427,0.0,Florence Mill,SC,CPLE,0,,65,,fewer than 3 gas sites - excluded from share-at-risk ordering
by_recoverable_usd,prospect (cold outreach),1041,"WestRock, Fernandina Beach",False,1,0.0,0,0,0,0.0,47.97087980173481,0.0,Fernandina Beach Mill,FL,JEA,0,,65,,fewer than 3 gas sites - excluded from share-at-risk ordering
by_recoverable_usd,prospect (cold outreach),1042,"WestRock Southeast, LLC",False,2,37.1,0,0,1,0.0,68.54650066025278,0.0,"WestRock Southeast, LLC.",GA,SOCO,0,0.0,65,,fewer than 3 gas sites - excluded from share-at-risk ordering
by_recoverable_usd,prospect (cold outreach),1043,ABEC #3 LLC,False,1,1.0,0,0,0,0.0,41.13408521303258,0.0,ABEC #3 dba Lakeview Dairy,CA,CISO,0,0.0,65,,fewer than 3 gas sites - excluded from share-at-risk ordering
by_recoverable_usd,prospect (cold outreach),1044,ABEC #2 LLC,False,1,1.0,0,0,0,0.0,37.18671679197995,0.0,ABEC #2 dba West-Star Dairy,CA,CISO,0,0.0,65,,fewer than 3 gas sites - excluded from share-at-risk ordering
by_recoverable_usd,prospect (cold outreach),1045,Westrock (LA),False,1,0.0,0,0,0,0.0,50.0,0.0,Westrock Hodge (LA),LA,MISO,0,,65,,fewer than 3 gas sites - excluded from share-at-risk ordering
by_recoverable_usd,prospect (cold outreach),1046,Buckeye Florida Ltd Partners,False,1,0.0,0,0,0,0.0,50.0,0.0,Buckeye Florida LP,FL,FPC,0,,65,,fewer than 3 gas sites - excluded from share-at-risk ordering
by_recoverable_usd,prospect (cold outreach),1047,Brunswick Cellulose LLC,False,1,0.0,0,0,0,0.0,50.0,0.0,Brunswick Cellulose,GA,SOCO,0,,65,,fewer than 3 gas sites - excluded from share-at-risk ordering
by_recoverable_usd,prospect (cold outreach),1048,"Brunot Island Power, LLC",False,1,339.9,0,1,0,339.9,66.87075433619869,0.0,Brunot Island,PA,PJM,1,1.0,65,,fewer than 3 gas sites - excluded from share-at-risk ordering
by_recoverable_usd,prospect (cold outreach),1049,"Bruce Power, LLC",False,1,692.0,0,0,0,0.0,51.96674560773397,0.0,Lee Energy Facility,IL,PJM,1,0.0,65,,fewer than 3 gas sites - excluded from share-at-risk ordering
by_recoverable_usd,prospect (cold outreach),1050,"Brotman Generating, LLC",False,1,484.0,0,0,0,0.0,46.22574713417737,0.0,Brotman Power Station,TX,ERCO,1,0.0,65,,fewer than 3 gas sites - excluded from share-at-risk ordering
by_recoverable_usd,prospect (cold outreach),1051,Broshco Fabricated Products,False,1,4.699999999999999,0,0,0,0.0,52.51047463175123,0.0,Broshco Fabricated Products,OH,PJM,0,0.0,65,,fewer than 3 gas sites - excluded from share-at-risk ordering
by_recoverable_usd,prospect (cold outreach),1052,"Broome Energy Resources, LLC",False,1,4.0,0,0,0,0.0,35.33163106755889,0.0,Nanticoke LFG,NY,NYIS,0,0.0,65,,fewer than 3 gas sites - excluded from share-at-risk ordering
by_recoverable_usd,prospect (cold outreach),1053,Broad River Energy LLC,False,1,985.0,0,0,0,0.0,63.640099616288374,0.0,Broad River Energy Center,SC,DUK,1,0.0,65,,fewer than 3 gas sites - excluded from share-at-risk ordering
by_recoverable_usd,prospect (cold outreach),1054,Bristol-Myers Squibb Co,False,3,20.4,0,0,0,0.0,48.72392616201872,0.0,Bristol Myers Squibb New Brunswick,NJ,PJM,0,0.0,65,58.0,
by_recoverable_usd,prospect (cold outreach),1055,Brigham Young Univ Idaho,False,1,5.6,0,0,0,0.0,31.072463768115945,0.0,BYUI Central Energy Facility,ID,PACE,0,0.0,65,,fewer than 3 gas sites - excluded from share-at-risk ordering
by_recoverable_usd,prospect (cold outreach),1056,Axium Infrastructure,False,1,322.0,0,0,0,0.0,46.38285802206755,0.0,Brooklyn Navy Yard Cogeneration,NY,NYIS,1,0.0,65,,fewer than 3 gas sites - excluded from share-at-risk ordering
by_recoverable_usd,prospect (cold outreach),1057,Brea Power II,False,1,35.7,0,0,0,0.0,37.395833333333336,0.0,Brea Expansion Plant,CA,CISO,0,0.0,65,,fewer than 3 gas sites - excluded from share-at-risk ordering
by_recoverable_usd,prospect (cold outreach),1058,Brainerd Public Utilities,False,1,0.0,0,0,0,0.0,50.0,0.0,Brainerd Public Utilities,MN,MISO,0,,65,,fewer than 3 gas sites - excluded from share-at-risk ordering
by_recoverable_usd,prospect (cold outreach),1059,"Braes Bayou Generating, LLC",False,1,484.0,0,0,0,0.0,35.222910916477645,0.0,Braes Bayou Plant,TX,ERCO,1,0.0,65,,fewer than 3 gas sites - excluded from share-at-risk ordering
by_recoverable_usd,prospect (cold outreach),1060,"Bowerman Power LFG, LLC",False,1,23.799999999999997,0,0,0,0.0,35.162962962962965,0.0,"Bowerman Power LFG, LLC",CA,CISO,0,0.0,65,,fewer than 3 gas sites - excluded from share-at-risk ordering
by_recoverable_usd,prospect (cold outreach),1061,Bowater Newport Coosa Pines Op,False,1,12.5,0,0,0,0.0,49.616487068965505,0.0,U S Alliance Coosa Pines,AL,SOCO,0,0.0,65,,fewer than 3 gas sites - excluded from share-at-risk ordering
by_recoverable_usd,prospect (cold outreach),1062,"Bos Dairy, LLC",False,1,1.0,0,0,0,0.0,42.556022408963585,0.0,"Bos Dairy, LLC",IN,MISO,0,0.0,65,,fewer than 3 gas sites - excluded from share-at-risk ordering
by_recoverable_usd,prospect (cold outreach),1063,Borough of Chambersburg - (PA),False,2,31.2,0,1,0,7.2,53.729577543019644,0.0,Falling Spring,PA,PJM,0,0.23076923076923078,65,,fewer than 3 gas sites - excluded from share-at-risk ordering
by_recoverable_usd,prospect (cold outreach),1064,Borger Energy Associates LP,False,1,243.9,0,0,0,0.0,35.38915871505758,0.0,Black Hawk Station,TX,SWPP,1,0.0,65,,fewer than 3 gas sites - excluded from share-at-risk ordering
by_recoverable_usd,prospect (cold outreach),1065,Bonneville Nevada Corporation,False,1,94.8,0,0,0,0.0,60.30075187969925,0.0,Nevada Cogen Assoc#1 GarnetVly,NV,NEVP,1,0.0,65,,fewer than 3 gas sites - excluded from share-at-risk ordering
by_recoverable_usd,prospect (cold outreach),1066,Bonanza BioEnergy LLC,False,1,2.0,0,0,0,0.0,43.925431034482756,0.0,Bonanza BioEnergy LLC,KS,SWPP,0,0.0,65,,fewer than 3 gas sites - excluded from share-at-risk ordering
by_recoverable_usd,prospect (cold outreach),1067,Boise White Paper LLC,False,2,28.8,0,0,0,0.0,48.772580837608885,0.0,Boise Cascade International Falls,"AL, MN","MISO, SOCO",0,0.0,65,,fewer than 3 gas sites - excluded from share-at-risk ordering
by_recoverable_usd,prospect (cold outreach),1068,Bridge Energy LLC,False,1,9.600000000000001,0,0,0,0.0,44.608695652173914,0.0,Blacksand Generating Facility,CA,CISO,0,0.0,65,,fewer than 3 gas sites - excluded from share-at-risk ordering
by_recoverable_usd,prospect (cold outreach),1069,"Caithness Long Island, LLC",False,1,348.9,0,0,0,0.0,27.16874601508953,0.0,Caithness Long Island Energy Center,NY,NYIS,1,0.0,65,,fewer than 3 gas sites - excluded from share-at-risk ordering
by_recoverable_usd,prospect (cold outreach),1070,Cadillac Renewable Energy LLC,False,1,0.0,0,0,0,0.0,50.0,0.0,Cadillac Renewable Energy,MI,MISO,0,,65,,fewer than 3 gas sites - excluded from share-at-risk ordering
by_recoverable_usd,prospect (cold outreach),1071,CXA La Paloma LLC,False,1,1156.0,0,0,0,0.0,44.0625,0.0,La Paloma Generating Plant,CA,CISO,1,0.0,65,,fewer than 3 gas sites - excluded from share-at-risk ordering
by_recoverable_usd,prospect (cold outreach),1072,CSUCI Site Authority,False,1,31.1,0,0,1,0.0,63.429088088330104,0.0,CSUCI Site Authority,CA,CISO,0,0.0,65,,fewer than 3 gas sites - excluded from share-at-risk ordering
by_recoverable_usd,prospect (cold outreach),1073,CSL Behring LLC,False,1,4.2,0,0,0,0.0,61.9627659574468,0.0,CSL Behring LLC,IL,PJM,0,0.0,65,,fewer than 3 gas sites - excluded from share-at-risk ordering
by_recoverable_usd,prospect (cold outreach),1074,CP Kelco US Inc.,False,1,29.2,0,0,0,0.0,59.86863984037247,0.0,CP Kelco San Diego Plant,CA,CISO,0,0.0,65,,fewer than 3 gas sites - excluded from share-at-risk ordering
by_recoverable_usd,prospect (cold outreach),1075,COT/Division of Water Reclamation,False,1,10.0,0,0,0,0.0,60.09668380068747,0.0,Bay View Backup Power Facility,OH,PJM,0,0.0,65,,fewer than 3 gas sites - excluded from share-at-risk ordering
by_recoverable_usd,prospect (cold outreach),1076,CONSOL Energy Inc,False,1,88.0,0,0,0,0.0,30.284510010537407,0.0,Buchanan Generation LLC,VA,PJM,0,0.0,65,,fewer than 3 gas sites - excluded from share-at-risk ordering
by_recoverable_usd,prospect (cold outreach),1077,"COE Bridgewater LLC c/o Thor Equities, LLC",False,1,5.0,0,0,0,0.0,44.61808510638298,0.0,CIP II/AR Bridgewater Holdings - NJCOE,NJ,PJM,0,0.0,65,,fewer than 3 gas sites - excluded from share-at-risk ordering
by_recoverable_usd,prospect (cold outreach),1078,CMS Energy Group,False,8,4443.0,0,0,0,0.0,50.33461000684141,0.0,Dan E Karn,"MI, NC","CPLE, MISO, PJM",6,0.0,65,58.0,
by_recoverable_usd,prospect (cold outreach),1079,CMD Carson LLC,False,1,55.8,0,0,0,0.0,46.96684894053315,0.0,Carson Cogeneration,CA,CISO,1,0.0,65,,fewer than 3 gas sites - excluded from share-at-risk ordering
by_recoverable_usd,prospect (cold outreach),1080,Buckeye Power,False,2,832.7,0,0,0,0.0,60.656404782196375,0.0,Greenville Electric Generating Station,OH,PJM,2,0.0,65,,fewer than 3 gas sites - excluded from share-at-risk ordering
by_recoverable_usd,prospect (cold outreach),1081,CII Carbon LLC,False,1,0.0,0,0,0,0.0,50.0,0.0,CII Carbon LLC,LA,MISO,0,,65,,fewer than 3 gas sites - excluded from share-at-risk ordering
by_recoverable_usd,prospect (cold outreach),1082,CF Industries Nitrogen LLC,False,1,25.0,0,0,0,0.0,51.422340425531914,0.0,CF Industries Yazoo City Complex,MS,MISO,0,0.0,65,,fewer than 3 gas sites - excluded from share-at-risk ordering
by_recoverable_usd,prospect (cold outreach),1083,CER Generation LLC,False,1,822.8,0,0,0,0.0,33.06518876207199,0.0,Hillabee Energy Center,AL,SOCO,1,0.0,65,,fewer than 3 gas sites - excluded from share-at-risk ordering
by_recoverable_usd,prospect (cold outreach),1084,CER Colorado Bend Energy Partners LP,False,2,654.1,0,0,0,0.0,40.740959348773046,0.0,Colorado Bend Energy Center,TX,ERCO,2,0.0,65,,fewer than 3 gas sites - excluded from share-at-risk ordering
by_recoverable_usd,prospect (cold outreach),1085,CCI Roseton LLC,False,1,1242.0,0,1,0,1242.0,69.58333333333333,0.0,Roseton Generating Facility,NY,NYIS,1,1.0,65,,fewer than 3 gas sites - excluded from share-at-risk ordering
by_recoverable_usd,prospect (cold outreach),1086,CB&I,False,1,2.4000000000000004,0,0,0,0.0,39.640292600097794,0.0,Montgomery County Oaks LFGE Plant,MD,PJM,0,0.0,65,,fewer than 3 gas sites - excluded from share-at-risk ordering
by_recoverable_usd,prospect (cold outreach),1087,Burrstone Energy Center,False,1,3.6,0,0,0,0.0,49.31455970107499,0.0,Burrstone Energy Center,NY,NYIS,0,0.0,65,,fewer than 3 gas sites - excluded from share-at-risk ordering
by_recoverable_usd,prospect (cold outreach),1088,"Burney Forest Products, A Joint Venture",False,1,0.0,0,0,0,0.0,50.0,0.0,Burney Forest Products,CA,CISO,0,,65,,fewer than 3 gas sites - excluded from share-at-risk ordering
by_recoverable_usd,prospect (cold outreach),1089,Bunge North America East LLC,False,1,2.0,0,1,0,2.0,68.95639367816092,0.0,Bunge North America East LLC,IN,PJM,0,1.0,65,,fewer than 3 gas sites - excluded from share-at-risk ordering
by_recoverable_usd,prospect (cold outreach),1090,Buena Vista Biomass LLC,False,1,0.0,0,0,0,0.0,50.0,0.0,Buena Vista Biomass Power,CA,CISO,0,,65,,fewer than 3 gas sites - excluded from share-at-risk ordering
by_recoverable_usd,prospect (cold outreach),1091,Bucksport Generation LLC,False,2,186.8,0,0,1,0.0,61.53945104885512,0.0,Bucksport Generation LLC,ME,ISNE,0,0.0,65,,fewer than 3 gas sites - excluded from share-at-risk ordering
by_recoverable_usd,prospect (cold outreach),1092,CITGO Petroleum Corp,False,2,666.8,0,0,1,0.0,60.25584105415224,0.0,R S Nelson,LA,MISO,0,0.0,65,,fewer than 3 gas sites - excluded from share-at-risk ordering
by_recoverable_usd,prospect (cold outreach),1093,Bellefontaine Gas Producers LLC,False,1,4.800000000000001,0,0,0,0.0,39.298273056123854,0.0,Bellefontaine Gas Producers LLC,OH,PJM,0,0.0,65,,fewer than 3 gas sites - excluded from share-at-risk ordering
by_recoverable_usd,prospect (cold outreach),1094,Beaver Dam Energy LLC,False,1,22.0,0,0,0,0.0,33.208063146118626,0.0,Beaver Dam (PA),PA,PJM,0,0.0,65,,fewer than 3 gas sites - excluded from share-at-risk ordering
by_recoverable_usd,prospect (cold outreach),1095,Bear Valley Electric Service,False,1,8.4,0,0,1,0.0,68.39285714285714,0.0,Bear Valley Power Plant,CA,CISO,0,0.0,65,,fewer than 3 gas sites - excluded from share-at-risk ordering
by_recoverable_usd,prospect (cold outreach),1096,Baytown Energy Center LLC,False,1,932.9000000000001,0,0,0,0.0,49.13492063492063,0.0,Baytown Energy Center,TX,ERCO,1,0.0,65,,fewer than 3 gas sites - excluded from share-at-risk ordering
by_recoverable_usd,prospect (cold outreach),1097,Bayswater Peaking Facility LLC,False,1,60.5,0,0,0,0.0,55.33799533799534,0.0,Bayswater Peaking Facility LLC,NY,NYIS,1,0.0,65,,fewer than 3 gas sites - excluded from share-at-risk ordering
by_recoverable_usd,prospect (cold outreach),1098,Bayonne Energy Center LLC,False,1,644.0,0,0,0,0.0,43.29725829725829,0.0,Bayonne Energy Center,NJ,NYIS,1,0.0,65,,fewer than 3 gas sites - excluded from share-at-risk ordering
by_recoverable_usd,prospect (cold outreach),1099,Bay County Board-County Comm,False,1,0.0,0,0,0,0.0,50.0,0.0,Bay County Waste to Energy,FL,SOCO,0,,65,,fewer than 3 gas sites - excluded from share-at-risk ordering
by_recoverable_usd,prospect (cold outreach),1100,"Bastrop Energy Partners, LP",False,1,618.7,0,0,0,0.0,58.260035584445426,0.0,Bastrop Energy Center,TX,ERCO,1,0.0,65,,fewer than 3 gas sites - excluded from share-at-risk ordering
by_recoverable_usd,prospect (cold outreach),1101,Basin Generating LLC,False,1,54.9,0,0,0,0.0,39.69512195121951,0.0,Basin Creek Plant,MT,NWMT,0,0.0,65,,fewer than 3 gas sites - excluded from share-at-risk ordering
by_recoverable_usd,prospect (cold outreach),1102,Basin Electric Power Cooperative,False,10,1968.9,0,0,0,0.0,49.03421054767553,0.0,Pioneer Generation Station,"MT, ND, SD, WY","SWPP, WACM",5,0.0,65,58.0,
by_recoverable_usd,prospect (cold outreach),1103,Bob Jones University,False,1,0.0,0,0,0,0.0,50.0,0.0,Central Plant,SC,DUK,0,,65,,fewer than 3 gas sites - excluded from share-at-risk ordering
by_recoverable_usd,prospect (cold outreach),1104,Bannock County Landfill - (ID),False,1,3.2,0,0,0,0.0,52.84122740005093,0.0,Bannock County LFG to Energy,ID,IPCO,0,0.0,65,,fewer than 3 gas sites - excluded from share-at-risk ordering
by_recoverable_usd,prospect (cold outreach),1105,Bank of the West,False,1,1.0,0,0,0,0.0,56.02171512115853,0.0,TAC-Distributed Energy Resource Hybrid,IL,MISO,0,0.0,65,,fewer than 3 gas sites - excluded from share-at-risk ordering
by_recoverable_usd,prospect (cold outreach),1106,"BT Generation Holdings, LLC",False,1,85.0,0,1,0,85.0,70.23595992083126,0.0,Tanner Street Generation,MA,ISNE,0,1.0,65,,fewer than 3 gas sites - excluded from share-at-risk ordering
by_recoverable_usd,prospect (cold outreach),1107,BRASCAN Power Corporation,False,1,122.6,0,1,0,122.6,65.47858017135863,0.0,Carr Street Generating Station,NY,NYIS,1,1.0,65,,fewer than 3 gas sites - excluded from share-at-risk ordering
by_recoverable_usd,prospect (cold outreach),1108,BP PLC,False,1,83.8,0,0,0,0.0,47.95915948275862,0.0,Whiting Refinery,IN,MISO,0,0.0,65,,fewer than 3 gas sites - excluded from share-at-risk ordering
by_recoverable_usd,prospect (cold outreach),1109,BP Alternative Energy,False,1,576.8,0,0,0,0.0,28.296416193492128,0.0,Whiting Clean Energy,IN,MISO,1,0.0,65,,fewer than 3 gas sites - excluded from share-at-risk ordering
by_recoverable_usd,prospect (cold outreach),1110,BMW Manufacturing Co LLC,False,1,11.0,0,0,0,0.0,54.00106382978723,0.0,BMW Manufacturing Co,SC,DUK,0,0.0,65,,fewer than 3 gas sites - excluded from share-at-risk ordering
by_recoverable_usd,prospect (cold outreach),1111,"BHER Power Resources, Inc",False,2,399.8,0,1,0,230.0,70.17595859501692,0.0,C R Wing Cogen Plant,TX,ERCO,2,0.5752876438219109,65,,fewer than 3 gas sites - excluded from share-at-risk ordering
by_recoverable_usd,prospect (cold outreach),1112,BC Landfill Energy LLC,False,1,7.5,0,0,0,0.0,41.31636376020804,0.0,BC Landfill Energy LLC,NJ,PJM,0,0.0,65,,fewer than 3 gas sites - excluded from share-at-risk ordering
by_recoverable_usd,prospect (cold outreach),1113,BAL Green Biogas I LLC,False,1,5.6,0,0,0,0.0,39.06498116487975,0.0,PWD Northeast WPCP Biogas Cogen Plant,PA,PJM,0,0.0,65,,fewer than 3 gas sites - excluded from share-at-risk ordering
by_recoverable_usd,prospect (cold outreach),1114,B Braun Medical Inc,False,1,6.1,0,0,0,0.0,57.05520452278017,0.0,B Braun Medical,CA,CISO,0,0.0,65,,fewer than 3 gas sites - excluded from share-at-risk ordering
by_recoverable_usd,prospect (cold outreach),1115,Barnabas Investment Group,False,1,1.6,0,0,0,0.0,39.36803000926842,0.0,"COC Surry LFG, LLC",NC,DUK,0,0.0,65,,fewer than 3 gas sites - excluded from share-at-risk ordering
by_recoverable_usd,prospect (cold outreach),1116,Board of Water Electric & Communications,False,1,0.0,0,0,1,0.0,53.02044609665427,0.0,Muscatine Plant #1,IA,MISO,0,,65,,fewer than 3 gas sites - excluded from share-at-risk ordering
by_recoverable_usd,prospect (cold outreach),1117,Bluestone Coke LLC,False,1,25.0,0,0,0,0.0,53.138461538461534,0.0,Sloss Industries Corp,AL,SOCO,0,0.0,65,,fewer than 3 gas sites - excluded from share-at-risk ordering
by_recoverable_usd,prospect (cold outreach),1118,Blue Water Renewables Inc,False,1,3.2,0,0,0,0.0,41.77158801478083,0.0,Blue Water Renewables Inc,MI,MISO,0,0.0,65,,fewer than 3 gas sites - excluded from share-at-risk ordering
by_recoverable_usd,prospect (cold outreach),1119,Blue Ridge Paper Products Inc,False,1,0.0,0,0,0,0.0,47.97087980173481,0.0,Canton North Carolina,NC,CPLE,0,,65,,fewer than 3 gas sites - excluded from share-at-risk ordering
by_recoverable_usd,prospect (cold outreach),1120,Blue Mountain Biogas LLC,False,1,3.2,0,0,0,0.0,62.82894736842106,0.0,Blue Mountain Biogas,UT,PACE,0,0.0,65,,fewer than 3 gas sites - excluded from share-at-risk ordering
by_recoverable_usd,prospect (cold outreach),1121,Blue Lake Power LLC,False,1,0.0,0,0,0,0.0,50.0,0.0,Blue Lake Power LLC,CA,CISO,0,,65,,fewer than 3 gas sites - excluded from share-at-risk ordering
by_recoverable_usd,prospect (cold outreach),1122,Blue Earth Light & Water,False,1,0.0,0,0,0,0.0,50.0,0.0,Blue Earth,MN,MISO,0,,65,,fewer than 3 gas sites - excluded from share-at-risk ordering
by_recoverable_usd,prospect (cold outreach),1123,"Blossburg Power, LLC",False,1,24.0,0,0,0,0.0,61.847623485554514,0.0,Blossburg,PA,PJM,0,0.0,65,,fewer than 3 gas sites - excluded from share-at-risk ordering
by_recoverable_usd,prospect (cold outreach),1124,BlackRock / GIP,False,2,297.2,1,0,0,273.4,82.62269582919407,0.0,Brush Generation Facility,CO,PSCO,1,0.9199192462987886,65,,fewer than 3 gas sites - excluded from share-at-risk ordering
by_recoverable_usd,prospect (cold outreach),1125,Black Hills Corp,False,11,779.5,0,1,3,100.0,52.0540519299877,0.0,Ben French,"CO, NM, SD, WY","PNM, PSCO, WACM",5,0.12828736369467608,65,38.0,
by_recoverable_usd,prospect (cold outreach),1126,Black Creek Renewable Energy LLC,False,1,9.6,0,0,0,0.0,67.26018736331503,0.0,Sampson County Disposal,NC,CPLE,0,0.0,65,,fewer than 3 gas sites - excluded from share-at-risk ordering
by_recoverable_usd,prospect (cold outreach),1127,Bellingham Power Generation LLC,False,1,578.0,0,0,0,0.0,50.96922327699737,0.0,ANP Bellingham Energy Project,MA,ISNE,1,0.0,65,,fewer than 3 gas sites - excluded from share-at-risk ordering
by_recoverable_usd,prospect (cold outreach),1128,Bioenergy DevCo,False,1,1.1,0,0,0,0.0,49.09960093116062,0.0,Maryland Bioenergy Center (Jessup),MD,PJM,0,0.0,65,,fewer than 3 gas sites - excluded from share-at-risk ordering
by_recoverable_usd,prospect (cold outreach),1129,BioUrja Renewables LLC,False,1,18.0,0,0,1,0.0,69.58936170212766,0.0,Archer Daniels Midland Peoria,IL,MISO,0,0.0,65,,fewer than 3 gas sites - excluded from share-at-risk ordering
by_recoverable_usd,prospect (cold outreach),1130,"Bio Town Biogas, LLC",False,1,6.0,0,0,0,0.0,39.936974789915965,0.0,BioTown Ag,IN,MISO,0,0.0,65,,fewer than 3 gas sites - excluded from share-at-risk ordering
by_recoverable_usd,prospect (cold outreach),1131,Billerud Quinnesec Mill,False,1,0.0,0,0,0,0.0,50.0,0.0,Billerud Quinnesec Mill,MI,MISO,0,,65,,fewer than 3 gas sites - excluded from share-at-risk ordering
by_recoverable_usd,prospect (cold outreach),1132,Billerud Escanaba LLC,False,1,0.0,0,0,0,0.0,47.97087980173481,0.0,Escanaba Mill,MI,MISO,0,,65,,fewer than 3 gas sites - excluded from share-at-risk ordering
by_recoverable_usd,prospect (cold outreach),1133,Big Rivers Electric,False,3,684.8,0,0,0,0.0,44.5116469314155,0.0,Robert A Reid,KY,MISO,2,0.0,65,58.0,
by_recoverable_usd,prospect (cold outreach),1134,Big Cajun I Units I and II LLC,False,2,492.8,0,0,0,0.0,37.62733015633167,0.0,Big Cajun 1,LA,MISO,2,0.0,65,,fewer than 3 gas sites - excluded from share-at-risk ordering
by_recoverable_usd,prospect (cold outreach),1135,Bethlehem Renewable Energy LLC,False,1,5.5,0,0,0,0.0,38.47856477166822,0.0,Bethlehem Renewable Energy LLC,PA,PJM,0,0.0,65,,fewer than 3 gas sites - excluded from share-at-risk ordering
by_recoverable_usd,prospect (cold outreach),1136,Berry Petroleum Co,False,3,68.10000000000001,0,0,0,0.0,46.5163289602376,0.0,Berry Cogen Tanne Hills 18,CA,CISO,0,0.0,65,58.0,
by_recoverable_usd,prospect (cold outreach),1137,Berkshire Power Co LLC,False,1,289.0,0,1,0,289.0,68.64063185908692,0.0,Berkshire Power,MA,ISNE,1,1.0,65,,fewer than 3 gas sites - excluded from share-at-risk ordering
by_recoverable_usd,prospect (cold outreach),1138,Beloit Memorial Hospital,False,1,3.0,0,0,1,0.0,65.1015406162465,0.0,Beloit Memorial Hospital Power Plant,WI,MISO,0,0.0,65,,fewer than 3 gas sites - excluded from share-at-risk ordering
by_recoverable_usd,prospect (cold outreach),1139,Birdsboro Power LLC,False,1,525.0,0,1,0,525.0,60.467980295566505,0.0,Birdsboro Power,PA,PJM,1,1.0,65,,fewer than 3 gas sites - excluded from share-at-risk ordering
by_recoverable_usd,prospect (cold outreach),1140,Georgia-Pacific Toledo LLC,False,1,0.0,0,0,0,0.0,50.0,0.0,Georgia-Pacific Toledo Mill,OR,BPAT,0,,65,,fewer than 3 gas sites - excluded from share-at-risk ordering
by_recoverable_usd,prospect (cold outreach),1141,Georgia-Pacific Muskogee LLC,False,1,114.0,0,0,0,0.0,46.662114356232,0.0,Georgia-Pacific Muskogee,OK,SWPP,0,0.0,65,,fewer than 3 gas sites - excluded from share-at-risk ordering
by_recoverable_usd,prospect (cold outreach),1142,Georgia-Pacific Monticello LLC,False,1,81.5,0,0,0,0.0,48.000107758620686,0.0,Georgia-Pacific Monticello Paper,MS,MISO,0,0.0,65,,fewer than 3 gas sites - excluded from share-at-risk ordering
by_recoverable_usd,prospect (cold outreach),1143,Georgia-Pacific Crossett LLC,False,1,25.0,0,0,0,0.0,56.02931034482758,0.0,Georgia-Pacific Crossett LLC,AR,MISO,0,0.0,65,,fewer than 3 gas sites - excluded from share-at-risk ordering
by_recoverable_usd,prospect (cold outreach),1144,Georgia-Pacific Consumer Oper. Green Bay LLC,False,1,47.599999999999994,0,0,0,0.0,57.678074866310155,0.0,Consumer Operations LLC,WI,MISO,0,0.0,65,,fewer than 3 gas sites - excluded from share-at-risk ordering
by_recoverable_usd,prospect (cold outreach),1145,Georgia-Pacific Consr Prods LP-Savannah,False,1,50.4,0,0,1,0.0,71.64473684210526,0.0,Savannah River Mill,GA,SOCO,0,0.0,65,,fewer than 3 gas sites - excluded from share-at-risk ordering
by_recoverable_usd,prospect (cold outreach),1146,Georgia-Pacific Consr Prods LP-Naheola,False,1,0.0,0,0,0,0.0,50.0,0.0,Georgia-Pacific Consr Prods LP-Naheola,AL,SOCO,0,,65,,fewer than 3 gas sites - excluded from share-at-risk ordering
by_recoverable_usd,prospect (cold outreach),1147,Georgia-Pacific Consr Ops LLC-Palatka,False,1,0.0,0,0,0,0.0,50.0,0.0,Georgia-Pacific Palatka Operations,FL,FPL,0,,65,,fewer than 3 gas sites - excluded from share-at-risk ordering
by_recoverable_usd,prospect (cold outreach),1148,Georgia-Pacific Cons Op LLC Port Hudson,False,1,60.0,0,0,0,0.0,45.83333333333333,0.0,Georgia-Pacific Port Hudson,LA,MISO,0,0.0,65,,fewer than 3 gas sites - excluded from share-at-risk ordering
by_recoverable_usd,prospect (cold outreach),1149,Georgia-Pacific Cedar Springs LLC,False,1,0.0,0,0,0,0.0,51.595415117719945,0.0,Georgia-Pacific Cedar Springs,GA,SOCO,0,,65,,fewer than 3 gas sites - excluded from share-at-risk ordering
by_recoverable_usd,prospect (cold outreach),1150,City of Stockton - (KS),False,1,5.5,0,0,1,0.0,65.06736783977541,0.0,Stockton,KS,SWPP,0,0.0,65,,fewer than 3 gas sites - excluded from share-at-risk ordering
by_recoverable_usd,prospect (cold outreach),1151,"Georgia Gulf Generating, LLC",False,2,1487.6,0,0,0,0.0,46.76471649087133,0.0,Washington County Power LLC,GA,SOCO,2,0.0,65,,fewer than 3 gas sites - excluded from share-at-risk ordering
by_recoverable_usd,prospect (cold outreach),1152,"Genesis Alkali, LLC",False,1,0.0,0,0,0,0.0,50.0,0.0,WE Soda Alkalai LLC,WY,PACE,0,,65,,fewer than 3 gas sites - excluded from share-at-risk ordering
by_recoverable_usd,prospect (cold outreach),1153,"Generation Bridge II Connecticut, LLC",False,2,460.0,0,0,0,0.0,68.0112714333514,0.0,New Haven Steam,CT,ISNE,0,0.0,65,,fewer than 3 gas sites - excluded from share-at-risk ordering
by_recoverable_usd,prospect (cold outreach),1154,Generation Bridge Acquisition,False,1,252.0,0,0,0,0.0,47.604617604617594,0.0,Long Beach Generation,CA,CISO,1,0.0,65,,fewer than 3 gas sites - excluded from share-at-risk ordering
by_recoverable_usd,prospect (cold outreach),1155,"Generate Fremont Digester, LLC.",False,1,5.8,0,0,0,0.0,44.585707182663825,0.0,"Fremont Community Digester, LLC",MI,MISO,0,0.0,65,,fewer than 3 gas sites - excluded from share-at-risk ordering
by_recoverable_usd,prospect (cold outreach),1156,"Generate ER-NG, LLC",False,19,44.800000000000004,0,0,0,0.0,50.43337575599343,0.0,Praxair,TX,ERCO,0,0.0,65,58.0,
by_recoverable_usd,prospect (cold outreach),1157,General Mills Inc,False,1,3.8,0,0,1,0.0,61.57142857142858,0.0,General Mills Inc,NY,NYIS,0,0.0,65,,fewer than 3 gas sites - excluded from share-at-risk ordering
by_recoverable_usd,prospect (cold outreach),1158,General Electric Co,False,1,0.0,0,0,0,0.0,50.0,0.0,"Wabtec U.S Rail, Grove City Engine Plant",PA,PJM,0,,65,,fewer than 3 gas sites - excluded from share-at-risk ordering
by_recoverable_usd,prospect (cold outreach),1159,GenConn Middletown LLC,False,1,0.0,0,0,0,0.0,50.0,0.0,GenConn Middletown LLC,CT,ISNE,0,,65,,fewer than 3 gas sites - excluded from share-at-risk ordering
by_recoverable_usd,prospect (cold outreach),1160,GenConn Devon LLC,False,1,0.0,0,0,0,0.0,50.0,0.0,GenConn Devon LLC,CT,ISNE,0,,65,,fewer than 3 gas sites - excluded from share-at-risk ordering
by_recoverable_usd,prospect (cold outreach),1161,Gaylord Entertainment Co,False,1,4.5,0,0,0,0.0,59.20851063829788,0.0,Opryland USA,TN,TVA,0,0.0,65,,fewer than 3 gas sites - excluded from share-at-risk ordering
by_recoverable_usd,prospect (cold outreach),1162,Georgia-Pacific Brewton LLC,False,1,28.4,0,0,0,0.0,44.58588362068965,0.0,Georgia-Pacific Brewton Mill,AL,SOCO,0,0.0,65,,fewer than 3 gas sites - excluded from share-at-risk ordering
by_recoverable_usd,prospect (cold outreach),1163,Greenidge Generation Holdings LLC,False,1,112.0,0,0,0,0.0,59.140547722743044,0.0,Greenidge Generation LLC,NY,NYIS,1,0.0,65,,fewer than 3 gas sites - excluded from share-at-risk ordering
by_recoverable_usd,prospect (cold outreach),1164,Green Knight Economic Development Corpor,False,1,9.899999999999999,0,0,0,0.0,34.78797763280522,0.0,Green Knight Energy Center,PA,PJM,0,0.0,65,,fewer than 3 gas sites - excluded from share-at-risk ordering
by_recoverable_usd,prospect (cold outreach),1165,Green Cow Power LLC,False,1,4.3,0,0,0,0.0,47.98669467787115,0.0,Green Cow Power,IN,MISO,0,0.0,65,,fewer than 3 gas sites - excluded from share-at-risk ordering
by_recoverable_usd,prospect (cold outreach),1166,Great River Energy,False,6,1470.3,0,0,1,0.0,42.216820684826914,0.0,Elk River,"MN, ND",MISO,4,0.0,65,58.0,
by_recoverable_usd,prospect (cold outreach),1167,Grays Ferry Cogen Partnership,False,2,192.6,0,0,0,0.0,41.21792018988281,0.0,Grays Ferry Cogeneration,PA,PJM,0,0.0,65,,fewer than 3 gas sites - excluded from share-at-risk ordering
by_recoverable_usd,prospect (cold outreach),1168,Graphic Packaging International - Texarkana,False,1,0.0,0,0,0,0.0,50.0,0.0,International Paper Texarkana Mill,TX,SWPP,0,,65,,fewer than 3 gas sites - excluded from share-at-risk ordering
by_recoverable_usd,prospect (cold outreach),1169,Graphic Packaging International,False,2,39.2,0,0,0,0.0,21.11392542646582,0.0,Plant 31 Paper Mill,LA,MISO,0,0.0,65,,fewer than 3 gas sites - excluded from share-at-risk ordering
by_recoverable_usd,prospect (cold outreach),1170,Graphic Packaging Corp,False,1,1.8,0,0,0,0.0,52.12672413793103,0.0,Graphic Packaging,MI,MISO,0,0.0,65,,fewer than 3 gas sites - excluded from share-at-risk ordering
by_recoverable_usd,prospect (cold outreach),1171,Granite Shore Power,False,3,414.0,0,1,2,414.0,69.7936540355819,0.0,Newington,NH,ISNE,0,1.0,65,1.0,
by_recoverable_usd,prospect (cold outreach),1172,Granite Ridge Energy LLC,False,1,790.0,0,0,0,0.0,51.069022991659345,0.0,Granite Ridge,NH,ISNE,1,0.0,65,,fewer than 3 gas sites - excluded from share-at-risk ordering
by_recoverable_usd,prospect (cold outreach),1173,Georgia-Pacific Wauna LLC,False,1,0.0,0,0,0,0.0,50.0,0.0,Georgia-Pacific Wauna Mill,OR,BPAT,0,,65,,fewer than 3 gas sites - excluded from share-at-risk ordering
by_recoverable_usd,prospect (cold outreach),1174,Goose Haven Energy Center,False,1,48.0,0,0,0,0.0,50.090043735528674,0.0,Goose Haven Energy Center,CA,CISO,1,0.0,65,,fewer than 3 gas sites - excluded from share-at-risk ordering
by_recoverable_usd,prospect (cold outreach),1175,Good Samaritan Hospital,False,1,0.2,0,0,0,0.0,60.352941176470594,0.0,Good Samaritan Hospital,NY,NYIS,0,0.0,65,,fewer than 3 gas sites - excluded from share-at-risk ordering
by_recoverable_usd,prospect (cold outreach),1176,"Golden Renewable Energy, LLC",False,1,0.0,0,0,0,0.0,50.0,0.0,"Golden Renewable Energy, LLC",IA,MISO,0,,65,,fewer than 3 gas sites - excluded from share-at-risk ordering
by_recoverable_usd,prospect (cold outreach),1177,Goal Line LP,False,1,51.400000000000006,0,1,0,51.400000000000006,75.59381408065617,0.0,Goal Line LP,CA,CISO,1,1.0,65,,fewer than 3 gas sites - excluded from share-at-risk ordering
by_recoverable_usd,prospect (cold outreach),1178,Glendale Energy LLC,False,1,2.8,0,0,0,0.0,42.512531328320804,0.0,Glendale Energy Power Plant,AZ,AZPS,0,0.0,65,,fewer than 3 gas sites - excluded from share-at-risk ordering
by_recoverable_usd,prospect (cold outreach),1179,Glencoe Light & Power Comm,False,1,0.0,0,0,0,0.0,50.0,0.0,Glencoe,MN,MISO,0,,65,,fewer than 3 gas sites - excluded from share-at-risk ordering
by_recoverable_usd,prospect (cold outreach),1180,Glass House Camarillo Cultivation,False,1,13.200000000000001,0,0,0,0.0,46.8962962962963,0.0,Glass House Camarillo Cultivation,CA,CISO,0,0.0,65,,fewer than 3 gas sites - excluded from share-at-risk ordering
by_recoverable_usd,prospect (cold outreach),1181,Gilroy Energy Center for Riverview,False,1,47.0,0,0,0,0.0,54.823771546179564,0.0,Riverview Energy Center,CA,CISO,1,0.0,65,,fewer than 3 gas sites - excluded from share-at-risk ordering
by_recoverable_usd,prospect (cold outreach),1182,Gilroy Energy Center LLC,False,3,239.0,0,0,0,0.0,54.44438225045829,0.0,Gilroy Peaking Energy Center,CA,CISO,3,0.0,65,58.0,
by_recoverable_usd,prospect (cold outreach),1183,Gibson City Energy Center LLC,False,1,270.0,0,0,0,0.0,51.89528664685281,0.0,Gibson City Energy Center LLC,IL,MISO,1,0.0,65,,fewer than 3 gas sites - excluded from share-at-risk ordering
by_recoverable_usd,prospect (cold outreach),1184,Georgia-Pacific Wood Products LLC,False,1,7.2,0,0,0,0.0,33.08191489361702,0.0,Georgia-Pacific Taylorsville Plywood,MS,SOCO,0,0.0,65,,fewer than 3 gas sites - excluded from share-at-risk ordering
by_recoverable_usd,prospect (cold outreach),1185,Grand River Dam Authority,False,2,1140.3,0,1,0,600.3,56.195008390096376,0.0,GREC,OK,SWPP,1,0.5264404104183109,65,,fewer than 3 gas sites - excluded from share-at-risk ordering
by_recoverable_usd,prospect (cold outreach),1186,Franklin Heating Station,False,2,16.1,0,0,1,0.0,55.365681923069076,0.0,Franklin Heating Station,MN,MISO,0,0.0,65,,fewer than 3 gas sites - excluded from share-at-risk ordering
by_recoverable_usd,prospect (cold outreach),1187,Foxwoods Resort Casino,False,1,16.2,0,0,0,0.0,52.89228723404255,0.0,Foxwoods CoGen,CT,ISNE,0,0.0,65,,fewer than 3 gas sites - excluded from share-at-risk ordering
by_recoverable_usd,prospect (cold outreach),1188,Fox Metro Water Reclamation,False,1,0.0,0,0,0,0.0,50.0,0.0,Fox Metro Water Reclamation District,IL,PJM,0,,65,,fewer than 3 gas sites - excluded from share-at-risk ordering
by_recoverable_usd,prospect (cold outreach),1189,Four Rivers Sanitation Authority,False,1,3.0,0,0,0,0.0,52.658943302041244,0.0,Kishwaukee CHP Plant,IL,PJM,0,0.0,65,,fewer than 3 gas sites - excluded from share-at-risk ordering
by_recoverable_usd,prospect (cold outreach),1190,Fountain Valley Power LLC,False,1,228.0,0,0,0,0.0,54.1947017533804,0.0,Fountain Valley Power Facility,CO,PSCO,1,0.0,65,,fewer than 3 gas sites - excluded from share-at-risk ordering
by_recoverable_usd,prospect (cold outreach),1191,Fostoria Ethanol,False,1,3.5,0,0,0,0.0,39.348168103448266,0.0,POET Biorefining - Fostoria,OH,PJM,0,0.0,65,,fewer than 3 gas sites - excluded from share-at-risk ordering
by_recoverable_usd,prospect (cold outreach),1192,Foss Manufacturing Company LLC,False,1,5.0,0,0,0,0.0,50.88792816760891,0.0,Hampton Facility,NH,ISNE,0,0.0,65,,fewer than 3 gas sites - excluded from share-at-risk ordering
by_recoverable_usd,prospect (cold outreach),1193,Fortis Group (TEP/UNS),False,7,1959.7,1,0,1,619.0,64.07890919483422,0.0,H Wilson Sundt Generating Station,AZ,"SRP, TEPC",2,0.3158646731642598,65,19.0,
by_recoverable_usd,prospect (cold outreach),1194,"Forked River Power, LLC",False,1,76.8,0,0,0,0.0,62.24637681159421,0.0,Forked River,NJ,PJM,0,0.0,65,,fewer than 3 gas sites - excluded from share-at-risk ordering
by_recoverable_usd,prospect (cold outreach),1195,Florida Renewable Partners,False,4,787.5,0,0,0,0.0,56.33728251940193,0.0,C D McIntosh Jr,FL,FMPP,2,0.0,65,58.0,
by_recoverable_usd,prospect (cold outreach),1196,Gaston Memorial Hospital,False,1,0.0,0,0,0,0.0,50.0,0.0,Gaston Memorial Hospital,NC,DUK,0,,65,,fewer than 3 gas sites - excluded from share-at-risk ordering
by_recoverable_usd,prospect (cold outreach),1197,Flint Hills Resources Corpus Christi LLC,False,1,47.0,0,0,0,0.0,43.40579710144928,0.0,Corpus Refinery,TX,ERCO,0,0.0,65,,fewer than 3 gas sites - excluded from share-at-risk ordering
by_recoverable_usd,prospect (cold outreach),1198,Flathead Electric Coop Inc,False,1,3.2,0,0,0,0.0,49.070260026807894,0.0,Flathead Landfill to Gas Energy Facility,MT,BPAT,0,0.0,65,,fewer than 3 gas sites - excluded from share-at-risk ordering
by_recoverable_usd,prospect (cold outreach),1199,Finley BioEnergy LLC,False,1,4.800000000000001,0,0,0,0.0,53.189223057644114,0.0,Finley Buttes Landfill Gas,OR,BPAT,0,0.0,65,,fewer than 3 gas sites - excluded from share-at-risk ordering
by_recoverable_usd,prospect (cold outreach),1200,Finch Paper LLC,False,1,0.0,0,0,0,0.0,50.0,0.0,Finch Paper,NY,NYIS,0,,65,,fewer than 3 gas sites - excluded from share-at-risk ordering
by_recoverable_usd,prospect (cold outreach),1201,"Fiber Recovery, Inc",False,1,2.4000000000000004,0,0,0,0.0,58.59498531890928,0.0,"Fiber Recovery, Inc.",WI,MISO,0,0.0,65,,fewer than 3 gas sites - excluded from share-at-risk ordering
by_recoverable_usd,prospect (cold outreach),1202,Fengate Asset Management,False,2,757.9,0,0,0,0.0,40.26459469464716,0.0,Freeport Energy Center,TX,ERCO,0,0.0,65,,fewer than 3 gas sites - excluded from share-at-risk ordering
by_recoverable_usd,prospect (cold outreach),1203,Federal / Regional Power Authority,False,8,985.5,0,0,0,0.0,48.746972586333506,0.0,Claude Vandyke,MI,MISO,2,0.0,65,58.0,
by_recoverable_usd,prospect (cold outreach),1204,Fayetteville Public Works Commission,False,2,303.40000000000003,0,2,0,303.40000000000003,72.97040893217864,0.0,Butler-Warner Generation Plant,NC,CPLE,2,1.0,65,,fewer than 3 gas sites - excluded from share-at-risk ordering
by_recoverable_usd,prospect (cold outreach),1205,"Fayette Power Company, LLC",False,1,714.9000000000001,0,0,0,0.0,34.94140831094537,0.0,Fayette Energy Facility,PA,PJM,1,0.0,65,,fewer than 3 gas sites - excluded from share-at-risk ordering
by_recoverable_usd,prospect (cold outreach),1206,Falcon Power Operating Company,False,1,62.6,0,0,0,0.0,51.50375939849623,0.0,Yuma Cogeneration Associates,AZ,AZPS,1,0.0,65,,fewer than 3 gas sites - excluded from share-at-risk ordering
by_recoverable_usd,prospect (cold outreach),1207,"FCPC Renewable Generation, LLC",False,1,1.1,0,0,0,0.0,38.341971377346596,0.0,FCPC Renewable Generation,WI,MISO,0,0.0,65,,fewer than 3 gas sites - excluded from share-at-risk ordering
by_recoverable_usd,prospect (cold outreach),1208,"Flint Hills Resources Pine Bend, LLC",False,1,73.4,0,0,0,0.0,37.12797619047619,0.0,"Flint Hills Resources Pine Bend, LLC",MN,MISO,0,0.0,65,,fewer than 3 gas sites - excluded from share-at-risk ordering
by_recoverable_usd,prospect (cold outreach),1209,Gaston County Solid Waste and Recycling Division,False,1,4.199999999999999,0,0,0,0.0,40.25693003432481,0.0,Gaston County Renewable Energy Center,NC,DUK,0,0.0,65,,fewer than 3 gas sites - excluded from share-at-risk ordering
by_recoverable_usd,prospect (cold outreach),1210,Gas South,False,1,1.0,0,0,0,0.0,45.73159366262814,0.0,Solar BESS Hybrid,GA,SOCO,0,0.0,65,,fewer than 3 gas sites - excluded from share-at-risk ordering
by_recoverable_usd,prospect (cold outreach),1211,Gas Recovery Systems Inc,False,5,46.9,0,0,0,0.0,38.5667725392376,0.0,GRS Fall River,"MA, MI, NC","DUK, ISNE, MISO",0,0.0,65,58.0,
by_recoverable_usd,prospect (cold outreach),1212,Gans Energy LLC,False,1,87.6,0,0,0,0.0,60.6253825749847,0.0,Gans,PA,PJM,1,0.0,65,,fewer than 3 gas sites - excluded from share-at-risk ordering
by_recoverable_usd,prospect (cold outreach),1213,Gainesville Regional Utilities,False,5,482.49999999999994,0,0,0,0.0,43.27313585560019,0.0,South Energy Center,FL,GVL,2,0.0,65,58.0,
by_recoverable_usd,prospect (cold outreach),1214,GSA Metropolitan Service Center,False,3,47.4,0,1,0,5.7,39.31692964615765,0.0,Central Utility Plant at White Oak,MD,PJM,0,0.12025316455696203,65,40.0,
by_recoverable_usd,prospect (cold outreach),1215,GP Big Island LLC,False,1,7.5,0,0,0,0.0,58.74288793103448,0.0,Georgia-Pacific Big Island,VA,PJM,0,0.0,65,,fewer than 3 gas sites - excluded from share-at-risk ordering
by_recoverable_usd,prospect (cold outreach),1216,GL Dairy Biogas LLC,False,1,2.0,0,0,0,0.0,38.24425150763976,0.0,GL Dairy Biogas,WI,MISO,0,0.0,65,,fewer than 3 gas sites - excluded from share-at-risk ordering
by_recoverable_usd,prospect (cold outreach),1217,GFC - Franklin,False,1,46.4,0,0,0,0.0,50.75187969924812,0.0,International Paper Franklin Mill,VA,PJM,0,0.0,65,,fewer than 3 gas sites - excluded from share-at-risk ordering
by_recoverable_usd,prospect (cold outreach),1218,GE Energy Financial Services,False,1,801.0,0,0,0,0.0,45.854087594070826,0.0,Caledonia,MS,TVA,1,0.0,65,,fewer than 3 gas sites - excluded from share-at-risk ordering
by_recoverable_usd,prospect (cold outreach),1219,GCF US Holdings LLC (Columbus Mill),False,1,0.0,0,0,0,0.0,50.0,0.0,GCF US Holdings LLC Columbus Mill,MS,TVA,0,,65,,fewer than 3 gas sites - excluded from share-at-risk ordering
by_recoverable_usd,prospect (cold outreach),1220,Frederick County Virginia,False,1,2.0,0,0,0,0.0,41.86274509803921,0.0,Frederick County LFGTE Facility,VA,PJM,0,0.0,65,,fewer than 3 gas sites - excluded from share-at-risk ordering
by_recoverable_usd,prospect (cold outreach),1221,G2 Energy LLC,False,3,7.5,0,0,0,0.0,44.82871391678889,0.0,G2 Energy Marion LLC,"CA, FL","CISO, FPC",0,0.0,65,58.0,
by_recoverable_usd,prospect (cold outreach),1222,Frontier Operation Services,False,4,12.5,0,0,0,0.0,39.22223396817597,0.0,CII Methane Management III LFG Plant,"GA, IL, NC, WA","CPLE, PJM, PSEI, SOCO",0,0.0,65,58.0,
by_recoverable_usd,prospect (cold outreach),1223,Frontier El Dorado Refinery LLC,False,1,38.9,0,0,0,0.0,58.24561403508772,0.0,El Dorado Refinery,KS,SWPP,0,0.0,65,,fewer than 3 gas sites - excluded from share-at-risk ordering
by_recoverable_usd,prospect (cold outreach),1224,Frito-Lay Inc,False,1,6.0,0,0,0,0.0,49.333333333333336,0.0,Frito-Lay Cogen Plant,CA,CISO,0,0.0,65,,fewer than 3 gas sites - excluded from share-at-risk ordering
by_recoverable_usd,prospect (cold outreach),1225,Frito Lay Incorporated Dayville,False,1,4.6,0,0,0,0.0,26.505155482815056,0.0,Frito Lay Incorporated,CT,ISNE,0,0.0,65,,fewer than 3 gas sites - excluded from share-at-risk ordering
by_recoverable_usd,prospect (cold outreach),1226,Fresno Power Investors LP,False,3,189.70000000000002,0,1,0,62.2,54.96389808409239,0.0,Fresno Cogen Partners,CA,CISO,1,0.3278861360042172,65,18.0,
by_recoverable_usd,prospect (cold outreach),1227,Freestone Power Generation LLC,False,1,1036.0,0,0,0,0.0,58.01316659010767,0.0,Freestone Energy Center,TX,ERCO,1,0.0,65,,fewer than 3 gas sites - excluded from share-at-risk ordering
by_recoverable_usd,prospect (cold outreach),1228,Freeport McMoRan Oil & Gas,False,1,14.0,0,0,0,0.0,57.95287187039765,0.0,Gaviota Oil Plant,CA,CISO,0,0.0,65,,fewer than 3 gas sites - excluded from share-at-risk ordering
by_recoverable_usd,prospect (cold outreach),1229,Freeport McMoRan Inc,False,1,0.0,0,0,0,0.0,50.0,0.0,Freeport McMoRan,NM,PNM,0,,65,,fewer than 3 gas sites - excluded from share-at-risk ordering
by_recoverable_usd,prospect (cold outreach),1230,Freeport LNG Development L.P,False,1,87.0,0,0,0,0.0,32.65967365967366,0.0,Freeport LP Pretreatment Facility,TX,ERCO,0,0.0,65,,fewer than 3 gas sites - excluded from share-at-risk ordering
by_recoverable_usd,prospect (cold outreach),1231,FreePort-McMoRan-Corp-Chino Mines,False,1,54.0,0,1,0,54.0,63.75,0.0,Chino Mines,NM,PNM,0,1.0,65,,fewer than 3 gas sites - excluded from share-at-risk ordering
by_recoverable_usd,prospect (cold outreach),1232,GB II New York LLC,False,1,893.1000000000001,0,0,0,0.0,41.80816611633224,0.0,Bethlehem Energy Center,NY,NYIS,1,0.0,65,,fewer than 3 gas sites - excluded from share-at-risk ordering
by_recoverable_usd,prospect (cold outreach),1233,Indorama Ventures,False,1,73.8,0,0,0,0.0,39.492753623188406,0.0,JCO Oxides Olefins Plant,TX,MISO,0,0.0,65,,fewer than 3 gas sites - excluded from share-at-risk ordering
by_recoverable_usd,prospect (cold outreach),1234,Indiana University of Penn,False,1,24.4,0,0,1,0.0,65.625,0.0,Indiana University of Pennsylvania,PA,PJM,0,0.0,65,,fewer than 3 gas sites - excluded from share-at-risk ordering
by_recoverable_usd,prospect (cold outreach),1235,Indeck-Yerkes Ltd Partnership,False,1,59.900000000000006,0,0,0,0.0,49.361893104855156,0.0,Indeck Yerkes Energy Center,NY,NYIS,1,0.0,65,,fewer than 3 gas sites - excluded from share-at-risk ordering
by_recoverable_usd,prospect (cold outreach),1236,Indeck-Oswego Ltd Partnership,False,1,57.400000000000006,0,0,0,0.0,54.78661770705834,0.0,Indeck Oswego Energy Center,NY,NYIS,1,0.0,65,,fewer than 3 gas sites - excluded from share-at-risk ordering
by_recoverable_usd,prospect (cold outreach),1237,Indeck-Olean Ltd Partnership,False,1,90.6,0,0,0,0.0,53.638514891880874,0.0,Indeck Olean Energy Center,NY,NYIS,1,0.0,65,,fewer than 3 gas sites - excluded from share-at-risk ordering
by_recoverable_usd,prospect (cold outreach),1238,Imperial Irrigation District,False,7,921.3,1,0,2,81.6,63.26559855786017,0.0,Yucca,"AZ, CA","AZPS, IID",4,0.08857049820905243,65,42.0,
by_recoverable_usd,prospect (cold outreach),1239,"IXYS Integrated Circuits Division, LLC",False,1,2.0999999999999996,0,0,0,0.0,52.45106490872211,0.0,IXYS - Beverly,MA,ISNE,0,0.0,65,,fewer than 3 gas sites - excluded from share-at-risk ordering
by_recoverable_usd,prospect (cold outreach),1240,"ITT Energy Tech Partners, LLC",False,1,7.4,0,0,1,0.0,70.18191489361702,0.0,ITT Cogen Facility,IL,PJM,0,0.0,65,,fewer than 3 gas sites - excluded from share-at-risk ordering
by_recoverable_usd,prospect (cold outreach),1241,IPC-Mansfield Mill,False,2,62.0,0,0,0,0.0,59.98389694041868,0.0,Mansfield Mill,LA,MISO,0,0.0,65,,fewer than 3 gas sites - excluded from share-at-risk ordering
by_recoverable_usd,prospect (cold outreach),1242,IMG Energy Solutions,False,1,22.0,0,0,0,0.0,29.288259545463962,0.0,Pittsburgh Airport Gas Plant,PA,PJM,0,0.0,65,,fewer than 3 gas sites - excluded from share-at-risk ordering
by_recoverable_usd,prospect (cold outreach),1243,Greenleaf Energy LLC,False,1,49.5,0,0,0,0.0,46.100035606978956,0.0,Greenleaf 2 Power Plant,CA,CISO,1,0.0,65,,fewer than 3 gas sites - excluded from share-at-risk ordering
by_recoverable_usd,prospect (cold outreach),1244,IDACORP,False,3,762.2,0,0,0,0.0,36.60662841473445,0.0,Evander Andrews Power Complex,ID,IPCO,3,0.0,65,58.0,
by_recoverable_usd,prospect (cold outreach),1245,Hutchinson Utilities Comm,False,4,134.9,0,1,0,65.5,62.57312299678172,0.0,Hutchinson Plant #2,MN,MISO,1,0.4855448480355819,65,10.0,
by_recoverable_usd,prospect (cold outreach),1246,Hurricane City Power - (UT),False,1,10.0,0,0,1,0.0,67.68483709273183,0.0,Hurricane City Power,UT,PACE,0,0.0,65,,fewer than 3 gas sites - excluded from share-at-risk ordering
by_recoverable_usd,prospect (cold outreach),1247,Huntington Resource Recovery,False,1,0.0,0,0,0,0.0,50.0,0.0,Huntington Resource Recovery Facility,NY,NYIS,0,,65,,fewer than 3 gas sites - excluded from share-at-risk ordering
by_recoverable_usd,prospect (cold outreach),1248,"Hunterstown Power, LLC",False,1,60.0,0,0,0,0.0,59.685461323392346,0.0,Hunterstown,PA,PJM,0,0.0,65,,fewer than 3 gas sites - excluded from share-at-risk ordering
by_recoverable_usd,prospect (cold outreach),1249,"Hunterstown Generation, LLC",False,1,898.0,0,0,0,0.0,42.67104629446164,0.0,Hunterstown Power Plant,PA,PJM,1,0.0,65,,fewer than 3 gas sites - excluded from share-at-risk ordering
by_recoverable_usd,prospect (cold outreach),1250,"Hunlock Creek Generating, LLC",False,1,11.0,0,0,0,0.0,31.27912395153775,0.0,Broad Mountain,PA,PJM,0,0.0,65,,fewer than 3 gas sites - excluded from share-at-risk ordering
by_recoverable_usd,prospect (cold outreach),1251,"Hummel Station, LLC",False,1,1194.4,0,0,0,0.0,46.30874807945567,0.0,Hummel Station LLC,PA,PJM,1,0.0,65,,fewer than 3 gas sites - excluded from share-at-risk ordering
by_recoverable_usd,prospect (cold outreach),1252,Hudson Valley Community College,False,1,6.0,0,0,0,0.0,46.20098039215687,0.0,HVCC Cogen Plant,NY,NYIS,0,0.0,65,,fewer than 3 gas sites - excluded from share-at-risk ordering
by_recoverable_usd,prospect (cold outreach),1253,Howard County - Maryland,False,1,1.0,0,0,0,0.0,55.720588235294116,0.0,Alpha Ridge LFG,MD,PJM,0,0.0,65,,fewer than 3 gas sites - excluded from share-at-risk ordering
by_recoverable_usd,prospect (cold outreach),1254,Hopewell Campus Owners LLC,False,1,4.0,0,0,0,0.0,55.24859943977591,0.0,Hopewell Cogeneration NJ,NJ,PJM,0,0.0,65,,fewer than 3 gas sites - excluded from share-at-risk ordering
by_recoverable_usd,prospect (cold outreach),1255,IHI Power Services Corp,False,1,0.0,0,0,0,0.0,50.0,0.0,Pacific-Ultrapower Chinese Station,CA,CISO,0,,65,,fewer than 3 gas sites - excluded from share-at-risk ordering
by_recoverable_usd,prospect (cold outreach),1256,International Paper Co. - New Bern Mill,False,1,0.0,0,0,0,0.0,50.0,0.0,International Paper Co. - New Bern Mill,NC,CPLE,0,,65,,fewer than 3 gas sites - excluded from share-at-risk ordering
by_recoverable_usd,prospect (cold outreach),1257,International Paper Co.,False,1,0.0,0,0,0,0.0,50.0,0.0,International Paper Pine Hill Mill,AL,SOCO,0,,65,,fewer than 3 gas sites - excluded from share-at-risk ordering
by_recoverable_usd,prospect (cold outreach),1258,International Paper Co-Vicksbg,False,1,0.0,0,0,0,0.0,50.0,0.0,International Paper Vicksburg Mill,MS,MISO,0,,65,,fewer than 3 gas sites - excluded from share-at-risk ordering
by_recoverable_usd,prospect (cold outreach),1259,International Paper Co-Riverdl,False,2,66.8,0,0,0,0.0,54.16922864796722,0.0,International Paper Riverdale Mill,AL,SOCO,0,0.0,65,,fewer than 3 gas sites - excluded from share-at-risk ordering
by_recoverable_usd,prospect (cold outreach),1260,International Paper Co-Riegelwood,False,1,0.0,0,0,0,0.0,50.0,0.0,International Paper Riegelwood Mill,NC,CPLE,0,,65,,fewer than 3 gas sites - excluded from share-at-risk ordering
by_recoverable_usd,prospect (cold outreach),1261,International Paper Co-Pensacola,False,1,0.0,0,0,0,0.0,50.0,0.0,International Paper Pensacola,FL,SOCO,0,,65,,fewer than 3 gas sites - excluded from share-at-risk ordering
by_recoverable_usd,prospect (cold outreach),1262,International Paper Co-GT Mill,False,1,0.0,0,0,0,0.0,47.97087980173481,0.0,International Paper Georgetown Mill,SC,SC,0,,65,,fewer than 3 gas sites - excluded from share-at-risk ordering
by_recoverable_usd,prospect (cold outreach),1263,International Paper Co,False,2,71.2,0,0,0,0.0,43.65230761457025,0.0,International Paper Prattville Mill,"AL, GA",SOCO,0,0.0,65,,fewer than 3 gas sites - excluded from share-at-risk ordering
by_recoverable_usd,prospect (cold outreach),1264,International Paper - Valliant,False,1,0.0,0,0,0,0.0,50.0,0.0,International Paper Valliant OK,OK,SWPP,0,,65,,fewer than 3 gas sites - excluded from share-at-risk ordering
by_recoverable_usd,prospect (cold outreach),1265,International Paper - Franklin,False,1,0.0,0,0,0,0.0,50.0,0.0,International Paper Franklin Mill,VA,PJM,0,,65,,fewer than 3 gas sites - excluded from share-at-risk ordering
by_recoverable_usd,prospect (cold outreach),1266,International Paper - Flint River Mill,False,1,0.0,0,0,0,0.0,50.0,0.0,Flint River Operations,GA,SOCO,0,,65,,fewer than 3 gas sites - excluded from share-at-risk ordering
by_recoverable_usd,prospect (cold outreach),1267,Industrial Energy Applications Inc,False,1,1.0,0,0,1,0.0,67.60547858896109,0.0,Alliant SBG 9802 Toyota,IA,MISO,0,0.0,65,,fewer than 3 gas sites - excluded from share-at-risk ordering
by_recoverable_usd,prospect (cold outreach),1268,"Inter-Power/AhlCon Partners, L.P.",False,1,0.0,0,0,0,0.0,50.0,0.0,Colver Green Energy,PA,PJM,0,,65,,fewer than 3 gas sites - excluded from share-at-risk ordering
by_recoverable_usd,prospect (cold outreach),1269,Institutional Self-Generation (various),False,120,2153.0,0,5,7,73.7,51.86370674695563,0.0,Oakdale Renewable Energy Plant,"AK, AR, AZ, CA, CO, CT, DC, FL, IA, IL, IN, LA, MA, ME, MI, MN, MO, NC, NH, NJ, NM, NY, OH, OK, OR, PA, RI, SC, TN, TX, UT, VA, VT, WA","BPAT, CISO, CPLE, DUK, EPE, ERCO, ISNE, JEA, LDWP, MISO, NYIS, PACE, PJM, PNM, PSCO, SCL, SWPP, TEPC, TVA, nan",2,0.034231305155596845,65,52.0,
by_recoverable_usd,prospect (cold outreach),1270,Inst and Envir Div Marine Logistics Base,False,2,5.9,0,0,0,0.0,52.02056142694273,0.0,MCLB Landfill Gas to Energy,GA,SOCO,0,0.0,65,,fewer than 3 gas sites - excluded from share-at-risk ordering
by_recoverable_usd,prospect (cold outreach),1271,Innovative Energy Systems Inc,False,4,22.400000000000002,0,0,0,0.0,44.71557627407853,0.0,Colonie LFGTE Facility,NY,NYIS,0,0.0,65,58.0,
by_recoverable_usd,prospect (cold outreach),1272,Inland Empire Energy Ctr LLC,False,1,819.0,0,0,1,0.0,66.64086687306501,0.0,Inland Empire Energy Center,CA,CISO,0,0.0,65,,fewer than 3 gas sites - excluded from share-at-risk ordering
by_recoverable_usd,prospect (cold outreach),1273,Ingredion Inc - Winston Salem,False,1,0.0,0,0,0,0.0,50.0,0.0,Ingredion Winston Salem,NC,DUK,0,,65,,fewer than 3 gas sites - excluded from share-at-risk ordering
by_recoverable_usd,prospect (cold outreach),1274,Ingredion Inc - Illinois,False,2,54.6,0,0,0,0.0,50.28575325891424,0.0,Ingredion Incorporated,IL,PJM,0,0.0,65,,fewer than 3 gas sites - excluded from share-at-risk ordering
by_recoverable_usd,prospect (cold outreach),1275,"Ingenco Renewable Development, LLC",False,3,18.0,0,0,0,0.0,41.03765710713182,0.0,Bristol Plant,"NC, VA","CPLE, PJM, TVA",0,0.0,65,58.0,
by_recoverable_usd,prospect (cold outreach),1276,Industrial Self-Generation (various),False,40,7115.700000000001,1,0,1,309.8,39.875520682121724,0.0,Westhollow Technology Center,"CA, IL, LA, OR, PA, TX, VA, WY","BPAT, CISO, ERCO, MISO, PACE, PJM",3,0.04353752968787329,65,50.0,
by_recoverable_usd,prospect (cold outreach),1277,Industrial Power Services Corp.,False,1,3.2,0,0,0,0.0,47.43272079388427,0.0,Granby LFG,MA,ISNE,0,0.0,65,,fewer than 3 gas sites - excluded from share-at-risk ordering
by_recoverable_usd,prospect (cold outreach),1278,Industrial Power Generating Company LLC,False,11,109.5,0,0,1,0.0,52.68747700048737,0.0,Virginia Beach,"MD, NC, PA, VA","CPLE, PJM",0,0.0,65,58.0,
by_recoverable_usd,prospect (cold outreach),1279,Intermountain Power Agency,False,1,1093.2,0,0,0,0.0,51.92293233082707,0.0,Intermountain Power Project,UT,LDWP,1,0.0,65,,fewer than 3 gas sites - excluded from share-at-risk ordering
by_recoverable_usd,prospect (cold outreach),1280,Hawaii Electric Light Co Inc,False,1,0.0,0,0,0,0.0,50.0,0.0,W H Hill,HI,nan,0,,65,,fewer than 3 gas sites - excluded from share-at-risk ordering
by_recoverable_usd,prospect (cold outreach),1281,Harvest Power Orlando LLC,False,1,3.2,0,0,0,0.0,38.09173669467787,0.0,Harvest Power Orlando,FL,FPC,0,0.0,65,,fewer than 3 gas sites - excluded from share-at-risk ordering
by_recoverable_usd,prospect (cold outreach),1282,Harvest Midstream Co,False,1,0.0,0,0,0,0.0,50.0,0.0,Williams Ignacio Natural Gas Plant,CO,WACM,0,,65,,fewer than 3 gas sites - excluded from share-at-risk ordering
by_recoverable_usd,prospect (cold outreach),1283,Hartree Partners LP,False,1,735.0,0,0,0,0.0,53.92216117216117,0.0,Newark Energy Center,NJ,PJM,1,0.0,65,,fewer than 3 gas sites - excluded from share-at-risk ordering
by_recoverable_usd,prospect (cold outreach),1284,Harrisburg Authority,False,1,0.0,0,0,0,0.0,50.0,0.0,Harrisburg Facility,PA,PJM,0,,65,,fewer than 3 gas sites - excluded from share-at-risk ordering
by_recoverable_usd,prospect (cold outreach),1285,Hardee Power Partners Ltd,False,2,470.1,0,0,0,0.0,51.1904125352462,0.0,Hardee Power Station,FL,TEC,1,0.0,65,,fewer than 3 gas sites - excluded from share-at-risk ordering
by_recoverable_usd,prospect (cold outreach),1286,Harbor Cogeneration Co.,False,1,107.39999999999999,0,1,0,107.39999999999999,57.52840909090907,0.0,Harbor Cogen,CA,CISO,0,1.0,65,,fewer than 3 gas sites - excluded from share-at-risk ordering
by_recoverable_usd,prospect (cold outreach),1287,Harbert Power Fund V,False,1,748.0,0,0,0,0.0,63.60203617608166,0.0,Calhoun Energy Center,AL,SOCO,1,0.0,65,,fewer than 3 gas sites - excluded from share-at-risk ordering
by_recoverable_usd,prospect (cold outreach),1288,Harbec Energy,False,2,0.5,0,0,0,0.0,53.52482269503546,0.0,Harbec Energy,NY,NYIS,0,0.0,65,,fewer than 3 gas sites - excluded from share-at-risk ordering
by_recoverable_usd,prospect (cold outreach),1289,Hanford Renewable Energy LLC,False,2,2.0,0,0,0,0.0,37.13972431077694,0.0,Verwey-Hanford Dairy Digester #2,CA,CISO,0,0.0,65,,fewer than 3 gas sites - excluded from share-at-risk ordering
by_recoverable_usd,prospect (cold outreach),1290,"Hood Container of Louisiana, LLC",False,1,0.0,0,0,0,0.0,50.0,0.0,St Francisville Mill,LA,MISO,0,,65,,fewer than 3 gas sites - excluded from share-at-risk ordering
by_recoverable_usd,prospect (cold outreach),1291,Hamilton Patriot LLC,False,1,870.0,0,0,0,0.0,66.22690886699507,0.0,Hamilton Patriot Generation Plant,PA,PJM,1,0.0,65,,fewer than 3 gas sites - excluded from share-at-risk ordering
by_recoverable_usd,prospect (cold outreach),1292,Hamilton Liberty O&M LLC,False,1,870.0,0,0,0,0.0,42.69088669950739,0.0,Hamilton Liberty,PA,PJM,1,0.0,65,,fewer than 3 gas sites - excluded from share-at-risk ordering
by_recoverable_usd,prospect (cold outreach),1293,HP Hood LLC,False,1,15.0,0,0,0,0.0,35.63936170212766,0.0,HP Hood CT,VA,PJM,0,0.0,65,,fewer than 3 gas sites - excluded from share-at-risk ordering
by_recoverable_usd,prospect (cold outreach),1294,HL Power Company,False,1,0.0,0,0,0,0.0,50.0,0.0,HL Power,CA,CISO,0,,65,,fewer than 3 gas sites - excluded from share-at-risk ordering
by_recoverable_usd,prospect (cold outreach),1295,HF Sinclair Parco Refining LLC,False,2,3.9000000000000004,0,0,1,0.0,53.226356976356975,0.0,Sinclair Oil Refinery,WY,PACE,0,0.0,65,,fewer than 3 gas sites - excluded from share-at-risk ordering
by_recoverable_usd,prospect (cold outreach),1296,HF Sinclair Corporation,False,1,139.8,0,0,0,0.0,38.913043478260875,0.0,HF Sinclair Puget Sound Refining,WA,PSEI,0,0.0,65,,fewer than 3 gas sites - excluded from share-at-risk ordering
by_recoverable_usd,prospect (cold outreach),1297,H.A. Wagner LLC,False,1,132.8,0,0,0,0.0,45.526902106965736,0.0,Herbert A Wagner,MD,PJM,1,0.0,65,,fewer than 3 gas sites - excluded from share-at-risk ordering
by_recoverable_usd,prospect (cold outreach),1298,Gundersen Lutheran Biogas I LLC,False,1,1.1,0,0,0,0.0,39.930996684287216,0.0,Onalaska Campus Landfill Biogas,WI,MISO,0,0.0,65,,fewer than 3 gas sites - excluded from share-at-risk ordering
by_recoverable_usd,prospect (cold outreach),1299,"Guadalupe Peaking Energy Center, LLC",False,1,1088.2,0,0,0,0.0,68.61505461315602,0.0,Guadalupe Generating Station,TX,ERCO,1,0.0,65,,fewer than 3 gas sites - excluded from share-at-risk ordering
by_recoverable_usd,prospect (cold outreach),1300,Grundy Center Mun Light & Power,False,1,0.0,0,0,0,0.0,50.0,0.0,Grundy Center City Light Plant,IA,MISO,0,,65,,fewer than 3 gas sites - excluded from share-at-risk ordering
by_recoverable_usd,prospect (cold outreach),1301,Griffith Energy LLC,False,1,655.0,0,0,0,0.0,29.396645021645018,0.0,Griffith Energy LLC,AZ,GRIF,1,0.0,65,,fewer than 3 gas sites - excluded from share-at-risk ordering
by_recoverable_usd,prospect (cold outreach),1302,Handsome Lake Energy LLC,False,1,294.5,0,0,0,0.0,55.03983530873065,0.0,Handsome Lake Energy LLC,PA,PJM,1,0.0,65,,fewer than 3 gas sites - excluded from share-at-risk ordering
by_recoverable_usd,prospect (cold outreach),1303,Hometown Bio Energy LLC,False,1,8.0,0,0,0,0.0,41.34146341463415,0.0,Hometown Bio Energy LLC,MN,MISO,0,0.0,65,,fewer than 3 gas sites - excluded from share-at-risk ordering
by_recoverable_usd,prospect (cold outreach),1304,Homer Electric Assn Inc,False,3,207.5,0,0,1,0.0,57.42027081498983,0.0,Bernice Lake,AK,nan,0,0.0,65,58.0,
by_recoverable_usd,prospect (cold outreach),1305,Holsum Irish Dairy,False,1,1.0,0,0,0,0.0,43.20028011204482,0.0,Holsum Irish Dairy,WI,MISO,0,0.0,65,,fewer than 3 gas sites - excluded from share-at-risk ordering
by_recoverable_usd,prospect (cold outreach),1306,Holsum Elm Dairy,False,1,1.2,0,0,0,0.0,41.537114845938376,0.0,Holsum Elm Dairy,WI,MISO,0,0.0,65,,fewer than 3 gas sites - excluded from share-at-risk ordering
by_recoverable_usd,prospect (cold outreach),1307,Hollingsworth & Vose Co West Groton,False,1,4.1,0,0,0,0.0,41.862765957446804,0.0,West Groton CHP,MA,ISNE,0,0.0,65,,fewer than 3 gas sites - excluded from share-at-risk ordering
by_recoverable_usd,prospect (cold outreach),1308,Holland Energy LLC,False,1,702.1,0,1,0,702.1,59.09083229801804,0.0,Holland Energy Facility,IL,MISO,1,1.0,65,,fewer than 3 gas sites - excluded from share-at-risk ordering
by_recoverable_usd,prospect (cold outreach),1309,Hofstra University,False,1,2.2,0,0,1,0.0,61.62561576354681,0.0,Hofstra University,NY,NYIS,0,0.0,65,,fewer than 3 gas sites - excluded from share-at-risk ordering
by_recoverable_usd,prospect (cold outreach),1310,Hillsdale Board of Public Wks,False,1,11.6,0,0,0,0.0,63.29268292682927,0.0,Hillsdale,MI,MISO,0,0.0,65,,fewer than 3 gas sites - excluded from share-at-risk ordering
by_recoverable_usd,prospect (cold outreach),1311,Hillsborough County - (FL),False,1,0.0,0,0,0,0.0,50.0,0.0,Hillsborough County Resource Recovery,FL,TEC,0,,65,,fewer than 3 gas sites - excluded from share-at-risk ordering
by_recoverable_usd,prospect (cold outreach),1312,Hillman Power Co,False,1,0.0,0,0,0,0.0,50.0,0.0,Hillman Power LLC,MI,MISO,0,,65,,fewer than 3 gas sites - excluded from share-at-risk ordering
by_recoverable_usd,prospect (cold outreach),1313,"Hill Top Energy Center, LLC",False,1,664.7,0,0,0,0.0,48.987068965517246,0.0,"Hill Top Energy Center, LLC",PA,PJM,1,0.0,65,,fewer than 3 gas sites - excluded from share-at-risk ordering
by_recoverable_usd,prospect (cold outreach),1314,Hawaiian Electric Co Inc,False,2,0.0,0,0,0,0.0,50.0,0.0,Kahe,HI,nan,0,,65,,fewer than 3 gas sites - excluded from share-at-risk ordering
by_recoverable_usd,prospect (cold outreach),1315,"Hickory Run Energy, LLC",False,1,1033.7,0,0,0,0.0,29.06510645302897,0.0,Hickory Run Energy Station,PA,PJM,1,0.0,65,,fewer than 3 gas sites - excluded from share-at-risk ordering
by_recoverable_usd,prospect (cold outreach),1316,Hibbing Public Utilities Comm,False,1,35.9,0,0,0,0.0,47.741841491841484,0.0,Hibbing,MN,MISO,0,0.0,65,,fewer than 3 gas sites - excluded from share-at-risk ordering
by_recoverable_usd,prospect (cold outreach),1317,"Herrema Dairy, LLC",False,1,1.5,0,0,0,0.0,39.32422969187675,0.0,Herrema Dairy,IN,MISO,0,0.0,65,,fewer than 3 gas sites - excluded from share-at-risk ordering
by_recoverable_usd,prospect (cold outreach),1318,Hernando Energy,False,1,1.6,0,0,0,0.0,44.429639959432045,0.0,Hernando,FL,SEC,0,0.0,65,,fewer than 3 gas sites - excluded from share-at-risk ordering
by_recoverable_usd,prospect (cold outreach),1319,Hermiston Power Partnership,False,1,689.4,0,0,0,0.0,54.13117660776997,0.0,Hermiston Power Partnership,OR,GRID,1,0.0,65,,fewer than 3 gas sites - excluded from share-at-risk ordering
by_recoverable_usd,prospect (cold outreach),1320,Heorot Power Management,False,1,0.0,0,0,1,0.0,53.02044609665427,0.0,Hardin Generator Project,MT,NWMT,0,,65,,fewer than 3 gas sites - excluded from share-at-risk ordering
by_recoverable_usd,prospect (cold outreach),1321,Hendricks Regional Health,False,1,0.0,0,0,0,0.0,50.0,0.0,Hendricks Regional Health,IN,MISO,0,,65,,fewer than 3 gas sites - excluded from share-at-risk ordering
by_recoverable_usd,prospect (cold outreach),1322,Helix Ironwood LLC,False,1,777.5999999999999,0,0,0,0.0,56.296127359525904,0.0,Ironwood LLC,PA,PJM,1,0.0,65,,fewer than 3 gas sites - excluded from share-at-risk ordering
by_recoverable_usd,prospect (cold outreach),1323,Heber Light & Power Company,False,1,17.5,0,0,0,0.0,59.80030748796441,0.0,Heber City,UT,PACE,0,0.0,65,,fewer than 3 gas sites - excluded from share-at-risk ordering
by_recoverable_usd,prospect (cold outreach),1324,Hazleton Generation LLC,False,1,171.5,0,0,0,0.0,51.00914779296742,0.0,Hazelton,PA,PJM,1,0.0,65,,fewer than 3 gas sites - excluded from share-at-risk ordering
by_recoverable_usd,prospect (cold outreach),1325,"Hays Energy, LLC",False,1,989.0,0,1,0,989.0,70.0228407594381,0.0,Hays Energy Project,TX,ERCO,1,1.0,65,,fewer than 3 gas sites - excluded from share-at-risk ordering
by_recoverable_usd,prospect (cold outreach),1326,Hidden Hollow Energy LLC,False,1,3.2,0,0,0,0.0,61.8734335839599,0.0,Hidden Hollow Energy,ID,IPCO,0,0.0,65,,fewer than 3 gas sites - excluded from share-at-risk ordering
by_recoverable_usd,prospect (cold outreach),1327,Covanta Energy Co,False,1,0.0,0,0,0,0.0,50.0,0.0,Covanta Hennepin Energy,MN,MISO,0,,65,,fewer than 3 gas sites - excluded from share-at-risk ordering
by_recoverable_usd,prospect (cold outreach),1328,Covanta Delaware Valley LP,False,1,0.0,0,0,0,0.0,50.0,0.0,Covanta Delaware Valley,PA,PJM,0,,65,,fewer than 3 gas sites - excluded from share-at-risk ordering
by_recoverable_usd,prospect (cold outreach),1329,Covanta Camden Energy Recovery Center,False,1,0.0,0,0,0,0.0,50.0,0.0,Camden Resource Recovery Facility,NJ,PJM,0,,65,,fewer than 3 gas sites - excluded from share-at-risk ordering
by_recoverable_usd,prospect (cold outreach),1330,Covanta Bristol Inc,False,1,0.0,0,0,0,0.0,50.0,0.0,Covanta Bristol Energy,CT,ISNE,0,,65,,fewer than 3 gas sites - excluded from share-at-risk ordering
by_recoverable_usd,prospect (cold outreach),1331,County of Sonoma Dept of Trnsp,False,3,8.0,0,0,0,0.0,58.66916835699797,0.0,Sonoma Central Landfill Phase I,CA,CISO,0,0.0,65,58.0,
by_recoverable_usd,prospect (cold outreach),1332,Corpus Christi Cogeneration LLC,False,1,593.3,0,0,0,0.0,49.724603252351095,0.0,Corpus Christi Energy Center,TX,ERCO,1,0.0,65,,fewer than 3 gas sites - excluded from share-at-risk ordering
by_recoverable_usd,prospect (cold outreach),1333,Corix Cleveland Thermal Generating LP,False,1,1.0,0,0,0,0.0,48.965624999999996,0.0,Cleveland Thermal,OH,PJM,0,0.0,65,,fewer than 3 gas sites - excluded from share-at-risk ordering
by_recoverable_usd,prospect (cold outreach),1334,Corewell Health Dearborn Campus,False,1,0.0,0,0,0,0.0,50.0,0.0,Corewell Health Dearborn Campus,MI,MISO,0,,65,,fewer than 3 gas sites - excluded from share-at-risk ordering
by_recoverable_usd,prospect (cold outreach),1335,Cordova Energy Co LLC,False,1,611.2,0,0,0,0.0,55.04609306409131,0.0,Cordova Energy,IL,PJM,1,0.0,65,,fewer than 3 gas sites - excluded from share-at-risk ordering
by_recoverable_usd,prospect (cold outreach),1336,Contango Oil and Gas,False,1,2.0,0,0,0,0.0,48.76734913793103,0.0,Elk Basin Gasoline Plant,WY,PACE,0,0.0,65,,fewer than 3 gas sites - excluded from share-at-risk ordering
by_recoverable_usd,prospect (cold outreach),1337,ExxonMobil Oil Corp,False,4,721.2,0,0,0,0.0,40.91719797581667,0.0,ExxonMobil Oil Joliet Refinery,"IL, TX","MISO, PJM",0,0.0,65,58.0,
by_recoverable_usd,prospect (cold outreach),1338,Connecticut Airport Authority,False,1,5.800000000000001,0,0,0,0.0,44.95798319327732,0.0,Bradley Energy Center,CT,ISNE,0,0.0,65,,fewer than 3 gas sites - excluded from share-at-risk ordering
by_recoverable_usd,prospect (cold outreach),1339,Concord Energy LLC,False,1,11.0,0,0,0,0.0,29.255860635170976,0.0,Concord Energy,NC,DUK,0,0.0,65,,fewer than 3 gas sites - excluded from share-at-risk ordering
by_recoverable_usd,prospect (cold outreach),1340,ConEdison Group,False,3,733.3,0,0,1,0.0,41.12793242900849,0.0,59th Street,NY,NYIS,0,0.0,65,58.0,
by_recoverable_usd,prospect (cold outreach),1341,"Computershare Trust Company, N.A.",False,1,3.2,0,0,0,0.0,32.09699807329756,0.0,Mountain Home Energy Center,TN,TVA,0,0.0,65,,fewer than 3 gas sites - excluded from share-at-risk ordering
by_recoverable_usd,prospect (cold outreach),1342,Community Eco Springfield LLC,False,1,0.0,0,0,0,0.0,50.0,0.0,Pioneer Valley Resource Recovery,MA,ISNE,0,,65,,fewer than 3 gas sites - excluded from share-at-risk ordering
by_recoverable_usd,prospect (cold outreach),1343,Commonwealth of Massachusetts,False,1,1.5,0,0,0,0.0,54.48619886930495,0.0,Bridgewater Complex Co-Generation Plant,MA,ISNE,0,0.0,65,,fewer than 3 gas sites - excluded from share-at-risk ordering
by_recoverable_usd,prospect (cold outreach),1344,CommonWealth New Bedford Energy LLC,False,1,3.3,0,0,0,0.0,44.829629629629636,0.0,Greater New Bedford LFG Utiliz. Facility,MA,ISNE,0,0.0,65,,fewer than 3 gas sites - excluded from share-at-risk ordering
by_recoverable_usd,prospect (cold outreach),1345,Columbus Water Works,False,1,3.6,0,0,0,0.0,62.279411764705884,0.0,South Columbus Water Resource Facility,GA,SOCO,0,0.0,65,,fewer than 3 gas sites - excluded from share-at-risk ordering
by_recoverable_usd,prospect (cold outreach),1346,Colton Power LP,False,2,89.6,0,0,0,0.0,54.405797101449274,0.0,Drews Generating Facility,CA,CISO,0,0.0,65,,fewer than 3 gas sites - excluded from share-at-risk ordering
by_recoverable_usd,prospect (cold outreach),1347,Collinwood BioEnergy,False,1,1.0,0,0,0,0.0,41.246498599439775,0.0,Collinwood BioEnergy Facility,OH,PJM,0,0.0,65,,fewer than 3 gas sites - excluded from share-at-risk ordering
by_recoverable_usd,prospect (cold outreach),1348,Coldwater Board of Public Util,False,1,12.899999999999999,0,0,0,0.0,51.438138349665415,0.0,Coldwater Peaking Plant,MI,MISO,0,0.0,65,,fewer than 3 gas sites - excluded from share-at-risk ordering
by_recoverable_usd,prospect (cold outreach),1349,Dane County Public Works,False,1,6.3999999999999995,0,0,0,0.0,45.92618585993242,0.0,Dane County Landfill #2 Rodefeld,WI,MISO,0,0.0,65,,fewer than 3 gas sites - excluded from share-at-risk ordering
by_recoverable_usd,prospect (cold outreach),1350,DOD USMC Marine Air Ground Combat,False,1,16.4,0,0,0,0.0,45.01449275362319,0.0,MCAGCC Cogen Plant,CA,CISO,0,0.0,65,,fewer than 3 gas sites - excluded from share-at-risk ordering
by_recoverable_usd,prospect (cold outreach),1351,"DGC Westmoreland, LLC",False,1,1134.0,0,0,0,0.0,40.44488916256158,0.0,Tenaska Westmoreland Generating Station,PA,PJM,1,0.0,65,,fewer than 3 gas sites - excluded from share-at-risk ordering
by_recoverable_usd,prospect (cold outreach),1352,DG Fairhaven Power LLC,False,1,0.0,0,0,0,0.0,50.0,0.0,Fairhaven Power,CA,CISO,0,,65,,fewer than 3 gas sites - excluded from share-at-risk ordering
by_recoverable_usd,prospect (cold outreach),1353,DF-AP #1 LLC,False,1,1.6,0,0,0,0.0,44.254385964912274,0.0,Big Sky Dairy Digester,ID,IPCO,0,0.0,65,,fewer than 3 gas sites - excluded from share-at-risk ordering
by_recoverable_usd,prospect (cold outreach),1354,DC Water,False,1,14.100000000000001,0,0,0,0.0,42.17437091231571,0.0,Walt Bailey Bioenergy Facility,DC,PJM,0,0.0,65,,fewer than 3 gas sites - excluded from share-at-risk ordering
by_recoverable_usd,prospect (cold outreach),1355,Cutrale Citrus Juices USA Inc,False,2,12.299999999999999,0,0,0,0.0,37.64645390070922,0.0,Cutrale Citrus Juices USA I,FL,"FPC, TEC",0,0.0,65,,fewer than 3 gas sites - excluded from share-at-risk ordering
by_recoverable_usd,prospect (cold outreach),1356,"Cube District Energy, LLC",False,8,43.6,0,0,0,0.0,34.46887184159916,0.0,Oak Grove Power Producers,"GA, KS, MO, NC, TN","AECI, DUK, SOCO, SWPP, TVA",0,0.0,65,58.0,
by_recoverable_usd,prospect (cold outreach),1357,Croda Inc.,False,1,4.2,0,0,0,0.0,43.3533215010142,0.0,Croda Atlas Point CHP,DE,PJM,0,0.0,65,,fewer than 3 gas sites - excluded from share-at-risk ordering
by_recoverable_usd,prospect (cold outreach),1358,Covanta Fairfax Inc,False,1,0.0,0,0,0,0.0,50.0,0.0,Covanta Fairfax Energy,VA,PJM,0,,65,,fewer than 3 gas sites - excluded from share-at-risk ordering
by_recoverable_usd,prospect (cold outreach),1359,Crete Energy Venture LLC,False,1,356.0,0,0,0,0.0,46.500591122684135,0.0,Crete Energy Venture LLC,IL,PJM,1,0.0,65,,fewer than 3 gas sites - excluded from share-at-risk ordering
by_recoverable_usd,prospect (cold outreach),1360,Crestwood Corp,False,1,0.0,0,0,0,0.0,50.0,0.0,Crestwood Dothan,AL,SOCO,0,,65,,fewer than 3 gas sites - excluded from share-at-risk ordering
by_recoverable_usd,prospect (cold outreach),1361,Creed Energy Center LLC,False,1,48.0,0,0,0,0.0,42.299116713832426,0.0,Creed Energy Center,CA,CISO,1,0.0,65,,fewer than 3 gas sites - excluded from share-at-risk ordering
by_recoverable_usd,prospect (cold outreach),1362,Crawfordsville Energy LLC,False,1,0.0,0,0,0,0.0,50.0,0.0,Crawfordsville Power Plant,IN,MISO,0,,65,,fewer than 3 gas sites - excluded from share-at-risk ordering
by_recoverable_usd,prospect (cold outreach),1363,Cox Enterprises,False,1,3.2,0,0,0,0.0,39.04921267025565,0.0,New River Clean Energy,WV,PJM,0,0.0,65,,fewer than 3 gas sites - excluded from share-at-risk ordering
by_recoverable_usd,prospect (cold outreach),1364,Covanta Southeast Florida Renewable Ltd,False,1,0.0,0,0,0,0.0,50.0,0.0,Miami Dade County Resource Recovery Fac,FL,FPL,0,,65,,fewer than 3 gas sites - excluded from share-at-risk ordering
by_recoverable_usd,prospect (cold outreach),1365,Covanta Onondega LP,False,1,0.0,0,0,0,0.0,50.0,0.0,Onondaga County Resource Recovery,NY,NYIS,0,,65,,fewer than 3 gas sites - excluded from share-at-risk ordering
by_recoverable_usd,prospect (cold outreach),1366,"Covanta Montgomery, Inc.",False,1,0.0,0,0,0,0.0,50.0,0.0,Montgomery County Resource Recovery,MD,PJM,0,,65,,fewer than 3 gas sites - excluded from share-at-risk ordering
by_recoverable_usd,prospect (cold outreach),1367,Covanta Marion Inc,False,1,0.0,0,0,0,0.0,50.0,0.0,Covanta Marion Inc,OR,PGE,0,,65,,fewer than 3 gas sites - excluded from share-at-risk ordering
by_recoverable_usd,prospect (cold outreach),1368,Covanta Lancaster Inc,False,1,0.0,0,0,0,0.0,50.0,0.0,Lancaster County Resource Recovery,PA,PJM,0,,65,,fewer than 3 gas sites - excluded from share-at-risk ordering
by_recoverable_usd,prospect (cold outreach),1369,Covanta Lake Inc,False,1,0.0,0,0,0,0.0,50.0,0.0,Covanta Lake County Energy,FL,FPC,0,,65,,fewer than 3 gas sites - excluded from share-at-risk ordering
by_recoverable_usd,prospect (cold outreach),1370,Crisp County Power Comm,False,2,22.5,0,0,1,0.0,58.103310411002724,0.0,Crisp Plant,GA,SOCO,0,0.0,65,,fewer than 3 gas sites - excluded from share-at-risk ordering
by_recoverable_usd,prospect (cold outreach),1371,City of West Liberty - (IA),False,1,0.0,0,0,0,0.0,50.0,0.0,West Liberty,IA,MISO,0,,65,,fewer than 3 gas sites - excluded from share-at-risk ordering
by_recoverable_usd,prospect (cold outreach),1372,City of West Bend - (IA),False,1,0.0,0,0,0,0.0,50.0,0.0,West Bend,IA,MISO,0,,65,,fewer than 3 gas sites - excluded from share-at-risk ordering
by_recoverable_usd,prospect (cold outreach),1373,City of Wells - (MN),False,1,7.2,0,0,1,0.0,69.6257241414542,0.0,Wells IC,MN,MISO,0,0.0,65,,fewer than 3 gas sites - excluded from share-at-risk ordering
by_recoverable_usd,prospect (cold outreach),1374,City of Washington - (UT),False,1,6.0,0,0,1,0.0,66.41290726817044,0.0,Washington City Electric Generation,UT,PACE,0,0.0,65,,fewer than 3 gas sites - excluded from share-at-risk ordering
by_recoverable_usd,prospect (cold outreach),1375,City of Washington - (KS),False,1,8.8,0,0,1,0.0,70.30961289114099,0.0,Washington,KS,SWPP,0,0.0,65,,fewer than 3 gas sites - excluded from share-at-risk ordering
by_recoverable_usd,prospect (cold outreach),1376,City of Wamego - (KS),False,1,15.200000000000001,0,0,1,0.0,61.78021978021978,0.0,Wamego,KS,SWPP,0,0.0,65,,fewer than 3 gas sites - excluded from share-at-risk ordering
by_recoverable_usd,prospect (cold outreach),1377,City of Wakefield - (NE),False,1,4.1000000000000005,0,0,1,0.0,64.28571428571429,0.0,Wakefield,NE,SWPP,0,0.0,65,,fewer than 3 gas sites - excluded from share-at-risk ordering
by_recoverable_usd,prospect (cold outreach),1378,City of Wahoo - (NE),False,1,13.7,0,0,1,0.0,67.46514325964905,0.0,Wahoo,NE,SWPP,0,0.0,65,,fewer than 3 gas sites - excluded from share-at-risk ordering
by_recoverable_usd,prospect (cold outreach),1379,City of Vinton - (IA),False,1,16.1,0,0,0,0.0,59.24910397977999,0.0,Vinton,IA,MISO,0,0.0,65,,fewer than 3 gas sites - excluded from share-at-risk ordering
by_recoverable_usd,prospect (cold outreach),1380,City of Villisca - (IA),False,1,0.0,0,0,0,0.0,50.0,0.0,Villisca Municipal Power Plant,IA,MISO,0,,65,,fewer than 3 gas sites - excluded from share-at-risk ordering
by_recoverable_usd,prospect (cold outreach),1381,Coalinga Cogeneration Co,False,1,38.4,0,0,0,0.0,52.56410256410257,0.0,Coalinga Cogeneration,CA,CISO,0,0.0,65,,fewer than 3 gas sites - excluded from share-at-risk ordering
by_recoverable_usd,prospect (cold outreach),1382,City of Truman - (MN),False,1,0.0,0,0,0,0.0,50.0,0.0,Truman,MN,MISO,0,,65,,fewer than 3 gas sites - excluded from share-at-risk ordering
by_recoverable_usd,prospect (cold outreach),1383,City of Tipton - (IA),False,1,3.3,0,0,1,0.0,68.12576549663929,0.0,Tipton,IA,MISO,0,0.0,65,,fewer than 3 gas sites - excluded from share-at-risk ordering
by_recoverable_usd,prospect (cold outreach),1384,City of Tecumseh - (NE),False,1,2.4,0,0,1,0.0,68.38576519090928,0.0,Tecumseh,NE,SWPP,0,0.0,65,,fewer than 3 gas sites - excluded from share-at-risk ordering
by_recoverable_usd,prospect (cold outreach),1385,City of Sunnyvale WPCP - (CA),False,1,1.6,0,0,0,0.0,46.69383874239351,0.0,Sunnyvale City of WPCP,CA,CISO,0,0.0,65,,fewer than 3 gas sites - excluded from share-at-risk ordering
by_recoverable_usd,prospect (cold outreach),1386,City of Sumner - (IA),False,1,0.0,0,0,0,0.0,50.0,0.0,Sumner,IA,MISO,0,,65,,fewer than 3 gas sites - excluded from share-at-risk ordering
by_recoverable_usd,prospect (cold outreach),1387,City of Sullivan - (IL),False,1,0.0,0,0,0,0.0,50.0,0.0,Sullivan (IL),IL,MISO,0,,65,,fewer than 3 gas sites - excluded from share-at-risk ordering
by_recoverable_usd,prospect (cold outreach),1388,City of Sturgis - (MI),False,1,6.0,0,0,0,0.0,61.707317073170735,0.0,Sturgis City Diesel Plant,MI,PJM,0,0.0,65,,fewer than 3 gas sites - excluded from share-at-risk ordering
by_recoverable_usd,prospect (cold outreach),1389,City of Stuart - (NE),False,1,0.7,0,0,1,0.0,71.33767603321064,0.0,Stuart (NE),NE,SWPP,0,0.0,65,,fewer than 3 gas sites - excluded from share-at-risk ordering
by_recoverable_usd,prospect (cold outreach),1390,City of Stuart - (IA),False,1,0.0,0,0,0,0.0,50.0,0.0,Stuart (IA),IA,MISO,0,,65,,fewer than 3 gas sites - excluded from share-at-risk ordering
by_recoverable_usd,prospect (cold outreach),1391,City of Story City - (IA),False,1,2.0,0,0,1,0.0,70.04707217452861,0.0,Story City,IA,MISO,0,0.0,65,,fewer than 3 gas sites - excluded from share-at-risk ordering
by_recoverable_usd,prospect (cold outreach),1392,City of Stockton MUD - (CA),False,1,3.0,0,0,0,0.0,55.393002028397554,0.0,Regional Wastewater Control Facility,CA,CISO,0,0.0,65,,fewer than 3 gas sites - excluded from share-at-risk ordering
by_recoverable_usd,prospect (cold outreach),1393,City of Unionville - (MO),False,1,0.0,0,0,0,0.0,50.0,0.0,Unionville City of,MO,AECI,0,,65,,fewer than 3 gas sites - excluded from share-at-risk ordering
by_recoverable_usd,prospect (cold outreach),1394,Co-Gen II,False,1,0.0,0,0,0,0.0,50.0,0.0,Co-Gen II LLC,OR,PACW,0,,65,,fewer than 3 gas sites - excluded from share-at-risk ordering
by_recoverable_usd,prospect (cold outreach),1395,Clevelandcliffs Warren,False,1,13.0,0,0,0,0.0,62.113864942528735,0.0,Clevelandcliffs Warren,OH,PJM,0,0.0,65,,fewer than 3 gas sites - excluded from share-at-risk ordering
by_recoverable_usd,prospect (cold outreach),1396,Cleveland Cliffs Inc,False,2,127.0,0,0,0,0.0,59.03318897691203,0.0,Indiana Harbor West,"IN, MN",MISO,0,0.0,65,,fewer than 3 gas sites - excluded from share-at-risk ordering
by_recoverable_usd,prospect (cold outreach),1397,Cleveland Cliffs,False,1,102.0,0,0,0,0.0,57.06621796053845,0.0,Cleveland Works,OH,PJM,0,0.0,65,,fewer than 3 gas sites - excluded from share-at-risk ordering
by_recoverable_usd,prospect (cold outreach),1398,Cleco Corporate Holdings,False,4,1313.5,0,0,1,0.0,49.42931483782611,0.0,Teche,LA,MISO,3,0.0,65,58.0,
by_recoverable_usd,prospect (cold outreach),1399,Clearwater Paper Corporation - Augusta,False,1,39.0,0,0,0,0.0,50.45894396551724,0.0,Clearwater Paper Corporation - Augusta,GA,SOCO,0,0.0,65,,fewer than 3 gas sites - excluded from share-at-risk ordering
by_recoverable_usd,prospect (cold outreach),1400,Clearwater Paper Corporation,False,2,0.0,0,0,0,0.0,50.0,0.0,Clearwater Paper IPP Lewiston,"AR, ID","AVA, MISO",0,,65,,fewer than 3 gas sites - excluded from share-at-risk ordering
by_recoverable_usd,prospect (cold outreach),1401,ClearGen LLC,False,2,3.2,0,0,0,0.0,43.10897818971158,0.0,"CG PS Portfolio 1, LLC","CA, GA","CISO, SOCO",0,0.0,65,,fewer than 3 gas sites - excluded from share-at-risk ordering
by_recoverable_usd,prospect (cold outreach),1402,Clean Water Services,False,1,1.6,0,0,0,0.0,52.18582887700535,0.0,Durham AWTF,OR,PGE,0,0.0,65,,fewer than 3 gas sites - excluded from share-at-risk ordering
by_recoverable_usd,prospect (cold outreach),1403,City of West Point - (NE),False,1,4.4,0,0,1,0.0,71.29979079141661,0.0,West Point Municipal,NE,SWPP,0,0.0,65,,fewer than 3 gas sites - excluded from share-at-risk ordering
by_recoverable_usd,prospect (cold outreach),1404,Clean Energy Systems Delano,False,1,0.0,0,0,0,0.0,50.0,0.0,Covanta Delano Energy,CA,CISO,0,,65,,fewer than 3 gas sites - excluded from share-at-risk ordering
by_recoverable_usd,prospect (cold outreach),1405,Clean Energy LLC,False,1,3.5,0,0,0,0.0,35.770335195938436,0.0,Reventure Park,NC,DUK,0,0.0,65,,fewer than 3 gas sites - excluded from share-at-risk ordering
by_recoverable_usd,prospect (cold outreach),1406,"Clean Energy Future-Lordstown, LLC",False,1,962.0,0,1,0,962.0,59.32881773399015,0.0,Middletown- Ohio,OH,PJM,1,1.0,65,,fewer than 3 gas sites - excluded from share-at-risk ordering
by_recoverable_usd,prospect (cold outreach),1407,Clatskanie Peoples Util Dist,False,1,10.9,0,0,0,0.0,52.06185567010309,0.0,Alden Bailey Power Plant,OR,BPAT,0,0.0,65,,fewer than 3 gas sites - excluded from share-at-risk ordering
by_recoverable_usd,prospect (cold outreach),1408,Clarksdale Public Utilities,False,3,361.59999999999997,0,0,0,0.0,51.04450071356126,0.0,L L Wilkins,MS,MISO,1,0.0,65,58.0,
by_recoverable_usd,prospect (cold outreach),1409,Clark University,False,1,2.0,0,0,0,0.0,48.806022408963585,0.0,Clark University,MA,ISNE,0,0.0,65,,fewer than 3 gas sites - excluded from share-at-risk ordering
by_recoverable_usd,prospect (cold outreach),1410,CityCenter Land LLC,False,1,8.6,0,0,0,0.0,33.3768115942029,0.0,CityCenter Central Plant Cogen Units,NV,NEVP,0,0.0,65,,fewer than 3 gas sites - excluded from share-at-risk ordering
by_recoverable_usd,prospect (cold outreach),1411,City of Zeeland - (MI),False,3,34.3,0,0,0,0.0,62.42974689753101,0.0,Riley Generating Station,MI,MISO,0,0.0,65,58.0,
by_recoverable_usd,prospect (cold outreach),1412,City of Woodsfield - (OH),False,1,0.0,0,0,0,0.0,50.0,0.0,Anadarko,OH,PJM,0,,65,,fewer than 3 gas sites - excluded from share-at-risk ordering
by_recoverable_usd,prospect (cold outreach),1413,City of Winterset - (IA),False,1,7.6000000000000005,0,0,0,0.0,62.62880938076198,0.0,Winterset,IA,MISO,0,0.0,65,,fewer than 3 gas sites - excluded from share-at-risk ordering
by_recoverable_usd,prospect (cold outreach),1414,City of Whittemore - (IA),False,1,0.0,0,0,0,0.0,50.0,0.0,Whittemore,IA,MISO,0,,65,,fewer than 3 gas sites - excluded from share-at-risk ordering
by_recoverable_usd,prospect (cold outreach),1415,Clean Fuel Partners Dane,False,1,2.0,0,0,0,0.0,40.45236977373849,0.0,Clean Fuel Dane Community Digester,WI,MISO,0,0.0,65,,fewer than 3 gas sites - excluded from share-at-risk ordering
by_recoverable_usd,prospect (cold outreach),1416,"EnLink Processing Services, LLC",False,1,4.7,0,0,0,0.0,42.43076923076923,0.0,Eunice LA Plant,LA,MISO,0,0.0,65,,fewer than 3 gas sites - excluded from share-at-risk ordering
by_recoverable_usd,prospect (cold outreach),1417,"EnLink Midstream Services, LLC",False,2,10.400000000000002,0,0,0,0.0,45.089235694277704,0.0,Cana Gas Processing Plant,"OK, TX","ERCO, SPA",0,0.0,65,,fewer than 3 gas sites - excluded from share-at-risk ordering
by_recoverable_usd,prospect (cold outreach),1418,Empire Generating Co LLC,False,1,653.7,0,0,0,0.0,41.721285260343414,0.0,Empire Generating Co LLC,NY,NYIS,1,0.0,65,,fewer than 3 gas sites - excluded from share-at-risk ordering
by_recoverable_usd,prospect (cold outreach),1419,Emerald People's Utility Dist,False,1,3.2,0,0,0,0.0,50.569884181155174,0.0,Short Mountain,OR,PACW,0,0.0,65,,fewer than 3 gas sites - excluded from share-at-risk ordering
by_recoverable_usd,prospect (cold outreach),1420,"Emerald Hills Holdings, LLC",False,1,1.6,0,0,0,0.0,41.796043038584386,0.0,White Street Renewables,NC,DUK,0,0.0,65,,fewer than 3 gas sites - excluded from share-at-risk ordering
by_recoverable_usd,prospect (cold outreach),1421,Emcor Energy Services,False,1,7.9,0,0,0,0.0,49.27336215497173,0.0,UNH 7.9 MW Plant,NH,ISNE,0,0.0,65,,fewer than 3 gas sites - excluded from share-at-risk ordering
by_recoverable_usd,prospect (cold outreach),1422,Elmwood Park Power LLC,False,1,89.5,0,0,0,0.0,54.82954545454544,0.0,Elmwood Park Power LLC,NJ,PJM,0,0.0,65,,fewer than 3 gas sites - excluded from share-at-risk ordering
by_recoverable_usd,prospect (cold outreach),1423,"Ellwood Power, LLC",False,1,58.0,0,0,0,0.0,59.790209790209786,0.0,Ellwood,CA,CISO,0,0.0,65,,fewer than 3 gas sites - excluded from share-at-risk ordering
by_recoverable_usd,prospect (cold outreach),1424,Electric Energy Inc,False,1,0.0,0,0,1,0.0,53.02044609665427,0.0,Joppa Steam,IL,GLHB,0,,65,,fewer than 3 gas sites - excluded from share-at-risk ordering
by_recoverable_usd,prospect (cold outreach),1425,Eight Flags Energy LLC,False,1,21.6,0,0,0,0.0,36.197206518124375,0.0,Eight Flags Energy,FL,JEA,0,0.0,65,,fewer than 3 gas sites - excluded from share-at-risk ordering
by_recoverable_usd,prospect (cold outreach),1426,Danskammer Energy,False,1,532.0,0,0,0,0.0,49.13804347826087,0.0,Danskammer Generating Station,NY,NYIS,1,0.0,65,,fewer than 3 gas sites - excluded from share-at-risk ordering
by_recoverable_usd,prospect (cold outreach),1427,Edison International Group,False,7,1288.1,0,0,0,0.0,49.31891987078722,0.0,Mountainview Generating Station,CA,CISO,6,0.0,65,58.0,
by_recoverable_usd,prospect (cold outreach),1428,Edgecombe Operating Services LLC,False,1,0.0,0,0,0,0.0,50.0,0.0,Edgecombe Genco LLC,NC,PJM,0,,65,,fewer than 3 gas sites - excluded from share-at-risk ordering
by_recoverable_usd,prospect (cold outreach),1429,"Ector County Generation, LLC",False,1,358.8,0,0,0,0.0,49.50396825396825,0.0,Ector County Energy Center,TX,ERCO,1,0.0,65,,fewer than 3 gas sites - excluded from share-at-risk ordering
by_recoverable_usd,prospect (cold outreach),1430,Ecomaine,False,1,0.0,0,0,0,0.0,50.0,0.0,Regional Waste Systems,ME,ISNE,0,,65,,fewer than 3 gas sites - excluded from share-at-risk ordering
by_recoverable_usd,prospect (cold outreach),1431,Eco Services Corp.,False,3,0.0,0,0,0,0.0,49.99999999999999,0.0,Martinez Sulfuric Acid Regeneration Plt,"CA, TX","CISO, ERCO",0,,65,,
by_recoverable_usd,prospect (cold outreach),1432,Ebensburg Power Co,False,1,0.0,0,0,0,0.0,51.31660470879801,0.0,Ebensburg Power,PA,PJM,0,,65,,fewer than 3 gas sites - excluded from share-at-risk ordering
by_recoverable_usd,prospect (cold outreach),1433,Easton Utilities Comm,False,2,0.0,0,0,0,0.0,50.0,0.0,Easton,MD,PJM,0,,65,,fewer than 3 gas sites - excluded from share-at-risk ordering
by_recoverable_usd,prospect (cold outreach),1434,Eastman Cogeneration LP,False,1,467.7,0,0,0,0.0,46.12934975869952,0.0,Eastman Cogeneration Facility,TX,SWPP,1,0.0,65,,fewer than 3 gas sites - excluded from share-at-risk ordering
by_recoverable_usd,prospect (cold outreach),1435,Eastman Chemical Co-TN Ops,False,1,83.8,0,0,0,0.0,44.1750414899502,0.0,Tennessee Eastman Operations,TN,PJM,0,0.0,65,,fewer than 3 gas sites - excluded from share-at-risk ordering
by_recoverable_usd,prospect (cold outreach),1436,East. Michigan Univ. Heating Plant,False,1,7.8,0,0,0,0.0,35.954255319148935,0.0,East. Michigan Univ. Heating Plant,MI,MISO,0,0.0,65,,fewer than 3 gas sites - excluded from share-at-risk ordering
by_recoverable_usd,prospect (cold outreach),1437,Eagle Materials Co LLC,False,1,6.4,0,0,0,0.0,34.7689852700491,0.0,American Gypsum Cogeneration,CO,PSCO,0,0.0,65,,fewer than 3 gas sites - excluded from share-at-risk ordering
by_recoverable_usd,prospect (cold outreach),1438,Edison Mission Energy,False,1,218.0,0,1,0,218.0,84.46969696969697,0.0,AES Huntington Beach LLC,CA,CISO,1,1.0,65,,fewer than 3 gas sites - excluded from share-at-risk ordering
by_recoverable_usd,prospect (cold outreach),1439,Evergreen Packaging Inc,False,1,0.0,0,0,0,0.0,50.0,0.0,Pine Bluff Mill,AR,MISO,0,,65,,fewer than 3 gas sites - excluded from share-at-risk ordering
by_recoverable_usd,prospect (cold outreach),1440,Evanston Board of Education,False,1,2.4000000000000004,0,0,1,0.0,62.710084033613455,0.0,Evanston Township High School,IL,PJM,0,0.0,65,,fewer than 3 gas sites - excluded from share-at-risk ordering
by_recoverable_usd,prospect (cold outreach),1441,EthosEnergy Power Plant Services,False,1,0.0,0,0,0,0.0,50.0,0.0,Quantum Pasco Power LP,FL,TEC,0,,65,,fewer than 3 gas sites - excluded from share-at-risk ordering
by_recoverable_usd,prospect (cold outreach),1442,Essex Generating Station,False,1,93.6,0,0,1,0.0,65.31934731934733,0.0,PSEG Essex Generating Station,NJ,PJM,0,0.0,65,,fewer than 3 gas sites - excluded from share-at-risk ordering
by_recoverable_usd,prospect (cold outreach),1443,Essex County,False,1,6.2,0,0,0,0.0,48.711111111111116,0.0,Essex County Correctional Facility Cogen,NJ,PJM,0,0.0,65,,fewer than 3 gas sites - excluded from share-at-risk ordering
by_recoverable_usd,prospect (cold outreach),1444,Essential Power Operating Services LLC,False,1,795.6,0,0,0,0.0,45.26077097505668,0.0,Essential Power Rock Springs LLC,MD,PJM,1,0.0,65,,fewer than 3 gas sites - excluded from share-at-risk ordering
by_recoverable_usd,prospect (cold outreach),1445,"Essential Power Operating Company, LLC",False,1,605.5,0,0,0,0.0,61.038162574385,0.0,Newington Energy Center,NH,ISNE,1,0.0,65,,fewer than 3 gas sites - excluded from share-at-risk ordering
by_recoverable_usd,prospect (cold outreach),1446,Erving Paper Mills Inc,False,2,6.199999999999999,0,0,0,0.0,33.14056642427757,0.0,Erving Paper Mills,MA,ISNE,0,0.0,65,,fewer than 3 gas sites - excluded from share-at-risk ordering
by_recoverable_usd,prospect (cold outreach),1447,Ergon Refining Inc,False,1,4.8,0,0,0,0.0,46.36276595744681,0.0,Ergon Refining Vicksburg,MS,MISO,0,0.0,65,,fewer than 3 gas sites - excluded from share-at-risk ordering
by_recoverable_usd,prospect (cold outreach),1448,Equistar Chemicals LP,False,3,72.1,0,0,0,0.0,42.30852425986966,0.0,Corpus Christi,"LA, TX","ERCO, MISO",0,0.0,65,58.0,
by_recoverable_usd,prospect (cold outreach),1449,Enchanted Rock,False,1,46.8,0,0,0,0.0,49.0,0.0,Enchanted Rock Turlock Irrigation Distri,CA,TIDC,0,0.0,65,,fewer than 3 gas sites - excluded from share-at-risk ordering
by_recoverable_usd,prospect (cold outreach),1450,Ennis Power Company LLC,False,1,418.0,0,0,1,0.0,45.27940490561896,0.0,Ennis Power Company LLC,TX,ERCO,1,0.0,65,,fewer than 3 gas sites - excluded from share-at-risk ordering
by_recoverable_usd,prospect (cold outreach),1451,"Energy XXI Pipeline II, LLC",False,1,9.0,0,0,0,0.0,63.459259259259255,0.0,Grand Isle Gas Plant / Treating Station,LA,MISO,0,0.0,65,,fewer than 3 gas sites - excluded from share-at-risk ordering
by_recoverable_usd,prospect (cold outreach),1452,Energy Transfer Field Services LLC,False,1,3.0,0,0,0,0.0,51.0609243697479,0.0,Woodall Gas Plant,TX,SWPP,0,0.0,65,,fewer than 3 gas sites - excluded from share-at-risk ordering
by_recoverable_usd,prospect (cold outreach),1453,"Energy Developments, Inc d/b/a EDL",False,17,77.4,0,0,0,0.0,44.56125494625521,0.0,Grand River,"AL, GA, MI, OH, PA, UT","MISO, PACE, PJM, SOCO, TVA",0,0.0,65,58.0,
by_recoverable_usd,prospect (cold outreach),1454,Energy Center San Diego LLC,False,1,1.6,0,0,0,0.0,62.77079107505071,0.0,Energy Center San Diego,CA,CISO,0,0.0,65,,fewer than 3 gas sites - excluded from share-at-risk ordering
by_recoverable_usd,prospect (cold outreach),1455,Energy Center Phoenix LLC,False,2,17.1,0,0,0,0.0,40.58010364074437,0.0,Arizona State University CHP,AZ,AZPS,0,0.0,65,,fewer than 3 gas sites - excluded from share-at-risk ordering
by_recoverable_usd,prospect (cold outreach),1456,Energy Center Paxton LLC,False,1,12.6,0,0,0,0.0,62.19512195121951,0.0,Paxton Creek Cogeneration,PA,PJM,0,0.0,65,,fewer than 3 gas sites - excluded from share-at-risk ordering
by_recoverable_usd,prospect (cold outreach),1457,Energy 2001 Inc,False,1,4.8,0,0,0,0.0,46.31305631846412,0.0,Lincoln Landfill,CA,CISO,0,0.0,65,,fewer than 3 gas sites - excluded from share-at-risk ordering
by_recoverable_usd,prospect (cold outreach),1458,Enerdyne Power Systems Inc,False,1,3.2,0,0,0,0.0,58.05847477212076,0.0,Enoree Phase II Landfill Gas Recovery,SC,DUK,0,0.0,65,,fewer than 3 gas sites - excluded from share-at-risk ordering
by_recoverable_usd,prospect (cold outreach),1459,Encina Joint Powers Authority,False,1,3.2,0,0,0,0.0,35.39953998840916,0.0,Encina Water Pollution Control,CA,CISO,0,0.0,65,,fewer than 3 gas sites - excluded from share-at-risk ordering
by_recoverable_usd,prospect (cold outreach),1460,Enterprise Products Optg LP,False,2,23.5,0,0,1,0.0,55.17774081069336,0.0,Toca Plant,"LA, TX","ERCO, MISO",0,0.0,65,,fewer than 3 gas sites - excluded from share-at-risk ordering
by_recoverable_usd,prospect (cold outreach),1461,Digihost Technology Inc,False,1,65.7,0,0,0,0.0,18.05752753977968,0.0,World Generation X,NY,NYIS,1,0.0,65,,fewer than 3 gas sites - excluded from share-at-risk ordering
by_recoverable_usd,prospect (cold outreach),1462,"Dighton Power, LLC",False,1,200.0,0,0,0,0.0,56.70430677501196,0.0,Dighton Power Plant,MA,ISNE,1,0.0,65,,fewer than 3 gas sites - excluded from share-at-risk ordering
by_recoverable_usd,prospect (cold outreach),1463,"Dickerson Power, LLC",False,1,326.0,0,0,0,0.0,54.84469466761375,0.0,Dickerson Power,MD,PJM,1,0.0,65,,fewer than 3 gas sites - excluded from share-at-risk ordering
by_recoverable_usd,prospect (cold outreach),1464,Diamond Leaf Energy,False,1,2.4000000000000004,0,0,1,0.0,63.5824175824176,0.0,Delano,MN,MISO,0,0.0,65,,fewer than 3 gas sites - excluded from share-at-risk ordering
by_recoverable_usd,prospect (cold outreach),1465,Diamond Generating Corporation,False,4,1249.1,0,0,0,0.0,57.487365474591044,0.0,"Sentinel Energy Center, LLC",CA,CISO,4,0.0,65,58.0,
by_recoverable_usd,prospect (cold outreach),1466,Devon Power LLC,False,1,0.0,0,0,1,0.0,62.79276985743381,0.0,Devon Station,CT,ISNE,1,,65,,fewer than 3 gas sites - excluded from share-at-risk ordering
by_recoverable_usd,prospect (cold outreach),1467,Desert View Power Inc,False,1,0.0,0,0,0,0.0,50.0,0.0,Desert View Power,CA,IID,0,,65,,fewer than 3 gas sites - excluded from share-at-risk ordering
by_recoverable_usd,prospect (cold outreach),1468,Des Moines Metro WRF,False,1,2.8,0,0,0,0.0,55.96288515406162,0.0,Des Moines Wastewater Reclamation Fac,IA,MISO,0,0.0,65,,fewer than 3 gas sites - excluded from share-at-risk ordering
by_recoverable_usd,prospect (cold outreach),1469,Department of the Navy,False,1,5.3,0,0,0,0.0,71.21438864870856,0.0,Naval Hospital Medical Center,CA,CISO,0,0.0,65,,fewer than 3 gas sites - excluded from share-at-risk ordering
by_recoverable_usd,prospect (cold outreach),1470,Denbury Inc,False,2,13.0,0,0,0,0.0,44.81408370424389,0.0,Beaver Creek Gas Plant,WY,WACM,0,0.0,65,,fewer than 3 gas sites - excluded from share-at-risk ordering
by_recoverable_usd,prospect (cold outreach),1471,"Eagle Creek Madison Hydro, LLC",False,1,0.0,0,0,0,0.0,50.0,0.0,Anson Abenaki Hydros,ME,ISNE,0,,65,,fewer than 3 gas sites - excluded from share-at-risk ordering
by_recoverable_usd,prospect (cold outreach),1472,Delaware City Refining Company LLC,False,2,324.0,0,0,0,0.0,42.93870400568135,0.0,Delaware City Plant,DE,PJM,0,0.0,65,,fewer than 3 gas sites - excluded from share-at-risk ordering
by_recoverable_usd,prospect (cold outreach),1473,Deer Park Refinery Limited Partnership (DPRLP),False,1,182.2,0,0,0,0.0,22.32983682983683,0.0,Shell Deer Park,TX,ERCO,0,0.0,65,,fewer than 3 gas sites - excluded from share-at-risk ordering
by_recoverable_usd,prospect (cold outreach),1474,Deer Park Energy Center,False,1,1176.0,0,0,0,0.0,45.18481613512389,0.0,Deer Park Energy Center,TX,ERCO,1,0.0,65,,fewer than 3 gas sites - excluded from share-at-risk ordering
by_recoverable_usd,prospect (cold outreach),1475,"Decorative Panels International, Inc.",False,1,7.5,0,0,0,0.0,55.96357758620689,0.0,Decorative Panels Intl,MI,MISO,0,0.0,65,,fewer than 3 gas sites - excluded from share-at-risk ordering
by_recoverable_usd,prospect (cold outreach),1476,Decatur Energy Center LLC,False,1,902.4000000000001,0,0,0,0.0,48.87517833625988,0.0,Decatur Energy Center,AL,TVA,1,0.0,65,,fewer than 3 gas sites - excluded from share-at-risk ordering
by_recoverable_usd,prospect (cold outreach),1477,Dearborn Industrial Gen Inc,False,3,985.9,0,0,0,0.0,30.99211640255038,0.0,Dearborn Industrial Generation,MI,MISO,2,0.0,65,58.0,
by_recoverable_usd,prospect (cold outreach),1478,Dean Baughman Industrial Services,False,2,162.4,0,0,0,0.0,41.30599077686643,0.0,"RED-Rochester, LLC",NY,NYIS,0,0.0,65,,fewer than 3 gas sites - excluded from share-at-risk ordering
by_recoverable_usd,prospect (cold outreach),1479,DeCordova Power Company LLC,False,1,357.6,0,0,0,0.0,62.02656404327915,0.0,DeCordova Steam Electric Station,TX,ERCO,1,0.0,65,,fewer than 3 gas sites - excluded from share-at-risk ordering
by_recoverable_usd,prospect (cold outreach),1480,Davidson Gas Producers LLC,False,1,1.6,0,0,0,0.0,38.95966117940122,0.0,Davidson Gas Producers LLC,NC,DUK,0,0.0,65,,fewer than 3 gas sites - excluded from share-at-risk ordering
by_recoverable_usd,prospect (cold outreach),1481,"Davenport, City of - (IA)",False,1,1.6,0,0,0,0.0,45.39565826330532,0.0,Davenport Water Pollution Control Plant,IA,MISO,0,0.0,65,,fewer than 3 gas sites - excluded from share-at-risk ordering
by_recoverable_usd,prospect (cold outreach),1482,Dart Container Corp,False,1,11.2,0,0,0,0.0,48.434124386252044,0.0,Dart Container Corp,PA,PJM,0,0.0,65,,fewer than 3 gas sites - excluded from share-at-risk ordering
by_recoverable_usd,prospect (cold outreach),1483,Delta Energy Center LLC,False,1,943.5,0,0,0,0.0,56.16483516483517,0.0,Delta Energy Center,CA,CISO,1,0.0,65,,fewer than 3 gas sites - excluded from share-at-risk ordering
by_recoverable_usd,prospect (cold outreach),1484,EPP Renewable Energy,False,2,3.2,0,0,0,0.0,56.56363069546597,0.0,Whitemarsh Central Utility Plant,"PA, VT","ISNE, PJM",0,0.0,65,,fewer than 3 gas sites - excluded from share-at-risk ordering
by_recoverable_usd,prospect (cold outreach),1485,ENI Crockett Ltd,False,1,247.0,0,1,0,247.0,63.26330532212884,0.0,Crockett Cogen Project,CA,CISO,0,1.0,65,,fewer than 3 gas sites - excluded from share-at-risk ordering
by_recoverable_usd,prospect (cold outreach),1486,"EIF CV Holdings, LLC",False,1,918.3,0,0,0,0.0,33.94243174180437,0.0,Channelview Cogeneration Plant,TX,ERCO,1,0.0,65,,fewer than 3 gas sites - excluded from share-at-risk ordering
by_recoverable_usd,prospect (cold outreach),1487,EGCO Tower,False,1,249.3,0,0,0,0.0,63.305177421030564,0.0,Milford Power LP,MA,ISNE,1,0.0,65,,fewer than 3 gas sites - excluded from share-at-risk ordering
by_recoverable_usd,prospect (cold outreach),1488,"EFS Parlin Holdings, LLC",False,1,135.0,0,1,0,135.0,68.99908325274016,0.0,Parlin Power Plant,NJ,PJM,0,1.0,65,,fewer than 3 gas sites - excluded from share-at-risk ordering
by_recoverable_usd,prospect (cold outreach),1489,"EF Oxnard, LLC",False,1,48.5,0,0,0,0.0,60.49691668420765,0.0,E F Oxnard Energy Facility,CA,CISO,1,0.0,65,,fewer than 3 gas sites - excluded from share-at-risk ordering
by_recoverable_usd,prospect (cold outreach),1490,EDPR CA Solar Park LLC,False,1,4.4,0,0,0,0.0,41.4216827402727,0.0,University of California Santa Cruz,CA,CISO,0,0.0,65,,fewer than 3 gas sites - excluded from share-at-risk ordering
by_recoverable_usd,prospect (cold outreach),1491,EDL Inc,False,7,90.0,0,0,0,0.0,50.866860475366856,0.0,Zion Landfill Gas to Energy Facility,"IL, MI, OH, TX","ERCO, MISO, PJM",0,0.0,65,58.0,
by_recoverable_usd,prospect (cold outreach),1492,ECP Uptown Campus LLC,False,1,5.6,0,0,0,0.0,37.583876980428705,0.0,ECP Uptown Campus,PA,PJM,0,0.0,65,,fewer than 3 gas sites - excluded from share-at-risk ordering
by_recoverable_usd,prospect (cold outreach),1493,E F Kenilworth LLC,False,1,28.8,0,0,0,0.0,48.1516290726817,0.0,Kenilworth Energy Facility,NJ,PJM,1,0.0,65,,fewer than 3 gas sites - excluded from share-at-risk ordering
by_recoverable_usd,prospect (cold outreach),1494,Dutchess County RRA - (NY),False,1,0.0,0,0,0,0.0,50.0,0.0,Dutchess Cnty Resource Recovery Facility,NY,NYIS,0,,65,,fewer than 3 gas sites - excluded from share-at-risk ordering
by_recoverable_usd,prospect (cold outreach),1495,Dinuba Energy,False,1,0.0,0,0,0,0.0,50.0,0.0,Dinuba Energy,CA,CISO,0,,65,,fewer than 3 gas sites - excluded from share-at-risk ordering
by_recoverable_usd,prospect (cold outreach),1496,DuPage County,False,1,1.5,0,0,1,0.0,60.609243697479,0.0,Woodridge Greene Valley Treatment Plant,IL,PJM,0,0.0,65,,fewer than 3 gas sites - excluded from share-at-risk ordering
by_recoverable_usd,prospect (cold outreach),1497,"Doyon Utilities, LLC",False,1,11.5,0,0,0,0.0,32.196296296296296,0.0,JBER Landfill Gas Power Plant,AK,nan,0,0.0,65,,fewer than 3 gas sites - excluded from share-at-risk ordering
by_recoverable_usd,prospect (cold outreach),1498,Domtar Paper Company Rothschild,False,1,0.0,0,0,0,0.0,50.0,0.0,Domtar Paper Company Rothschild,WI,MISO,0,,65,,fewer than 3 gas sites - excluded from share-at-risk ordering
by_recoverable_usd,prospect (cold outreach),1499,Domtar Paper Company LLC,False,2,0.0,0,0,0,0.0,50.0,0.0,Kentucky Mills,"KY, NC","MISO, PJM",0,,65,,fewer than 3 gas sites - excluded from share-at-risk ordering
by_recoverable_usd,prospect (cold outreach),1500,Domtar Paper Company Bennettsville,False,1,0.0,0,0,0,0.0,50.0,0.0,Marlboro Mill,SC,SC,0,,65,,fewer than 3 gas sites - excluded from share-at-risk ordering
by_recoverable_usd,prospect (cold outreach),1501,Domtar Paper Co LLC Kingsport Mill,False,1,50.0,0,0,0,0.0,53.12306034482759,0.0,Domtar Kingsport Mill,TN,TVA,0,0.0,65,,fewer than 3 gas sites - excluded from share-at-risk ordering
by_recoverable_usd,prospect (cold outreach),1502,Domtar LLC,False,1,0.0,0,0,0,0.0,50.0,0.0,Johnsonburg Mill,PA,PJM,0,,65,,fewer than 3 gas sites - excluded from share-at-risk ordering
by_recoverable_usd,prospect (cold outreach),1503,Domtar Industries Inc,False,3,22.0,0,0,0,0.0,52.16431236630168,0.0,Georgia-Pacific Corp - Nekoosa Mill,"AR, WI","MISO, SWPP",0,0.0,65,58.0,
by_recoverable_usd,prospect (cold outreach),1504,"Dominion Cove Point LNG, LP",False,2,221.6,0,0,0,0.0,49.609273794027835,0.0,Cove Point LNG Terminal,MD,PJM,1,0.0,65,,fewer than 3 gas sites - excluded from share-at-risk ordering
by_recoverable_usd,prospect (cold outreach),1505,Division of Capital Asset Management and Maintenance,False,2,17.1,0,0,0,0.0,44.67155396324327,0.0,Central Heating Plant,MA,ISNE,0,0.0,65,,fewer than 3 gas sites - excluded from share-at-risk ordering
by_recoverable_usd,prospect (cold outreach),1506,Dinwiddie Power Inc,False,1,0.0,0,0,0,0.0,50.0,0.0,Boydton Plank Road Cogen Plant Hybrid,VA,PJM,0,,65,,fewer than 3 gas sites - excluded from share-at-risk ordering
by_recoverable_usd,prospect (cold outreach),1507,"Dunn Paper East Hartford, LLC",False,1,3.0,0,0,0,0.0,55.63492063492063,0.0,Cellu Tissue,CT,ISNE,0,0.0,65,,fewer than 3 gas sites - excluded from share-at-risk ordering
by_share_at_risk,prospect (cold outreach),1,Talen Energy Group,False,3,3374.0,0,2,0,3374.0,74.47903275956443,0.0,Brunner Island,"MT, PA","NWMT, PJM",1,1.0,65,1.0,
by_share_at_risk,prospect (cold outreach),2,Granite Shore Power,False,3,414.0,0,1,2,414.0,69.7936540355819,0.0,Newington,NH,ISNE,0,1.0,65,1.0,
by_share_at_risk,prospect (cold outreach),3,Sempra Group,False,4,1251.0,1,1,0,1096.3,65.15590270080618,313528.1915537341,Desert Star Energy Center,"CA, NV",CISO,4,0.8763389288569144,24,3.0,
by_share_at_risk,prospect (cold outreach),4,"Cartier Energy, LLC",False,7,153.2,0,1,0,118.0,72.72992626226721,4302.442803111964,Energy Center Dover,"CT, DE, NJ","ISNE, PJM",1,0.7702349869451698,63,5.0,
by_share_at_risk,prospect (cold outreach),5,Hoosier Energy,False,5,1066.4,1,0,0,780.0,55.80018860214404,110054.37165033302,St Joseph Energy Center,"IL, IN","MISO, PJM",2,0.7314328582145536,40,6.0,
by_share_at_risk,prospect (cold outreach),6,Shelter Insurance Companies,False,3,50.5,1,0,0,35.0,69.51608707348134,9939.732300127711,Columbia (MO),MO,MISO,0,0.693069306930693,62,7.0,
by_share_at_risk,prospect (cold outreach),7,LS Power Group,False,5,3683.1,2,0,1,2095.5,67.42610839133661,41862.881028355514,Ravenswood,"IL, NY, OH","NYIS, PJM",4,0.5689500692351552,59,8.0,
by_share_at_risk,prospect (cold outreach),8,Advanced Power / Doswell,False,3,2625.5,1,0,0,1312.4999999999998,59.97821118281164,0.0,Cricket Valley Energy,"NY, VA","NYIS, PJM",3,0.4999047800418967,65,9.0,
by_share_at_risk,prospect (cold outreach),9,Hutchinson Utilities Comm,False,4,134.9,0,1,0,65.5,62.57312299678172,0.0,Hutchinson Plant #2,MN,MISO,1,0.4855448480355819,65,10.0,
by_share_at_risk,prospect (cold outreach),10,CPV / Competitive Power Ventures,False,7,7510.9,1,2,0,3359.1,56.31914834947798,609964.0624708966,CPV Three Rivers Energy Center,"CT, IL, MD, NY, PA","ISNE, NYIS, PJM",7,0.4472300256959885,13,11.0,
by_share_at_risk,prospect (cold outreach),11,Salt River Project,False,12,6026.4,1,3,1,2684.4,58.081769836208046,0.0,Agua Fria,AZ,SRP,9,0.4454400637196336,65,12.0,
by_share_at_risk,prospect (cold outreach),12,"Tri-State G & T Assn, Inc",False,7,975.3,0,1,2,396.9,53.70987492010007,311632.487502678,JM Shafer Generating Station,"CO, NM","PNM, PSCO, WACM",4,0.4069517071670255,25,13.0,
by_share_at_risk,prospect (cold outreach),13,LADWP,False,12,4454.3,1,2,1,1476.2,48.55657908936351,213784.34997027455,Harbor,"CA, NV, UT","LDWP, NEVP",11,0.33141009810744676,33,17.0,
by_share_at_risk,prospect (cold outreach),14,Fresno Power Investors LP,False,3,189.70000000000002,0,1,0,62.2,54.96389808409239,0.0,Fresno Cogen Partners,CA,CISO,1,0.3278861360042172,65,18.0,
by_share_at_risk,prospect (cold outreach),15,Fortis Group (TEP/UNS),False,7,1959.7,1,0,1,619.0,64.07890919483422,0.0,H Wilson Sundt Generating Station,AZ,"SRP, TEPC",2,0.3158646731642598,65,19.0,
by_share_at_risk,prospect (cold outreach),16,"Wabash Valley Power Assn, Inc",False,10,646.8,0,1,0,192.0,49.025290510305126,0.0,Wabash Valley Power IGCC,"IL, IN","MISO, PJM",2,0.29684601113172543,65,20.0,
by_share_at_risk,prospect (cold outreach),17,Pinnacle West / APS,False,9,4247.3,0,2,1,1233.2,63.50323990436165,0.0,West Phoenix,"AZ, NM","AZPS, SRP, WALC",5,0.2903491629976691,65,21.0,
by_share_at_risk,prospect (cold outreach),18,LCRA,False,5,2228.6,1,0,0,609.0,59.87241134356915,388318.35939319374,Lost Pines 1 Power Project,TX,ERCO,4,0.27326572736246973,20,22.0,
by_share_at_risk,prospect (cold outreach),19,NV Energy (BHE),False,17,7515.9,0,2,0,2044.3999999999999,55.154792765189306,44208.06286462379,Clark (NVE),"CA, NV","CISO, NEVP",13,0.27201000545510184,58,23.0,
by_share_at_risk,prospect (cold outreach),20,NiSource Group,False,5,960.5,0,1,2,258.0,61.956207150516846,0.0,R M Schahfer,IN,MISO,2,0.26861009890681936,65,24.0,
by_share_at_risk,prospect (cold outreach),21,CPS Energy,False,13,6502.6,1,1,0,1624.2,59.37298340326252,536057.4566644741,Barney M Davis,TX,ERCO,10,0.24977701227201426,14,25.0,
by_share_at_risk,prospect (cold outreach),22,Vistra Group,False,23,14469.1,2,2,5,3429.8,53.96409308698129,116953.06728022489,Graham,"CA, IL, NJ, NY, OH, TX, VA, WV","CISO, ERCO, MISO, NYIS, PJM",18,0.23704307800761623,38,27.0,
by_share_at_risk,prospect (cold outreach),23,Chugach Electric Assn Inc,False,6,954.0999999999999,0,1,1,195.2,57.254081918691945,0.0,George M Sullivan Generation Plant 2,AK,nan,0,0.20459071376166021,65,28.0,
by_share_at_risk,prospect (cold outreach),24,"Hull Street Energy, LLC",False,4,461.5,0,1,0,82.0,57.63136121306952,63786.532741773946,Pinelawn Power LLC,"CT, MA, NY","ISNE, NYIS",4,0.17768147345612134,53,30.0,
by_share_at_risk,prospect (cold outreach),25,Austin Energy,False,5,1312.0,0,1,0,206.0,54.750558909484646,0.0,Decker Creek,TX,ERCO,3,0.15701219512195122,65,32.0,
by_share_at_risk,prospect (cold outreach),26,Entergy Group,False,33,21114.5,4,1,1,3017.7,49.32546386477391,1245408.8626297608,New Orleans Power,"AR, LA, MS, TX","ERCO, MISO, TVA",24,0.14292074167041605,2,33.0,
by_share_at_risk,prospect (cold outreach),27,Electric Cooperative (various),False,58,16482.1,1,4,2,2316.6,52.3467722399479,777000.0623078714,Wildcat Point Generation Facility,"AL, AR, AZ, CA, CO, GA, IA, IL, MD, MS, MT, NE, NM, OK, TX, UT, VA, WI","CISO, ERCO, MISO, NWMT, PACE, PJM, PSCO, SOCO, SWPP, TVA, WALC",39,0.1405524781429551,11,34.0,
by_share_at_risk,prospect (cold outreach),28,Oglethorpe Power,False,7,4318.3,1,0,0,596.6,50.755703694655544,70519.24315419848,Talbot County Energy,GA,SOCO,6,0.1381562188824306,49,35.0,
by_share_at_risk,prospect (cold outreach),29,El Paso Electric,False,7,2122.2000000000003,0,1,0,285.0,46.06139378996235,182121.22454794106,Newman,"NM, TX",EPE,7,0.13429459994345488,35,36.0,
by_share_at_risk,prospect (cold outreach),30,Black Hills Corp,False,11,779.5,0,1,3,100.0,52.0540519299877,0.0,Ben French,"CO, NM, SD, WY","PNM, PSCO, WACM",5,0.12828736369467608,65,38.0,
by_share_at_risk,prospect (cold outreach),31,"WGP Redwood Holdings, LLC",False,8,379.4,0,1,0,46.0,55.2124328214298,0.0,Chalk Cliff Limited,CA,CISO,4,0.12124406958355298,65,39.0,
by_share_at_risk,prospect (cold outreach),32,GSA Metropolitan Service Center,False,3,47.4,0,1,0,5.7,39.31692964615765,0.0,Central Utility Plant at White Oak,MD,PJM,0,0.12025316455696203,65,40.0,
by_share_at_risk,prospect (cold outreach),33,Imperial Irrigation District,False,7,921.3,1,0,2,81.6,63.26559855786017,0.0,Yucca,"AZ, CA","AZPS, IID",4,0.08857049820905243,65,42.0,
by_share_at_risk,prospect (cold outreach),34,NRG Energy Group,False,25,14253.4,0,2,1,1201.0,51.53430338835803,0.0,T H Wharton,"CA, IN, LA, MD, NY, OH, TX","CISO, ERCO, MISO, NYIS, PJM",14,0.08426059747148049,65,44.0,
by_share_at_risk,prospect (cold outreach),35,Municipal / Public Utility (various),False,196,14017.7,0,10,11,1156.1000000000001,49.162789209295525,75901.77749191545,North Ninth Street,"AL, AR, CA, CO, DE, FL, GA, IA, IL, IN, KS, KY, LA, MA, MI, MN, MO, NE, NJ, NM, NY, OH, OK, SC, TX, UT, VT, WA, WI, WY","AECI, BANC, BPAT, CISO, DUK, ERCO, FMPP, FPC, ISNE, LDWP, LGEE, MISO, NYIS, PACE, PJM, SOCO, SPA, SWPP, TAL, WACM",69,0.08247430034884468,47,45.0,
by_share_at_risk,prospect (cold outreach),36,Dominion Energy Group,False,30,14797.8,1,1,1,1160.8,49.880676507857906,792287.0162041412,Urquhart,"NC, SC, VA","PJM, SCEG",22,0.07844409304085742,10,46.0,
by_share_at_risk,prospect (cold outreach),37,Calpine Group,False,23,10861.3,0,1,5,697.8,56.521935230198316,898526.5507755905,Cumberland (NJ),"CA, DE, MA, NJ, NY, PA, TX","BANC, CISO, ERCO, ISNE, NYIS, PJM",19,0.06424645300286337,7,47.0,
by_share_at_risk,prospect (cold outreach),38,Montana-Dakota Utilities Co,False,7,304.0,0,1,1,18.6,47.02035943323076,0.0,Lewis & Clark,"MT, ND",MISO,2,0.06118421052631579,65,48.0,
by_share_at_risk,prospect (cold outreach),39,Southern Company Group,False,30,16172.5,1,1,0,969.0,48.98257606442951,972979.7117908988,Jack Watson,"AL, GA, MS","SOCO, nan",21,0.05991652496521874,6,49.0,
by_share_at_risk,prospect (cold outreach),40,Industrial Self-Generation (various),False,40,7115.700000000001,1,0,1,309.8,39.875520682121724,0.0,Westhollow Technology Center,"CA, IL, LA, OR, PA, TX, VA, WY","BPAT, CISO, ERCO, MISO, PACE, PJM",3,0.04353752968787329,65,50.0,
by_share_at_risk,prospect (cold outreach),41,Xcel Energy Group,False,30,7024.9,0,1,5,300.0,53.67309515388496,296206.7154544364,Manchief Electric Generating Station,"CO, MN, SD, WI","MISO, PSCO, WACM",16,0.0427052342382098,26,51.0,
by_share_at_risk,prospect (cold outreach),42,Institutional Self-Generation (various),False,120,2153.0,0,5,7,73.7,51.86370674695563,0.0,Oakdale Renewable Energy Plant,"AK, AR, AZ, CA, CO, CT, DC, FL, IA, IL, IN, LA, MA, ME, MI, MN, MO, NC, NH, NJ, NM, NY, OH, OK, OR, PA, RI, SC, TN, TX, UT, VA, VT, WA","BPAT, CISO, CPLE, DUK, EPE, ERCO, ISNE, JEA, LDWP, MISO, NYIS, PACE, PJM, PNM, PSCO, SCL, SWPP, TEPC, TVA, nan",2,0.034231305155596845,65,52.0,
by_share_at_risk,prospect (cold outreach),43,Algonquin / Liberty,False,5,1369.7,0,1,0,32.6,50.991255804752484,0.0,Riverton,"KS, MO",SWPP,4,0.023800832299043586,65,53.0,
by_share_at_risk,prospect (cold outreach),44,Duke Energy Group,False,46,31040.8,1,1,1,698.8,48.661987212387366,238101.45918233838,P L Bartow,"FL, IN, NC, OH, SC","CPLE, DUK, FPC, GVL, MISO, PJM, TEC",28,0.022512306383856085,31,54.0,
by_share_at_risk,prospect (cold outreach),45,ArcLight Capital Partners,False,6,5566.8,0,1,0,70.80000000000001,52.72284010051694,0.0,TalenEnergy Martins Creek,"NJ, NY, OH, PA","NYIS, PJM",4,0.012718258245311491,65,55.0,
by_share_at_risk,prospect (cold outreach),46,Puget Sound Energy,False,8,1932.1999999999998,0,0,0,0.0,43.10175203288714,853547.8245214757,Frederickson,WA,PSEI,6,0.0,8,58.0,
by_share_at_risk,prospect (cold outreach),47,Emera Group (TECO),False,7,5757.5,0,0,1,0.0,55.818472491586284,423118.03681647097,Big Bend,FL,TEC,6,0.0,17,58.0,
by_share_at_risk,prospect (cold outreach),48,Public Service Co of NM,False,5,721.3,0,0,1,0.0,53.8308409813661,400404.13708452374,Reeves,NM,PNM,5,0.0,19,58.0,
by_share_at_risk,prospect (cold outreach),49,GenOn Holdings,False,4,3386.0,0,0,0,0.0,60.62838860806874,338899.6991294982,Ormond Beach,"CA, MD, PA","CISO, PJM",3,0.0,21,58.0,
by_share_at_risk,prospect (cold outreach),50,Madison Gas & Electric Co,False,6,467.7,0,0,1,0.0,55.10319059269624,217291.9806181852,Sycamore (WI),WI,MISO,3,0.0,32,58.0,
by_share_at_risk,prospect (cold outreach),51,Turlock Irrigation District,False,3,573.9000000000001,0,0,0,0.0,49.66594872460088,56377.72231236639,Almond Power Plant,CA,TIDC,2,0.0,54,58.0,
by_share_at_risk,prospect (cold outreach),52,Sunflower Electric Power Corp,False,9,756.9,0,0,2,0.0,45.361639642597915,50792.361141365815,Cimarron River,KS,SWPP,6,0.0,55,58.0,
by_share_at_risk,prospect (cold outreach),53,Parkway Generation,False,5,3687.9,0,0,1,0.0,59.41522557002552,0.0,Burlington Generating Station,"MD, NJ",PJM,5,0.0,65,58.0,
by_share_at_risk,prospect (cold outreach),54,New York Power Authority,False,9,1215.0,0,0,0,0.0,53.546121943469984,0.0,Brentwood,NY,NYIS,9,0.0,65,58.0,
by_share_at_risk,prospect (cold outreach),55,North American Natural Res,False,4,21.6,0,0,0,0.0,46.132286337630994,0.0,Autumn Hills Generating Facility,MI,"MISO, PJM",0,0.0,65,58.0,
by_share_at_risk,prospect (cold outreach),56,"ND Paper, Inc.",False,3,35.6,0,0,0,0.0,45.22888146969663,0.0,Mead Rumford Cogen,"ME, WI","ISNE, MISO",0,0.0,65,58.0,
by_share_at_risk,prospect (cold outreach),57,Peoples Electric Cooperative,False,5,75.0,0,0,0,0.0,33.796094111472506,0.0,Buzzard Flop,OK,SWPP,0,0.0,65,58.0,
by_share_at_risk,prospect (cold outreach),58,Nebraska Public Power District,False,5,412.59999999999997,0,0,0,0.0,41.814540505531106,0.0,Hallam,NE,SWPP,3,0.0,65,58.0,
by_share_at_risk,prospect (cold outreach),59,National Grid Group,False,7,2805.2,0,0,1,0.0,56.01482378968146,0.0,Port Jefferson,NY,NYIS,6,0.0,65,58.0,
by_share_at_risk,prospect (cold outreach),60,North Slope Borough Power & Light (AK),False,4,22.5,0,0,1,0.0,51.9035378030002,0.0,Barrow,AK,nan,0,0.0,65,58.0,
by_share_at_risk,prospect (cold outreach),61,Orlando Utilities Commission,False,5,1944.1,0,0,0,0.0,48.897081501068726,0.0,Curtis H Stanton Energy Center,FL,"FMPP, FPC",4,0.0,65,58.0,
by_share_at_risk,prospect (cold outreach),62,PG&E Group,False,3,1499.1,0,0,0,0.0,53.627381468620406,0.0,Colusa Generating Station,CA,CISO,2,0.0,65,58.0,
by_share_at_risk,prospect (cold outreach),63,Northern California Power Agny,False,4,421.09999999999997,0,0,0,0.0,53.502291412400595,0.0,Lodi,CA,CISO,2,0.0,65,58.0,
by_share_at_risk,prospect (cold outreach),64,NorthWestern Energy - (SD),False,4,174.9,0,0,0,0.0,50.268120712506374,0.0,Huron,SD,SWPP,1,0.0,65,58.0,
by_share_at_risk,prospect (cold outreach),65,PPL Group,False,9,3267.8999999999996,0,0,1,0.0,41.319935368264375,0.0,E W Brown,KY,LGEE,4,0.0,65,58.0,
by_share_at_risk,prospect (cold outreach),66,Omaha Public Power District,False,7,1668.3,0,0,2,0.0,55.3863230617233,0.0,Sarpy County,NE,SWPP,4,0.0,65,58.0,
by_share_at_risk,prospect (cold outreach),67,Lansing Board of Water and Light,False,3,361.2,0,0,0,0.0,37.959575332726125,0.0,Delta Energy Park,MI,MISO,3,0.0,65,58.0,
by_share_at_risk,prospect (cold outreach),68,Lafayette Utilities System,False,3,647.1,0,0,0,0.0,38.10173982355145,0.0,Hargis-Hebert Electric Generating,LA,MISO,3,0.0,65,58.0,
by_share_at_risk,prospect (cold outreach),69,Los Angeles County Sanitation,False,4,97.60000000000001,0,0,0,0.0,42.38030628487854,0.0,Total Energy Facilities,CA,CISO,0,0.0,65,58.0,
by_share_at_risk,prospect (cold outreach),70,Lincoln Electric System,False,5,504.70000000000005,0,0,0,0.0,50.63113654838396,0.0,Terry Bundy Generating Station,NE,SWPP,4,0.0,65,58.0,
by_share_at_risk,prospect (cold outreach),71,Janssen Pharmaceutical Co,False,3,6.8,0,0,0,0.0,48.39337714510491,0.0,Rariton OMP,"NJ, PA",PJM,0,0.0,65,58.0,
by_share_at_risk,prospect (cold outreach),72,JEA,False,5,2097.6,0,0,0,0.0,39.14257503469046,0.0,Brandy Branch,FL,JEA,5,0.0,65,58.0,
by_share_at_risk,prospect (cold outreach),73,Kimura Power LLC,False,5,1063.8999999999999,0,0,0,0.0,55.46046393791285,0.0,Yankee Street,"IN, OH","MISO, PJM",3,0.0,65,58.0,
by_share_at_risk,prospect (cold outreach),74,Modesto Irrigation District,False,5,391.2,0,0,0,0.0,41.3727241834639,0.0,Woodland,CA,BANC,3,0.0,65,58.0,
by_share_at_risk,prospect (cold outreach),75,Midwest Generations EME LLC,False,5,1680.4,0,0,0,0.0,53.87777855135031,0.0,Joliet 9,IL,PJM,0,0.0,65,58.0,
by_share_at_risk,prospect (cold outreach),76,MRP San Joaquin Energy LLC.,False,3,526.3,0,0,0,0.0,46.35026260949648,0.0,Hanford Energy Park Peaker,CA,CISO,3,0.0,65,58.0,
by_share_at_risk,prospect (cold outreach),77,Manitowoc Public Utilities,False,3,24.5,0,0,2,0.0,53.96906753799257,0.0,Manitowoc,WI,MISO,0,0.0,65,58.0,
by_share_at_risk,prospect (cold outreach),78,Marathon Petroleum Company LP,False,3,1082.5,0,0,0,0.0,35.58232347611837,0.0,Tesoro SLC Cogeneration Plant,"TX, UT","ERCO, PACE",1,0.0,65,58.0,
by_share_at_risk,prospect (cold outreach),79,Union Carbide Corp-Seadrift,False,3,336.0,0,0,0,0.0,43.332982584234855,0.0,Union Carbide Seadrift Cogen,TX,ERCO,0,0.0,65,58.0,
by_share_at_risk,prospect (cold outreach),80,"Texas Microgrid, LLC",False,32,82.4,0,0,0,0.0,48.40429876020854,0.0,HEB00292,TX,ERCO,0,0.0,65,58.0,
by_share_at_risk,prospect (cold outreach),81,Tennessee Valley Authority,False,16,14126.0,0,0,0,0.0,46.31286804453599,0.0,Gallatin (TN),"AL, KY, MS, TN",TVA,15,0.0,65,58.0,
by_share_at_risk,prospect (cold outreach),82,Tenaska Group,False,4,4420.2,0,0,0,0.0,52.482676347758776,0.0,Tenaska Gateway Generating Station,"GA, OK, TX, VA","ERCO, PJM, SOCO",4,0.0,65,58.0,
by_share_at_risk,prospect (cold outreach),83,WM Renewable Energy LLC,False,66,327.6,0,0,0,0.0,44.26819652146095,0.0,CSL Gas Recovery,"AR, AZ, CA, CO, CT, FL, GA, IA, IL, KS, MA, ME, MI, MN, MS, NC, NH, NV, NY, OH, OR, PA, TN, TX, VA, WI","AZPS, BPAT, CISO, DUK, ERCO, FPL, ISNE, MISO, NEVP, NYIS, PJM, PNM, PSCO, SOCO, SWPP, TVA",0,0.0,65,58.0,
by_share_at_risk,prospect (cold outreach),84,"Wellhead Services, Inc",False,3,147.6,0,0,0,0.0,47.65960619639572,0.0,Chula Vista Energy Center,CA,CISO,2,0.0,65,58.0,
by_share_at_risk,prospect (cold outreach),85,Air Liquide Large Industries U S LP,False,3,440.29999999999995,0,0,0,0.0,37.25944649126966,0.0,Port Neches Plant,"LA, TX","ERCO, MISO",1,0.0,65,58.0,
by_share_at_risk,prospect (cold outreach),86,WM Illinois Renewable Energy LLC,False,7,31.200000000000003,0,0,0,0.0,44.384670695564445,0.0,Woodland Landfill Gas Recovery,IL,"MISO, PJM",0,0.0,65,58.0,
by_share_at_risk,prospect (cold outreach),87,Riverbay Corp,False,3,83.6,0,0,0,0.0,43.555792944657746,0.0,Riverbay,NY,NYIS,1,0.0,65,58.0,
by_share_at_risk,prospect (cold outreach),88,Qualcomm Incorporated,False,3,13.799999999999999,0,0,0,0.0,45.410708347189896,0.0,Q Plant,CA,CISO,0,0.0,65,58.0,
by_share_at_risk,prospect (cold outreach),89,Phillips 66 Company,False,3,60.400000000000006,0,0,0,0.0,47.44534503353688,0.0,Santa Maria EPG,CA,CISO,0,0.0,65,58.0,
by_share_at_risk,prospect (cold outreach),90,State of Wisconsin,False,3,11.7,0,0,1,0.0,45.666214441060106,0.0,Waupun Correctional Central Heating Plt,WI,MISO,0,0.0,65,58.0,
by_share_at_risk,prospect (cold outreach),91,State of Rhode Island,False,3,11.0,0,0,1,0.0,49.125096069187336,0.0,Central Power Plant,RI,ISNE,0,0.0,65,58.0,
by_share_at_risk,prospect (cold outreach),92,Southern Minnesota Mun P Agny,False,3,66.4,0,0,0,0.0,43.20062190324939,0.0,SMMPA Methane Energy Facility,MN,MISO,0,0.0,65,58.0,
by_share_at_risk,prospect (cold outreach),93,Southern Indiana Gas & Elec Co,False,6,761.6,0,0,4,0.0,64.90659967672897,0.0,A B Brown,IN,MISO,1,0.0,65,58.0,
by_share_at_risk,prospect (cold outreach),94,SMUD,False,6,1126.6,0,0,0,0.0,36.94286852905695,0.0,McClellan (CA),CA,BANC,5,0.0,65,58.0,
by_share_at_risk,prospect (cold outreach),95,Santee Cooper,False,11,1186.3000000000002,0,0,0,0.0,34.67058078496458,0.0,Lee County Landfill,SC,"DUK, SC",2,0.0,65,58.0,
by_share_at_risk,prospect (cold outreach),96,Seminole Electric Cooperative,False,4,2036.5,0,0,0,0.0,43.30404795063139,0.0,Midulla Generating Station,FL,SEC,3,0.0,65,58.0,
by_share_at_risk,prospect (cold outreach),97,City Utilities of Springfield - (MO),False,5,589.3,0,0,0,0.0,54.732392496659145,0.0,James River Power Station,MO,SWPP,3,0.0,65,58.0,
by_share_at_risk,prospect (cold outreach),98,California Dept. of Water Resources,False,4,231.8,0,0,0,0.0,46.73181351940428,0.0,Greenleaf 1,CA,"BANC, CISO",1,0.0,65,58.0,
by_share_at_risk,prospect (cold outreach),99,City of Nebraska City - (NE),False,3,37.6,0,0,2,0.0,57.04274222834658,0.0,Syracuse # 2,NE,SWPP,0,0.0,65,58.0,
by_share_at_risk,prospect (cold outreach),100,"American Mun Power-Ohio, Inc",False,6,952.0,0,0,0,0.0,52.263664320975096,0.0,Napoleon Peaking Station,OH,PJM,6,0.0,65,58.0,
by_share_at_risk,prospect (cold outreach),101,Avista Corp,False,6,547.0,0,0,0,0.0,44.49567489706663,0.0,Northeast (WA),"ID, OR, WA","AVA, BPAT",1,0.0,65,58.0,
by_share_at_risk,prospect (cold outreach),102,"Astoria Generating Company, L.P.",False,4,1630.0,0,0,1,0.0,63.106598217493456,0.0,Gowanus Gas Turbines Generating,NY,NYIS,3,0.0,65,58.0,
by_share_at_risk,prospect (cold outreach),103,Associated Electric Cooperative,False,6,3013.4,0,0,1,0.0,47.10012365863222,0.0,Holden,"AR, MO, OK",AECI,6,0.0,65,58.0,
by_share_at_risk,prospect (cold outreach),104,Arkansas River Power Authority,False,3,3.8,0,0,1,0.0,63.57142857142858,0.0,Trinidad (CO),CO,"PSCO, WACM",0,0.0,65,58.0,
by_share_at_risk,prospect (cold outreach),105,Archer Daniels Midland Co,False,9,112.89999999999999,0,0,0,0.0,53.53190726187318,0.0,Archer Daniels Midland Southport,"IA, IL, MN, NC, ND, NE","CPLE, MISO, SWPP",0,0.0,65,58.0,
by_share_at_risk,prospect (cold outreach),106,Westlake 2 US LLC,False,4,854.0999999999999,0,0,1,0.0,57.502465514924225,0.0,PPG Powerhouse C,LA,MISO,1,0.0,65,58.0,
by_share_at_risk,prospect (cold outreach),107,"Walmart Stores Texas, LLC",False,86,102.60000000000001,0,0,0,0.0,47.67355692924395,0.0,WAL3226,TX,ERCO,0,0.0,65,58.0,
by_share_at_risk,prospect (cold outreach),108,AERA Energy LLC,False,4,342.0,0,0,0,0.0,48.248921781455564,0.0,Lost Hills Cogeneration Plant,CA,CISO,0,0.0,65,58.0,
by_share_at_risk,prospect (cold outreach),109,Bristol-Myers Squibb Co,False,3,20.4,0,0,0,0.0,48.72392616201872,0.0,Bristol Myers Squibb New Brunswick,NJ,PJM,0,0.0,65,58.0,
by_share_at_risk,prospect (cold outreach),110,CMS Energy Group,False,8,4443.0,0,0,0,0.0,50.33461000684141,0.0,Dan E Karn,"MI, NC","CPLE, MISO, PJM",6,0.0,65,58.0,
by_share_at_risk,prospect (cold outreach),111,Basin Electric Power Cooperative,False,10,1968.9,0,0,0,0.0,49.03421054767553,0.0,Pioneer Generation Station,"MT, ND, SD, WY","SWPP, WACM",5,0.0,65,58.0,
by_share_at_risk,prospect (cold outreach),112,Big Rivers Electric,False,3,684.8,0,0,0,0.0,44.5116469314155,0.0,Robert A Reid,KY,MISO,2,0.0,65,58.0,
by_share_at_risk,prospect (cold outreach),113,Berry Petroleum Co,False,3,68.10000000000001,0,0,0,0.0,46.5163289602376,0.0,Berry Cogen Tanne Hills 18,CA,CISO,0,0.0,65,58.0,
by_share_at_risk,prospect (cold outreach),114,"Generate ER-NG, LLC",False,19,44.800000000000004,0,0,0,0.0,50.43337575599343,0.0,Praxair,TX,ERCO,0,0.0,65,58.0,
by_share_at_risk,prospect (cold outreach),115,Great River Energy,False,6,1470.3,0,0,1,0.0,42.216820684826914,0.0,Elk River,"MN, ND",MISO,4,0.0,65,58.0,
by_share_at_risk,prospect (cold outreach),116,Gilroy Energy Center LLC,False,3,239.0,0,0,0,0.0,54.44438225045829,0.0,Gilroy Peaking Energy Center,CA,CISO,3,0.0,65,58.0,
by_share_at_risk,prospect (cold outreach),117,Florida Renewable Partners,False,4,787.5,0,0,0,0.0,56.33728251940193,0.0,C D McIntosh Jr,FL,FMPP,2,0.0,65,58.0,
by_share_at_risk,prospect (cold outreach),118,Federal / Regional Power Authority,False,8,985.5,0,0,0,0.0,48.746972586333506,0.0,Claude Vandyke,MI,MISO,2,0.0,65,58.0,
by_share_at_risk,prospect (cold outreach),119,Gas Recovery Systems Inc,False,5,46.9,0,0,0,0.0,38.5667725392376,0.0,GRS Fall River,"MA, MI, NC","DUK, ISNE, MISO",0,0.0,65,58.0,
by_share_at_risk,prospect (cold outreach),120,Gainesville Regional Utilities,False,5,482.49999999999994,0,0,0,0.0,43.27313585560019,0.0,South Energy Center,FL,GVL,2,0.0,65,58.0,
by_share_at_risk,prospect (cold outreach),121,G2 Energy LLC,False,3,7.5,0,0,0,0.0,44.82871391678889,0.0,G2 Energy Marion LLC,"CA, FL","CISO, FPC",0,0.0,65,58.0,
by_share_at_risk,prospect (cold outreach),122,Frontier Operation Services,False,4,12.5,0,0,0,0.0,39.22223396817597,0.0,CII Methane Management III LFG Plant,"GA, IL, NC, WA","CPLE, PJM, PSEI, SOCO",0,0.0,65,58.0,
by_share_at_risk,prospect (cold outreach),123,IDACORP,False,3,762.2,0,0,0,0.0,36.60662841473445,0.0,Evander Andrews Power Complex,ID,IPCO,3,0.0,65,58.0,
by_share_at_risk,prospect (cold outreach),124,Innovative Energy Systems Inc,False,4,22.400000000000002,0,0,0,0.0,44.71557627407853,0.0,Colonie LFGTE Facility,NY,NYIS,0,0.0,65,58.0,
by_share_at_risk,prospect (cold outreach),125,"Ingenco Renewable Development, LLC",False,3,18.0,0,0,0,0.0,41.03765710713182,0.0,Bristol Plant,"NC, VA","CPLE, PJM, TVA",0,0.0,65,58.0,
by_share_at_risk,prospect (cold outreach),126,Industrial Power Generating Company LLC,False,11,109.5,0,0,1,0.0,52.68747700048737,0.0,Virginia Beach,"MD, NC, PA, VA","CPLE, PJM",0,0.0,65,58.0,
by_share_at_risk,prospect (cold outreach),127,Homer Electric Assn Inc,False,3,207.5,0,0,1,0.0,57.42027081498983,0.0,Bernice Lake,AK,nan,0,0.0,65,58.0,
by_share_at_risk,prospect (cold outreach),128,County of Sonoma Dept of Trnsp,False,3,8.0,0,0,0,0.0,58.66916835699797,0.0,Sonoma Central Landfill Phase I,CA,CISO,0,0.0,65,58.0,
by_share_at_risk,prospect (cold outreach),129,ExxonMobil Oil Corp,False,4,721.2,0,0,0,0.0,40.91719797581667,0.0,ExxonMobil Oil Joliet Refinery,"IL, TX","MISO, PJM",0,0.0,65,58.0,
by_share_at_risk,prospect (cold outreach),130,ConEdison Group,False,3,733.3,0,0,1,0.0,41.12793242900849,0.0,59th Street,NY,NYIS,0,0.0,65,58.0,
by_share_at_risk,prospect (cold outreach),131,"Cube District Energy, LLC",False,8,43.6,0,0,0,0.0,34.46887184159916,0.0,Oak Grove Power Producers,"GA, KS, MO, NC, TN","AECI, DUK, SOCO, SWPP, TVA",0,0.0,65,58.0,
by_share_at_risk,prospect (cold outreach),132,Cleco Corporate Holdings,False,4,1313.5,0,0,1,0.0,49.42931483782611,0.0,Teche,LA,MISO,3,0.0,65,58.0,
by_share_at_risk,prospect (cold outreach),133,Clarksdale Public Utilities,False,3,361.59999999999997,0,0,0,0.0,51.04450071356126,0.0,L L Wilkins,MS,MISO,1,0.0,65,58.0,
by_share_at_risk,prospect (cold outreach),134,City of Zeeland - (MI),False,3,34.3,0,0,0,0.0,62.42974689753101,0.0,Riley Generating Station,MI,MISO,0,0.0,65,58.0,
by_share_at_risk,prospect (cold outreach),135,Edison International Group,False,7,1288.1,0,0,0,0.0,49.31891987078722,0.0,Mountainview Generating Station,CA,CISO,6,0.0,65,58.0,
by_share_at_risk,prospect (cold outreach),136,Equistar Chemicals LP,False,3,72.1,0,0,0,0.0,42.30852425986966,0.0,Corpus Christi,"LA, TX","ERCO, MISO",0,0.0,65,58.0,
by_share_at_risk,prospect (cold outreach),137,"Energy Developments, Inc d/b/a EDL",False,17,77.4,0,0,0,0.0,44.56125494625521,0.0,Grand River,"AL, GA, MI, OH, PA, UT","MISO, PACE, PJM, SOCO, TVA",0,0.0,65,58.0,
by_share_at_risk,prospect (cold outreach),138,Diamond Generating Corporation,False,4,1249.1,0,0,0,0.0,57.487365474591044,0.0,"Sentinel Energy Center, LLC",CA,CISO,4,0.0,65,58.0,
by_share_at_risk,prospect (cold outreach),139,Dearborn Industrial Gen Inc,False,3,985.9,0,0,0,0.0,30.99211640255038,0.0,Dearborn Industrial Generation,MI,MISO,2,0.0,65,58.0,
by_share_at_risk,prospect (cold outreach),140,EDL Inc,False,7,90.0,0,0,0,0.0,50.866860475366856,0.0,Zion Landfill Gas to Energy Facility,"IL, MI, OH, TX","ERCO, MISO, PJM",0,0.0,65,58.0,
by_share_at_risk,prospect (cold outreach),141,Domtar Industries Inc,False,3,22.0,0,0,0,0.0,52.16431236630168,0.0,Georgia-Pacific Corp - Nekoosa Mill,"AR, WI","MISO, SWPP",0,0.0,65,58.0,
by_share_at_risk,prospect (cold outreach),142,State-Fuel Level Increment,False,4,0.0,0,0,0,0.0,50.0,0.0,State-Fuel Level Increment,LA,State-Fuel Level Increment,0,,65,,
by_share_at_risk,prospect (cold outreach),143,Wheelabrator Environmental Systems,False,5,0.0,0,0,0,0.0,50.0,0.0,Wheelabrator Ridge Energy,"FL, MA, NY, PA","FMPP, ISNE, NYIS, PJM",0,,65,,
by_share_at_risk,prospect (cold outreach),144,Eco Services Corp.,False,3,0.0,0,0,0,0.0,49.99999999999999,0.0,Martinez Sulfuric Acid Regeneration Plt,"CA, TX","CISO, ERCO",0,,65,,
