rank,plant_id,cls,flag_months,first_flag,last_flag,hri_own_mean,pri_mean,deficit_pct_mean,excess_mmbtu,waste_usd,recoverable_usd,dominant_signature,national_cost_share,plant_cost_share,peer_tier,recoverable_usd_last24m,longest_run,plant_name,state,nerc,ba,operator,nameplate_mw,n_units,unit_size_mw,cod_year,chp_cohort,eoh_since_wash,wash_seen,cum_eoh,duct_burners,wash_status,recoverable_usd_per_yr,conviction_tier
1,55211,CC,47,2019-05,2025-12,0.9273291944489449,0.9215186379409274,7.267080555105502,8839130.296010675,53336310.67042866,11229838.682094062,NONRECOVERABLE,0.0,0.0,2.0,9368794.525276227,7,ANP Bellingham Energy Project,MA,NPCC,ISNE,Bellingham Power Generation LLC,578.0,2.0,289.0,2002.0,False,6606.903114186851,True,81052.72347174163,N,"due (4,000-8,000 EOH)",4684397.262638113,C
2,55690,CC,28,2019-06,2025-12,0.9360408204480296,0.8781483384251747,6.395917955197041,17401964.248606138,56623495.61459406,9996589.743480705,NONRECOVERABLE,1.0,0.0,2.0,7464411.03378092,5,Bethlehem Power Plant,PA,RFC,PJM,Calpine Bethlehem LLC,1153.0,6.0,127.0,2002.6695576756288,False,492.1625845620121,True,96769.46753411391,N,"within interval (<4,000 EOH)",3732205.51689046,C
3,55173,CC,41,2020-07,2025-12,0.8907549181699247,0.8837786300547636,10.924508183007534,22559368.033508185,88867480.22883071,13761719.605997298,NONRECOVERABLE,0.0,1.0,2.0,7247539.398392352,9,Acadia Energy Center,LA,SERC,MISO,Cleco Power LLC,1389.1999999999998,4.0,215.1,2002.0000000000002,False,3919.3089547941267,True,83707.85020155486,Y,"within interval (<4,000 EOH)",3623769.699196176,C
4,55144,CC,34,2019-05,2025-12,0.9267218865662648,0.9352660647386162,7.327811343373531,9902848.854443653,27458650.308152102,13103465.040976986,FOULING,0.0,0.0,2.0,6790008.429858876,9,Hays Energy Project,TX,TRE,ERCO,"Hays Energy, LLC",989.0,4.0,247.25,2002.0,False,7211.772497472194,True,80345.3766430738,N,"due (4,000-8,000 EOH)",3395004.214929438,B
5,1004,CC,51,2019-04,2025-11,0.8862038331609707,0.7308958366155293,11.379616683902924,39127214.49148484,161864477.64157692,18292542.73574043,NONRECOVERABLE,0.0,1.0,2.0,3696912.8197138626,9,Edwardsport,IN,RFC,MISO,"Duke Energy Indiana, LLC",812.7,2.0,240.6,2013.0,False,378.55299864648697,True,51232.43303665329,N,"within interval (<4,000 EOH)",1848456.4098569313,C
6,54,GT,61,2019-07,2025-12,0.8605842299972731,0.8420205965185648,13.941577000272678,7312049.175224568,29522817.98864584,6954801.623420643,NONRECOVERABLE,0.0,0.9836065573770492,1.0,3455315.2730109645,20,J K Smith,KY,SERC,PJM,"East Kentucky Power Coop, Inc",938.4000000000001,9.0,104.26666666666668,2003.1236146632564,False,182.34522378516624,True,10586.693804608025,N,"within interval (<4,000 EOH)",1727657.6365054823,C
7,55293,CC,16,2024-06,2025-12,0.880284183006088,0.9293821828784241,11.971581699391194,4491997.130172751,16215049.749976369,3226533.0481532644,NONRECOVERABLE,0.0,0.0,2.0,3226533.0481532644,6,Morgan Energy Center,AL,SERC,TVA,Morgan Energy Center LLC,900.0,3.0,210.0,2003.2333333333333,True,15131.227777777778,True,86939.1462962963,Y,"OVERDUE (>8,000 EOH)",1613266.5240766322,C
8,7158,GT,22,2019-07,2025-11,0.7140028280898227,0.7264761356833871,28.599717191017724,2656034.0346509437,8458780.937089175,2956170.451630735,UNATTRIBUTED,0.0,1.0,3.0,2956170.451630735,4,Woodsdale,OH,RFC,PJM,Duke Energy Kentucky Inc,571.8,6.0,95.3,1992.1666666666667,False,393.959641483036,True,7707.972181998368,N,"within interval (<4,000 EOH)",1478085.2258153674,C
9,7153,CC,46,2019-01,2025-12,0.919489737142196,0.8668826044892298,8.051026285780395,9340497.5385676,43266763.22745797,10826147.7631716,NONRECOVERABLE,1.0,0.0,3.0,2494321.243208792,14,Hay Road,DE,RFC,PJM,Calpine Mid-Atlantic Generation LLC,1098.2,6.0,116.03333333333332,1996.296849389911,False,718.9366272081588,True,47364.953177682255,N,"within interval (<4,000 EOH)",1247160.621604396,C
10,6071,GT,23,2021-05,2025-10,0.7912688073568227,0.9003994773923752,20.873119264317726,2286089.959019426,14542049.544248829,6265540.079117903,FOULING,0.0,1.0,1.0,2244944.875175365,10,Trimble County,KY,SERC,LGEE,Louisville Gas & Electric Co,1194.0,6.0,199.0,2003.3333333333333,False,639.3886097152429,True,18314.59436069235,N,"within interval (<4,000 EOH)",1122472.4375876824,A
11,8031,CC,46,2020-09,2025-12,0.7753113392209235,0.8948926957460409,22.468866077907652,9314540.95301505,32815059.422821444,9736431.323742298,NONRECOVERABLE,0.0,1.0,2.0,2228125.7653592853,23,Emery Station,IA,MRO,MISO,Interstate Power and Light Co,602.8,2.0,173.4,2004.0000000000005,False,4921.406768414068,True,89828.70825038708,Y,"due (4,000-8,000 EOH)",1114062.8826796426,C
12,634,CC,13,2020-02,2024-12,0.8783605380956252,0.8468812880006388,12.163946190437482,6680808.515118858,33145515.115508113,13788439.394385884,FOULING,0.0,1.0,3.0,2222651.4852763573,3,P L Bartow,FL,SERC,FPC,"Duke Energy Florida, LLC",1254.0,4.0,208.2,2009.0,False,241.29904306220095,True,78873.79370281764,Y,"within interval (<4,000 EOH)",1111325.7426381786,B
13,54817,CC,31,2019-01,2025-12,0.9266276654655251,0.890680379461263,7.337233453447487,3076188.199880791,9777113.016681863,2289341.6699296297,UNATTRIBUTED,0.0,1.0,3.0,1959219.3050894267,8,Johnson County,TX,TRE,ERCO,Johnson County Power LLC,282.6,1.0,178.2,1995.9999999999998,False,14203.851801132341,True,87943.27794291105,Y,"OVERDUE (>8,000 EOH)",979609.6525447133,C
14,59338,CC,2,2024-01,2024-02,0.8005900407940827,0.830837488176096,19.940995920591735,645086.8523827957,2302731.5115302326,1957321.7848006971,FOULING,0.0,1.0,2.0,1957321.7848006971,2,Gila River Power Block 1,AZ,WECC,SRP,Salt River Project,619.0,2.0,174.0,2003.0,False,500.88206785137317,True,70998.11523963383,Y,"within interval (<4,000 EOH)",978660.8924003486,C
15,56532,CC,3,2025-08,2025-10,0.8602601330532322,0.8832483435861329,13.973986694676777,940611.8666242396,3750522.2543363627,1321938.4104591461,UNATTRIBUTED,0.0,1.0,2.0,1321938.4104591461,3,Colusa Generating Station,CA,WECC,CISO,Pacific Gas & Electric Co.,712.4,2.0,181.5,2010.0,False,1587.5589556428972,True,61301.228827437764,Y,"within interval (<4,000 EOH)",660969.2052295731,C
16,55337,CC,2,2025-10,2025-11,0.9277752148121998,0.9393907643367128,7.222478518780018,462139.10615449457,1734413.486368984,1303077.9804340648,FOULING,1.0,0.0,2.0,1303077.9804340648,2,Ironwood LLC,PA,RFC,PJM,Helix Ironwood LLC,777.5999999999999,2.0,259.2,2001.0,False,550.9837962962963,True,148579.7751628944,N,"within interval (<4,000 EOH)",651538.9902170324,C
17,3006,GT,57,2019-10,2025-12,0.8291274112801005,0.8117323099451977,17.087258871989953,1594217.1267034651,9566806.16946012,2586503.7495696903,NONRECOVERABLE,0.0,1.0,3.0,1151740.814017244,21,Anadarko Plant,OK,MRO,SWPP,"Western Farmers Elec Coop, Inc",225.0,5.0,45.0,2005.8,False,141.28,True,44189.38567901234,N,"within interval (<4,000 EOH)",575870.407008622,C
18,990,GT,57,2019-05,2025-12,0.8622055398565072,0.8089647622410728,13.779446014349281,3964924.0689515267,15088292.941945896,2849086.876934635,NONRECOVERABLE,0.0,1.0,2.0,1143360.173697511,9,Harding Street,IN,RFC,MISO,AES Indiana,327.0,3.0,109.0,1998.1926605504586,False,87.65599082568806,True,18566.426968654436,N,"within interval (<4,000 EOH)",571680.0868487555,C
19,55276,GT,52,2019-06,2025-12,0.8062627207106927,0.8647770083838473,19.373727928930727,3827425.1076826965,12710855.140674535,1320558.3129487385,NONRECOVERABLE,0.0,1.0,2.0,1124056.7665625752,13,Ceredo Generating Station,WV,RFC,PJM,Appalachian Power Co,519.0,6.0,86.5,2001.0,False,481.2562620423892,True,17845.191554271034,N,"within interval (<4,000 EOH)",562028.3832812876,C
20,55242,CC,48,2019-01,2025-12,0.9252703250755839,0.9305102872752923,7.4729674924416125,4399749.801402531,20462535.080340423,3905428.221427413,UNATTRIBUTED,0.0,0.0,1.0,1076393.7995369541,14,Santa Rosa Energy Center,FL,SERC,FPL,Santa Rosa Energy Center LLC,274.5,1.0,200.0,2003.0,False,976.7067395264116,True,106937.89193685488,N,"within interval (<4,000 EOH)",538196.8997684771,C
21,56259,CC,11,2019-01,2025-03,0.8765460144561762,0.9338691559696964,12.345398554382372,1783370.7930494456,7274078.268176519,3733440.067958747,NONRECOVERABLE,0.0,0.0,2.0,1022020.0739194739,3,Empire Generating Co LLC,NY,NPCC,NYIS,Empire Generating Co LLC,653.7,2.0,179.0,2009.9999999999998,True,3787.338360104023,True,63339.02274080872,Y,"within interval (<4,000 EOH)",511010.03695973696,C
22,60925,CC,26,2021-11,2025-08,0.8791046425646939,0.9248150845863281,12.089535743530615,8372699.43567984,31656192.12473776,2559774.8610035107,DUCT_FIRING,0.0,1.0,2.0,1010691.7843996657,6,Montgomery County,TX,SERC,MISO,Entergy Texas Inc.,1000.0,2.0,250.0,2021.0,False,4654.071,True,28732.621,Y,"due (4,000-8,000 EOH)",505345.89219983283,C
23,7900,CC,11,2022-11,2025-10,0.9334286907619216,0.8769571385478045,6.657130923807836,1873625.1529904709,6957041.823119692,2000970.271165199,FOULING,0.0,1.0,2.0,982234.9941132899,6,Sand Hill,TX,TRE,ERCO,Austin Energy,388.0,1.0,198.0,2004.0,False,1412.3170103092784,True,68428.01116838488,Y,"within interval (<4,000 EOH)",491117.49705664493,A
24,58503,CC,5,2024-01,2025-02,0.8796624247364362,0.9219729858822315,12.033757526356379,1162370.8029130655,2699753.6574190035,976515.0432047504,NONRECOVERABLE,0.0,0.6,2.0,976515.0432047504,3,Carty Generating Station,OR,WECC,PGE,Portland General Electric Co,500.0,1.0,300.0,2016.0,False,1212.836,True,58183.661,Y,"within interval (<4,000 EOH)",488257.5216023752,C
25,56046,CC,10,2020-11,2025-12,0.9248164824561492,0.925901368216425,7.5183517543850815,814946.4593057991,3532245.3574233297,1851126.6511872099,FOULING,0.0,1.0,1.0,966561.5011890053,3,Magnolia Power Project,CA,WECC,LDWP,City of Burbank Water and Power - (CA),387.6,1.0,198.9,2004.9999999999998,False,5498.8725490196075,True,79060.12383900929,Y,"due (4,000-8,000 EOH)",483280.75059450266,A
26,7604,CC,4,2024-09,2025-02,0.9108779915679639,0.9325298743164062,8.912200843203605,384332.0260846799,1534138.3122382453,908591.1958318397,HGP,0.0,1.0,2.5,908591.1958318397,2,St Francis Energy Facility,MO,SERC,AECI,"Associated Electric Coop, Inc",506.6,2.0,253.3,2000.0,False,2475.998815633636,True,57258.48105013817,N,"within interval (<4,000 EOH)",454295.59791591985,C
27,7834,GT,12,2021-05,2025-12,0.9287299553596001,0.9336624836651847,7.127004464039982,1257315.8084607953,4195955.915020592,1381618.6621581286,NONRECOVERABLE,0.0,1.0,1.0,829675.1657235569,6,John S Rainey,SC,SERC,SC,South Carolina Public Service Authority,609.7,5.0,121.94000000000001,2002.8512383139246,False,1401.2629161882892,True,69752.41411892428,N,"within interval (<4,000 EOH)",414837.58286177844,C
28,6043,CC,2,2024-12,2025-01,0.8891968078323296,0.9146625475702567,11.080319216767037,324194.1424753937,1845673.9023200914,822631.0137263731,FOULING,0.0,1.0,2.0,822631.0137263731,2,Martin,FL,SERC,FPL,Florida Power & Light Co,2448.4999999999995,8.0,196.1,1998.8862160506437,False,3265.38258525628,True,146168.46176516236,Y,"within interval (<4,000 EOH)",411315.50686318654,C
29,55123,CC,7,2025-01,2025-10,0.899910798051382,0.9285978626130591,10.008920194861801,1070516.945323448,3162712.605213848,775325.7215581529,NONRECOVERABLE,0.0,0.0,2.0,775325.7215581529,3,Magic Valley Generating Station,TX,TRE,ERCO,Calpine Corp-Magic Valley,801.0,2.0,267.0,2002.0,False,1980.609238451935,True,83228.89117769455,Y,"within interval (<4,000 EOH)",387662.86077907647,C
30,58005,CC,2,2024-06,2024-07,0.9138293771035786,0.9337271923889855,8.617062289642135,463210.9918967477,902191.5505838599,766862.8179962808,FOULING,0.0,0.0,2.0,766862.8179962808,2,Rayburn Energy Station LLC,TX,TRE,ERCO,Rayburn Energy Station LLC,803.2,2.0,232.0,2013.9999999999995,False,3312.1688247011953,True,44500.6265562749,Y,"within interval (<4,000 EOH)",383431.4089981404,C
31,56806,CC,23,2020-07,2025-10,0.9166817420193596,0.9356248068908137,8.331825798064031,3842216.39969304,15601986.193909282,3000706.8747938434,UNATTRIBUTED,0.0,0.0,2.0,715647.2988832081,8,Cedar Bayou 4,TX,TRE,ERCO,NRG Cedar Bayou Development Company LLC,535.5,2.0,178.5,2009.0,False,9450.253968253968,True,36300.05913476502,N,"OVERDUE (>8,000 EOH)",357823.64944160404,C
32,55662,CC,4,2022-02,2025-12,0.9327381344597112,0.9326506400010478,6.726186554028874,315506.5480532191,1682061.527813699,691505.4899975455,CYCLING,0.0,1.0,2.0,691505.4899975455,2,Chehalis Generating Facility,WA,WECC,BPAT,PacifiCorp,593.3,2.0,198.9,2003.0,False,10272.895668295972,True,79154.19138715658,N,"OVERDUE (>8,000 EOH)",345752.74499877275,C
33,8049,GT,24,2021-03,2025-11,0.928347454152124,0.768198926945265,7.165254584787594,1688611.031448133,6797258.1611341,1092921.23477921,FOULING,0.0,1.0,3.0,666573.7119287347,9,Intercession City,FL,SERC,FPC,"Duke Energy Florida, LLC",708.5999999999999,7.0,101.22857142857141,1995.910245554615,False,27.833230313293825,True,15363.214704346601,N,"within interval (<4,000 EOH)",333286.85596436734,B
34,59773,CC,5,2024-05,2025-10,0.9391069954847222,0.9421232401888655,6.089300451527788,846430.9954257284,2108649.31436558,665030.3613584822,HGP,0.0,0.0,2.0,665030.3613584822,3,Carroll County Energy,OH,RFC,PJM,Carroll County Energy LLC,832.3,2.0,235.5,2017.0000000000002,False,25167.003484320558,True,50874.5247106412,Y,"OVERDUE (>8,000 EOH)",332515.1806792411,B
35,55501,CC,4,2023-02,2025-05,0.929865620365595,0.9173385789540155,7.013437963440505,894510.3467899773,3266782.0405224585,612380.6398657404,UNATTRIBUTED,0.0,0.0,2.0,612380.6398657404,2,Kiamichi Energy Facility,OK,TRE,ERCO,Kiowa Power Partners LLC,1370.0,4.0,183.9,2003.0,False,2990.200729927007,True,88976.50654014599,Y,"within interval (<4,000 EOH)",306190.3199328702,C
36,55210,CC,31,2019-02,2025-12,0.7995414192328688,0.820167568817916,20.04585807671312,2827895.5828652442,11255924.70866627,4864858.021121291,NONRECOVERABLE,0.0967741935483871,0.8387096774193549,2.0,605016.2182169743,5,Afton Generating Station,NM,WECC,PNM,Public Service Co of NM,287.0,1.0,177.0,2003.9163763066201,False,155.59233449477352,True,69336.22009291522,Y,"within interval (<4,000 EOH)",302508.10910848714,C
37,55212,CC,33,2020-09,2025-09,0.9091883104903397,0.9285177399300132,9.081168950966035,4511911.786786972,26350465.586592402,1844203.0482991524,NONRECOVERABLE,0.0,0.0,2.0,491551.7422498917,4,ANP Blackstone Energy Project,MA,NPCC,ISNE,ANP Blackstone Energy Company LLC,578.0,2.0,289.0,2001.0,False,1945.9480968858134,True,78316.38119953865,N,"within interval (<4,000 EOH)",245775.87112494584,C
38,689,CC,2,2025-11,2025-12,0.9421921907614808,0.8986452909659822,5.780780923851919,208575.17583010817,1172906.4837856595,471810.13126157405,FOULING,0.0,0.0,2.0,471810.13126157405,2,S O Purdom,FL,SERC,TAL,City of Tallahassee - (FL),270.1,1.0,180.0,1999.9999999999998,False,4243.761569788967,True,122408.90805997778,N,"due (4,000-8,000 EOH)",235905.06563078702,C
39,55334,CC,6,2019-01,2025-03,0.9208786198283585,0.9093547927692293,7.912138017164149,193034.28802739162,761027.3043510839,438803.21686727414,UNATTRIBUTED,0.0,1.0,2.0,438803.21686727414,3,Holland Energy Facility,IL,SERC,MISO,NAES Corporation - (WA),702.1,2.0,178.5,2002.0000000000002,False,1970.2093718843469,True,51628.49356691829,Y,"within interval (<4,000 EOH)",219401.60843363707,C
40,2951,ST,2,2025-09,2025-10,0.8545605856908425,0.8539582852060927,14.543941430915751,157069.91156099678,509076.61686553614,432715.1243357057,FOULING,0.0,0.0,3.0,432715.1243357057,2,Horseshoe Lake,OK,MRO,SWPP,Oklahoma Gas & Electric Co,443.0,1.0,443.0,1969.0,False,1004.5766756486425,True,63332.268866931925,N,"within interval (<4,000 EOH)",216357.56216785286,C
41,3490,ST,2,2025-09,2025-10,0.8734234080770629,0.8637941613951636,12.657659192293707,340476.427547534,773946.3964030063,419344.80221587024,FOULING,0.0,0.0,3.0,419344.80221587024,2,Graham,TX,TRE,ERCO,Luminant Generation Company LLC,634.7,2.0,317.35,1965.4876319521031,False,392.00440365527015,True,32074.038969066747,N,"within interval (<4,000 EOH)",209672.40110793512,C
42,3504,ST,2,2025-09,2025-10,0.8493908312762755,0.8280712155430093,15.06091687237246,358690.17251149274,835048.3585316068,385465.81379329984,NONRECOVERABLE,0.0,0.0,3.0,385465.81379329984,2,Stryker Creek,TX,TRE,ERCO,Luminant Generation Company LLC,703.4000000000001,2.0,351.70000000000005,1963.2405459198176,False,160.93119135626952,True,27969.499809022836,N,"within interval (<4,000 EOH)",192732.90689664992,C
43,56237,CC,4,2019-10,2024-05,0.8858517571166966,0.9055417465602773,11.414824288330333,982608.612263061,2347570.094956009,1746463.6064134752,FOULING,0.0,1.0,3.0,355672.82042733213,2,Lake Side Power Plant,UT,WECC,PACE,PacifiCorp,1246.5,4.0,184.04999999999998,2010.6794223826714,False,3662.1829121540313,True,73401.5805856398,Y,"within interval (<4,000 EOH)",177836.41021366607,C
44,55645,GT,24,2019-01,2025-10,0.8838682637397876,0.8334331046060101,11.613173626021238,1387593.4320396995,5640646.241013843,2022422.845999554,FOULING,0.0,1.0,2.0,340087.4435396723,7,Blue Spruce Energy Center,CO,WECC,PSCO,Public Service Co of Colorado,397.8,2.0,198.9,2003.0,False,92.56164152840623,True,23795.549089994973,N,"within interval (<4,000 EOH)",170043.72176983615,A
45,3441,CC,4,2024-11,2025-04,0.8449198953825875,0.8931353785926733,15.50801046174125,450727.6081580105,1547346.8618420407,321807.5572135709,NONRECOVERABLE,0.0,1.0,3.0,321807.5572135709,2,Nueces Bay,TX,TRE,ERCO,City of San Antonio - (TX),730.2,2.0,189.6,1991.733771569433,False,218.05532730758694,True,117552.92385647766,Y,"within interval (<4,000 EOH)",160903.77860678546,C
46,3482,GT,14,2023-11,2025-07,0.8647389060354362,0.9276887170656688,13.526109396456377,338204.9856139075,561133.0303636076,328767.3496596415,FOULING,0.0,0.7857142857142857,3.0,310146.0433894899,5,Jones,TX,MRO,SWPP,Southwestern Public Service Co,365.4,2.0,182.7,2012.0,False,1862.8762999452656,True,27001.27931946725,N,"within interval (<4,000 EOH)",155073.02169474494,B
47,564,CC,16,2022-05,2024-03,0.9306535423535333,0.9362662770152622,6.9346457646466755,1493455.1372148148,8244013.539383424,2835192.569472708,HGP,0.0,1.0,2.0,286485.8376912476,5,Stanton Energy Center,FL,SERC,FMPP,Orlando Utilities Comm,333.0,1.0,203.2,2010.0,False,5719.179123123123,True,79964.9488048048,Y,"due (4,000-8,000 EOH)",143242.9188456238,A
48,1572,GT,31,2019-07,2025-12,0.842253267447029,0.8130077280747561,15.774673255297092,1318139.336170021,5483857.706096977,671926.5884613451,NONRECOVERABLE,0.0,0.0,3.0,271580.6667216925,8,Dickerson Power,MD,RFC,PJM,"Dickerson Power, LLC",326.0,2.0,163.0,1992.0,False,706.3229447852761,True,11803.236873210633,N,"within interval (<4,000 EOH)",135790.33336084624,C
49,2500,CC,10,2019-01,2025-09,0.9282582437810968,0.9310237617529701,7.174175621890325,1194410.9621510063,3813163.8276878046,529980.0714678988,UNATTRIBUTED,0.0,0.0,2.0,256855.10330611395,3,Ravenswood,NY,NPCC,NYIS,Ravenswood Operations LLC,268.5,1.0,181.0,2003.0,False,2152.06852141527,True,128567.49249472377,N,"within interval (<4,000 EOH)",128427.55165305697,C
50,3797,CC,14,2021-07,2025-08,0.869986277591444,0.9222749141093913,13.001372240855602,2414207.9974123924,9184994.33209461,3066819.1170596667,HGP,0.0,1.0,3.0,251792.08113546856,3,Chesterfield,VA,SERC,PJM,Virginia Electric & Power Co,446.59999999999997,2.0,146.5,1991.0174652933276,False,15443.407142857144,True,203510.5695318331,N,"OVERDUE (>8,000 EOH)",125896.04056773428,B
51,56502,GT,39,2019-01,2025-04,0.863612047851403,0.8923691961076125,13.63879521485971,2013889.8572145093,9372980.651085848,3080177.91973218,UNATTRIBUTED,0.0,1.0,2.0,241068.69761517143,12,Emporia Energy Center,KS,MRO,SWPP,"Evergy Kansas Central, Inc",730.1999999999999,7.0,104.3142857142857,2008.4694604218025,False,46.490002738975626,True,17144.560736784442,N,"within interval (<4,000 EOH)",120534.34880758572,C
52,55241,CC,12,2020-12,2025-07,0.9419158781679368,0.9215524914155934,5.80841218320633,1111449.1857926743,5016751.389675189,1521129.347856576,HGP,0.0,0.0,1.0,234698.2187663315,6,Hog Bayou Energy Center,AL,SERC,SOCO,Mobile Energy LLC,280.0,1.0,200.0,2001.0,False,102126.4375,False,102126.4375,N,"OVERDUE (>8,000 EOH) [no wash observed; clock from COD, upper bound]",117349.10938316575,B
53,1366,GT,11,2019-09,2025-12,0.8633040161080064,0.8780303823469798,13.669598389199352,125598.53767842993,901712.4345327775,234611.60792024364,NONRECOVERABLE,0.0,1.0,2.0,234611.60792024364,3,Paddys Run,KY,SERC,LGEE,Louisville Gas & Electric Co,210.6,2.0,105.3,1995.8917378917379,False,398.6087369420703,True,15185.454905875617,N,"within interval (<4,000 EOH)",117305.80396012182,C
54,160,GT,3,2025-09,2025-11,0.8114588794815581,0.8346140992113243,18.854112051844197,223967.72767055352,350432.9322196994,222561.54983205773,FOULING,0.0,0.6666666666666666,2.0,222561.54983205773,3,Apache Station,AZ,WECC,WALC,Arizona Electric Pwr Coop Inc,292.1,6.0,48.68333333333334,2000.6223895926053,False,222.58473125641902,True,27041.98318930752,N,"within interval (<4,000 EOH)",111280.77491602887,A
55,56241,GT,4,2022-10,2025-04,0.8669122221525908,0.9114915225849681,13.308777784740922,75153.92216318542,325827.3846265081,255372.2506124064,FOULING,0.0,0.0,3.0,219146.33217763033,2,Cannon Falls Energy Center,MN,MRO,MISO,Invenergy Services LLC,346.8,2.0,173.4,2008.0,False,2111.4408275663204,True,12237.937881343712,N,"within interval (<4,000 EOH)",109573.16608881517,C
56,6035,GT,35,2019-01,2025-12,0.8441430107628034,0.8247524072240986,15.585698923719665,1482413.1180992236,6360140.843082726,993115.7052935495,NONRECOVERABLE,0.0,1.0,2.0,217868.51268952404,7,Greenwood (MI),MI,RFC,MISO,DTE Electric Company,255.89999999999998,3.0,85.3,1999.0,False,44.50566627588902,True,10752.191272632539,N,"within interval (<4,000 EOH)",108934.25634476202,C
57,2070,GT,12,2021-06,2025-12,0.9286852352245768,0.8309808552649182,7.131476477542318,252051.40913312865,1226728.502776606,213039.13714797283,UNATTRIBUTED,0.0,1.0,2.0,213039.13714797283,3,Moselle,MS,SERC,MISO,Cooperative Energy,166.5,2.0,83.25,2001.5135135135135,False,804.8708708708708,True,14129.701201201202,N,"within interval (<4,000 EOH)",106519.56857398641,C
58,55229,GT,28,2020-05,2025-12,0.8452828463616652,0.8559165614313293,15.471715363833486,807597.1161945515,3474054.8110609483,1916513.3786948964,FOULING,0.0,0.0,2.0,152686.38625515037,6,Montpelier Electric Generating Station,IN,RFC,MISO,Kimura Power LLC,236.0,4.0,59.0,2001.0,False,34.32627118644068,True,17136.44079378531,N,"within interval (<4,000 EOH)",76343.19312757518,B
59,2790,GT,7,2024-07,2025-10,0.8781368824966485,0.7414349329940801,12.186311750335161,205172.41777101887,805393.5793286536,122991.89521695135,UNATTRIBUTED,0.0,1.0,2.0,122991.89521695135,5,R M Heskett,ND,MRO,MISO,Montana-Dakota Utilities Co,176.4,2.0,88.2,2019.0113378684805,False,495.6519274376417,True,983.4417001649144,N,"within interval (<4,000 EOH)",61495.947608475675,C
60,2079,CC,4,2023-05,2025-10,0.9320203091791771,0.8452491701493658,6.797969082082286,225487.49071890916,663188.4822978211,121314.9560425311,UNATTRIBUTED,0.0,1.0,2.5,121314.9560425311,2,Hawthorn,MO,MRO,SWPP,Evergy Metro,312.8,1.0,170.0,1998.3695652173913,False,1019.0632992327365,True,11259.613704177324,Y,"within interval (<4,000 EOH)",60657.47802126555,C
61,7846,GT,8,2019-01,2025-11,0.8702864582679153,0.8985115690845135,12.971354173208466,92225.70760609632,380646.024667185,246973.80640354613,UNATTRIBUTED,0.0,1.0,1.0,120443.74511104487,2,Brandy Branch,FL,SERC,JEA,JEA,185.0,1.0,185.0,2001.0,False,46.086486486486486,True,24197.524999999998,N,"within interval (<4,000 EOH)",60221.87255552244,C
62,2406,GT,6,2021-06,2025-08,0.9306925497722295,0.8170505832455719,6.930745022777053,165928.43787217984,636174.855396333,118225.14451916295,UNATTRIBUTED,1.0,0.0,2.0,118225.14451916295,3,Linden Generating Station,NJ,RFC,PJM,Linden Combined Cycle,384.4,4.0,96.1,1997.5000000000002,False,1239.861968002081,False,1239.861968002081,N,"within interval (<4,000 EOH) [no wash observed; clock from COD, upper bound]",59112.57225958147,C
63,4940,GT,33,2019-01,2025-08,0.8755844420877569,0.8433234661052804,12.441555791224312,383339.55922491226,2428046.112423013,558013.7102879469,UNATTRIBUTED,0.0,1.0,2.0,116016.58471122086,6,Riverside (OK),OK,MRO,SWPP,Public Service Co of Oklahoma,173.0,2.0,86.5,2008.0,False,30.07514450867052,True,6897.890173410404,N,"within interval (<4,000 EOH)",58008.29235561043,C
64,60264,GT,35,2019-06,2025-11,0.8997394435604614,0.7579768113959311,10.026055643953862,1786334.2353160672,4720121.349162565,114738.65289453043,UNATTRIBUTED,0.0,0.0,2.0,114738.65289453043,8,Bacliff,TX,TRE,ERCO,PHR Holdings LLC,427.2,6.0,71.2,2018.0,False,48.342696629213485,True,2609.5763108614233,N,"within interval (<4,000 EOH)",57369.326447265215,C
65,7238,GT,17,2022-07,2025-08,0.8671088578084192,0.8000127433532526,13.289114219158074,99405.12291428668,435490.1022975,132440.32111608615,FOULING,0.0,1.0,3.0,112916.81199515657,6,Cane Island,FL,SERC,FMPP,Kissimmee Utility Authority,32.0,1.0,32.0,1994.0,False,666.52221875,True,3202.776557291667,N,"within interval (<4,000 EOH)",56458.40599757829,B
66,1240,GT,27,2020-08,2024-09,0.9041716419977197,0.9260023334660616,9.582835800228034,692923.8192145306,2432020.0698591606,331131.3903823042,UNATTRIBUTED,0.0,1.0,2.0,112580.24610551151,6,Gordon Evans Energy Center,KS,MRO,SWPP,"Evergy Kansas South, Inc",375.1,3.0,125.03333333333335,2000.4758731005063,False,58.272988536390294,True,19911.661268550604,N,"within interval (<4,000 EOH)",56290.123052755756,C
67,7266,GT,14,2019-12,2025-09,0.6905896780507471,0.8041716985966633,30.9410321949253,68095.21754824166,310588.7529343082,121604.04653664357,NONRECOVERABLE,0.0,0.0,3.0,110504.42968848524,4,Woodland,CA,WECC,BANC,Modesto Irrigation District,50.4,1.0,50.4,1993.0,False,196.62698412698413,True,34529.775132275136,N,"within interval (<4,000 EOH)",55252.21484424262,C
68,1556,GT,15,2020-06,2025-08,0.8396099395404656,0.9249433843458358,16.03900604595344,353237.33205645584,999959.0087818259,198907.83020317747,NONRECOVERABLE,0.0,0.0,1.0,101934.57765346892,4,Perryman,MD,RFC,PJM,"Constellation Power Source Generation, LLC",333.0,2.0,166.5,2003.4684684684685,False,700.3875795795796,True,17812.08865865866,N,"within interval (<4,000 EOH)",50967.28882673446,C
69,7315,GT,14,2019-01,2025-05,0.911990066528228,0.9076637437702454,8.800993347177196,217862.0779508384,1189728.4897737612,268291.1408017002,UNATTRIBUTED,0.0,1.0,2.0,88507.54864952716,6,Almond Power Plant,CA,WECC,TIDC,Turlock Irrigation District,223.5,4.0,55.875,2008.456375838926,False,356.81431767337807,True,36420.19574944072,N,"within interval (<4,000 EOH)",44253.77432476358,C
70,1355,GT,12,2019-04,2025-08,0.9005802079917805,0.8661754137389228,9.941979200821939,647631.8297798942,1945602.4547662495,86013.63329558805,UNATTRIBUTED,0.0,1.0,1.0,86013.63329558805,4,E W Brown,KY,SERC,LGEE,Kentucky Utilities Co,980.5999999999999,7.0,140.08571428571426,1997.1949826636753,False,350.0761482765654,True,13073.241228329596,N,"within interval (<4,000 EOH)",43006.816647794025,C
71,55127,GT,2,2025-05,2025-06,0.8614502311048633,0.8950286040893305,13.854976889513676,65167.0220576343,222887.76105423755,72119.97379325598,FOULING,0.0,1.0,2.0,72119.97379325598,2,Manchief Electric Generating Station,CO,WECC,PSCO,Public Service Co of Colorado,300.0,2.0,150.0,2000.0,False,174.06333333333333,True,27709.824444444446,N,"within interval (<4,000 EOH)",36059.98689662799,C
72,7314,CC,2,2025-02,2025-03,0.8930562378078106,0.7834247439892886,10.694376219218931,27530.999191668176,171944.30590753688,67143.04487086023,FOULING,0.0,0.0,3.0,67143.04487086023,2,Richard M Flynn,NY,NPCC,NYIS,New York Power Authority,170.0,1.0,110.0,1994.0,False,1712.6433294117646,True,73130.89481774271,N,"within interval (<4,000 EOH)",33571.52243543012,C
73,7887,GT,19,2019-01,2025-05,0.9194291102675386,0.9174220379311092,8.057088973246142,101524.2362276232,580161.2624357115,294761.01312162355,FOULING,0.0,1.0,2.0,63716.22953080495,5,Terry Bundy Generating Station,NE,MRO,SWPP,Lincoln Electric System,60.5,1.0,60.5,2003.0,False,1464.1087107438016,True,42177.12157024793,N,"within interval (<4,000 EOH)",31858.114765402475,A
74,55620,GT,4,2022-04,2025-07,0.8431186601272298,0.8797281818632654,15.688133987277023,109084.33484637355,766992.8109360954,60068.12834002949,UNATTRIBUTED,0.0,1.0,1.0,60068.12834002949,2,Perryville Power Station,LA,SERC,MISO,Entergy Louisiana LLC,186.2,1.0,186.2,2000.9999999999998,False,272.3791621911923,True,2683.7448263515935,N,"within interval (<4,000 EOH)",30034.064170014746,C
75,8219,GT,8,2024-06,2025-08,0.8540596789768415,0.7096824272426885,14.59403210231584,123406.74023684821,384980.7381492028,59519.58479416251,UNATTRIBUTED,0.0,1.0,1.5,59519.58479416251,3,Ray D Nixon,CO,WECC,WACM,City of Colorado Springs - (CO),75.6,2.0,37.8,1999.0,False,148.84920634920636,True,3583.558201058201,N,"within interval (<4,000 EOH)",29759.792397081255,C
76,7266,IC,12,2019-02,2024-04,0.883127792522571,0.8821358702247598,11.6872207477429,44987.570755572495,216584.47445552985,61204.16091889511,UNATTRIBUTED,0.0,0.0,3.0,55739.356454782384,6,Woodland,CA,WECC,BANC,Modesto Irrigation District,50.4,6.0,8.4,2011.0,False,1306.607142857143,True,11613.144841269841,N,"within interval (<4,000 EOH)",27869.678227391192,C
77,7082,GT,8,2024-04,2025-12,0.9084307505949194,0.8340118192453572,9.156924940508059,179731.35572054842,485614.2328674529,53165.199542922615,CYCLING,0.0,1.0,2.0,53165.199542922615,2,Harry Allen,NV,WECC,NEVP,Nevada Power Co,186.5,2.0,93.25,2000.0134048257373,False,529.2761394101876,True,18463.523574620194,N,"within interval (<4,000 EOH)",26582.599771461308,C
78,6064,GT,10,2022-05,2025-11,0.9350503737611732,0.8298262829645756,6.4949626238826825,224224.70938729888,880797.5473454841,52523.91761516547,UNATTRIBUTED,0.0,1.0,2.0,52523.91761516547,6,Nearman Creek,KS,MRO,SWPP,City of Kansas City - (KS),104.0,1.0,104.0,2006.0,False,146.1794423076923,True,4372.9204191898525,N,"within interval (<4,000 EOH)",26261.958807582734,C
79,2517,GT,13,2020-03,2025-12,0.8910960933850127,0.9038240048763154,10.890390661498726,28870.78597712407,129302.43092313583,77239.5371989689,FOULING,0.0,1.0,2.0,45114.13668275361,3,Port Jefferson,NY,NPCC,NYIS,National Grid Generation LLC,106.0,2.0,53.0,2002.0,False,521.3121509433962,True,11113.474716981133,N,"within interval (<4,000 EOH)",22557.068341376806,A
80,57015,IC,18,2019-07,2024-11,0.9175811737532658,0.8043223794401755,8.241882624673416,273820.8872739678,676832.3427936897,133350.4839814333,NONRECOVERABLE,0.0,0.0,2.0,31655.571902036856,8,Waste Management Columbia Ridge LFGTE,OR,WECC,BPAT,WM Renewable Energy LLC,12.800000000000002,12.0,1.0666666666666669,2011.5,False,2394.0624999999995,True,115839.54427083331,N,"within interval (<4,000 EOH)",15827.785951018428,C
81,7887,IC,21,2021-05,2025-08,0.743995624745684,0.8883936734565413,25.600437525431598,27996.264063110088,157730.72516278428,65155.94355431232,NONRECOVERABLE,0.0,1.0,3.0,25002.679420392178,7,Terry Bundy Generating Station,NE,MRO,SWPP,Lincoln Electric System,4.800000000000001,3.0,1.6000000000000003,2013.9999999999998,False,3383.0774999999994,True,63209.46374999999,N,"within interval (<4,000 EOH)",12501.339710196089,C
82,57443,IC,10,2019-07,2025-09,0.9357361140227111,0.8348760242285733,6.426388597728886,64655.01929999631,317422.6430777929,63087.59873246196,HGP,0.0,0.0,2.0,24332.024723484566,3,Pine Tree Acres WM LFGTE,MI,RFC,MISO,WM Renewable Energy LLC,12.8,8.0,1.6,2012.0,False,8024.53125,True,76112.52604166667,N,"OVERDUE (>8,000 EOH)",12166.012361742283,B
83,55295,CC,4,2023-04,2024-04,0.880833176892024,0.90931854558098,11.916682310797597,100010.99412552267,441559.16330251505,147014.82635465558,HGP,0.0,0.0,2.0,20182.417939008188,2,Blythe Energy Inc,CA,WECC,CISO,AltaGas Blythe Operations Inc,591.0,2.0,182.0,2003.0,False,6702.585448392555,True,53715.058234630575,Y,"due (4,000-8,000 EOH)",10091.208969504094,C
84,59425,IC,16,2020-06,2025-07,0.9156572420118323,0.8378100024845445,8.434275798816767,93377.32182955337,320832.34635254595,105888.56275981567,FOULING,0.0,0.0,3.0,18080.257133304363,5,Zimmerman Energy,IN,RFC,MISO,Landfill Energy Systems,7.6,4.0,1.9,2015.2631578947369,False,4951.0526315789475,True,77419.73099415205,N,"due (4,000-8,000 EOH)",9040.128566652182,B
85,60263,IC,20,2020-12,2025-12,0.7983323314222787,0.7697050720127516,20.166766857772128,38412.18432254856,119983.00811547246,50022.764879012015,UNATTRIBUTED,0.0,0.0,3.0,17879.743450638496,6,Durham AWTF,OR,WECC,PGE,Clean Water Services,1.6,2.0,0.8,2015.0,True,385.625,True,75868.4375,N,"within interval (<4,000 EOH)",8939.871725319248,C
86,976,GT,16,2021-09,2025-10,0.9364386548463065,0.822276838392125,6.356134515369351,413504.89631732664,1955525.5534609728,165806.1533609928,NONRECOVERABLE,0.0,1.0,1.0,17339.71590294705,5,Marion,IL,SERC,MISO,Southern Illinois Power Coop,150.0,2.0,75.0,2003.0,False,1044.7922733333335,True,3731.763853333334,N,"within interval (<4,000 EOH)",8669.857951473525,C
87,55453,GT,23,2020-10,2024-12,0.9165596813125745,0.841725262010956,8.344031868742562,392475.1033235684,1837708.9815848304,216311.09735955132,UNATTRIBUTED,0.0,0.0,2.0,16916.657810161007,7,Fountain Valley Power Facility,CO,WECC,PSCO,Fountain Valley Power LLC,228.0,6.0,38.0,2001.0,False,648.9342105263158,True,6918.8421052631575,N,"within interval (<4,000 EOH)",8458.328905080503,C
88,2336,GT,37,2019-01,2024-10,0.9078329138249547,0.7766170273920135,9.216708617504535,1368453.3781823115,5109404.882615452,185056.16706496844,NONRECOVERABLE,0.0,1.0,3.0,10414.54977971216,11,Tracy,NV,WECC,NEVP,Sierra Pacific Power Co,170.0,2.0,85.0,1994.0,False,996.8529411764706,True,35434.82058823529,N,"within interval (<4,000 EOH)",5207.27488985608,C
89,55482,CC,2,2025-10,2025-11,0.9153721601941285,0.9436017644544545,8.462783980587147,161588.8588574576,686858.8361093561,7564.010869573939,HGP,0.0,0.0,2.0,7564.010869573939,2,Goldendale Generating Station,WA,WECC,PSEI,Puget Sound Energy Inc,302.8,1.0,188.5,2003.9999999999998,False,7795.8685601056795,True,141013.24992220962,Y,"due (4,000-8,000 EOH)",3782.0054347869695,C
90,58260,CC,2,2021-12,2022-01,0.7972265504325043,0.8691130234411046,20.277344956749566,1463378.964800136,9656955.079521267,8208411.817593076,FOULING,0.0,1.0,2.5,0.0,2,Brunswick County Power Station,VA,SERC,PJM,Virginia Electric & Power Co,1472.2,3.0,297.5,2016.0,False,18188.407145768237,True,56028.32257845401,Y,"OVERDUE (>8,000 EOH)",0.0,C
91,55297,CC,12,2019-01,2022-10,0.9087249957976121,0.9295717519076582,9.127500420238785,5392136.59739139,25010190.055852726,8070012.384655107,UNATTRIBUTED,0.0,0.0,2.0,0.0,3,New Covert Generating Facility,MI,RFC,PJM,Consumers Energy Co - (MI),1176.0,3.0,245.0,2004.0,False,11691.453231292517,True,136369.02721088435,Y,"OVERDUE (>8,000 EOH)",0.0,C
92,55298,CC,4,2021-11,2022-02,0.9039132429106882,0.9327925275753031,9.60867570893118,1410627.6802248023,8764494.061887752,7449819.952604588,FOULING,1.0,0.0,2.0,0.0,4,Fairless Energy Center,PA,RFC,PJM,"Edgewater Generation, LLC",1338.0,4.0,198.9,2004.0,False,7995.192077727952,True,117492.55779770802,Y,"due (4,000-8,000 EOH)",0.0,C
93,55117,CC,9,2020-01,2020-12,0.540310904162712,0.5725360934887944,45.9689095837288,6690438.364223018,14855325.280567326,6478640.6005096985,HGP,0.0,0.0,1.0,0.0,7,RS Cogen,LA,SERC,MISO,Westlake 2 US LLC,493.0,2.0,195.0,2002.0,True,9068.58509127789,True,127392.85039553753,N,"OVERDUE (>8,000 EOH)",0.0,C
94,117,CC,32,2019-04,2025-05,0.9067300649753502,0.8283415251152503,9.32699350246497,12194105.383896379,48434271.715256736,6329333.3063408565,UNATTRIBUTED,0.0,1.0,3.0,0.0,8,West Phoenix,AZ,WECC,AZPS,Arizona Public Service Co,1101.2,6.0,142.66666666666666,1993.044315292408,False,339.18452597166726,True,132988.79679333238,Y,"within interval (<4,000 EOH)",0.0,C
95,8068,CC,18,2019-06,2023-04,0.9303202625275652,0.9196217582423157,6.9679737472434855,6876813.840888937,24616751.916331895,6016512.70049377,UNATTRIBUTED,0.0,1.0,3.0,0.0,6,Santan,AZ,WECC,SRP,Salt River Project,1326.0,7.0,125.05714285714284,1995.6179487179486,False,2548.315233785822,True,232105.63178733032,Y,"within interval (<4,000 EOH)",0.0,C
96,3491,ST,14,2021-04,2025-10,0.7807510100917899,0.8112900791106964,21.924898990821013,4649142.249869576,19671914.3024517,6004061.939056463,NONRECOVERABLE,0.0,0.0,3.0,0.0,3,Handley,TX,TRE,ERCO,"Constellation Power, Inc",1314.8,3.0,438.26666666666665,1972.343626407058,False,21.22147855187101,True,31044.112412534225,N,"within interval (<4,000 EOH)",0.0,C
97,7242,CC,2,2022-03,2022-04,0.8816410347557984,0.9012988151365022,11.835896524420164,815361.5584242787,4960856.579078457,4216728.092216689,FOULING,0.0,1.0,1.5,0.0,2,Polk,FL,SERC,TEC,Tampa Electric Co,1591.6,5.0,189.04000000000002,2006.6280472480526,False,2685.1579687107314,True,132783.21015247412,Y,"within interval (<4,000 EOH)",0.0,C
98,55357,CC,4,2021-02,2022-08,0.9123657688767924,0.9128152130341401,8.763423112320757,685363.2684165864,6642520.785407752,3894915.040058375,HGP,0.25,0.0,1.5,0.0,2,Jack Fusco Energy Center,TX,TRE,MISO,Brazos Valley Energy,675.6,2.0,200.0,2003.0,False,11542.880402605091,True,87256.3879021117,Y,"OVERDUE (>8,000 EOH)",0.0,C
99,55011,CC,29,2022-01,2025-08,0.8565323217746336,0.9168263962040725,14.346767822536641,2095467.523588162,8768680.441805728,2877417.908540357,NONRECOVERABLE,0.0,0.5862068965517241,2.0,0.0,12,Whitewater Generating Station,WI,RFC,MISO,Wisconsin Electric Power Co,283.5,1.0,177.3,1997.0,False,5531.917668430335,True,81283.79351087596,Y,"due (4,000-8,000 EOH)",0.0,C
100,55183,CC,28,2023-01,2025-12,0.9041683609858697,0.9198389417838586,9.583163901413032,6486924.827351185,21246478.491119802,2770724.225225948,NONRECOVERABLE,0.0,0.0,3.0,0.0,10,Nelson Energy Center,IL,RFC,PJM,Invenergy Services LLC,627.5,2.0,180.65,2015.0,False,11358.564143426294,True,58346.59389110225,Y,"OVERDUE (>8,000 EOH)",0.0,C
101,55292,CC,15,2019-02,2025-11,0.9270174395286539,0.9299703032874171,7.298256047134609,2119589.0478227767,9968861.14443575,2548073.1840191423,NONRECOVERABLE,0.0,0.0,2.0,0.0,3,Decatur Energy Center,AL,SERC,TVA,Decatur Energy Center LLC,902.4000000000001,3.0,210.80000000000004,2002.2335992907801,False,2682.7781471631206,True,58662.753121306145,N,"within interval (<4,000 EOH)",0.0,C
102,1403,CC,2,2019-06,2019-07,0.6520980056812233,0.6986996495938653,34.79019943187766,2270153.9889214393,5856063.35288622,2519271.547830632,UNATTRIBUTED,0.0,1.0,2.0,0.0,2,Nine Mile Point,LA,SERC,MISO,Entergy Louisiana LLC,649.5,2.0,194.7,2014.0,False,2460.1185527328716,True,67590.47431716706,Y,"within interval (<4,000 EOH)",0.0,C
103,55440,CC,5,2020-06,2021-09,0.9136513230338089,0.9278148918901825,8.634867696619102,1652459.8146586018,5518999.675551659,2112021.2929039835,UNATTRIBUTED,0.0,0.4,1.0,0.0,3,Central Alabama Generating Station,AL,SERC,SOCO,Alabama Power Co,927.1,3.0,179.0,2003.0,False,6092.525078200841,True,115719.47434652859,Y,"due (4,000-8,000 EOH)",0.0,C
104,55841,CC,12,2019-12,2023-02,0.925803154863113,0.9076295032641523,7.419684513688707,1834174.0198008255,24423302.76284801,1994337.789004858,HGP,0.0,1.0,2.0,0.0,6,Silverhawk,NV,WECC,NEVP,Nevada Power Co,664.7,2.0,197.2,2004.0,False,11205.280577704227,True,62814.43006870267,Y,"OVERDUE (>8,000 EOH)",0.0,A
105,55393,CC,9,2019-04,2024-02,0.9287754934001803,0.9097545817110217,7.122450659981965,1568416.65348245,8820728.214620017,1846957.9445678624,FOULING,0.0,0.0,1.0,0.0,3,Metcalf Energy Center,CA,WECC,CISO,Calpine Corp - Metcalf Energy Center,635.0,2.0,200.0,2005.0,False,7420.018897637795,True,81733.75839895013,Y,"due (4,000-8,000 EOH)",0.0,B
106,55170,CC,4,2022-02,2023-04,0.926576677967601,0.9225523283939735,7.342332203239893,759408.9802620041,3298764.0439581834,1801938.9429592788,FOULING,1.0,0.0,2.0,0.0,2,Granite Ridge,NH,NPCC,ISNE,Granite Ridge Energy LLC,790.0,2.0,260.0,2003.0,False,8541.86582278481,True,89336.43691983122,N,"OVERDUE (>8,000 EOH)",0.0,C
107,358,CC,5,2020-12,2023-10,0.9167798659224575,0.8797873356353911,8.322013407754257,1023625.8345495653,5552490.17781057,1733511.7547390535,FOULING,0.0,0.0,2.0,0.0,3,Mountainview Generating Station,CA,WECC,CISO,Southern California Edison Co,1036.8,4.0,164.6,2005.5000000000002,False,43.86518132716049,True,55834.11358506944,Y,"within interval (<4,000 EOH)",0.0,B
108,55283,CC,12,2021-12,2025-03,0.9217087085589776,0.9080456316222895,7.829129144102243,1301850.6906223153,7593260.48991725,1689109.3909218032,HGP,0.0,1.0,2.0,0.0,5,Front Range Power Plant,CO,WECC,WACM,City of Colorado Springs - (CO),554.3,2.0,153.9,2003.0,False,4790.5322027782795,True,103844.62204582358,Y,"due (4,000-8,000 EOH)",0.0,A
109,404,CC,6,2022-03,2022-11,0.9311180438514225,0.9382401577252146,6.888195614857753,410540.07428032125,3284069.289672559,1642034.6448362796,HGP,0.0,1.0,2.0,0.0,3,Scattergood,CA,WECC,LDWP,Los Angeles Department of Water & Power,335.8,1.0,216.9,2015.0,False,9607.298987492555,True,37047.372692078614,N,"OVERDUE (>8,000 EOH)",0.0,A
110,3140,ST,2,2022-05,2022-06,0.7964020873953435,0.849940056235776,20.359791260465656,394206.2005995457,3103124.3588353433,1382322.8608463055,FOULING,1.0,0.0,3.0,0.0,2,Brunner Island,PA,RFC,PJM,Brunner Island LLC,1616.1,3.0,538.6999999999999,1966.1991832188603,False,36.29451519089165,True,97247.9042598588,N,"within interval (<4,000 EOH)",0.0,C
111,6112,GT,33,2019-02,2025-08,0.8822463664720247,0.8272893377439721,11.775363352797536,850810.7448711612,3777671.4163164785,1364174.1377574129,FOULING,0.0,1.0,2.0,0.0,6,Fort St Vrain,CO,WECC,PSCO,Public Service Co of Colorado,280.6,2.0,140.3,2009.0,False,786.4540270848182,True,5892.051556189119,N,"within interval (<4,000 EOH)",0.0,A
112,55391,GT,36,2020-03,2025-12,0.8708797706153749,0.8975407643849288,12.912022938462513,2743287.638353078,10207178.584152846,1320981.3440863956,NONRECOVERABLE,0.0,0.8055555555555556,2.0,0.0,8,RockGen Energy Center,WI,MRO,MISO,Dairyland Power Coop,561.0,3.0,187.0,2001.0,False,1767.4733743315508,True,21677.163183155077,N,"within interval (<4,000 EOH)",0.0,C
113,56998,GT,34,2019-01,2023-06,0.8294868453519617,0.7464443200963068,17.051315464803825,1329851.8945649164,6597649.640544306,1224258.8263571253,UNATTRIBUTED,0.0,0.0,2.0,0.0,10,Pueblo Airport Generating Station,CO,WECC,PSCO,Black Hills Service Company LLC,240.0,3.0,80.0,2012.6666666666667,False,365.4791666666667,True,15868.566666666666,N,"within interval (<4,000 EOH)",0.0,C
114,55402,GT,9,2021-05,2023-04,0.9132855241475498,0.9186148525707858,8.67144758524503,463290.72605290974,2491792.275551887,1190044.8882404955,FOULING,0.0,1.0,2.0,0.0,3,Renaissance Power Plant,MI,RFC,MISO,DTE Electric Company,782.0,4.0,195.5,2002.0,False,152.68158567774935,True,24630.171355498722,N,"within interval (<4,000 EOH)",0.0,A
115,56846,CC,5,2020-01,2023-02,0.9180794519384822,0.9207687243346527,8.19205480615179,933454.5374473864,2611841.752734949,929803.0030756893,NONRECOVERABLE,0.0,0.0,2.0,0.0,3,CPV St Charles Energy Center,MD,RFC,PJM,CPV Maryland LLC,775.3,2.0,223.6,2017.0000000000002,False,969.4311879272541,True,47217.676111812696,Y,"within interval (<4,000 EOH)",0.0,C
116,60768,CC,7,2019-01,2020-11,0.9197845471020015,0.9421315338410884,8.021545289799846,1358848.6511901198,3316686.5169718475,857676.8630247493,FUEL_QUALITY,0.0,0.0,2.0,0.0,3,Gila River Power Block 2,AZ,WECC,SRP,Salt River Project,619.0,2.0,174.0,2003.0,False,4194.436187399031,True,104223.80667743673,Y,"due (4,000-8,000 EOH)",0.0,C
117,55375,CC,4,2020-03,2023-07,0.9266531890985893,0.9278133179588777,7.334681090141068,877987.3358710861,1805893.5370404657,849675.2537704625,FOULING,0.0,0.0,2.0,0.0,2,Astoria Energy,NY,NPCC,NYIS,Astoria Energy LLC,595.0,2.0,170.0,2006.0,False,1753.1494336134456,True,108196.98914229692,Y,"within interval (<4,000 EOH)",0.0,C
118,55126,CC,19,2023-09,2025-10,0.9392845393394508,0.9225243752960268,6.071546066054912,4365033.601725585,14943882.955506582,808821.5618593707,NONRECOVERABLE,1.0,0.0,2.0,0.0,7,Milford Power Project,CT,NPCC,ISNE,Milford Power Co LLC,578.0,2.0,289.0,2004.0,False,12973.307958477508,True,138995.7207324106,N,"OVERDUE (>8,000 EOH)",0.0,C
119,990,ST,2,2020-08,2020-09,0.8634690881533491,0.8553133207955939,13.65309118466509,459324.66316213424,1245730.4068915385,807503.6389867109,FOULING,0.0,1.0,3.0,0.0,2,Harding Street,IN,RFC,MISO,AES Indiana,663.0,3.0,221.0,1968.9276018099547,False,10061.872880844645,True,99381.06531422827,N,"OVERDUE (>8,000 EOH)",0.0,C
120,55087,CC,13,2019-07,2020-10,0.898065260878617,0.9207263950124301,10.193473912138304,3329459.144516451,6447971.393864911,788144.3575450119,DUCT_FIRING,0.0,1.0,2.0,0.0,5,Zeeland Generating Station,MI,RFC,MISO,Consumers Energy Co - (MI),590.8,2.0,188.7,2002.0,False,5546.4336492891,True,145968.6267208305,Y,"due (4,000-8,000 EOH)",0.0,C
121,10308,CC,2,2022-06,2022-07,0.9428704623586958,0.92385467094164,5.712953764130424,167847.34236671124,1332318.2450405275,651800.9354818137,FOULING,1.0,0.0,3.0,0.0,2,Sayreville Cogeneration Facility,NJ,RFC,PJM,Sayreville Power Generation LP,430.20000000000005,2.0,143.4,1991.0,False,2042.6801487680145,True,35442.1207190454,N,"within interval (<4,000 EOH)",0.0,C
122,7552,CC,6,2019-01,2023-02,0.9418027185232027,0.8964392364913012,5.819728147679729,597776.4474742808,8953675.012227658,641962.7490357622,DUCT_FIRING,0.0,0.0,2.5,0.0,4,Campbell Power Plant,CA,WECC,BANC,Sacramento Municipal Util Dist,173.9,1.0,118.7,1996.9999999999998,True,699.8562392179413,True,104684.89936745256,Y,"within interval (<4,000 EOH)",0.0,C
123,3236,CC,6,2019-08,2024-10,0.9416108291924878,0.906750424475469,5.838917080751209,1347293.135911617,3951042.237612391,605808.9822477616,UNATTRIBUTED,1.0,0.0,3.0,0.0,2,Manchester Street,RI,NPCC,ISNE,"Manchester Street, LLC.",515.0,3.0,125.0,1995.0,False,510.2252582524271,True,87252.72492686083,N,"within interval (<4,000 EOH)",0.0,C
124,54989,IC,30,2019-07,2022-12,0.8479651852901132,0.862371221449083,15.203481470988669,235468.43228249156,1074984.7135703235,585674.4753230412,HGP,0.0,0.0,3.0,0.0,12,Pine Tree Acres,MI,RFC,MISO,"NextEra Renewable Fuels, LLC",8.8,9.0,0.9777777777777779,2003.272727272727,False,8532.272727272726,True,221581.865530303,N,"OVERDUE (>8,000 EOH)",0.0,B
125,55701,CC,2,2020-02,2020-03,0.9162007337986547,0.907232721726416,8.379926620134526,471419.37237193505,833400.1012391774,572996.5519867286,FOULING,0.0,1.0,3.0,0.0,2,Fremont Energy Center,OH,RFC,PJM,"American Mun Power-Ohio, Inc",739.5,2.0,190.4,2012.0,False,4931.933739012847,True,67944.63015551047,Y,"due (4,000-8,000 EOH)",0.0,C
126,60302,CC,2,2023-08,2023-09,0.88934223515599,0.8972671224317847,11.065776484401002,568969.4350163477,1100851.8823131435,569101.8648257697,FOULING,0.0,0.0,2.0,0.0,2,Key,MD,RFC,PJM,Parkway Generation Keys Energy Center LLC,830.6,2.0,235.5,2018.0,False,3593.9333012280276,True,42068.99341439923,Y,"within interval (<4,000 EOH)",0.0,C
127,59002,GT,18,2019-02,2022-03,0.8695478550896776,0.8711896190489467,13.045214491032235,742825.8169219699,3882202.6844623922,566595.6463992367,UNATTRIBUTED,0.0,0.0,3.0,0.0,4,Carlsbad Energy Center,CA,WECC,CISO,NRG California Peaker Operations LLC,659.0,5.0,131.8,2018.0,False,232.70864946889225,True,3476.5930703085482,N,"within interval (<4,000 EOH)",0.0,C
128,6034,GT,29,2019-05,2025-04,0.892975009887772,0.803407565381974,10.702499011222793,1380604.851909829,4793710.118526131,486811.0451163297,UNATTRIBUTED,0.0,0.9655172413793104,2.0,0.0,8,Belle River,MI,RFC,MISO,DTE Electric Company,255.89999999999998,3.0,85.3,1999.0,False,4452.602579132474,True,33600.33997655335,N,"due (4,000-8,000 EOH)",0.0,C
129,469,CC,2,2021-03,2021-04,0.8905200118673473,0.9266472939899857,10.947998813265265,256173.54280288395,1350770.5222788895,471969.36436829413,UNATTRIBUTED,0.0,1.0,3.0,0.0,2,Cherokee,CO,WECC,PSCO,Public Service Co of Colorado,625.6,2.0,185.3,2015.0,False,8060.7289002557545,True,47045.22431798807,Y,"OVERDUE (>8,000 EOH)",0.0,C
130,55087,GT,20,2019-03,2025-04,0.9007510122670869,0.8874333013584023,9.924898773291318,903097.516201525,2204794.944329321,467207.8636242202,UNATTRIBUTED,0.0,1.0,1.0,0.0,10,Zeeland Generating Station,MI,RFC,MISO,Consumers Energy Co - (MI),377.4,2.0,188.7,2000.9999999999998,False,5474.173290937997,True,33158.92311429077,N,"due (4,000-8,000 EOH)",0.0,C
131,52019,GT,6,2023-02,2024-01,0.9252503350228993,0.876425753050904,7.474966497710068,389869.34220528835,1612365.1124698864,457530.74784087786,FOULING,0.0,0.0,2.5,0.0,4,Doswell Energy Center,VA,SERC,PJM,Doswell Ltd Partnership,561.0,3.0,187.0,2012.3333333333333,False,44.84069518716578,True,42699.350894236486,N,"within interval (<4,000 EOH)",0.0,B
132,56908,GT,35,2019-03,2023-06,0.8874776301288373,0.7859960049872653,11.252236987116273,1596154.049156147,3693603.530401974,402766.966026295,CYCLING,0.0,1.0,2.0,0.0,20,Dave Gates Generating Station,MT,WECC,NWMT,NorthWestern Energy (MT wind/thermal),203.10000000000002,3.0,67.7,2011.0,False,1601.5300837026093,True,21627.478409650415,N,"within interval (<4,000 EOH)",0.0,C
133,56868,IC,10,2019-05,2022-05,0.9103133000456184,0.5999869589386172,8.968669995438153,505220.2572969942,1826237.1816940089,383408.15302393655,FOULING,0.0,0.0,3.0,0.0,6,Carbon Limestone,OH,RFC,PJM,EDL Inc,25.599999999999994,18.0,1.4222222222222218,2003.9609375000002,False,2126.3281250000005,True,99730.07161458334,N,"within interval (<4,000 EOH)",0.0,B
134,55065,CC,10,2019-03,2023-01,0.874767781855294,0.871378307006472,12.523221814470599,1795231.0051290146,5434890.493041352,381783.5200437255,UNATTRIBUTED,0.0,0.9,2.0,0.0,2,Mustang Station,TX,MRO,SWPP,"Golden Spread Electric Cooperative, Inc",521.0,2.0,174.2,1999.3312859884836,False,2397.37236084453,True,115874.14763275752,Y,"within interval (<4,000 EOH)",0.0,C
135,533,CC,16,2019-10,2024-01,0.9148649721046112,0.901916436284818,8.513502789538881,4096767.4239137904,19827907.481433373,352084.79113810655,UNATTRIBUTED,0.0,1.0,2.0,0.0,4,McWilliams,AL,SERC,SOCO,PowerSouth Energy Cooperative,654.0,3.0,145.66666666666666,1998.2737003058105,False,2179.2385321100915,True,387584.59565545357,Y,"within interval (<4,000 EOH)",0.0,C
136,55271,CC,2,2020-05,2020-06,0.9174290620385637,0.9494860533351381,8.25709379614364,194227.33352003648,410715.82612507633,349108.45220631483,FOULING,0.0,0.0,2.5,0.0,2,Tenaska Lindsay Hill Generating Station,AL,SERC,SOCO,Alabama Power Co,939.4,3.0,183.1,2002.0000000000005,False,192.49733872684692,True,45965.149386132995,Y,"within interval (<4,000 EOH)",0.0,C
137,676,GT,18,2022-03,2025-07,0.8648127862192916,0.7816773530514874,13.518721378070842,217928.98542284878,1309223.8378027983,348852.5901987131,UNATTRIBUTED,0.0,1.0,2.0,0.0,7,C D McIntosh Jr,FL,SERC,FMPP,City of Lakeland - (FL),156.6,2.0,78.3,2012.0166028097062,False,647.5837611749681,True,1487.8868525240302,N,"within interval (<4,000 EOH)",0.0,C
138,7380,GT,26,2019-10,2025-05,0.9250008014738277,0.9015295995869228,7.499919852617231,601549.8011600946,4005376.980018907,313191.9650061418,NONRECOVERABLE,0.0,1.0,2.0,0.0,7,Midulla Generating Station,FL,SERC,SEC,Seminole Electric Cooperative Inc,310.0,5.0,62.0,2006.0,False,525.7668741935483,True,8566.39325967742,N,"within interval (<4,000 EOH)",0.0,C
139,54700,IC,23,2019-03,2022-09,0.9313808088127346,0.8697196049265642,6.861919118726551,201534.30589756093,926035.0018105237,278158.9042901906,FOULING,0.0,0.0,3.0,0.0,7,Metro Methane Recovery Facility,IA,MRO,MISO,WM Renewable Energy LLC,11.200000000000003,11.0,1.0181818181818185,2004.857142857143,False,7997.767857142855,True,214206.9642857142,N,"due (4,000-8,000 EOH)",0.0,B
140,55306,CC,2,2019-11,2019-12,0.921002088013653,0.9316375026580899,7.8997911986346985,96480.81204607867,287929.04283800203,244739.68641230173,FOULING,0.0,1.0,2.0,0.0,2,Gila River Power Block 4,AZ,WECC,SRP,Salt River Project,619.0,2.0,174.0,2003.0,False,4003.56704361874,True,53559.60850834679,Y,"due (4,000-8,000 EOH)",0.0,C
141,728,ST,2,2021-11,2021-12,0.9071360298024462,0.9132128096360294,9.286397019755382,115962.27066402837,678057.6872419596,231705.36595404564,UNATTRIBUTED,0.0,1.0,2.5,0.0,2,Yates,GA,SERC,SOCO,Georgia Power Co,807.4,2.0,403.7,1973.9999999999998,False,122.72108000990835,True,129240.86512261581,N,"within interval (<4,000 EOH)",0.0,C
142,2079,GT,14,2019-03,2021-11,0.8952319297829311,0.7776461342690447,10.476807021706893,313177.74559492606,1432422.4308677681,231011.53804299262,FOULING,0.07142857142857142,0.9285714285714286,2.0,0.0,5,Hawthorn,MO,MRO,SWPP,Evergy Metro,164.4,2.0,82.2,2000.0,False,501.30778588807783,True,15052.93795620438,N,"within interval (<4,000 EOH)",0.0,A
143,60349,IC,18,2020-01,2022-10,0.6548077709746221,0.6729295787277553,34.51922290253779,79448.48320724422,428367.03976854065,172446.41922051687,FOULING,0.0,0.0,3.0,0.0,4,"Hill AFB LFG Facility, Bldg #737",UT,WECC,PACE,Ameresco Federal Solutions,2.3,3.0,0.7666666666666666,2006.3043478260872,False,5400.869565217392,True,83568.69565217392,N,"due (4,000-8,000 EOH)",0.0,B
144,1400,ST,4,2020-10,2021-05,0.841529697475166,0.8251979580731883,15.8470302524834,267234.94280195393,735639.2308027949,165144.8190981655,NONRECOVERABLE,0.0,1.0,3.0,0.0,2,Teche,LA,SERC,MISO,Cleco Power LLC,348.5,1.0,348.5,1971.0,False,543.5437589670014,True,142057.52462936394,N,"within interval (<4,000 EOH)",0.0,C
145,54980,IC,18,2019-05,2021-12,0.8677357266902805,0.9030043843209457,13.226427330971937,108312.24865598236,448124.4678975274,162449.05921521166,HGP,1.0,0.0,3.0,0.0,6,Ocean County Landfill,NJ,RFC,PJM,"NextEra Renewable Fuels, LLC",14.4,12.0,1.2,2002.9999999999998,False,111.73611111111111,True,187602.48263888888,N,"within interval (<4,000 EOH)",0.0,C
146,50569,IC,10,2021-05,2022-10,0.9060913989799898,0.8513778496501114,9.390860102001017,35691.628410375946,218883.4979880492,144706.07257359268,FOULING,0.0,0.0,2.0,0.0,6,DFW Gas Recovery,TX,TRE,PNM,WM Renewable Energy LLC,6.4,4.0,1.6,2009.0,False,622.03125,True,93492.52604166667,N,"within interval (<4,000 EOH)",0.0,B
147,4162,ST,5,2022-04,2023-07,0.866966489517216,0.8926228601154268,13.303351048278401,442525.41287115443,2373184.9880963136,139939.39883887314,NONRECOVERABLE,0.0,1.0,3.0,0.0,3,Naughton,WY,WECC,PACE,PacifiCorp,326.4,1.0,326.4,1970.9999999999998,False,696.5395680147059,True,15567.321948835786,N,"within interval (<4,000 EOH)",0.0,C
148,55026,CC,7,2019-06,2023-08,0.9379057041801869,0.9168698844937266,6.209429581981303,318792.38815571944,1188556.8792465157,137230.14676990156,UNATTRIBUTED,0.0,0.0,2.0,0.0,3,Dighton Power Plant,MA,NPCC,ISNE,"Dighton Power, LLC",200.0,1.0,200.0,1999.0,False,6352.175,True,37288.12333333334,N,"due (4,000-8,000 EOH)",0.0,C
149,56869,IC,18,2019-05,2022-09,0.8592567966165885,0.8705481595495793,14.074320338341145,107974.63646150003,629641.8977907865,121134.75349825257,NONRECOVERABLE,0.0,0.0,3.0,0.0,10,Loraine County Project,OH,RFC,PJM,EDL Inc,27.2,18.0,1.511111111111111,2007.6764705882351,False,3725.6617647058824,True,122153.88174019608,N,"within interval (<4,000 EOH)",0.0,C
150,7296,GT,39,2019-02,2025-10,0.9186847212100877,0.8607512481172387,8.131527878991227,738641.5344167773,3042923.793164494,121096.00229043022,NONRECOVERABLE,0.0,1.0,3.0,0.0,7,State Line Combined Cycle,MO,MRO,SWPP,Empire District Electric Co,123.0,1.0,123.0,1995.0,False,2460.0757723577235,True,29003.76808401084,N,"within interval (<4,000 EOH)",0.0,C
151,1001,GT,9,2020-07,2023-08,0.793420768087839,0.7967610087431358,20.657923191216103,73713.19238532784,383203.1320528016,103450.96987008321,UNATTRIBUTED,0.0,1.0,3.0,0.0,3,Cayuga,IN,RFC,MISO,"Duke Energy Indiana, LLC",112.5,1.0,112.5,1993.0,False,390.6336711111111,True,2652.008600740741,N,"within interval (<4,000 EOH)",0.0,C
152,3628,GT,21,2019-04,2025-06,0.8789469939074814,0.6977280551084297,12.105300609251866,1127567.7452574915,4117182.0939927925,100133.6664048797,UNATTRIBUTED,0.0,1.0,3.0,0.0,8,R W Miller,TX,TRE,ERCO,RW Miller Power LLC,237.6,2.0,118.8,1994.0,False,131.49410774410774,True,13065.498674242426,N,"within interval (<4,000 EOH)",0.0,C
153,55086,CC,14,2019-08,2024-05,0.888954216547405,0.7784408982264882,11.104578345259492,2738518.7867146074,9070219.484797403,80993.41942245238,UNATTRIBUTED,0.0,0.0,2.0,0.0,5,Gregory Power Plant,TX,TRE,ERCO,Gregory Power Partners LLC,469.8,2.0,184.9,2000.0,False,129.06130268199234,True,25366.285586951893,N,"within interval (<4,000 EOH)",0.0,C
154,56948,GT,2,2023-01,2023-02,0.8849532697847466,0.9032788657653652,11.504673021525331,14992.579737656022,188478.11821563245,66034.37868813562,UNATTRIBUTED,0.0,1.0,2.0,0.0,2,Coolidge Generation Station,AZ,WECC,SRP,Salt River Project,726.0,12.0,60.5,2011.0,False,336.56611570247935,True,6399.727640036732,N,"within interval (<4,000 EOH)",0.0,C
155,377,GT,10,2019-08,2022-08,0.8754336963792418,0.9312950210119769,12.456630362075817,36615.716247966266,257518.62342390927,60978.8190500596,UNATTRIBUTED,0.0,1.0,1.0,0.0,3,Grayson,CA,WECC,LDWP,City of Glendale - (CA),57.4,1.0,57.4,2004.0,False,1972.665505226481,True,7532.700348432056,N,"within interval (<4,000 EOH)",0.0,C
156,59882,GT,3,2020-03,2020-05,0.8497711968283453,0.9105046876562817,15.022880317165464,44537.247589595376,116954.94754863925,58521.14870390035,UNATTRIBUTED,0.0,0.0,3.0,0.0,3,Exelon West Medway II LLC,MA,NPCC,ISNE,"Constellation Power, Inc",263.6,2.0,131.8,2019.0,False,96.049844461305,True,5205.81374361912,N,"within interval (<4,000 EOH)",0.0,C
157,54805,CC,2,2023-09,2023-10,0.9255824196638218,0.8174402311160901,7.441758033617818,101886.18383107588,111995.94123398628,38960.15963544118,FOULING,0.0,0.0,3.0,0.0,2,Milford Power LP,MA,NPCC,ISNE,Milford Power LLC,249.3,1.0,128.9,1993.0,False,87.57320497392699,True,28105.145072870706,Y,"within interval (<4,000 EOH)",0.0,C
158,63259,GT,7,2022-03,2024-10,0.7850699479126416,0.7793024239778427,21.49300520873584,157345.37287947605,523625.2440549144,31726.352144657623,UNATTRIBUTED,0.0,1.0,3.0,0.0,3,Delta Energy Park,MI,RFC,MISO,Lansing Board of Water and Light,58.0,1.0,58.0,2022.0,False,4924.068965517241,True,6774.810344827586,N,"due (4,000-8,000 EOH)",0.0,C
159,56610,CC,4,2019-10,2022-03,0.9239467218711175,0.8779299545444517,7.605327812888246,101924.99684700147,223334.84066864813,31336.549316432604,UNATTRIBUTED,0.0,1.0,3.0,0.0,2,Deer Creek Station,SD,MRO,SWPP,Basin Electric Power Coop,324.0,1.0,170.0,2012.0,False,10037.82098765432,True,36492.762088477364,Y,"OVERDUE (>8,000 EOH)",0.0,C
160,57483,GT,14,2019-06,2020-12,0.9239128943387614,0.9099131612281088,7.608710566123865,102629.40738745754,351512.47052100475,30981.563672285036,UNATTRIBUTED,0.0,0.0,2.0,0.0,9,Mariposa Energy Project,CA,WECC,CISO,Diamond Generating Corporation,199.6,4.0,49.9,2012.0000000000002,False,19.859719438877757,True,5806.563126252505,N,"within interval (<4,000 EOH)",0.0,C
161,55807,GT,8,2019-03,2020-12,0.8864487793238357,0.9157394129371075,11.355122067616435,13066.42118987767,49810.050908819474,30616.09811881993,FOULING,0.0,0.0,2.0,0.0,3,Henrietta Peaker,CA,WECC,CISO,MRP San Joaquin Energy LLC.,98.0,2.0,49.0,2002.0,False,919.0510204081633,True,6713.909013605442,N,"within interval (<4,000 EOH)",0.0,B
162,58980,IC,32,2019-01,2022-06,0.8555596432141936,0.8185164302619237,14.444035678580633,26343.606624688866,95423.18336098321,29407.244638932963,UNATTRIBUTED,0.0,0.0,3.0,0.0,15,Akron WRF,OH,RFC,PJM,City of Akron - (OH),1.7999999999999998,3.0,0.6,2014.0,True,4220.0,True,50409.1851851852,N,"due (4,000-8,000 EOH)",0.0,C
163,3612,GT,3,2021-03,2021-05,0.8938904541857471,0.9032883458818617,10.610954581425288,11032.366935434604,41490.37208013659,28923.13437430984,FOULING,0.0,1.0,2.0,0.0,3,V H Braunig,TX,TRE,ERCO,City of San Antonio - (TX),244.0,4.0,61.0,2010.0,False,1357.0847622950819,True,10139.40226092896,N,"within interval (<4,000 EOH)",0.0,A
164,2039,GT,4,2021-07,2021-10,0.9370991331304594,0.8693696937655493,6.29008668695405,33424.66525824835,149021.5440077328,27981.672814363563,UNATTRIBUTED,0.0,0.0,2.0,0.0,4,Elk River,MN,MRO,MISO,Great River Energy,191.3,1.0,191.3,2009.0,False,305.66368008363827,True,2539.6606691061156,N,"within interval (<4,000 EOH)",0.0,C
165,59529,IC,11,2019-01,2022-12,0.9010831839515728,0.899038618580132,9.891681604842715,775.0754665636272,23779.78035945202,20212.813305534215,UNATTRIBUTED,0.0,0.0,3.0,0.0,3,Bannock County LFG to Energy,ID,WECC,IPCO,Bannock County Landfill - (ID),3.2,2.0,1.6,2016.5,False,7644.6875,True,38900.52083333333,N,"due (4,000-8,000 EOH)",0.0,C
166,57893,IC,9,2019-01,2020-10,0.8312542235385316,0.7558368817270141,16.874577646146843,10848.48346267903,30073.754616721548,17614.239648254705,FOULING,0.0,0.0,3.0,0.0,3,Martinsville LFG Generator,VA,RFC,PJM,City of Martinsville - (VA),1.1,1.0,1.1,2012.0,False,1126.3636363636363,True,48879.57272727272,N,"within interval (<4,000 EOH)",0.0,B
167,55622,GT,2,2020-11,2020-12,0.8646728456978806,0.9101228698334336,13.53271543021194,7220.80233735504,26594.668257221063,14679.004926401236,FOULING,0.0,1.0,2.0,0.0,2,West Valley Generation Project,UT,WECC,PACE,Utah Municipal Power Agency,217.0,5.0,43.4,2001.6000000000001,False,2885.746543778802,True,30265.039170506912,N,"within interval (<4,000 EOH)",0.0,C
168,2123,IC,8,2020-02,2020-12,0.934469267045593,0.581513343032151,6.553073295440709,58102.44841478721,132168.7116853895,12178.92229496816,HGP,0.0,0.0,3.0,0.0,5,Columbia (MO),MO,SERC,MISO,City of Columbia - (MO),3.0,3.0,1.0,2009.6666666666667,False,83415.30513888889,False,83415.30513888889,N,"OVERDUE (>8,000 EOH) [no wash observed; clock from COD, upper bound]",0.0,B
169,6137,GT,16,2019-01,2023-10,0.9238174001768202,0.7722407611359574,7.618259982317971,229994.5849720234,1146699.5867248578,11514.34757570401,UNATTRIBUTED,0.0,1.0,3.0,0.0,5,A B Brown,IN,RFC,MISO,Southern Indiana Gas & Elec Co,647.4,4.0,161.85,2017.2344763670067,False,692.1308078467717,True,5617.79525525309,N,"within interval (<4,000 EOH)",0.0,C
170,57842,GT,4,2019-01,2020-02,0.8593950415055788,0.8293978588606727,14.060495849442125,42413.730616501154,171934.64603972144,8519.082264805927,UNATTRIBUTED,0.0,1.0,3.0,0.0,2,Wabash Valley Power IGCC,IN,RFC,MISO,"Wabash Valley Power Assn, Inc",192.0,1.0,192.0,1995.0,False,1727.65625,True,17826.6875,N,"within interval (<4,000 EOH)",0.0,C
171,10026,IC,35,2019-05,2024-12,0.8972921139717519,0.8919912344460096,10.270788602824807,8187.907801482018,54730.74882933829,6162.716129512854,NONRECOVERABLE,0.0,0.0,3.0,0.0,21,Encina Water Pollution Control,CA,WECC,CISO,Encina Joint Powers Authority,3.2,4.0,0.8,2008.4999999999998,False,1139.0625,True,77638.22916666666,N,"within interval (<4,000 EOH)",0.0,C
172,57027,GT,5,2019-01,2020-03,0.8969769132810057,0.9162081472384805,10.302308671899425,44157.79314047369,318191.6729041172,4096.252402589013,UNATTRIBUTED,0.0,1.0,2.0,0.0,3,Canyon Power Plant,CA,WECC,CISO,City of Anaheim - (CA),200.0,4.0,50.0,2011.0,False,458.925,True,7767.12375,N,"within interval (<4,000 EOH)",0.0,C
173,50674,IC,2,2021-12,2022-01,0.9264713870812452,0.9054963585234337,7.352861291875478,470.4780834327989,3632.70242560967,1864.4883238521609,FOULING,0.0,0.0,3.0,0.0,2,Municipal Cogen Plant,CA,WECC,CISO,"Palm Springs, City of - (CA)",1.2,1.0,1.2,2015.0,True,887.5,True,48616.52777777778,N,"within interval (<4,000 EOH)",0.0,C
174,47,GT,7,2024-06,2024-12,0.46855803591950373,0.3820833130536843,53.144196408049616,5016102.173565261,10309190.899262164,0.0,ANNUAL_ONLY,0.0,1.0,1.0,0.0,7,Colbert,AL,SERC,TVA,Tennessee Valley Authority,1169.6,11.0,106.32727272727271,2002.2441860465117,False,1175.563764567455,False,1175.563764567455,N,"within interval (<4,000 EOH) [no wash observed; clock from COD, upper bound]",0.0,C
175,75,GT,31,2019-01,2024-12,0.8028495378056907,0.7566687966097839,19.715046219430935,211003.8273518098,1486850.1067677808,0.0,ANNUAL_ONLY,0.0,0.0,3.0,0.0,12,Hank Nikkels Plant 1,AK,ASCC,,Chugach Electric Assn Inc,75.9,2.0,37.95,1994.5494071146243,False,10757.212966622747,False,10757.212966622747,N,"OVERDUE (>8,000 EOH) [no wash observed; clock from COD, upper bound]",0.0,C
176,404,GT,5,2021-09,2022-06,0.8701045758259488,0.9289603192865021,12.989542417405124,6680.249094712411,49586.87105041598,0.0,UNATTRIBUTED,0.0,1.0,2.0,0.0,3,Scattergood,CA,WECC,LDWP,Los Angeles Department of Water & Power,213.8,2.0,106.9,2015.0,False,296.7913938260056,True,5502.3635796694725,N,"within interval (<4,000 EOH)",0.0,C
177,422,GT,23,2020-08,2025-12,0.7988047559701495,0.7945711412152524,20.11952440298505,474689.2343220509,2707649.6775493193,0.0,CYCLING,0.0,1.0,3.0,0.0,18,Glenarm,CA,WECC,CISO,City of Pasadena - (CA),178.6,4.0,44.65,1994.969764837626,False,10206.030235162374,False,10206.030235162374,N,"OVERDUE (>8,000 EOH) [no wash observed; clock from COD, upper bound]",0.0,C
178,613,GT,2,2023-04,2023-05,0.8602711634837785,0.8812877189860656,13.972883651622148,66809.55031827066,246564.74625078173,0.0,UNATTRIBUTED,0.0,1.0,2.0,0.0,2,Lauderdale,FL,SERC,FPL,Florida Power & Light Co,1215.9,7.0,173.70000000000002,2013.4122871946704,False,662.1903997039229,True,18570.355096430627,N,"within interval (<4,000 EOH)",0.0,C
179,645,GT,4,2020-08,2020-12,0.756348401500174,0.7838861846293526,24.365159849982593,13830.795203511248,37197.2384892788,0.0,UNATTRIBUTED,0.0,1.0,2.0,0.0,2,Big Bend,FL,SERC,TEC,Tampa Electric Co,69.9,1.0,69.9,2009.0,False,1102.9996681973284,False,1102.9996681973284,N,"within interval (<4,000 EOH) [no wash observed; clock from COD, upper bound]",0.0,C
180,688,GT,2,2025-05,2025-06,0.7926878682918216,0.9325196425398237,20.731213170817842,5585.025457227001,25585.48436215642,0.0,NONRECOVERABLE,0.0,1.0,2.0,0.0,2,Arvah B Hopkins,FL,SERC,TAL,City of Tallahassee - (FL),121.0,2.0,60.5,2005.0,False,34.038909090909094,True,19688.90522865014,N,"within interval (<4,000 EOH)",0.0,C
181,991,CC,2,2019-06,2019-07,0.8295528740325667,0.8962215042414912,17.044712596743327,561547.5085040884,1451575.5163532426,0.0,FUEL_QUALITY,0.0,1.0,1.0,0.0,2,Eagle Valley (IN),IN,RFC,MISO,AES Indiana,644.0,2.0,207.0,2018.0,False,793.416149068323,True,55831.862189440995,Y,"within interval (<4,000 EOH)",0.0,C
182,1217,GT,8,2020-01,2020-10,0.9367266757024391,0.7480463479189718,6.327332429756099,50165.31569443493,158656.62972790044,0.0,CYCLING,0.0,0.0,2.0,0.0,6,Earl F Wisdom,IA,MRO,SWPP,Corn Belt Power Coop,81.6,1.0,81.6,2004.0,False,3557.938241421569,False,3557.938241421569,N,"within interval (<4,000 EOH) [no wash observed; clock from COD, upper bound]",0.0,C
183,1268,GT,12,2025-01,2025-12,0.9297054271848784,0.8128442614115459,7.029457281512168,218764.5173361158,962969.4946987274,0.0,ANNUAL_ONLY,0.0,0.0,2.0,0.0,12,Chanute 2,KS,MRO,SWPP,City of Chanute (KS),60.0,1.0,60.0,2002.0,False,66841.03055555555,False,66841.03055555555,N,"OVERDUE (>8,000 EOH) [no wash observed; clock from COD, upper bound]",0.0,C
184,1400,GT,3,2021-06,2021-08,0.8765097572913811,0.6659030299052903,12.349024270861877,9649.554823635452,37177.11882754289,0.0,UNATTRIBUTED,0.0,1.0,2.0,0.0,3,Teche,LA,SERC,MISO,Cleco Power LLC,42.2,1.0,42.2,2011.0000000000002,False,727.9936808846761,False,727.9936808846761,N,"within interval (<4,000 EOH) [no wash observed; clock from COD, upper bound]",0.0,C
185,1464,GT,24,2023-01,2025-12,0.9404687883188906,0.8078153338247112,5.953121168110953,557416.8968024141,1873122.673812702,0.0,CYCLING,0.0,0.0,1.0,0.0,12,Big Cajun 1,LA,SERC,MISO,Louisiana Generating LLC,265.6,2.0,132.8,2001.0000000000002,False,5067.648092369477,False,5067.648092369477,N,"due (4,000-8,000 EOH) [no wash observed; clock from COD, upper bound]",0.0,C
186,1728,GT,3,2021-06,2021-08,0.9089868293006927,0.8103809514771143,9.101317069930722,50608.342096049615,197193.3587145957,0.0,ANNUAL_ONLY,0.0,0.0,2.0,0.0,3,Delray,MI,RFC,MISO,DTE Electric Company,142.2,2.0,71.1,2000.0000000000002,False,4010.1090014064703,False,4010.1090014064703,N,"due (4,000-8,000 EOH) [no wash observed; clock from COD, upper bound]",0.0,C
187,1971,IC,13,2021-05,2022-12,0.9426474173426515,0.7304210333084062,5.735258265734861,63515.058037925046,387047.4188041184,0.0,ANNUAL_ONLY,0.0,0.0,3.0,0.0,6,Elk River City of,MN,MRO,MISO,City of Elk River,3.2,4.0,0.8,2003.0,False,152373.59187499998,False,152373.59187499998,N,"OVERDUE (>8,000 EOH) [no wash observed; clock from COD, upper bound]",0.0,C
188,1973,IC,33,2021-01,2023-12,0.7700473232117069,0.8375251887213055,22.99526767882931,40302.737321433626,196312.29175938026,0.0,ANNUAL_ONLY,0.0,0.0,2.0,0.0,29,Fairmont (MN),MN,MRO,MISO,Southern Minnesota Mun P Agny,26.0,4.0,6.5,2014.0,False,5217.84876923077,False,5217.84876923077,N,"due (4,000-8,000 EOH) [no wash observed; clock from COD, upper bound]",0.0,C
189,2131,GT,14,2021-05,2024-10,0.8859893071582418,0.6686216164169787,11.401069284175819,119519.69546602412,551767.926594455,0.0,ANNUAL_ONLY,0.0,0.0,2.5,0.0,7,Higginsville,MO,SERC,SWPP,City of Higginsville - (MO),40.0,1.0,40.0,1996.0,False,4065.361597916667,False,4065.361597916667,N,"due (4,000-8,000 EOH) [no wash observed; clock from COD, upper bound]",0.0,C
190,2176,GT,2,2021-08,2021-09,0.876838330921757,0.814576437732085,12.3161669078243,6683.166537589801,20297.966147938118,0.0,ANNUAL_ONLY,0.0,0.0,3.0,0.0,2,Glendive GT,MT,MRO,MISO,Montana-Dakota Utilities Co,83.7,2.0,41.85,1991.3297491039425,False,998.3131471525289,False,998.3131471525289,N,"within interval (<4,000 EOH) [no wash observed; clock from COD, upper bound]",0.0,C
191,2404,GT,17,2020-07,2024-12,0.918487750665039,0.8685189173138932,8.151224933496106,361651.2897464006,1059333.7709654283,0.0,ANNUAL_ONLY,1.0,0.0,2.0,0.0,5,Kearny Generating Station,NJ,RFC,PJM,"Parkway Generation Operating, LLC",605.0,10.0,60.5,2007.6,False,4338.534464049587,False,4338.534464049587,N,"due (4,000-8,000 EOH) [no wash observed; clock from COD, upper bound]",0.0,C
192,2406,CC,4,2020-12,2021-04,0.9284897683655374,0.9257281316716409,7.1510231634462595,366947.779900803,1270192.1613277374,0.0,UNATTRIBUTED,1.0,0.0,2.0,0.0,2,Linden Generating Station,NJ,RFC,PJM,Linden Combined Cycle,1355.6000000000001,4.0,181.4,2005.9999999999998,False,3087.401796990262,True,72424.87824063144,Y,"within interval (<4,000 EOH)",0.0,C
193,2454,GT,6,2021-06,2025-12,0.8893796842936658,0.8364954768517459,11.062031570633428,388337.91304101184,1229994.3786450934,0.0,NONRECOVERABLE,0.0,1.0,2.0,0.0,4,Cunningham,NM,MRO,SWPP,Southwestern Public Service Co,253.8,2.0,126.9,1998.0,False,528.806146572104,True,84911.01129498292,N,"within interval (<4,000 EOH)",0.0,C
194,2682,GT,5,2022-02,2022-08,0.6238472207146779,0.7668047472729198,37.61527792853221,99742.81382047822,710148.5950491634,0.0,CYCLING,0.0,0.0,1.0,0.0,3,S A Carlson,NY,NPCC,NYIS,Jamestown Board of Public Util,47.3,1.0,47.3,2000.9999999999998,False,56473.759626497544,False,56473.759626497544,N,"OVERDUE (>8,000 EOH) [no wash observed; clock from COD, upper bound]",0.0,C
195,2869,GT,4,2020-01,2025-03,0.9373958172379271,0.8652647377075231,6.260418276207291,180182.3455816594,668146.6567019194,0.0,ANNUAL_ONLY,0.0,0.0,2.0,0.0,2,West Lorain,OH,RFC,PJM,Vermillion Power LLC,425.0,5.0,85.0,2001.0,False,12220.117903529412,False,12220.117903529412,N,"OVERDUE (>8,000 EOH) [no wash observed; clock from COD, upper bound]",0.0,C
196,2880,GT,44,2019-01,2025-10,0.9019634891886091,0.7458410217338757,9.803651081139096,3893056.2358065164,10772066.894615186,0.0,ANNUAL_ONLY,0.0,0.0,2.0,0.0,19,Richland (OH),OH,RFC,PJM,Richland-Stryker Generation LLC,435.0,5.0,87.0,1998.5862068965516,False,33082.06283601532,False,33082.06283601532,N,"OVERDUE (>8,000 EOH) [no wash observed; clock from COD, upper bound]",0.0,C
197,2951,GT,12,2022-01,2022-12,0.8672998848894299,0.9104788180964548,13.270011511057005,216720.20696111448,1605834.7492725952,0.0,CYCLING,0.0,1.0,2.0,0.0,12,Horseshoe Lake,OK,MRO,SWPP,Oklahoma Gas & Electric Co,121.0,2.0,60.5,2001.0,False,46694.703856749315,False,46694.703856749315,N,"OVERDUE (>8,000 EOH) [no wash observed; clock from COD, upper bound]",0.0,C
198,2956,ST,2,2021-07,2021-08,0.9309111262456788,0.9398673809242265,6.90888737543211,240074.17049807217,961833.0446304783,0.0,UNATTRIBUTED,0.0,1.0,3.0,0.0,2,Seminole (OK),OK,MRO,SWPP,Oklahoma Gas & Electric Co,1701.0,3.0,567.0,1973.0,False,974.0523221634332,True,63123.932392710165,N,"within interval (<4,000 EOH)",0.0,C
199,2964,GT,12,2025-01,2025-12,0.9419914743007114,0.7905807030787768,5.80085256992886,252244.0110840601,935773.0396548614,0.0,CYCLING,0.0,0.0,2.0,0.0,12,Southwestern,OK,MRO,SWPP,Public Service Co of Oklahoma,173.0,2.0,86.5,2008.0,False,12314.781310211947,False,12314.781310211947,N,"OVERDUE (>8,000 EOH) [no wash observed; clock from COD, upper bound]",0.0,C
200,3285,GT,3,2025-07,2025-09,0.9018023428755351,0.7453690264731697,9.81976571244649,29608.33950979809,114750.5060858362,0.0,ANNUAL_ONLY,0.0,0.0,3.0,0.0,3,Hagood,SC,SERC,SCEG,"Dominion Energy South Carolina, Inc",177.3,3.0,59.1,1996.7715736040607,False,2660.7440026320737,False,2660.7440026320737,N,"within interval (<4,000 EOH) [no wash observed; clock from COD, upper bound]",0.0,C
201,3338,GT,24,2022-01,2025-12,0.8368921747569066,0.814693298347439,16.310782524309335,227382.8314101588,1212590.0035226874,0.0,ANNUAL_ONLY,0.0,0.0,2.0,0.0,12,Aberdeen CT,SD,MRO,SWPP,NorthWestern Energy - (SD),82.2,1.0,82.2,2013.0,False,6681.208458029197,False,6681.208458029197,N,"due (4,000-8,000 EOH) [no wash observed; clock from COD, upper bound]",0.0,C
202,3452,ST,2,2025-07,2025-08,0.858664703694141,0.8614557736577626,14.13352963058589,1276603.887015999,3616917.5582417343,0.0,NONRECOVERABLE,0.0,0.0,3.0,0.0,2,Lake Hubbard,TX,TRE,ERCO,Luminant Generation Company LLC,927.5,2.0,463.75,1971.7175202156334,False,85.50512129380054,True,23097.370113926325,N,"within interval (<4,000 EOH)",0.0,C
203,3453,ST,2,2021-06,2021-07,0.9121804526563173,0.9171591239851997,8.781954734368274,251569.5601452811,1056859.6129283481,0.0,UNATTRIBUTED,0.0,0.0,3.0,0.0,2,Mountain Creek,TX,TRE,ERCO,"Mountain Creek Power, LLC",852.2,3.0,284.06666666666666,1963.8121333020415,False,754.7782210748651,True,34630.45793241023,N,"within interval (<4,000 EOH)",0.0,C
204,3459,ST,6,2022-11,2025-06,0.8082211392043449,0.7906209463413467,19.177886079565514,4270848.986945413,16972967.431584604,0.0,UNATTRIBUTED,0.0,1.0,3.0,0.0,2,Sabine,TX,SERC,MISO,Entergy Texas Inc.,1811.8000000000002,4.0,452.95000000000005,1971.7243625124186,False,267.8485484049012,True,116402.49474279721,N,"within interval (<4,000 EOH)",0.0,C
205,3559,GT,36,2021-01,2025-12,0.8805969721523406,0.8603979830556292,11.940302784765944,163065.71955752285,497695.5597570172,0.0,CYCLING,0.0,0.0,2.0,0.0,24,Silas Ray,TX,TRE,ERCO,Brownsville Public Utilities Board,61.0,1.0,61.0,2004.0,False,11604.852459016394,False,11604.852459016394,N,"OVERDUE (>8,000 EOH) [no wash observed; clock from COD, upper bound]",0.0,C
206,3576,GT,12,2023-01,2023-12,0.9460145426563448,0.8251000951193067,5.398545734365517,72193.59010536368,223529.56238091007,0.0,UNATTRIBUTED,0.0,1.0,2.0,0.0,12,Ray Olinger,TX,TRE,ERCO,City of Garland - (TX),82.7,1.0,82.7,2001.0,False,2970.5380894800483,False,2970.5380894800483,N,"within interval (<4,000 EOH) [no wash observed; clock from COD, upper bound]",0.0,C
207,3611,ST,2,2021-06,2021-07,0.8942244411197129,0.9121792729739101,10.577555888028705,309452.41555704444,1366114.528051299,0.0,UNATTRIBUTED,0.0,1.0,2.5,0.0,2,O W Sommers,TX,TRE,ERCO,City of San Antonio - (TX),892.0,2.0,446.0,1973.0,False,3299.751121076233,True,70785.04624439462,N,"within interval (<4,000 EOH)",0.0,C
208,4195,IC,48,2021-01,2025-12,0.8093167986770733,0.863336434224991,19.06832013229267,220354.8755915765,871211.8099222771,0.0,CYCLING,0.0,0.0,3.0,0.0,24,Powerlane Plant,TX,TRE,ERCO,City of Greenville - (TX),25.200000000000003,3.0,8.4,2009.9999999999998,False,10284.484126984125,False,10284.484126984125,N,"OVERDUE (>8,000 EOH) [no wash observed; clock from COD, upper bound]",0.0,C
209,4939,CC,12,2022-01,2024-05,0.8867360858544977,0.9275720870189973,11.326391414550224,889828.8260906914,2954232.673779944,0.0,UNATTRIBUTED,0.0,0.16666666666666666,3.0,0.0,4,Barney M Davis,TX,TRE,ERCO,City of San Antonio - (TX),730.2,2.0,189.6,1993.656532456861,False,1736.1106546151739,True,91606.53930430018,Y,"within interval (<4,000 EOH)",0.0,C
210,6112,CC,7,2021-06,2022-03,0.916350540827022,0.8774984569638783,8.364945917297785,1778716.2037028037,9132035.778190043,0.0,CYCLING,0.0,1.0,2.0,0.0,5,Fort St Vrain,CO,WECC,PSCO,Public Service Co of Colorado,867.9000000000001,3.0,175.1,1998.403502707685,False,434.99251065790986,True,130307.03690901407,Y,"within interval (<4,000 EOH)",0.0,C
211,6253,GT,5,2021-06,2023-08,0.9079510559491757,0.6741106189700241,9.204894405082436,63438.304998233114,224023.2782706764,0.0,ANNUAL_ONLY,0.0,1.0,2.0,0.0,3,Germantown,WI,RFC,MISO,Wisconsin Electric Power Co,105.9,1.0,105.9,2000.0,False,3728.9336140327905,False,3728.9336140327905,N,"within interval (<4,000 EOH) [no wash observed; clock from COD, upper bound]",0.0,C
212,6373,GT,3,2021-06,2021-08,0.9478433468323559,0.707645261525272,5.215665316764406,80988.58116263684,212801.37190180598,0.0,ANNUAL_ONLY,0.0,1.0,3.0,0.0,3,Rokeby,NE,MRO,SWPP,Lincoln Electric System,263.20000000000005,3.0,87.73333333333335,1992.3981762917933,False,2759.332936930091,False,2759.332936930091,N,"within interval (<4,000 EOH) [no wash observed; clock from COD, upper bound]",0.0,C
213,6761,GT,10,2022-12,2025-08,0.9225802838395263,0.8488077042921537,7.741971616047378,602377.8045822616,2474953.7456453517,0.0,NONRECOVERABLE,0.0,1.0,2.0,0.0,4,Rawhide,CO,WECC,PSCO,Platte River Power Authority,506.79999999999995,5.0,101.35999999999999,2004.1235201262828,False,1227.2217837411208,True,4328.262792686135,N,"within interval (<4,000 EOH)",0.0,C
214,7063,GT,31,2022-01,2025-12,0.9189430645456452,0.909002467426001,8.105693545435471,1617859.4412210635,9732900.455356922,0.0,ANNUAL_ONLY,0.0,0.0,1.0,0.0,12,McIntosh (AL),AL,SERC,SOCO,PowerSouth Energy Cooperative,566.0,4.0,141.5,2005.208480565371,False,30931.285890017665,False,30931.285890017665,N,"OVERDUE (>8,000 EOH) [no wash observed; clock from COD, upper bound]",0.0,C
215,7145,GT,4,2025-06,2025-09,0.8770891004682265,0.6714895786593963,12.29108995317735,232880.58246328754,906890.5308959531,0.0,ANNUAL_ONLY,0.0,0.0,3.0,0.0,4,Pleasant Hill,IA,MRO,MISO,MidAmerican Energy Co,179.8,3.0,59.93333333333334,1992.1579532814237,False,936.3553670745271,False,936.3553670745271,N,"within interval (<4,000 EOH) [no wash observed; clock from COD, upper bound]",0.0,C
216,7268,GT,24,2022-01,2025-12,0.8836187827409255,0.8457831620514109,11.638121725907453,431069.8036330646,2398624.4532347876,0.0,ANNUAL_ONLY,0.0,0.0,2.0,0.0,12,491 E 48th Street,MI,RFC,MISO,City of Holland - (MI),161.7,3.0,53.9,1996.1311069882502,False,6747.566707895279,False,6747.566707895279,N,"due (4,000-8,000 EOH) [no wash observed; clock from COD, upper bound]",0.0,C
217,7296,CC,2,2024-11,2024-12,0.9219787016087146,0.9396956016441744,7.802129839128535,123459.97130733659,426668.1202410903,0.0,UNATTRIBUTED,0.0,1.0,2.0,0.0,2,State Line Combined Cycle,MO,MRO,SWPP,Empire District Electric Co,567.5,2.0,180.5,1999.7312775330397,False,178.08458149779736,True,127742.94963289282,N,"within interval (<4,000 EOH)",0.0,C
218,7335,GT,12,2021-05,2025-12,0.9082590390927624,0.790776855872445,9.174096090723765,96219.0242569262,458114.170071788,0.0,ANNUAL_ONLY,0.0,0.0,3.0,0.0,3,Richmond,IN,RFC,PJM,Indiana Municipal Power Agency,82.8,2.0,41.4,1992.0000000000002,False,2609.3637198067636,False,2609.3637198067636,N,"within interval (<4,000 EOH) [no wash observed; clock from COD, upper bound]",0.0,C
219,7336,GT,12,2025-01,2025-12,0.5548204133264656,0.4663463436376974,44.51795866735344,1119498.7942010951,4343997.0345074395,0.0,ANNUAL_ONLY,0.0,0.0,1.0,0.0,12,Anderson,IN,RFC,PJM,Indiana Municipal Power Agency,168.7,3.0,56.23333333333333,1998.1102548903382,False,7858.3682216953175,False,7858.3682216953175,N,"due (4,000-8,000 EOH) [no wash observed; clock from COD, upper bound]",0.0,C
220,7425,GT,14,2023-04,2024-10,0.8625338536491685,0.7488014236555359,13.74661463508315,317323.94474526576,787843.9680240217,0.0,ANNUAL_ONLY,0.0,0.0,1.0,0.0,7,Interstate,IL,SERC,MISO,City of Springfield - (IL),138.6,1.0,138.6,1997.0000000000002,False,2893.740678210678,False,2893.740678210678,N,"within interval (<4,000 EOH) [no wash observed; clock from COD, upper bound]",0.0,C
221,7504,GT,12,2024-01,2024-12,0.7364946678223592,0.8967961288016036,26.350533217764085,75859.46936990644,272356.1925276691,0.0,FUEL_QUALITY,0.0,1.0,2.0,0.0,12,Neil Simpson II,WY,WECC,WACM,"Black Hills Power, Inc.",40.0,1.0,40.0,2000.0,False,35980.28333333333,False,35980.28333333333,N,"OVERDUE (>8,000 EOH) [no wash observed; clock from COD, upper bound]",0.0,C
222,7515,GT,8,2022-06,2023-08,0.8641764508183613,0.6428123471707008,13.58235491816388,142949.90845616383,933428.1726348893,0.0,ANNUAL_ONLY,0.0,0.0,2.0,0.0,4,McPherson 3,KS,MRO,SWPP,City of McPherson - (KS),115.6,1.0,115.6,1998.0,False,2305.836031574395,False,2305.836031574395,N,"within interval (<4,000 EOH) [no wash observed; clock from COD, upper bound]",0.0,C
223,7699,CC,2,2020-08,2020-09,0.9419723840079943,0.8964676581469929,5.802761599200562,206786.08376671321,623734.9148919877,0.0,UNATTRIBUTED,0.0,1.0,3.0,0.0,2,Tiger Bay,FL,SERC,FPC,"Duke Energy Florida, LLC",278.1,1.0,195.2,1996.9999999999998,False,79384.55981061967,False,79384.55981061967,N,"OVERDUE (>8,000 EOH) [no wash observed; clock from COD, upper bound]",0.0,C
224,7749,GT,37,2020-01,2025-12,0.8715458324819334,0.8983834271370892,12.845416751806649,497111.3159658425,1406657.0908182107,0.0,ANNUAL_ONLY,0.0,0.0,1.0,0.0,12,Essex,MO,SERC,AECI,"Associated Electric Coop, Inc",121.2,1.0,121.2,1999.0,False,9858.248762376237,False,9858.248762376237,N,"OVERDUE (>8,000 EOH) [no wash observed; clock from COD, upper bound]",0.0,C
225,7754,GT,4,2022-07,2024-08,0.9393546738371471,0.8441685456154493,6.064532616285293,51010.75899905955,493324.3884989922,0.0,ANNUAL_ONLY,0.0,1.0,2.0,0.0,2,Nodaway,MO,SERC,AECI,"Associated Electric Coop, Inc",315.6,2.0,157.8,1999.0,False,955.4319782425009,False,955.4319782425009,N,"within interval (<4,000 EOH) [no wash observed; clock from COD, upper bound]",0.0,C
226,7759,GT,7,2024-01,2024-12,0.9481620697310438,0.7923167304624714,5.1837930268956205,739773.7842150114,2030539.4949253886,0.0,ANNUAL_ONLY,0.0,1.0,2.0,0.0,4,Georgetown,IN,RFC,MISO,AES Indiana,340.0,4.0,85.0,2000.25,False,8201.590438235295,False,8201.590438235295,N,"OVERDUE (>8,000 EOH) [no wash observed; clock from COD, upper bound]",0.0,C
227,7760,GT,22,2023-06,2025-09,0.8192309138068699,0.8540225435189104,18.076908619313016,335930.85513647296,1014255.518807413,0.0,ANNUAL_ONLY,0.0,0.0,2.0,0.0,10,Tilton,IL,SERC,MISO,Tilton Energy LLC,188.0,4.0,47.0,1999.0,False,10626.450797872341,False,10626.450797872341,N,"OVERDUE (>8,000 EOH) [no wash observed; clock from COD, upper bound]",0.0,C
228,7763,GT,23,2021-01,2022-12,0.8864841696227211,0.8936986314654377,11.351583037727893,479240.689941306,2469345.157482927,0.0,ANNUAL_ONLY,0.0,0.0,2.0,0.0,12,Henry County,IN,RFC,MISO,"Duke Energy Indiana, LLC",181.5,3.0,60.5,2001.0,False,32525.085388429754,False,32525.085388429754,N,"OVERDUE (>8,000 EOH) [no wash observed; clock from COD, upper bound]",0.0,C
229,7783,GT,3,2024-06,2024-08,0.8140534060083725,0.6849262846856995,18.594659399162754,10621.751667293387,23036.64707675197,0.0,ANNUAL_ONLY,0.0,0.0,2.0,0.0,3,Bowling Green Peaking,OH,RFC,PJM,"American Mun Power-Ohio, Inc",32.0,1.0,32.0,2000.0,False,1173.84375,False,1173.84375,N,"within interval (<4,000 EOH) [no wash observed; clock from COD, upper bound]",0.0,C
230,7805,GT,4,2019-06,2019-09,0.9375525215440906,0.9427008410434863,6.2447478455909335,469569.4426194039,1474587.4872405573,0.0,UNATTRIBUTED,0.0,1.0,1.0,0.0,4,Sherwood H Smith Jr Energy Complex,NC,SERC,CPLE,Duke Energy Progress - (NC),997.0,5.0,199.4,2001.2,False,4686.146492477432,True,40663.02115814109,N,"due (4,000-8,000 EOH)",0.0,C
231,7818,GT,6,2020-01,2020-08,0.9363492494939903,0.8832021438240866,6.365075050600955,22853.932521600338,50463.81056567921,0.0,ANNUAL_ONLY,0.0,0.0,2.0,0.0,3,Alsey,IL,SERC,MISO,"Prairie Power, Inc",173.0,6.0,28.833333333333332,2003.7167630057804,False,3254.442838631985,False,3254.442838631985,N,"within interval (<4,000 EOH) [no wash observed; clock from COD, upper bound]",0.0,C
232,7829,GT,33,2019-01,2025-10,0.918844306176007,0.8638478171499491,8.115569382399302,1510892.7736590288,4917968.480102405,0.0,ANNUAL_ONLY,0.0,1.0,1.0,0.0,8,Smarr Energy Center,GA,SERC,SOCO,Oglethorpe Power Corporation,242.0,2.0,121.0,1999.0,False,28307.681125344352,False,28307.681125344352,N,"OVERDUE (>8,000 EOH) [no wash observed; clock from COD, upper bound]",0.0,C
233,7836,GT,17,2022-03,2023-11,0.9063798114833884,0.8977386519894474,9.362018851661158,632889.2751713715,4380650.567943655,0.0,ANNUAL_ONLY,0.0,1.0,1.0,0.0,10,Marsh Run Generation Facility,VA,SERC,PJM,Old Dominion Electric Coop,596.7,3.0,198.9,2004.0,False,26271.58794235919,False,26271.58794235919,N,"OVERDUE (>8,000 EOH) [no wash observed; clock from COD, upper bound]",0.0,C
234,7837,GT,40,2022-04,2025-12,0.9305593243545683,0.8589170713566812,6.944067564543166,3029065.3325390522,12854443.254116014,0.0,ANNUAL_ONLY,0.0,1.0,1.0,0.0,23,Louisa Generation Facility,VA,SERC,PJM,Old Dominion Electric Coop,545.7,5.0,109.14000000000001,2003.0,False,20239.176736900055,False,20239.176736900055,N,"OVERDUE (>8,000 EOH) [no wash observed; clock from COD, upper bound]",0.0,C
235,7848,GT,36,2022-01,2024-12,0.8164017331454754,0.7330767374466927,18.359826685452454,2687725.663990868,6447029.676597469,0.0,ANNUAL_ONLY,0.027777777777777776,0.9722222222222222,1.0,0.0,36,Holden,MO,SERC,AECI,"Associated Electric Coop, Inc",321.29999999999995,3.0,107.09999999999998,2002.0000000000002,False,12880.161177767404,False,12880.161177767404,N,"OVERDUE (>8,000 EOH) [no wash observed; clock from COD, upper bound]",0.0,C
236,7869,GT,12,2024-01,2024-12,0.8275865960003039,0.8589200482982201,17.241340399969605,196429.1102516083,534973.9736458048,0.0,ANNUAL_ONLY,0.0,0.0,2.0,0.0,12,Glenwood Landing,NY,NPCC,NYIS,National Grid Generation LLC,106.0,2.0,53.0,2002.0,False,21158.641906446544,False,21158.641906446544,N,"OVERDUE (>8,000 EOH) [no wash observed; clock from COD, upper bound]",0.0,C
237,7872,GT,25,2023-04,2025-12,0.9278903470603994,0.9310617506995384,7.21096529396006,609179.7050681325,2148446.733753549,0.0,ANNUAL_ONLY,0.0,1.0,2.0,0.0,7,Robert P Mone Plant,OH,RFC,PJM,"Buckeye Power, Inc",596.7,3.0,198.9,2001.9999999999998,False,7093.738646948367,False,7093.738646948367,N,"due (4,000-8,000 EOH) [no wash observed; clock from COD, upper bound]",0.0,C
238,7909,GT,12,2019-01,2019-12,0.9357692850156093,0.8518874791266776,6.4230714984390795,43454.857747083304,139921.23687182894,0.0,ANNUAL_ONLY,0.0,0.0,2.0,0.0,12,Vernon Boulevard,NY,NPCC,NYIS,New York Power Authority,94.0,2.0,47.0,2001.0,False,12994.267730496453,False,12994.267730496453,N,"OVERDUE (>8,000 EOH) [no wash observed; clock from COD, upper bound]",0.0,C
239,7913,GT,12,2019-01,2019-12,0.9060272485483182,0.8344062953627184,9.39727514516819,40607.59984000492,131305.6737797726,0.0,ANNUAL_ONLY,0.0,0.0,2.0,0.0,12,Hell Gate,NY,NPCC,NYIS,New York Power Authority,94.0,2.0,47.0,2001.0,False,10908.101074468086,False,10908.101074468086,N,"OVERDUE (>8,000 EOH) [no wash observed; clock from COD, upper bound]",0.0,C
240,7914,GT,12,2019-01,2019-12,0.9140154889792446,0.8281348939008636,8.598451102075549,43525.051274362326,140696.66643867677,0.0,ANNUAL_ONLY,0.0,0.0,2.0,0.0,12,Harlem River Yard,NY,NPCC,NYIS,New York Power Authority,94.0,2.0,47.0,2001.0,False,10920.515968085107,False,10920.515968085107,N,"OVERDUE (>8,000 EOH) [no wash observed; clock from COD, upper bound]",0.0,C
241,7915,GT,6,2019-01,2019-12,0.9481668767379402,0.8706971113601812,5.183312326205969,14695.657495367139,62702.21157231202,0.0,ANNUAL_ONLY,0.0,0.0,2.0,0.0,3,North 1st,NY,NPCC,NYIS,New York Power Authority,47.0,1.0,47.0,2001.0,False,18817.87945390071,False,18817.87945390071,N,"OVERDUE (>8,000 EOH) [no wash observed; clock from COD, upper bound]",0.0,C
242,7925,GT,4,2025-06,2025-09,0.9486269113920629,0.8066237846272547,5.137308860793715,106844.13724827017,332963.12447808526,0.0,ANNUAL_ONLY,0.0,1.0,2.0,0.0,4,Lakefield Junction,MN,MRO,MISO,Great River Energy,535.8,6.0,89.3,2001.0000000000002,False,2929.1474811807893,False,2929.1474811807893,N,"within interval (<4,000 EOH) [no wash observed; clock from COD, upper bound]",0.0,C
243,7955,IC,3,2025-07,2025-09,0.9371231319414988,0.8010833992761581,6.287686805850119,22991.0142865218,83281.87319867194,0.0,ANNUAL_ONLY,0.0,0.0,3.0,0.0,3,Elk City Station,NE,MRO,SWPP,Omaha Public Power District,6.4,8.0,0.8,2004.0000000000002,False,169419.1796875,False,169419.1796875,N,"OVERDUE (>8,000 EOH) [no wash observed; clock from COD, upper bound]",0.0,C
244,7960,GT,33,2019-01,2025-12,0.5872748218375428,0.7310225116147696,41.27251781624573,2545589.170477505,10767635.92429905,0.0,ANNUAL_ONLY,0.0,1.0,2.0,0.0,12,Kemper County,MS,SERC,TVA,Tennessee Valley Authority,372.0,4.0,93.0,2002.0,False,13268.07797311828,False,13268.07797311828,N,"OVERDUE (>8,000 EOH) [no wash observed; clock from COD, upper bound]",0.0,C
245,7962,GT,8,2019-09,2024-09,0.9229733438184827,0.9080369202045196,7.7026656181517295,49865.610292546684,169207.90386630213,0.0,UNATTRIBUTED,1.0,0.0,2.0,0.0,4,Warren F Sam Beasley Generation Station,DE,RFC,PJM,Delaware Municipal Electric Corp,96.0,2.0,48.0,2007.3125,False,37.92782291666666,True,7896.612828125,N,"within interval (<4,000 EOH)",0.0,C
246,7964,GT,3,2021-06,2021-08,0.9230141319411831,0.8989477026485498,7.698586805881686,31280.47874477569,167078.51950315063,0.0,ANNUAL_ONLY,0.0,1.0,2.0,0.0,3,Peno Creek,MO,SERC,MISO,Union Electric Co - (MO),240.0,4.0,60.0,2002.0,False,7241.225323611112,False,7241.225323611112,N,"due (4,000-8,000 EOH) [no wash observed; clock from COD, upper bound]",0.0,C
247,7967,GT,12,2019-01,2019-12,0.8953831419878798,0.8774466769664429,10.461685801212019,25160.492207657957,45735.45985665649,0.0,ANNUAL_ONLY,0.0,0.0,2.0,0.0,12,Lordsburg Generating,NM,WECC,PNM,Public Service Co of NM,88.0,2.0,44.0,2002.0,False,8726.015174242424,False,8726.015174242424,N,"OVERDUE (>8,000 EOH) [no wash observed; clock from COD, upper bound]",0.0,C
248,7975,GT,14,2019-01,2025-02,0.5129565850883662,0.5240841865833936,48.70434149116338,1504819.3878993008,2741883.489247323,0.0,ANNUAL_ONLY,0.0,0.0,1.0,0.0,12,Pyramid,NM,WECC,PNM,"Tri-State G & T Assn, Inc",186.0,4.0,46.5,2003.0,False,16791.94219802867,False,16791.94219802867,N,"OVERDUE (>8,000 EOH) [no wash observed; clock from COD, upper bound]",0.0,C
249,7985,CC,2,2020-11,2020-12,0.8966235042248025,0.9316755993446633,10.337649577519741,91239.89738506856,355017.7949000499,0.0,UNATTRIBUTED,0.0,1.0,2.0,0.0,2,Greater Des Moines,IA,MRO,MISO,MidAmerican Energy Co,576.3,2.0,190.4,2003.339233038348,False,6208.486899184453,True,29484.84122852681,N,"due (4,000-8,000 EOH)",0.0,C
250,7999,CC,18,2019-07,2025-10,0.9155718360935283,0.8878944899349106,8.442816390647174,7142679.727128075,24833786.805391997,0.0,DUCT_FIRING,0.0,0.0,2.0,0.0,4,Grays Harbor Energy Facility,WA,WECC,BPAT,Invenergy Services LLC,714.9000000000001,2.0,198.9,2008.0,False,6800.081130228003,True,83778.69608442271,Y,"due (4,000-8,000 EOH)",0.0,C
251,8027,GT,28,2019-06,2025-11,0.9033944920357702,0.912276212045933,9.660550796422985,349869.1791677894,2128094.983882762,0.0,ANNUAL_ONLY,0.0,1.0,2.0,0.0,7,Blue Lake,MN,MRO,MISO,Northern States Power Co - Minnesota,332.6,2.0,166.3,2004.9999999999998,False,6370.191042042493,False,6370.191042042493,N,"due (4,000-8,000 EOH) [no wash observed; clock from COD, upper bound]",0.0,C
252,10748,IC,15,2019-01,2025-09,0.7267377272103758,0.7358407235137605,27.326227278962417,67217.41267475435,291182.982385133,0.0,ANNUAL_ONLY,0.0,0.0,3.0,0.0,4,Marina Landfill Gas,CA,WECC,CISO,Monterey Regional Waste Mgmt,5.1,4.0,1.275,2013.4901960784314,False,130598.77647058823,False,130598.77647058823,N,"OVERDUE (>8,000 EOH) [no wash observed; clock from COD, upper bound]",0.0,C
253,50564,IC,7,2019-08,2022-11,0.9006555477880079,0.7362094518547703,9.934445221199203,8718.750186722198,52193.28288028156,0.0,ANNUAL_ONLY,1.0,0.0,2.0,0.0,3,New Milford Gas Recovery,CT,NPCC,ISNE,WM Renewable Energy LLC,1.6,2.0,0.8,2008.0,False,53517.43055555555,False,53517.43055555555,N,"OVERDUE (>8,000 EOH) [no wash observed; clock from COD, upper bound]",0.0,C
254,50949,GT,7,2019-06,2024-08,0.6308951979752742,0.8036508669799478,36.91048020247258,123377.1412335535,408601.40458364284,0.0,UNATTRIBUTED,0.0,0.0,2.0,0.0,5,Hardee Power Station,FL,SERC,TEC,Invenergy Services LLC,182.4,2.0,91.2,1996.6803728070174,False,5413.785816885965,False,5413.785816885965,N,"due (4,000-8,000 EOH) [no wash observed; clock from COD, upper bound]",0.0,C
255,54538,GT,24,2019-01,2025-12,0.8800661223053713,0.7836009275449801,11.993387769462878,1458115.6398848668,4065126.6598384795,0.0,ANNUAL_ONLY,0.0,1.0,3.0,0.0,12,Hartwell Energy Facility,GA,SERC,SOCO,Oglethorpe Power Corporation,360.0,2.0,180.0,1994.0,False,28651.13256111111,False,28651.13256111111,N,"OVERDUE (>8,000 EOH) [no wash observed; clock from COD, upper bound]",0.0,C
256,54549,IC,8,2020-04,2020-11,0.929781519224395,0.9244133268508712,7.021848077560497,21065.56563552267,44597.67341963164,0.0,ANNUAL_ONLY,0.0,0.0,3.0,0.0,8,Wood Road,MI,RFC,MISO,EDL Inc,8.0,7.0,1.1428571428571428,2002.5,False,233461.375,False,233461.375,N,"OVERDUE (>8,000 EOH) [no wash observed; clock from COD, upper bound]",0.0,C
257,54854,GT,3,2024-04,2024-06,0.9409470841037031,0.7788344795852674,5.905291589629698,58057.52295614425,117842.75220739614,0.0,ANNUAL_ONLY,0.0,1.0,3.0,0.0,3,Sun Peak Generating Station,NV,WECC,NEVP,Nevada Power Co,222.0,3.0,74.0,1991.0,False,8392.022518018019,False,8392.022518018019,N,"OVERDUE (>8,000 EOH) [no wash observed; clock from COD, upper bound]",0.0,C
258,54910,IC,12,2022-01,2022-12,0.8419154572940312,0.7792007446333126,15.808454270596892,105374.92196562017,697828.9844188371,0.0,ANNUAL_ONLY,0.0,0.0,3.0,0.0,12,Brent Run Generating Station,MI,RFC,MISO,"Energy Developments, Inc d/b/a EDL",7.0,5.0,1.4,2005.4285714285718,False,200267.85714285716,False,200267.85714285716,N,"OVERDUE (>8,000 EOH) [no wash observed; clock from COD, upper bound]",0.0,C
259,55006,IC,9,2024-01,2024-10,0.942689772013573,0.8631787153340071,5.731022798642709,7067.661686765824,21376.819623567237,0.0,ANNUAL_ONLY,1.0,0.0,3.0,0.0,7,Nashua Plant,NH,NPCC,ISNE,"NextEra Renewable Fuels, LLC",2.4000000000000004,2.0,1.2000000000000002,2009.3333333333333,False,182298.85416666666,False,182298.85416666666,N,"OVERDUE (>8,000 EOH) [no wash observed; clock from COD, upper bound]",0.0,C
260,55029,GT,48,2019-01,2025-12,0.6990455215164051,0.6443986076471386,30.095447848359495,2678400.4729529214,9136950.924763786,0.0,ANNUAL_ONLY,0.0,0.0,2.0,0.0,24,De Pere Energy Center,WI,RFC,MISO,Wisconsin Public Service Corp,192.3,1.0,192.3,1999.0,False,15933.290953371466,False,15933.290953371466,N,"OVERDUE (>8,000 EOH) [no wash observed; clock from COD, upper bound]",0.0,C
261,55077,CC,5,2020-01,2020-10,0.9165112053918311,0.913160754738977,8.348879460816894,365486.772037709,1345359.759990672,0.0,UNATTRIBUTED,0.0,1.0,2.0,0.0,3,Desert Star Energy Center,NV,WECC,CISO,Desert Star Energy Center SDG&E,537.3,2.0,170.9,2000.0000000000002,False,4067.2305974316027,True,60488.671327199845,Y,"due (4,000-8,000 EOH)",0.0,C
262,55081,GT,14,2019-01,2025-02,0.556890181145782,0.7724876019647361,44.3109818854218,2030628.7761715306,5833878.2544361185,0.0,ANNUAL_ONLY,0.0,1.0,1.0,0.0,12,Brownsville Peaking Power,TN,SERC,TVA,Tennessee Valley Authority,460.0,4.0,115.0,1999.0,False,24371.176992753622,False,24371.176992753622,N,"OVERDUE (>8,000 EOH) [no wash observed; clock from COD, upper bound]",0.0,C
263,55093,IC,10,2019-01,2019-12,0.9302366190634684,0.7410205589074482,6.976338093653152,20779.283220599456,99087.21190035192,0.0,ANNUAL_ONLY,0.0,0.0,3.0,0.0,4,MM Taunton Energy,MA,NPCC,ISNE,MM Taunton Energy LLC,3.6,4.0,0.9,2003.9999999999998,False,102644.8148148148,False,102644.8148148148,N,"OVERDUE (>8,000 EOH) [no wash observed; clock from COD, upper bound]",0.0,C
264,55102,GT,2,2022-05,2022-06,0.7784854275909843,0.5021760545728835,22.15145724090157,65595.7463959275,536393.1357653526,0.0,ANNUAL_ONLY,0.0,0.0,2.0,0.0,2,Livingston Generating Station,MI,RFC,MISO,CMS Generation MI Power LLC,170.1,4.0,42.525,1998.9999999999998,False,1832.0433823241233,False,1832.0433823241233,N,"within interval (<4,000 EOH) [no wash observed; clock from COD, upper bound]",0.0,C
265,55109,GT,2,2025-06,2025-07,0.9082096921003933,0.8233499406928237,9.17903078996068,39219.00740360578,171932.88558547758,0.0,ANNUAL_ONLY,0.0,0.0,2.5,0.0,2,MRP Rocky Road LLC,IL,RFC,PJM,"Lincoln Operating Services, LLC",415.5,4.0,103.875,1999.2945848375448,False,3092.4628937023667,False,3092.4628937023667,N,"within interval (<4,000 EOH) [no wash observed; clock from COD, upper bound]",0.0,C
266,55111,GT,55,2020-01,2025-12,0.8189999002208341,0.813773476088206,18.100009977916585,5309281.469725435,16292671.05564785,0.0,ANNUAL_ONLY,0.0,1.0,2.0,0.0,36,Vermillion Energy Facility,IN,RFC,MISO,Duke Energy Ohio Inc,692.0,8.0,86.5,2000.0,False,6620.8899238921,False,6620.8899238921,N,"due (4,000-8,000 EOH) [no wash observed; clock from COD, upper bound]",0.0,C
267,55116,GT,6,2020-01,2022-02,0.9180779822331434,0.9195657975086363,8.192201776685671,272701.2765257249,1307271.1787409647,0.0,CYCLING,0.0,1.0,1.0,0.0,2,Rockingham County CT Station,NC,SERC,DUK,"Duke Energy Carolinas, LLC",977.5,5.0,195.5,2000.0,False,244.98983938618926,True,26126.82275601023,N,"within interval (<4,000 EOH)",0.0,C
268,55124,CC,2,2025-10,2025-11,0.9040200032842279,0.9397016205644136,9.597999671577206,613900.8268884876,1245044.4940745924,0.0,DUCT_FIRING,0.0,0.0,2.0,0.0,2,Griffith Energy LLC,AZ,WECC,GRIF,Griffith Energy LLC,655.0,2.0,176.6,2002.0,False,584.6274809160305,True,112495.78320610686,Y,"within interval (<4,000 EOH)",0.0,C
269,55128,GT,7,2025-04,2025-10,0.5233289096930024,0.549744797282672,47.66710903069976,3043690.730852437,8434605.638620842,0.0,ANNUAL_ONLY,0.0,1.0,1.0,0.0,7,Walton County Energy Facility,GA,SERC,SOCO,Oglethorpe Power Corporation,494.09999999999997,3.0,164.7,2000.9999999999998,False,22088.617026243002,False,22088.617026243002,N,"OVERDUE (>8,000 EOH) [no wash observed; clock from COD, upper bound]",0.0,C
270,55129,CC,3,2021-11,2022-01,0.9171809027012184,0.9139905408570846,8.28190972987816,65625.56040266705,431984.5822048797,0.0,UNATTRIBUTED,0.0,1.0,2.0,0.0,3,Desert Basin,AZ,WECC,SRP,Salt River Project,646.1,2.0,187.0,2001.0,False,995.615229840582,True,82549.012149822,Y,"within interval (<4,000 EOH)",0.0,C
271,55131,CC,2,2020-06,2020-07,0.9413824525988153,0.9084051808866,5.86175474011848,1219341.0182920643,2549363.3842791654,0.0,UNATTRIBUTED,0.0,0.0,2.0,0.0,2,Kendall County Generation Facility,IL,RFC,PJM,Dynegy Kendall Energy LLC,1256.0,4.0,180.0,2002.0,False,7500.124203821656,True,121145.0528131635,Y,"due (4,000-8,000 EOH)",0.0,C
272,55135,GT,20,2022-01,2023-09,0.8440277820672758,0.8277596585258511,15.59722179327241,2070982.2913265245,9647854.1156323,0.0,ANNUAL_ONLY,0.0,1.0,2.0,0.0,16,Alliant Energy Neenah,WI,RFC,MISO,Wisconsin Power & Light Co,371.0,2.0,185.5,2000.0,False,24531.056582210244,False,24531.056582210244,N,"OVERDUE (>8,000 EOH) [no wash observed; clock from COD, upper bound]",0.0,C
273,55148,GT,3,2023-04,2023-06,0.9307681408506764,0.9313795306811768,6.923185914932368,22061.74803166738,57436.71377734239,0.0,ANNUAL_ONLY,0.0,1.0,2.0,0.0,3,Worthington Generation LLC,IN,RFC,MISO,"Hoosier Energy R E C, Inc",242.0,4.0,60.5,2000.0,False,8274.754455922865,False,8274.754455922865,N,"OVERDUE (>8,000 EOH) [no wash observed; clock from COD, upper bound]",0.0,C
274,55151,CC,3,2024-03,2024-05,0.86503646856657,0.9026676926498144,13.496353143343,335831.36206042906,1129836.7357507446,0.0,NONRECOVERABLE,0.0,0.0,2.0,0.0,3,La Paloma Generating Plant,CA,WECC,CISO,CXA La Paloma LLC,1156.0,4.0,289.0,2003.0,False,242.81314878892732,True,23810.952214532874,N,"within interval (<4,000 EOH)",0.0,C
275,55164,GT,5,2025-01,2025-08,0.9372273882893511,0.9363728131432449,6.277261171064891,134687.2328761814,1066884.4020983235,0.0,ANNUAL_ONLY,0.0,1.0,1.0,0.0,3,Bluegrass Generating Station,KY,SERC,PJM,"East Kentucky Power Coop, Inc",581.4000000000001,3.0,193.80000000000004,2001.9999999999998,False,5403.746503428396,False,5403.746503428396,N,"due (4,000-8,000 EOH) [no wash observed; clock from COD, upper bound]",0.0,C
276,55165,GT,12,2020-01,2020-12,0.9199719213774308,0.882920763574517,8.002807862256917,115506.97528358427,580197.0534124419,0.0,ANNUAL_ONLY,0.0,1.0,1.0,0.0,12,Calcasieu,LA,SERC,MISO,Entergy Louisiana LLC,358.8,2.0,179.4,2000.5142140468226,False,8286.609061687104,False,8286.609061687104,N,"OVERDUE (>8,000 EOH) [no wash observed; clock from COD, upper bound]",0.0,C
277,55168,CC,2,2021-02,2021-03,0.9127478607956113,0.8536711273312008,8.725213920438868,216356.4351864861,2785923.1885534627,0.0,FUEL_QUALITY,0.5,0.0,2.0,0.0,2,Bastrop Energy Center,TX,TRE,ERCO,"Bastrop Energy Partners, LP",618.7,2.0,188.2,2001.9999999999998,False,636.9031840956844,True,91280.8410107214,Y,"within interval (<4,000 EOH)",0.0,C
278,55178,CC,10,2019-01,2019-10,0.8947384000258072,0.859231344449521,10.526159997419269,3186850.2969260733,7642706.03848471,0.0,UNATTRIBUTED,0.0,0.0,2.0,0.0,10,Dogwood Energy Facility,MO,MRO,SWPP,"Dogwood Power Management, LLC",655.2,2.0,192.6,2001.4120879120876,False,7156.355311355311,True,90559.13208180708,Y,"due (4,000-8,000 EOH)",0.0,C
279,55196,GT,8,2025-04,2025-12,0.8853450322254258,0.9382886397451827,11.465496777457417,70998.12299960756,266326.1212461843,0.0,ANNUAL_ONLY,1.0,0.0,2.0,0.0,4,Springdale 1 & 2,PA,RFC,PJM,Springdale Energy LLC,87.6,2.0,43.8,1999.0,False,37796.982496194825,False,37796.982496194825,N,"OVERDUE (>8,000 EOH) [no wash observed; clock from COD, upper bound]",0.0,C
280,55199,GT,22,2019-06,2025-10,0.9008447134959631,0.893287086469822,9.915528650403699,2105498.6099480605,8245432.194850144,0.0,UNATTRIBUTED,0.0,0.0,2.0,0.0,6,Elwood Energy LLC,IL,RFC,PJM,"Elwood Energy, LLC",576.0,3.0,192.0,2001.0,False,4763.0775462962965,False,4763.0775462962965,N,"due (4,000-8,000 EOH) [no wash observed; clock from COD, upper bound]",0.0,C
281,55201,GT,8,2021-05,2021-12,0.9028167733237054,0.8322284630072216,9.718322667629467,360109.4757754353,1672751.7930927214,0.0,ANNUAL_ONLY,0.0,0.0,1.0,0.0,8,Gibson City Energy Center LLC,IL,SERC,MISO,Gibson City Energy Center LLC,270.0,2.0,135.0,2000.0,False,7821.662959259259,False,7821.662959259259,N,"due (4,000-8,000 EOH) [no wash observed; clock from COD, upper bound]",0.0,C
282,55202,GT,6,2022-06,2023-09,0.8905654607319179,0.9261503511112492,10.943453926808212,33663.306071579085,227531.98201132083,0.0,ANNUAL_ONLY,0.0,1.0,2.0,0.0,3,Pinckneyville,IL,SERC,MISO,Union Electric Co - (MO),380.0,8.0,47.5,2000.5263157894738,False,5044.189037719298,False,5044.189037719298,N,"due (4,000-8,000 EOH) [no wash observed; clock from COD, upper bound]",0.0,C
283,55207,GT,10,2023-01,2023-12,0.7925541636996475,0.7630850077096902,20.744583630035248,88710.14541522258,347972.12213406124,0.0,ANNUAL_ONLY,0.0,0.0,2.0,0.0,4,Valmont Combustion Turbine Project,CO,WECC,PSCO,Public Service Co of Colorado,142.2,2.0,71.1,2000.5,False,1110.464135021097,False,1110.464135021097,N,"within interval (<4,000 EOH) [no wash observed; clock from COD, upper bound]",0.0,C
284,55224,GT,6,2022-08,2024-08,0.9309657551181134,0.7837485137205505,6.903424488188659,420908.2209539937,1534445.519702548,0.0,ANNUAL_ONLY,0.0,1.0,1.0,0.0,4,Wheatland Generating Facility,IN,RFC,MISO,"Duke Energy Indiana, LLC",500.4,4.0,125.1,2000.0,False,6003.277211564082,False,6003.277211564082,N,"due (4,000-8,000 EOH) [no wash observed; clock from COD, upper bound]",0.0,C
285,55232,GT,4,2022-05,2023-08,0.9456945351071064,0.9140962517501426,5.430546489289356,237449.76120635515,1098285.0383353326,0.0,UNATTRIBUTED,0.0,1.0,1.0,0.0,2,Marshall Energy Facility,KY,SERC,TVA,Tennessee Valley Authority,688.0,8.0,86.0,2002.0,False,612.2937209302326,True,3070.077533672481,N,"within interval (<4,000 EOH)",0.0,C
286,55236,GT,10,2021-06,2025-08,0.8826792238459443,0.7277577157786883,11.732077615405556,991485.2430570675,3778073.925481815,0.0,ANNUAL_ONLY,0.0,0.0,2.0,0.0,4,Lee Energy Facility,IL,RFC,PJM,Lee County Generating Station - (IL),692.0,8.0,86.5,2001.0,False,5120.333822254335,False,5120.333822254335,N,"due (4,000-8,000 EOH) [no wash observed; clock from COD, upper bound]",0.0,C
287,55238,GT,10,2022-01,2022-12,0.7377889313718136,0.7301883293690045,26.22110686281864,267408.2561412559,1925519.2308491415,0.0,ANNUAL_ONLY,0.0,0.0,2.0,0.0,7,NRG Rockford I,IL,RFC,PJM,Rockford Generation LLC,316.0,2.0,158.0,2000.0,False,10620.227056962027,False,10620.227056962027,N,"OVERDUE (>8,000 EOH) [no wash observed; clock from COD, upper bound]",0.0,C
288,55244,GT,18,2019-01,2022-09,0.9193710452967507,0.8576553384007586,8.062895470324921,421959.05915206665,2393476.693331267,0.0,ANNUAL_ONLY,0.0,1.0,2.0,0.0,12,Doyle Energy Facility,GA,SERC,SOCO,Oglethorpe Power Corporation,409.0,5.0,81.8,2000.0,False,5768.353713121434,False,5768.353713121434,N,"due (4,000-8,000 EOH) [no wash observed; clock from COD, upper bound]",0.0,C
289,55250,GT,35,2019-01,2023-09,0.855390855411464,0.8709067620401726,14.4609144588536,1060182.15276769,4308289.313746344,0.0,ANNUAL_ONLY,0.0,0.0,2.0,0.0,12,University Park South,IL,RFC,PJM,University Park Energy LLC,353.4,6.0,58.9,2001.0000000000002,False,13952.429968873797,False,13952.429968873797,N,"OVERDUE (>8,000 EOH) [no wash observed; clock from COD, upper bound]",0.0,C
290,55251,GT,9,2021-04,2021-12,0.3846658093198132,0.4941597753104376,61.533419068018674,2925112.6351552834,10559230.585172787,0.0,ANNUAL_ONLY,0.0,1.0,1.0,0.0,9,Gleason Generating Facility,TN,SERC,TVA,Tennessee Valley Authority,567.8,3.0,189.26666666666665,2000.0000000000002,False,19346.91015028766,False,19346.91015028766,N,"OVERDUE (>8,000 EOH) [no wash observed; clock from COD, upper bound]",0.0,C
291,55253,GT,3,2024-06,2024-08,0.9318835897067655,0.7500555492966408,6.811641029323456,103581.8044711625,243506.85647147062,0.0,ANNUAL_ONLY,0.0,0.0,1.0,0.0,3,Crete Energy Venture LLC,IL,RFC,PJM,Crete Energy Venture LLC,356.0,4.0,89.0,2002.0,False,4038.246251872659,False,4038.246251872659,N,"due (4,000-8,000 EOH) [no wash observed; clock from COD, upper bound]",0.0,C
292,55317,CC,2,2019-01,2019-02,0.9169726385490884,0.9378969474969463,8.30273614509116,489026.76676085533,4395297.692722908,0.0,UNATTRIBUTED,0.0,0.0,2.0,0.0,2,Fore River Generating Station,MA,NPCC,ISNE,"Calpine Fore River Energy Center, LLC",872.2,2.0,278.6,2003.0,False,2557.3807842238016,True,103839.63797045784,Y,"within interval (<4,000 EOH)",0.0,C
293,55332,GT,6,2022-06,2024-12,0.9216218828283264,0.9462678458750527,7.837811717167367,283677.90396580147,2563937.623232272,0.0,ANNUAL_ONLY,0.0,0.0,1.0,0.0,4,Washington County Power LLC,GA,SERC,SOCO,CAMS (Georgia) Washington County Power,795.6,4.0,198.9,2003.0,False,6566.805140355287,False,6566.805140355287,N,"due (4,000-8,000 EOH) [no wash observed; clock from COD, upper bound]",0.0,C
294,55340,CC,14,2020-12,2025-10,0.9251232397345746,0.9269315041685944,7.487676026542539,2592473.747057378,7164028.570852015,0.0,NONRECOVERABLE,0.0,1.0,1.0,0.0,4,Dell Power Station,AR,SERC,AECI,"Associated Electric Coop, Inc",679.1,2.0,199.3,2007.0000000000002,False,16637.08314533942,True,88391.61314214891,Y,"OVERDUE (>8,000 EOH)",0.0,C
295,55348,GT,23,2022-01,2023-12,0.8478719666717195,0.8626385850689197,15.212803332828058,3315024.5971488403,17273490.881232698,0.0,ANNUAL_ONLY,0.0,0.0,2.0,0.0,12,Troy Energy LLC,OH,RFC,PJM,Troy Energy LLC,795.6,4.0,198.9,2001.9999999999998,False,16189.451568732193,False,16189.451568732193,N,"OVERDUE (>8,000 EOH) [no wash observed; clock from COD, upper bound]",0.0,C
296,55365,GT,59,2020-01,2025-08,0.8540761303555207,0.8308054581259513,14.59238696444793,1740922.3767901612,7752154.709811121,0.0,ANNUAL_ONLY,0.0,0.0,2.0,0.0,29,Exelon LaPorte Generating Station,TX,TRE,ERCO,"LaPorte Power, LLC",236.0,4.0,59.0,2001.0,False,11856.28177542373,False,11856.28177542373,N,"OVERDUE (>8,000 EOH) [no wash observed; clock from COD, upper bound]",0.0,C
297,55382,CC,13,2020-06,2022-11,0.9314821804548269,0.9381798405390932,6.851781954517315,6378705.859129757,27419747.712508984,0.0,DUCT_FIRING,0.0,1.0,2.0,0.0,4,Thomas A Smith Energy Facility,GA,SERC,SOCO,Oglethorpe Power Corporation,1192.0,4.0,147.0,2002.0,False,3223.2793624161072,True,133584.52055369128,Y,"within interval (<4,000 EOH)",0.0,C
298,55392,GT,12,2019-01,2019-12,0.8978596531581275,0.8673229589839305,10.21403468418725,1091938.373851415,3490605.318997712,0.0,ANNUAL_ONLY,0.0,0.0,1.0,0.0,12,Zion Energy Center,IL,RFC,PJM,Zion Energy LLC,596.7,3.0,198.9,2002.3333333333333,False,22019.245039662586,False,22019.245039662586,N,"OVERDUE (>8,000 EOH) [no wash observed; clock from COD, upper bound]",0.0,C
299,55401,GT,12,2023-08,2025-12,0.8954047260671304,0.8961966278614781,10.45952739328697,2945534.5637216284,9097362.790352263,0.0,ANNUAL_ONLY,0.0,0.0,2.0,0.0,8,Rolling Hills Generating,OH,RFC,PJM,Rolling Hills Generating LLC,977.5,5.0,195.5,2003.0,False,18674.341113725488,False,18674.341113725488,N,"OVERDUE (>8,000 EOH) [no wash observed; clock from COD, upper bound]",0.0,C
300,55409,GT,3,2025-07,2025-09,0.7961233360544325,0.8367557370339035,20.387666394556742,148524.82731218837,649975.512431583,0.0,UNATTRIBUTED,0.0,1.0,1.0,0.0,3,Calhoun Energy Center,AL,SERC,SOCO,Alabama Power Co,748.0,4.0,187.0,2003.0,False,8853.832618983957,False,8853.832618983957,N,"OVERDUE (>8,000 EOH) [no wash observed; clock from COD, upper bound]",0.0,C
301,55411,CC,2,2019-08,2019-09,0.8038629937153554,0.8400182403303986,19.613700628464464,1329344.6722939531,3578093.9627969954,0.0,NONRECOVERABLE,0.0,0.0,2.0,0.0,2,Hillabee Energy Center,AL,SERC,SOCO,CER Generation LLC,822.8,2.0,258.4,2010.0,False,2219.9878463782206,True,91398.37414924649,Y,"within interval (<4,000 EOH)",0.0,C
302,55433,GT,5,2024-06,2025-09,0.942780007206594,0.839271896565972,5.721999279340603,208830.57845801453,573422.0880738772,0.0,FUEL_QUALITY,0.0,0.0,1.0,0.0,3,Bayou Cove Peaking Power,LA,SERC,MISO,"Bayou Cove Peaking Power, LLC",416.0,4.0,104.0,2002.0,False,5259.721153846154,False,5259.721153846154,N,"due (4,000-8,000 EOH) [no wash observed; clock from COD, upper bound]",0.0,C
303,55438,GT,12,2019-01,2019-12,0.9462614694071548,0.8691378489888081,5.373853059284515,401133.15710066026,1289221.9527660566,0.0,ANNUAL_ONLY,0.0,0.0,1.0,0.0,12,MRP Elgin LLC,IL,RFC,PJM,"Lincoln Operating Services, LLC",540.0,4.0,135.0,2002.0,False,10938.700615432099,False,10938.700615432099,N,"OVERDUE (>8,000 EOH) [no wash observed; clock from COD, upper bound]",0.0,C
304,55460,CC,3,2022-08,2022-10,0.8852449797645608,0.9392569810650825,11.475502023543916,156228.9656730869,1368482.8367433194,0.0,DUCT_FIRING,0.0,0.0,1.0,0.0,3,Indeck Niles Energy Center,MI,RFC,PJM,"Indeck Niles, LLC",1174.4,2.0,386.8,2021.9999999999998,False,3807.7903610354224,True,19468.489441416892,Y,"within interval (<4,000 EOH)",0.0,C
305,55477,GT,27,2019-01,2025-12,0.9278653258613552,0.9136758910906431,7.213467413864485,64814.86586818965,215275.4463404839,0.0,ANNUAL_ONLY,0.0,0.0,2.0,0.0,12,Neil Simpson Gas Turbine #2,WY,WECC,WACM,"Black Hills Power, Inc.",40.0,1.0,40.0,2001.0,False,11181.96265,False,11181.96265,N,"OVERDUE (>8,000 EOH) [no wash observed; clock from COD, upper bound]",0.0,C
306,55504,GT,45,2020-01,2025-02,0.9065633979060536,0.8381432333848341,9.34366020939464,988685.432905061,5314326.101882859,0.0,ANNUAL_ONLY,0.0,0.0,2.0,0.0,12,Limon Generating Station,CO,WECC,WACM,"Tri-State G & T Assn, Inc",154.2,2.0,77.1,2002.0,False,12775.247181690447,False,12775.247181690447,N,"OVERDUE (>8,000 EOH) [no wash observed; clock from COD, upper bound]",0.0,C
307,55505,GT,43,2021-08,2025-12,0.860382336310541,0.7498911781797483,13.961766368945915,1861252.0487212325,7755047.309303113,0.0,ANNUAL_ONLY,0.0,0.0,2.0,0.0,12,Frank Knutson,CO,WECC,PSCO,"Tri-State G & T Assn, Inc",154.2,2.0,77.1,2002.0,False,16743.218047989627,False,16743.218047989627,N,"OVERDUE (>8,000 EOH) [no wash observed; clock from COD, upper bound]",0.0,C
308,55513,GT,2,2024-08,2024-09,0.9435181927035976,0.9435271781528054,5.648180729640234,1635.6675807061124,5874.430670503355,0.0,ANNUAL_ONLY,0.0,0.0,2.0,0.0,2,CalPeak Power Enterprise Peaker Plant,CA,WECC,CISO,"CalPeak Power, LLC",58.9,1.0,58.9,2001.0,False,2830.636689303905,False,2830.636689303905,N,"within interval (<4,000 EOH) [no wash observed; clock from COD, upper bound]",0.0,C
309,55524,CC,2,2024-06,2024-07,0.9234430560991909,0.9436799871292675,7.6556943900809085,851398.2085697108,2451544.8957693297,0.0,DUCT_FIRING,1.0,0.0,2.0,0.0,2,York Energy Center,PA,RFC,PJM,Calpine Mid-Merit LLC,1449.4,5.0,165.95999999999998,2015.9090658203395,False,6039.158134400441,True,66800.51095499287,Y,"due (4,000-8,000 EOH)",0.0,C
310,55544,GT,7,2022-04,2022-12,0.8533148269587775,0.7725613627125197,14.668517304122249,62914.02338678728,392728.2008998712,0.0,ANNUAL_ONLY,0.0,0.0,1.0,0.0,4,Klamath Expansion Project,OR,WECC,AVRN,Klamath Energy LLC,117.6,4.0,29.4,2002.0,False,16087.587488662131,False,16087.587488662131,N,"OVERDUE (>8,000 EOH) [no wash observed; clock from COD, upper bound]",0.0,C
311,55625,GT,12,2020-01,2020-12,0.9327330620261046,0.8567769115254275,6.726693797389533,23010.30958587365,78363.0911333077,0.0,ANNUAL_ONLY,0.0,0.0,1.0,0.0,12,Creed Energy Center,CA,WECC,CISO,Creed Energy Center LLC,48.0,1.0,48.0,2003.0,False,5482.306695478723,False,5482.306695478723,N,"due (4,000-8,000 EOH) [no wash observed; clock from COD, upper bound]",0.0,C
312,55626,GT,21,2019-01,2020-12,0.9296630440982584,0.870973150641228,7.033695590174157,30493.432307485076,115644.15151591503,0.0,ANNUAL_ONLY,0.0,0.0,1.0,0.0,11,Lambie Energy Center,CA,WECC,CISO,Gilroy Energy Center LLC,47.0,1.0,47.0,2003.0,False,5842.851127659575,False,5842.851127659575,N,"due (4,000-8,000 EOH) [no wash observed; clock from COD, upper bound]",0.0,C
313,55627,GT,12,2020-01,2020-12,0.9118426126820297,0.8604995598242384,8.81573873179702,21813.21295815602,74289.31950400674,0.0,ANNUAL_ONLY,0.0,0.0,1.0,0.0,12,Goose Haven Energy Center,CA,WECC,CISO,Goose Haven Energy Center,48.0,1.0,48.0,2003.0,False,5774.9330460992915,False,5774.9330460992915,N,"due (4,000-8,000 EOH) [no wash observed; clock from COD, upper bound]",0.0,C
314,55640,GT,35,2019-01,2022-12,0.8531811696459811,0.8803206627734086,14.68188303540189,2661848.613135022,11464269.73902741,0.0,ANNUAL_ONLY,0.0,0.0,2.0,0.0,15,University Park North,IL,RFC,PJM,LSP University Park LLC,726.0,12.0,60.5,2002.0,False,16077.407376033058,False,16077.407376033058,N,"OVERDUE (>8,000 EOH) [no wash observed; clock from COD, upper bound]",0.0,C
315,55641,CC,2,2020-03,2020-04,0.9430972274386316,0.9417046573119714,5.690277256136844,459164.1370224273,1224544.1552450964,0.0,DUCT_FIRING,0.0,1.0,2.0,0.0,2,Riverside Energy Center,WI,MRO,MISO,Wisconsin Power & Light Co,674.9000000000001,2.0,198.9,2003.9999999999998,False,30575.900133353087,True,121316.94522645329,Y,"OVERDUE (>8,000 EOH)",0.0,C
316,55655,GT,47,2021-02,2024-12,0.8449483954808059,0.7937593990686607,15.505160451919416,1278714.7073719376,6225737.610595561,0.0,ANNUAL_ONLY,0.0,0.0,2.0,0.0,47,WFEC GenCo LLC,OK,MRO,SWPP,"Western Farmers Elec Coop, Inc",90.0,2.0,45.0,2001.0,False,34200.53333333333,False,34200.53333333333,N,"OVERDUE (>8,000 EOH) [no wash observed; clock from COD, upper bound]",0.0,C
317,55667,CC,2,2024-09,2024-10,0.917045116879444,0.9453608724431539,8.295488312055593,143730.60851041554,390836.6218849967,0.0,NONRECOVERABLE,1.0,0.0,2.0,0.0,2,Lower Mount Bethel Energy,PA,RFC,PJM,Lower Mount Bethel Energy LLC,651.6,2.0,211.5,2003.9999999999998,False,25722.47391037446,True,93946.29885410272,Y,"OVERDUE (>8,000 EOH)",0.0,C
318,55672,GT,4,2023-07,2025-02,0.933610114644307,0.8302186371044031,6.638988535569296,299068.35807456926,1414718.3140322114,0.0,ANNUAL_ONLY,0.0,0.0,1.5,0.0,2,AL Sandersville LLC,GA,SERC,SOCO,CAMS (Georgia) AL Sandersville,692.0,8.0,86.5,2002.0,False,3852.5674373795764,False,3852.5674373795764,N,"within interval (<4,000 EOH) [no wash observed; clock from COD, upper bound]",0.0,C
319,55687,CC,2,2019-03,2019-04,0.9284206977765849,0.887405320070067,7.157930222341513,151491.2982193259,552232.2097148234,0.0,UNATTRIBUTED,0.0,1.0,1.5,0.0,2,Higgins Generating Station,NV,WECC,NEVP,Nevada Power Co,688.4,2.0,178.0,2004.0000000000002,False,8392.101975595584,True,72892.6358221964,Y,"OVERDUE (>8,000 EOH)",0.0,C
320,55698,GT,8,2020-07,2022-09,0.8834301442288311,0.8987544759952535,11.656985577116886,24082.5075987638,118164.34147979548,0.0,UNATTRIBUTED,0.0,0.0,1.5,0.0,5,Hanford Energy Park Peaker,CA,WECC,CISO,MRP San Joaquin Energy LLC.,92.2,2.0,46.1,2001.0,False,2774.4432393347797,False,2774.4432393347797,N,"within interval (<4,000 EOH) [no wash observed; clock from COD, upper bound]",0.0,C
321,55699,GT,18,2021-01,2024-12,0.9271578375176477,0.8619583399198911,7.284216248235231,138257.75532084954,481220.8010799852,0.0,ANNUAL_ONLY,0.0,0.0,2.0,0.0,12,Bayswater Peaking Facility LLC,NY,NPCC,NYIS,Bayswater Peaking Facility LLC,60.5,1.0,60.5,2002.0,False,40261.60468319559,False,40261.60468319559,N,"OVERDUE (>8,000 EOH) [no wash observed; clock from COD, upper bound]",0.0,C
322,55700,CC,10,2019-07,2023-03,0.9187881482157488,0.93648962478453,8.121185178425122,1369395.1089739918,8358635.8702005325,0.0,DUCT_FIRING,0.0,1.0,2.0,0.0,3,Mint Farm Generating Station,WA,WECC,PSEI,Puget Sound Energy Inc,319.0,1.0,186.0,2008.0,False,1808.1974921630094,True,106661.48902821317,Y,"within interval (<4,000 EOH)",0.0,C
323,55733,GT,2,2022-05,2022-06,0.9384483596452255,0.9456565516114601,6.155164035477445,17408.73133016543,143912.74223356007,0.0,ANNUAL_ONLY,0.0,0.0,2.0,0.0,2,Bennett Mountain,ID,WECC,IPCO,Idaho Power Co,172.8,1.0,172.8,2004.9999999999998,False,47643.712384259255,False,47643.712384259255,N,"OVERDUE (>8,000 EOH) [no wash observed; clock from COD, upper bound]",0.0,C
324,55736,CC,4,2020-05,2020-08,0.9192515481208762,0.9478027342208253,8.074845187912386,1756170.034889761,3077703.9601957323,0.0,DUCT_FIRING,0.0,0.0,1.0,0.0,4,Hanging Rock Energy Facility,OH,RFC,PJM,Dynegy Hanging Rock Energy Facility,1429.8000000000002,4.0,198.9,2003.0,False,1886.4463561337247,True,154860.32440434556,Y,"within interval (<4,000 EOH)",0.0,C
325,55802,GT,12,2024-01,2024-12,0.7747363606731518,0.7109100633557341,22.52636393268482,337889.43569733493,713620.6041328025,0.0,ANNUAL_ONLY,0.0,0.0,2.0,0.0,12,Valencia Energy Facility,NM,WECC,PNM,Valencia Power LLC,159.5,1.0,159.5,2008.0,False,10224.073151515153,False,10224.073151515153,N,"OVERDUE (>8,000 EOH) [no wash observed; clock from COD, upper bound]",0.0,C
326,55810,GT,16,2019-01,2020-12,0.9234002777300157,0.8694908420741064,7.65997222699843,58080.14950692063,220917.8067816102,0.0,ANNUAL_ONLY,0.0,0.0,2.0,0.0,7,Gilroy Peaking Energy Center,CA,WECC,CISO,Calpine Gilroy Cogen LP,144.0,3.0,48.0,2001.3333333333333,False,4743.7919827160495,False,4743.7919827160495,N,"due (4,000-8,000 EOH) [no wash observed; clock from COD, upper bound]",0.0,C
327,55835,CC,6,2019-07,2021-01,0.9378871545433215,0.8983692616717803,6.2112845456678505,1067439.70018441,3260242.729236419,0.0,FUEL_QUALITY,0.0,1.0,2.0,0.0,2,Rocky Mountain Energy Center,CO,WECC,PSCO,Public Service Co of Colorado,685.0999999999999,2.0,175.1,2004.0000000000002,False,16595.771420230627,True,80254.17603269596,Y,"OVERDUE (>8,000 EOH)",0.0,C
328,55836,GT,17,2021-06,2025-08,0.9094351727831186,0.893183421800384,9.056482721688143,31435.323974363884,126552.97124225569,0.0,ANNUAL_ONLY,0.0,0.0,2.0,0.0,6,Island Street Peaking Plant,WI,MRO,MISO,WPPI Energy,60.5,1.0,60.5,2004.0,False,2980.4435179063357,False,2980.4435179063357,N,"within interval (<4,000 EOH) [no wash observed; clock from COD, upper bound]",0.0,C
329,55855,GT,10,2019-08,2020-12,0.8763571539733096,0.8831975882307507,12.36428460266903,9299.31541954319,34235.494163558025,0.0,ANNUAL_ONLY,0.0,0.0,2.0,0.0,6,Wolfskill Energy Center,CA,WECC,CISO,Gilroy Energy Center LLC,48.0,1.0,48.0,2003.0,False,3526.2273732269505,False,3526.2273732269505,N,"within interval (<4,000 EOH) [no wash observed; clock from COD, upper bound]",0.0,C
330,55885,IC,11,2020-01,2020-12,0.9080814177326978,0.5255708501572355,9.191858226730218,81448.39020871207,228222.85434515972,0.0,ANNUAL_ONLY,0.0,0.0,2.0,0.0,7,Montgomery County Oaks LFGE Plant,MD,RFC,PJM,CB&I,2.4000000000000004,2.0,1.2000000000000002,2008.9999999999998,False,62885.76388888888,False,62885.76388888888,N,"OVERDUE (>8,000 EOH) [no wash observed; clock from COD, upper bound]",0.0,C
331,55963,GT,12,2020-01,2020-12,0.9441296345605034,0.8890792859923472,5.587036543949665,22499.61436553895,77052.9580711479,0.0,ANNUAL_ONLY,0.0,0.0,1.0,0.0,12,Riverview Energy Center,CA,WECC,CISO,Gilroy Energy Center for Riverview,47.0,1.0,47.0,2003.0,False,9614.886439716312,False,9614.886439716312,N,"OVERDUE (>8,000 EOH) [no wash observed; clock from COD, upper bound]",0.0,C
332,55972,GT,7,2023-04,2023-10,0.9444396648294405,0.8962073935095288,5.556033517055942,299860.38353169744,1869687.2149659158,0.0,ANNUAL_ONLY,0.0,1.0,2.0,0.0,7,Cass County,NE,MRO,SWPP,Omaha Public Power District,345.0,2.0,172.5,2003.0,False,12661.967149758453,False,12661.967149758453,N,"OVERDUE (>8,000 EOH) [no wash observed; clock from COD, upper bound]",0.0,C
333,56018,GT,7,2023-05,2023-11,0.845136297591738,0.9335600547321695,15.486370240826203,33016.14489949969,102810.20767760406,0.0,ANNUAL_ONLY,0.0,0.0,2.0,0.0,7,AMEA Peaking,AL,SERC,SOCO,Alabama Municipal Elec Authority - (AL),98.6,2.0,49.3,2004.0,False,11859.509783637594,False,11859.509783637594,N,"OVERDUE (>8,000 EOH) [no wash observed; clock from COD, upper bound]",0.0,C
334,56032,GT,12,2023-01,2023-12,0.8757312482688823,0.899059661781457,12.426875173111775,62570.095545891076,190395.28085446518,0.0,ANNUAL_ONLY,0.0,0.0,2.0,0.0,12,Equus Freeport Power,NY,NPCC,NYIS,"Equus Power I, L.P.",120.0,2.0,60.0,2004.0,False,8119.412353472222,False,8119.412353472222,N,"OVERDUE (>8,000 EOH) [no wash observed; clock from COD, upper bound]",0.0,C
335,56051,GT,2,2025-06,2025-07,0.740505174346403,0.7796871794491713,25.949482565359705,77252.34428484528,341138.5356888182,0.0,CYCLING,0.0,0.0,2.5,0.0,2,THUMS,CA,WECC,CISO,THUMS Long Beach Company,57.4,1.0,57.4,2003.0,False,3928.9024390243903,True,119944.23344947735,N,"within interval (<4,000 EOH)",0.0,C
336,56104,CC,8,2020-01,2020-09,0.8830716654896619,0.9320368225632534,11.692833451033813,1233014.8653764033,2971525.3149081874,0.0,UNATTRIBUTED,0.0,0.0,2.0,0.0,4,Mankato Energy Center,MN,MRO,MISO,"MEC Holdings, LLC",740.8,2.0,190.39999999999998,2009.3114200863931,False,2542.97935475162,True,59207.1363226993,Y,"within interval (<4,000 EOH)",0.0,C
337,56108,GT,23,2019-06,2025-11,0.8932922628219407,0.8544971412973309,10.67077371780593,119502.93964288563,364332.90499652503,0.0,ANNUAL_ONLY,0.0,0.0,2.0,0.0,8,T J Labbe Electric Generating,LA,SERC,MISO,Lafayette Utilities System,100.8,2.0,50.4,2005.0,False,4631.096240079365,False,4631.096240079365,N,"due (4,000-8,000 EOH) [no wash observed; clock from COD, upper bound]",0.0,C
338,56135,GT,2,2023-07,2023-08,0.8777307615129388,0.8169465619069668,12.226923848706122,10310.719876600459,60475.076084288376,0.0,ANNUAL_ONLY,0.0,0.0,1.0,0.0,2,Ripon Generation Station,CA,WECC,BANC,Modesto Irrigation District,121.0,2.0,60.5,2006.0,False,2087.887741046832,False,2087.887741046832,N,"within interval (<4,000 EOH) [no wash observed; clock from COD, upper bound]",0.0,C
339,56166,GT,22,2022-01,2023-12,0.8426998506945139,0.8618437950580308,15.730014930548606,1513660.620436151,7119884.629242016,0.0,ANNUAL_ONLY,0.0,1.0,2.0,0.0,18,Sheboygan Falls,WI,MRO,MISO,Wisconsin Power & Light Co,346.8,2.0,173.4,2005.0,False,22739.718166089966,False,22739.718166089966,N,"OVERDUE (>8,000 EOH) [no wash observed; clock from COD, upper bound]",0.0,C
340,56196,CC,2,2019-02,2019-03,0.9469840943756025,0.9157399040415463,5.3015905624397455,238369.19615267747,872342.8702293611,0.0,UNATTRIBUTED,0.0,1.0,2.0,0.0,2,Zeltmann,NY,NPCC,NYIS,New York Power Authority,528.0,2.0,170.0,2005.0,False,27458.216674242423,True,97150.89323121845,N,"OVERDUE (>8,000 EOH)",0.0,C
341,56234,CC,33,2019-02,2025-03,0.9385690224740036,0.9386280945306507,6.143097752599643,4855882.55235705,23142097.867597736,0.0,DUCT_FIRING,0.0,0.0,2.0,0.0,4,Caithness Long Island Energy Center,NY,NPCC,NYIS,"Caithness Long Island, LLC",348.9,1.0,196.2,2009.0,False,2764.8959644597307,True,104431.70292036879,Y,"within interval (<4,000 EOH)",0.0,C
342,56249,GT,26,2021-01,2025-08,0.8449456520570702,0.8126071284252957,15.505434794292983,484853.95954380394,2859986.346315891,0.0,ANNUAL_ONLY,0.0,0.5384615384615384,2.0,0.0,12,Anson County Generation Facility,NC,SERC,CPLE,North Carolina El Member Corp,343.8,6.0,57.300000000000004,2006.9999999999998,False,5777.993144754702,False,5777.993144754702,N,"due (4,000-8,000 EOH) [no wash observed; clock from COD, upper bound]",0.0,C
343,56250,IC,14,2020-01,2024-04,0.9331358186169743,0.7654075170643405,6.686418138302572,276199.4273501883,634416.9431016225,0.0,ANNUAL_ONLY,0.0,0.0,2.0,0.0,12,Ontario LFGTE,NY,NPCC,NYIS,Seneca Energy II,11.200000000000001,11.0,1.0181818181818183,2008.2142857142856,False,156006.4583333333,False,156006.4583333333,N,"OVERDUE (>8,000 EOH) [no wash observed; clock from COD, upper bound]",0.0,C
344,56283,GT,17,2019-01,2020-08,0.8786131858112749,0.8590976979520173,12.138681418872503,51397.90107305248,124601.66614399046,0.0,ANNUAL_ONLY,0.0,0.0,2.0,0.0,12,Hargis-Hebert Electric Generating,LA,SERC,MISO,Lafayette Utilities System,100.8,2.0,50.4,2006.0,False,5668.726871693121,False,5668.726871693121,N,"due (4,000-8,000 EOH) [no wash observed; clock from COD, upper bound]",0.0,C
345,56292,GT,12,2019-01,2019-12,0.8920646141870957,0.872548371319612,10.79353858129044,125975.04590783606,1078083.57361207,0.0,ANNUAL_ONLY,0.0,1.0,2.0,0.0,12,Hamlet Generating Facility,NC,SERC,CPLE,North Carolina El Member Corp,343.8,6.0,57.300000000000004,2008.0,False,5386.054093465193,False,5386.054093465193,N,"due (4,000-8,000 EOH) [no wash observed; clock from COD, upper bound]",0.0,C
346,56323,IC,8,2019-01,2019-12,0.9495988911030806,0.8107163406137151,5.040110889691943,22801.569947721902,86773.63596758521,0.0,ANNUAL_ONLY,0.0,0.0,2.5,0.0,5,Modern Innovative Energy LLC,NY,NPCC,NYIS,Innovative Energy Systems Inc,6.4,4.0,1.6,2006.0000000000002,False,98203.45052083334,False,98203.45052083334,N,"OVERDUE (>8,000 EOH) [no wash observed; clock from COD, upper bound]",0.0,C
347,56326,GT,2,2021-01,2021-02,0.949050127942845,0.9309430933382692,5.094987205715496,81568.3747891881,2596321.242090636,0.0,ANNUAL_ONLY,0.0,1.0,2.0,0.0,2,Mustang Station Unit 4,TX,MRO,SWPP,"Golden Spread Electric Cooperative, Inc",472.1,3.0,157.36666666666667,2008.7869095530607,False,62350.97592241051,False,62350.97592241051,N,"OVERDUE (>8,000 EOH) [no wash observed; clock from COD, upper bound]",0.0,C
348,56327,IC,2,2025-08,2025-09,0.9447599276979421,0.8071472584916211,5.524007230205785,7503.035988097357,25543.165506894846,0.0,ANNUAL_ONLY,0.0,0.0,3.0,0.0,2,Pendleton County LFGTE,KY,SERC,PJM,"East Kentucky Power Coop, Inc",3.2,4.0,0.8,2007.0,False,118801.875,False,118801.875,N,"OVERDUE (>8,000 EOH) [no wash observed; clock from COD, upper bound]",0.0,C
349,56328,GT,2,2020-07,2020-08,0.8871517657562036,0.7883091263982415,11.284823424379642,31624.49321679602,475752.8984859816,0.0,ANNUAL_ONLY,0.0,1.0,2.0,0.0,2,Harry D Mattison Gas Plant,AR,MRO,SWPP,Southwestern Electric Power Co,349.0,4.0,87.25,2007.0,False,8453.961326647564,False,8453.961326647564,N,"OVERDUE (>8,000 EOH) [no wash observed; clock from COD, upper bound]",0.0,C
350,56400,CC,4,2024-01,2024-04,0.9253127976326412,0.9309231340466555,7.468720236735879,354263.6632753015,782444.2623627388,0.0,UNATTRIBUTED,0.0,1.0,3.0,0.0,4,Treasure Coast Energy Center,FL,SERC,FMPP,Fort Pierce Utilities Authority,411.4,1.0,219.6,2008.0,False,2182.836604278075,True,77587.22168692271,Y,"within interval (<4,000 EOH)",0.0,C
351,56419,IC,8,2025-04,2025-12,0.8270614188870562,0.8523869803480353,17.293858111294387,4274.28391911123,19453.0292132749,0.0,ANNUAL_ONLY,0.0,0.0,3.0,0.0,6,Beecher Gas Recovery,IL,RFC,PJM,Will County Energy LLC,3.3000000000000003,3.0,1.1,2006.6666666666667,False,49382.5,False,49382.5,N,"OVERDUE (>8,000 EOH) [no wash observed; clock from COD, upper bound]",0.0,C
352,56427,IC,8,2025-04,2025-12,0.7977700890513967,0.5565482776026824,20.22299109486033,16459.304416070987,58339.771144857325,0.0,ANNUAL_ONLY,0.0,0.0,3.0,0.0,6,Ameresco Janesville,WI,MRO,MISO,AMERESCO Janesville LLC,3.0,3.0,1.0,2004.0,False,74453.91666666667,False,74453.91666666667,N,"OVERDUE (>8,000 EOH) [no wash observed; clock from COD, upper bound]",0.0,C
353,56430,IC,2,2025-06,2025-07,0.9310471066443381,0.8662583004743434,6.895289335566191,3422.5056968100607,12569.850034961655,0.0,ANNUAL_ONLY,1.0,0.0,3.0,0.0,2,Ameresco Delaware Central,DE,RFC,PJM,AMERESCO Delaware Central,5.0,5.0,1.0,2009.2,False,92203.48333333334,False,92203.48333333334,N,"OVERDUE (>8,000 EOH) [no wash observed; clock from COD, upper bound]",0.0,C
354,56461,IC,36,2019-01,2024-09,0.8857536418550178,0.7361407671880681,11.424635814498226,119570.1753995885,477426.8737014398,0.0,ANNUAL_ONLY,0.0,0.0,2.0,0.0,12,Dry Creek LFG to Energy Project,OR,WECC,PACW,Oregon Environmental Industries LLC,3.2,2.0,1.6,2007.0,False,87345.15625,False,87345.15625,N,"OVERDUE (>8,000 EOH) [no wash observed; clock from COD, upper bound]",0.0,C
355,56471,GT,9,2022-11,2024-09,0.89854742350706,0.9222459217811506,10.145257649293995,4324.409457897405,26773.761665797138,0.0,ANNUAL_ONLY,0.0,0.0,3.0,0.0,4,McGrath Peaker,CA,WECC,CISO,Southern California Edison Co,49.8,1.0,49.8,2012.0,False,4540.220863453816,False,4540.220863453816,N,"due (4,000-8,000 EOH) [no wash observed; clock from COD, upper bound]",0.0,C
356,56472,GT,5,2022-03,2022-07,0.8589995962705144,0.8107909099340421,14.100040372948564,19349.584572886604,153976.57191886153,0.0,ANNUAL_ONLY,0.0,0.0,1.0,0.0,5,Grapeland Hybrid,CA,WECC,CISO,Southern California Edison Co,49.8,1.0,49.8,2007.0,False,2942.771044176707,False,2942.771044176707,N,"within interval (<4,000 EOH) [no wash observed; clock from COD, upper bound]",0.0,C
357,56473,GT,2,2023-11,2023-12,0.9150021166351225,0.9469050771329239,8.499788336487747,963.6247959937768,6033.094367558422,0.0,ANNUAL_ONLY,0.0,0.0,2.5,0.0,2,Mira Loma Peaker,CA,WECC,CISO,Southern California Edison Co,49.8,1.0,49.8,2007.0,False,6041.004036144579,False,6041.004036144579,N,"due (4,000-8,000 EOH) [no wash observed; clock from COD, upper bound]",0.0,C
358,56474,GT,2,2025-08,2025-09,0.8717756619563968,0.8889943467170806,12.82243380436033,2191.955406698542,9562.127161106207,0.0,ANNUAL_ONLY,0.0,0.0,2.0,0.0,2,Barre Peaker,CA,WECC,CISO,Southern California Edison Co,49.8,1.0,49.8,2007.0,False,7368.507362784471,False,7368.507362784471,N,"due (4,000-8,000 EOH) [no wash observed; clock from COD, upper bound]",0.0,C
359,56475,GT,17,2019-01,2024-09,0.8614947544849767,0.7974005374789774,13.850524551502335,47871.20934170698,285573.6481798792,0.0,ANNUAL_ONLY,0.0,0.0,1.0,0.0,6,Center Hybrid,CA,WECC,CISO,Southern California Edison Co,49.8,1.0,49.8,2007.0,False,3830.59577643909,False,3830.59577643909,N,"within interval (<4,000 EOH) [no wash observed; clock from COD, upper bound]",0.0,C
360,56521,IC,2,2021-09,2021-10,0.9457018822110188,0.7934463924771373,5.429811778898119,3864.8658187583887,22642.830713271906,0.0,ANNUAL_ONLY,0.0,0.0,3.0,0.0,2,Lake Mills Gas Recovery,IA,MRO,MISO,WM Renewable Energy LLC,4.0,5.0,0.8,2006.0000000000002,False,87566.16666666667,False,87566.16666666667,N,"OVERDUE (>8,000 EOH) [no wash observed; clock from COD, upper bound]",0.0,C
361,56522,IC,14,2022-01,2025-10,0.9317027422072088,0.7939987336511568,6.829725779279124,84442.90134139317,561365.0902953754,0.0,ANNUAL_ONLY,0.0,0.0,3.0,0.0,8,Springhill Gas Recovery Plant,FL,SERC,SOCO,WM Renewable Energy LLC,4.8,6.0,0.7999999999999999,2006.0000000000002,False,146580.97222222225,False,146580.97222222225,N,"OVERDUE (>8,000 EOH) [no wash observed; clock from COD, upper bound]",0.0,C
362,56523,IC,8,2020-05,2021-06,0.9380788430051672,0.7764962820730935,6.192115699483279,36089.646296390514,107157.7543240624,0.0,ANNUAL_ONLY,0.0,0.0,3.0,0.0,5,Two Pine Landfill Gas Recovery,AR,SERC,MISO,WM Renewable Energy LLC,4.8,6.0,0.7999999999999999,2007.833333333334,False,121896.14583333334,False,121896.14583333334,N,"OVERDUE (>8,000 EOH) [no wash observed; clock from COD, upper bound]",0.0,C
363,56525,IC,14,2021-01,2022-12,0.9389342694219921,0.7431884860366795,6.1065730578007935,53476.78325992061,309378.6572922266,0.0,ANNUAL_ONLY,0.0,0.0,2.5,0.0,12,Timberline Trail Gas Recovery,WI,MRO,MISO,WM Renewable Energy LLC,3.2,4.0,0.8,2006.2500000000002,False,99530.64583333334,False,99530.64583333334,N,"OVERDUE (>8,000 EOH) [no wash observed; clock from COD, upper bound]",0.0,C
364,56554,IC,29,2020-01,2023-08,0.8812791745877496,0.7492678421093434,11.872082541225039,196421.0987230598,879322.1642430046,0.0,ANNUAL_ONLY,0.0,0.0,2.0,0.0,12,Salt Lake Energy Systems,UT,WECC,PACE,"NextEra Renewable Fuels, LLC",3.2,3.0,1.0666666666666667,2006.0000000000002,False,149726.3802083333,False,149726.3802083333,N,"OVERDUE (>8,000 EOH) [no wash observed; clock from COD, upper bound]",0.0,C
365,56556,GT,27,2020-01,2022-12,0.891369225509021,0.8255038398835679,10.8630774490979,234441.68908969066,1338046.91949084,0.0,ANNUAL_ONLY,0.0,0.0,2.0,0.0,13,PPS Power Plant No 1,KY,SERC,LGEE,Paducah Power System,120.0,2.0,60.0,2010.0,False,6629.368038888889,False,6629.368038888889,N,"due (4,000-8,000 EOH) [no wash observed; clock from COD, upper bound]",0.0,C
366,56565,CC,2,2019-12,2020-01,0.8857981903362657,0.9078504943780283,11.420180966373428,183864.16150697018,462407.75761946396,0.0,UNATTRIBUTED,0.0,1.0,2.5,0.0,2,J Lamar Stall Unit,LA,MRO,SWPP,Southwestern Electric Power Co,624.0,2.0,184.0,2010.0,False,20134.576923076922,True,70092.29180021369,N,"OVERDUE (>8,000 EOH)",0.0,C
367,56603,GT,2,2025-11,2025-12,0.9480973368471379,0.8183052851586142,5.1902663152862125,101594.69411198619,289717.0693261891,0.0,ANNUAL_ONLY,0.0,0.0,2.0,0.0,2,San Jacinto County Peaking Facility,TX,SERC,MISO,"East Texas Electric Coop, Inc",170.0,2.0,85.0,2001.0,False,22963.96764117647,False,22963.96764117647,N,"OVERDUE (>8,000 EOH) [no wash observed; clock from COD, upper bound]",0.0,C
368,56682,IC,13,2020-03,2021-12,0.9241492524572199,0.8096337603349049,7.585074754278008,84611.19681308951,327972.5087159467,0.0,ANNUAL_ONLY,0.0,0.0,3.0,0.0,7,Brunswick Landfill Gas,VA,SERC,PJM,Industrial Power Generating Company LLC,10.500000000000002,35.0,0.30000000000000004,2006.9999999999993,False,75942.22180952379,False,75942.22180952379,N,"OVERDUE (>8,000 EOH) [no wash observed; clock from COD, upper bound]",0.0,C
369,56684,IC,9,2019-01,2019-12,0.9400591389475266,0.7934808300156367,5.99408610524734,32913.066634001756,120062.22087323901,0.0,ANNUAL_ONLY,0.0,0.0,3.0,0.0,5,Chesterfield Landfill Gas,VA,SERC,PJM,Industrial Power Generating Company LLC,14.4,48.0,0.3,2003.9999999999995,False,72142.86446759259,False,72142.86446759259,N,"OVERDUE (>8,000 EOH) [no wash observed; clock from COD, upper bound]",0.0,C
370,56686,IC,13,2020-01,2021-07,0.9228010910712124,0.8453341135887993,7.719890892878764,49673.96065221634,156039.59175442284,0.0,ANNUAL_ONLY,0.0,0.0,3.0,0.0,6,King & Queen,VA,SERC,PJM,Industrial Power Generating Company LLC,10.800000000000002,36.0,0.30000000000000004,2008.0,False,96087.18935185182,False,96087.18935185182,N,"OVERDUE (>8,000 EOH) [no wash observed; clock from COD, upper bound]",0.0,C
371,56850,IC,8,2020-06,2021-12,0.8405111892537653,0.7330530292984484,15.948881074623467,33192.55820708329,136761.7307393204,0.0,ANNUAL_ONLY,1.0,0.0,3.0,0.0,5,Lanchester Generating Station,PA,RFC,PJM,"Energy Developments, Inc d/b/a EDL",3.2,2.0,1.6,2008.0,False,110649.11458333333,False,110649.11458333333,N,"OVERDUE (>8,000 EOH) [no wash observed; clock from COD, upper bound]",0.0,C
372,56852,IC,22,2022-01,2025-07,0.9230317201661836,0.8821126189189606,7.6968279833816435,11487.618999931445,45694.312714926076,0.0,ANNUAL_ONLY,0.0,0.0,3.0,0.0,7,Pinconning White Feather,MI,RFC,MISO,"Energy Developments, Inc d/b/a EDL",3.2,2.0,1.6,2009.0,False,111058.125,False,111058.125,N,"OVERDUE (>8,000 EOH) [no wash observed; clock from COD, upper bound]",0.0,C
373,56853,IC,12,2019-01,2019-12,0.9223990790847929,0.8004434420598927,7.760092091520708,83137.01749386248,255733.219337387,0.0,ANNUAL_ONLY,0.0,0.0,2.0,0.0,12,Trans-Jordan Generating Station,UT,WECC,PACE,"Energy Developments, Inc d/b/a EDL",4.800000000000001,3.0,1.6000000000000003,2008.9999999999998,False,128406.35416666666,False,128406.35416666666,N,"OVERDUE (>8,000 EOH) [no wash observed; clock from COD, upper bound]",0.0,C
374,56864,IC,13,2021-07,2022-11,0.8270641017916683,0.6874989944382484,17.29358982083317,136540.8583612763,811688.4363104491,0.0,ANNUAL_ONLY,0.0,0.0,3.0,0.0,4,Covel Gardens Gas Recovery,TX,TRE,ERCO,EDL Inc,9.6,6.0,1.5999999999999999,2005.0,False,103543.35069444445,False,103543.35069444445,N,"OVERDUE (>8,000 EOH) [no wash observed; clock from COD, upper bound]",0.0,C
375,56873,IC,6,2025-06,2025-12,0.8056743384749172,0.7508320648908806,19.432566152508283,3138.2027307809767,12249.928623268992,0.0,ANNUAL_ONLY,1.0,0.0,3.0,0.0,4,SECCRA Community Landfill,PA,RFC,PJM,Southeastern Chester County Refuse Auth,2.5,2.0,1.25,2008.92,False,43248.8,False,43248.8,N,"OVERDUE (>8,000 EOH) [no wash observed; clock from COD, upper bound]",0.0,C
376,56884,IC,10,2022-04,2025-02,0.9400616915019816,0.7101531192989714,5.993830849801846,50596.64074902197,305145.17302554235,0.0,ANNUAL_ONLY,1.0,0.0,3.0,0.0,5,Cumberland County Solid Waste Complex,NJ,RFC,PJM,"NextEra Renewable Fuels, LLC",4.800000000000001,3.0,1.6000000000000003,2008.0,False,62138.64583333333,False,62138.64583333333,N,"OVERDUE (>8,000 EOH) [no wash observed; clock from COD, upper bound]",0.0,C
377,56887,IC,12,2021-01,2025-08,0.9404503934086464,0.8664472862241658,5.954960659135348,54695.913485484074,261900.01345874617,0.0,ANNUAL_ONLY,1.0,0.0,2.0,0.0,5,Cumberland County PA LFG Recovery,PA,RFC,PJM,"NextEra Renewable Fuels, LLC",6.4,4.0,1.6,2009.0,False,128330.31249999999,False,128330.31249999999,N,"OVERDUE (>8,000 EOH) [no wash observed; clock from COD, upper bound]",0.0,C
378,56890,IC,12,2022-01,2022-12,0.9345581284284856,0.8403074090085613,6.544187157151437,11741.733158530658,85639.92007097938,0.0,ANNUAL_ONLY,1.0,0.0,2.0,0.0,12,Norther Tier Landfill,PA,RFC,PJM,"NextEra Renewable Fuels, LLC",1.6,1.0,1.6,2009.0,False,116819.37499999999,False,116819.37499999999,N,"OVERDUE (>8,000 EOH) [no wash observed; clock from COD, upper bound]",0.0,C
379,56891,IC,24,2020-01,2022-12,0.8762094074037837,0.7916097551982761,12.379059259621629,24375.75904484457,158186.1036250685,0.0,ANNUAL_ONLY,1.0,0.0,3.0,0.0,10,Moretown,VT,NPCC,ISNE,EPP Renewable Energy,1.6,1.0,1.6,2008.0,False,90970.41666666666,False,90970.41666666666,N,"OVERDUE (>8,000 EOH) [no wash observed; clock from COD, upper bound]",0.0,C
380,56897,IC,6,2024-05,2024-10,0.7479726988622276,0.7050541613095391,25.202730113777232,27611.20241603288,101322.0749549538,0.0,ANNUAL_ONLY,0.0,0.0,3.0,0.0,6,Ameresco Keller Canyon,CA,WECC,CISO,AMERESCO Keller Canyon LLC,3.8,2.0,1.9,2009.0,False,121203.81578947368,False,121203.81578947368,N,"OVERDUE (>8,000 EOH) [no wash observed; clock from COD, upper bound]",0.0,C
381,56951,IC,9,2021-01,2021-12,0.8700248081633208,0.7584057471980395,12.997519183667915,24054.87988872495,102047.86846397838,0.0,ANNUAL_ONLY,0.0,0.0,3.0,0.0,5,Enoree Phase II Landfill Gas Recovery,SC,SERC,DUK,Enerdyne Power Systems Inc,3.2,2.0,1.6,2008.0,False,42075.20833333333,False,42075.20833333333,N,"OVERDUE (>8,000 EOH) [no wash observed; clock from COD, upper bound]",0.0,C
382,56958,IC,15,2019-01,2024-11,0.8688643371555085,0.8351987719496201,13.113566284449155,35258.058143634094,115321.59807641264,0.0,ANNUAL_ONLY,0.0,0.0,3.0,0.0,7,DANC LFGTE Facility,NY,NPCC,NYIS,Innovative Energy Systems Inc,6.4,4.0,1.6,2009.0000000000002,False,87943.4375,False,87943.4375,N,"OVERDUE (>8,000 EOH) [no wash observed; clock from COD, upper bound]",0.0,C
383,56963,CC,2,2022-05,2022-06,0.9405409709009149,0.9458457970725247,5.945902909908501,124941.16659175721,999968.0004965106,0.0,NONRECOVERABLE,1.0,0.0,3.0,0.0,2,West Deptford Energy Station,NJ,RFC,PJM,West Deptford Energy LLC,754.6,2.0,225.3,2013.9999999999998,False,1712.6729393055923,True,44949.31983832494,Y,"within interval (<4,000 EOH)",0.0,C
384,56986,IC,21,2019-03,2022-12,0.8385843926842618,0.8846318743755651,16.141560731573822,45145.218694799085,288589.4289712557,0.0,ANNUAL_ONLY,0.0,0.0,2.0,0.0,9,Clinton LFGTE Facility,NY,NPCC,NYIS,Casella Waste Systems,6.4,4.0,1.6,2008.25,False,105601.8359375,False,105601.8359375,N,"OVERDUE (>8,000 EOH) [no wash observed; clock from COD, upper bound]",0.0,C
385,56987,IC,24,2021-01,2023-08,0.8180559656076297,0.7940939237307757,18.194403439237018,175179.89157980966,883244.1844613259,0.0,ANNUAL_ONLY,0.0,0.0,2.0,0.0,8,Hyland LFGTE Facility,NY,NPCC,NYIS,Casella Waste Systems,4.800000000000001,3.0,1.6000000000000003,2008.0,False,128314.01041666664,False,128314.01041666664,N,"OVERDUE (>8,000 EOH) [no wash observed; clock from COD, upper bound]",0.0,C
386,57001,GT,11,2019-01,2025-12,0.937091710436875,0.9275296799514223,6.290828956312496,16614.36224155464,82221.93429428463,0.0,ANNUAL_ONLY,0.0,0.0,2.0,0.0,3,El Cajon Energy Center,CA,WECC,CISO,"Wellhead Services, Inc",60.5,1.0,60.5,2010.0,False,2739.2809172394377,False,2739.2809172394377,N,"within interval (<4,000 EOH) [no wash observed; clock from COD, upper bound]",0.0,C
387,57016,IC,2,2025-08,2025-09,0.9382485723748137,0.8829191400444795,6.175142762518621,3554.123611793161,11987.772614948164,0.0,ANNUAL_ONLY,1.0,0.0,2.0,0.0,2,Waste Management Crossroads LFGTE,ME,NPCC,ISNE,WM Renewable Energy LLC,3.2,2.0,1.6,2009.0,False,120394.89583333334,False,120394.89583333334,N,"OVERDUE (>8,000 EOH) [no wash observed; clock from COD, upper bound]",0.0,C
388,57017,IC,4,2021-01,2021-05,0.9460268706893291,0.7770639043418102,5.397312931067094,10216.940486538078,41725.112169451895,0.0,ANNUAL_ONLY,0.0,0.0,3.0,0.0,2,Spruce Ridge Gas Recovery,MN,MRO,MISO,WM Renewable Energy LLC,3.2,4.0,0.8,2008.5000000000002,False,83008.359375,False,83008.359375,N,"OVERDUE (>8,000 EOH) [no wash observed; clock from COD, upper bound]",0.0,C
389,57020,IC,25,2022-01,2025-10,0.9103658156963345,0.8096330913860166,8.963418430366564,50847.76805441427,184279.72597101322,0.0,ANNUAL_ONLY,0.0,0.0,2.0,0.0,12,Westside Landfill Gas Recovery,TX,TRE,ERCO,WM Renewable Energy LLC,3.2,2.0,1.6,2010.0,False,108494.42708333333,False,108494.42708333333,N,"OVERDUE (>8,000 EOH) [no wash observed; clock from COD, upper bound]",0.0,C
390,57025,IC,12,2022-01,2022-12,0.9258950958763456,0.7829935299710015,7.410490412365445,47658.58495785237,316475.03465605027,0.0,ANNUAL_ONLY,0.0,0.0,2.0,0.0,12,Waste Management Eco Vista LFGTE,AR,SERC,MISO,WM Renewable Energy LLC,4.0,5.0,0.8,2010.0,False,117860.5,False,117860.5,N,"OVERDUE (>8,000 EOH) [no wash observed; clock from COD, upper bound]",0.0,C
391,57028,CC,2,2025-08,2025-09,0.824987254742169,0.9387508822442399,17.5012745257831,303544.22743660794,682755.0892291503,0.0,FUEL_QUALITY,0.0,1.0,2.0,0.0,2,Langley Gulch Power Plant,ID,WECC,IPCO,Idaho Power Co,318.5,1.0,187.0,2012.0,False,1861.3186813186812,True,67799.8356881214,Y,"within interval (<4,000 EOH)",0.0,C
392,57123,IC,12,2019-01,2019-12,0.93782369010082,0.84333199592785,6.217630989917992,38369.00433229104,145684.55883314717,0.0,ANNUAL_ONLY,0.0,0.0,2.0,0.0,12,Trail Ridge Landfill Gas Recovery,FL,SERC,JEA,"NextEra Renewable Fuels, LLC",9.6,6.0,1.5999999999999999,2008.0,False,76365.67708333333,False,76365.67708333333,N,"OVERDUE (>8,000 EOH) [no wash observed; clock from COD, upper bound]",0.0,C
393,57165,IC,23,2022-01,2025-12,0.916813344638039,0.8172088513963445,8.318665536196102,67868.93548373775,347356.5383999479,0.0,ANNUAL_ONLY,0.0,0.0,2.0,0.0,12,Farmers Branch Renewable Energy Facility,TX,TRE,ERCO,WM Renewable Energy LLC,3.2,2.0,1.6,2011.0000000000002,False,117025.62499999999,False,117025.62499999999,N,"OVERDUE (>8,000 EOH) [no wash observed; clock from COD, upper bound]",0.0,C
394,57167,IC,9,2022-04,2022-12,0.9158943727426875,0.8379256983939238,8.41056272573125,20051.807187685547,135499.66685751174,0.0,ANNUAL_ONLY,0.0,0.0,2.0,0.0,9,Mesquite Creek LFGTE Project,TX,TRE,ERCO,WM Renewable Energy LLC,3.2,2.0,1.6,2010.0,False,112315.44270833331,False,112315.44270833331,N,"OVERDUE (>8,000 EOH) [no wash observed; clock from COD, upper bound]",0.0,C
395,57168,IC,16,2021-01,2022-12,0.9239242736809857,0.7647701121451399,7.6075726319014265,81117.17043878422,554448.0547464684,0.0,ANNUAL_ONLY,0.0,0.0,2.0,0.0,6,Waste Management Naples LFGTE Project,FL,SERC,FPL,WM Renewable Energy LLC,4.0,5.0,0.8,2011.0000000000002,False,92470.5,False,92470.5,N,"OVERDUE (>8,000 EOH) [no wash observed; clock from COD, upper bound]",0.0,C
396,57169,IC,3,2025-06,2025-08,0.934903328134892,0.7794268850954845,6.509667186510807,5186.375797593644,23869.92532043181,0.0,ANNUAL_ONLY,0.0,0.0,3.0,0.0,3,Waste Management Piedmont LFGTE Project,NC,SERC,DUK,WM Renewable Energy LLC,1.6,2.0,0.8,2011.0000000000002,False,77758.74999999999,False,77758.74999999999,N,"OVERDUE (>8,000 EOH) [no wash observed; clock from COD, upper bound]",0.0,C
397,57170,IC,11,2024-01,2024-11,0.9457498305009335,0.8043719380839729,5.425016949906649,33153.77349457745,79742.86614695127,0.0,ANNUAL_ONLY,0.0,0.0,3.0,0.0,11,Suburban Landfill Gas Recovery,OH,RFC,PJM,WM Renewable Energy LLC,5.6,7.0,0.7999999999999999,2011.0000000000005,False,81118.57142857143,False,81118.57142857143,N,"OVERDUE (>8,000 EOH) [no wash observed; clock from COD, upper bound]",0.0,C
398,57206,GT,12,2019-01,2019-12,0.565952198143597,0.5772139846763218,43.4047801856403,349307.48996758106,2655369.2899555387,0.0,ANNUAL_ONLY,0.0,0.0,3.0,0.0,12,Soldotna,AK,ASCC,,Homer Electric Assn Inc,50.0,1.0,50.0,2014.0,False,8782.985,False,8782.985,N,"OVERDUE (>8,000 EOH) [no wash observed; clock from COD, upper bound]",0.0,C
399,57249,IC,14,2022-01,2024-11,0.876547145208897,0.8661406513633444,12.345285479110299,15171.508617170002,74461.62936952988,0.0,ANNUAL_ONLY,0.0,0.0,3.0,0.0,12,North American - Erie Generating Station,OH,RFC,PJM,"North American -- Erie, LLC",2.4000000000000004,2.0,1.2000000000000002,2011.333333333333,False,108604.06249999999,False,108604.06249999999,N,"OVERDUE (>8,000 EOH) [no wash observed; clock from COD, upper bound]",0.0,C
400,57343,IC,4,2021-06,2021-10,0.6597937940470254,0.9033098242934801,34.02062059529746,565.1050820170872,2849.451845301196,0.0,ANNUAL_ONLY,0.0,0.0,3.0,0.0,2,Cargill B6 Biofactory,ID,WECC,IPCO,"Pico Energy, LLC",2.2,2.0,1.1,2009.0,True,75298.29545454546,False,75298.29545454546,N,"OVERDUE (>8,000 EOH) [no wash observed; clock from COD, upper bound]",0.0,C
401,57365,IC,14,2019-01,2025-08,0.9247852403717356,0.8951846157813819,7.521475962826445,4782.286897819171,22916.060031701083,0.0,ANNUAL_ONLY,0.0,0.0,3.0,0.0,4,"Mas Durham Power, LLC",NC,SERC,DUK,"Mas Durham Power, LLC",2.2,2.0,1.1,2009.9999999999998,False,86553.52272727272,False,86553.52272727272,N,"OVERDUE (>8,000 EOH) [no wash observed; clock from COD, upper bound]",0.0,C
402,57393,IC,30,2020-06,2025-07,0.8359065641437067,0.8608405435141496,16.409343585629337,22463.7661898078,71384.52788925382,0.0,ANNUAL_ONLY,0.0,0.0,3.0,0.0,12,Big Sky Dairy Digester,ID,WECC,IPCO,DF-AP #1 LLC,1.6,2.0,0.8,2009.0,False,100416.25,False,100416.25,N,"OVERDUE (>8,000 EOH) [no wash observed; clock from COD, upper bound]",0.0,C
403,57403,IC,13,2024-01,2025-10,0.9188222263873984,0.8188065023576023,8.11777736126015,22177.873092564772,46928.035056217035,0.0,ANNUAL_ONLY,0.0,0.0,3.0,0.0,11,Northwest Regional,AZ,WECC,AZPS,WM Renewable Energy LLC,3.2,2.0,1.6,2012.0,False,85272.03125,False,85272.03125,N,"OVERDUE (>8,000 EOH) [no wash observed; clock from COD, upper bound]",0.0,C
404,57436,IC,6,2021-06,2021-11,0.9385258639681223,0.9328133433339146,6.147413603187759,1857.664598002656,8254.557009109394,0.0,ANNUAL_ONLY,0.0,0.0,2.0,0.0,6,Davidson Gas Producers LLC,NC,SERC,DUK,Davidson Gas Producers LLC,1.6,1.0,1.6,2010.0,False,124182.91666666667,False,124182.91666666667,N,"OVERDUE (>8,000 EOH) [no wash observed; clock from COD, upper bound]",0.0,C
405,57466,IC,26,2021-03,2025-10,0.9090508996049699,0.8473579653402309,9.094910039503022,135626.85622161327,685576.6020266645,0.0,ANNUAL_ONLY,1.0,0.0,2.0,0.0,12,Blue Ridge Landfill,PA,RFC,PJM,"NextEra Renewable Fuels, LLC",6.4,4.0,1.6,2013.0,False,96932.34375,False,96932.34375,N,"OVERDUE (>8,000 EOH) [no wash observed; clock from COD, upper bound]",0.0,C
406,57489,IC,8,2020-02,2020-12,0.9474534630710364,0.8541131813708941,5.2546536928963645,7859.398548208863,20301.320386406358,0.0,ANNUAL_ONLY,0.0,0.0,2.0,0.0,4,Oak Grove Power Producers,KS,MRO,SWPP,"Cube District Energy, LLC",3.6,2.0,1.8,2011.6666666666665,False,63393.84259259259,False,63393.84259259259,N,"OVERDUE (>8,000 EOH) [no wash observed; clock from COD, upper bound]",0.0,C
407,57492,IC,2,2019-09,2019-10,0.8214871913108286,0.92197178770883,17.851280868917137,0.0,0.0,0.0,UNATTRIBUTED,0.0,0.0,3.0,0.0,2,Sampson County Disposal,NC,SERC,CPLE,Black Creek Renewable Energy LLC,9.6,6.0,1.5999999999999999,2011.5000000000002,False,66020.13402777779,False,66020.13402777779,N,"OVERDUE (>8,000 EOH) [no wash observed; clock from COD, upper bound]",0.0,C
408,57555,GT,2,2021-07,2021-08,0.9128990952324045,0.9451539516297043,8.710090476759547,0.0,0.0,0.0,ANNUAL_ONLY,0.0,0.0,2.5,0.0,2,Pio Pico Energy Center,CA,WECC,CISO,Pio Pico Energy Center LLC,395.40000000000003,3.0,131.8,2016.0000000000002,False,2045.242373124262,False,2045.242373124262,N,"within interval (<4,000 EOH) [no wash observed; clock from COD, upper bound]",0.0,C
409,57582,IC,12,2022-01,2022-12,0.9406133956067267,0.7835413366480392,5.938660439327335,30660.06191621908,223087.62449114805,0.0,ANNUAL_ONLY,1.0,0.0,2.0,0.0,12,Lycoming County,PA,RFC,PJM,"NextEra Renewable Fuels, LLC",3.2,2.0,1.6,2012.0,False,71785.15625,False,71785.15625,N,"OVERDUE (>8,000 EOH) [no wash observed; clock from COD, upper bound]",0.0,C
410,57625,IC,8,2019-01,2019-10,0.713742884815104,0.793182907153832,28.6257115184896,5996.287075849297,17146.97521791938,0.0,ANNUAL_ONLY,0.0,0.0,2.5,0.0,4,"Bos Dairy, LLC",IN,RFC,MISO,"Bos Dairy, LLC",1.0,1.0,1.0,2020.0,False,91510.84116883116,False,91510.84116883116,N,"OVERDUE (>8,000 EOH) [no wash observed; clock from COD, upper bound]",0.0,C
411,57715,IC,2,2022-02,2022-03,0.9490506309361069,0.729624262388805,5.094936906389307,3292.7046968396708,19010.304025349826,0.0,UNATTRIBUTED,0.0,0.0,3.0,0.0,2,Watkins Manufacturing Co.,CA,WECC,CISO,Watkins Manufacturing Corporation,2.0,2.0,1.0,2001.0,False,572.5,True,42376.369999999995,N,"within interval (<4,000 EOH)",0.0,C
412,57754,IC,4,2024-07,2024-10,0.7814570689407812,0.860333402499581,21.85429310592189,2441.1694252160005,6181.050013198424,0.0,ANNUAL_ONLY,0.0,0.0,3.0,0.0,4,Frederick County LFGTE Facility,VA,SERC,PJM,Frederick County Virginia,2.0,2.0,1.0,2010.0,False,76368.83333333334,False,76368.83333333334,N,"OVERDUE (>8,000 EOH) [no wash observed; clock from COD, upper bound]",0.0,C
413,57824,IC,28,2020-02,2024-11,0.8848366622101017,0.8335726878112574,11.516333778989836,13205.003796788513,62106.7208746016,0.0,ANNUAL_ONLY,0.0,0.0,2.0,0.0,10,Onalaska Campus Landfill Biogas,WI,MRO,MISO,Gundersen Lutheran Biogas I LLC,1.1,1.0,1.1,2012.0,False,63141.21212121211,False,63141.21212121211,N,"OVERDUE (>8,000 EOH) [no wash observed; clock from COD, upper bound]",0.0,C
414,57828,IC,29,2019-01,2025-12,0.7769609082490909,0.6548822134874605,22.3039091750909,180819.4253843011,703376.808113172,0.0,ANNUAL_ONLY,0.0,0.0,3.0,0.0,16,Tulsa LFG LLC,OK,MRO,SWPP,Tulsa LFG LLC,3.2,2.0,1.6,2015.5,False,82168.54166666666,False,82168.54166666666,N,"OVERDUE (>8,000 EOH) [no wash observed; clock from COD, upper bound]",0.0,C
415,57847,IC,10,2019-01,2019-11,0.9265352082753175,0.9042247123178676,7.346479172468257,87.24510181466898,305.66502818305906,0.0,ANNUAL_ONLY,1.0,0.0,3.0,0.0,7,BC Landfill Energy LLC,NJ,RFC,PJM,BC Landfill Energy LLC,7.5,5.0,1.5,2007.0,False,69564.56666666667,False,69564.56666666667,N,"OVERDUE (>8,000 EOH) [no wash observed; clock from COD, upper bound]",0.0,C
416,57865,IC,12,2025-01,2025-12,0.8814570460104966,0.9362023904254492,11.854295398950333,165970.06831791345,495167.1660352567,0.0,ANNUAL_ONLY,0.0,0.0,3.0,0.0,12,Antelope Station,TX,MRO,SWPP,"Golden Spread Electric Cooperative, Inc",167.40000000000003,18.0,9.300000000000002,2010.9999999999998,False,27952.282954998,False,27952.282954998,N,"OVERDUE (>8,000 EOH) [no wash observed; clock from COD, upper bound]",0.0,C
417,57899,IC,2,2025-07,2025-08,0.941877376192297,0.830992633560326,5.812262380770311,2486.136201746495,7999.534966169844,0.0,ANNUAL_ONLY,0.0,0.0,3.0,0.0,2,Hurricane City Power,UT,WECC,PACE,Hurricane City Power - (UT),10.0,5.0,2.0,2005.6,False,7678.2266500000005,False,7678.2266500000005,N,"due (4,000-8,000 EOH) [no wash observed; clock from COD, upper bound]",0.0,C
418,57902,IC,27,2021-01,2025-10,0.8161830376216952,0.7495673872849292,18.381696237830486,89008.6345707713,583727.654497416,0.0,ANNUAL_ONLY,0.0,0.0,2.0,0.0,13,Fighting Creek LFGTE Plant,ID,WECC,AVA,Kootenai Renewable Energy LLC,3.2,2.0,1.6,2012.0,False,70351.97916666667,False,70351.97916666667,N,"OVERDUE (>8,000 EOH) [no wash observed; clock from COD, upper bound]",0.0,C
419,58024,IC,12,2019-01,2019-12,0.8235290404415032,0.574827697361458,17.647095955849682,33337.709870314226,83325.12613759693,0.0,ANNUAL_ONLY,0.0,0.0,2.0,0.0,12,St Joseph Landfill Generating Station,MO,MRO,SWPP,Evergy Missouri West,1.6,1.0,1.6,2011.0000000000002,False,62878.4375,False,62878.4375,N,"OVERDUE (>8,000 EOH) [no wash observed; clock from COD, upper bound]",0.0,C
420,58056,IC,3,2019-01,2019-03,0.9141530284577669,0.6387764773543271,8.58469715422332,3587.978527093126,21609.951837388064,0.0,UNATTRIBUTED,0.0,0.0,2.0,0.0,3,"Irwindale Brew Yard, LLC",CA,WECC,CISO,"Irwindale Brew Yard, LLC",0.5,1.0,0.5,2007.0,False,470.0,True,40550.99999999999,N,"within interval (<4,000 EOH)",0.0,C
421,58061,IC,10,2024-01,2025-10,0.9350589934232408,0.8672940909993082,6.494100657675912,5817.019993873387,17628.18834605204,0.0,ANNUAL_ONLY,0.0,0.0,3.0,0.0,5,Decatur-Morgan Co LFG Recovery Project,AL,SERC,TVA,"Energy Developments, Inc d/b/a EDL",1.6,2.0,0.8,2010.5,False,117025.98958333333,False,117025.98958333333,N,"OVERDUE (>8,000 EOH) [no wash observed; clock from COD, upper bound]",0.0,C
422,58122,GT,3,2024-09,2024-11,0.8952127876169228,0.8659731004661193,10.47872123830772,4644.420101512822,18471.708992506545,0.0,ANNUAL_ONLY,0.0,0.0,2.0,0.0,3,Delano Energy Center,CA,WECC,CISO,"Wellhead Services, Inc",60.5,1.0,60.5,2013.0,False,1697.726385106927,False,1697.726385106927,N,"within interval (<4,000 EOH) [no wash observed; clock from COD, upper bound]",0.0,C
423,58142,IC,8,2022-01,2022-09,0.7057261566677363,0.7124205914145096,29.427384333226364,22263.983474179615,163417.3793031895,0.0,ANNUAL_ONLY,0.0,0.0,2.0,0.0,6,Rock Creek Dairy,ID,WECC,IPCO,New Energy One LLC,3.2,2.0,1.6,2012.0,False,30700.3125,False,30700.3125,N,"OVERDUE (>8,000 EOH) [no wash observed; clock from COD, upper bound]",0.0,C
424,58208,IC,2,2021-04,2021-05,0.5951847075663237,0.4637138749671228,40.48152924336763,34950.61403490786,120371.03566162619,0.0,ANNUAL_ONLY,1.0,0.0,3.0,0.0,2,Cinnamon Bay Edgeboro Landfill,NJ,RFC,PJM,Cinnamon Bay LLC,9.6,1.0,9.6,2011.0,False,23339.322916666668,False,23339.322916666668,N,"OVERDUE (>8,000 EOH) [no wash observed; clock from COD, upper bound]",0.0,C
425,58250,IC,12,2020-01,2020-12,0.912067449149531,0.883387290713566,8.793255085046892,13196.977837243267,34950.52942915293,0.0,ANNUAL_ONLY,1.0,0.0,2.0,0.0,12,Tullytown,PA,RFC,PJM,WM Renewable Energy LLC,1.6,1.0,1.6,2013.0,False,97704.16666666666,False,97704.16666666666,N,"OVERDUE (>8,000 EOH) [no wash observed; clock from COD, upper bound]",0.0,C
426,58255,IC,2,2021-03,2021-04,0.9292521760965067,0.892064042751727,7.074782390349332,10686.163562924718,37529.22703239333,0.0,ANNUAL_ONLY,0.0,0.0,2.0,0.0,2,Rubart,KS,MRO,SWPP,Sunflower Electric Power Corp,120.0,12.0,10.0,2014.0,False,3928.780555555555,False,3928.780555555555,N,"within interval (<4,000 EOH) [no wash observed; clock from COD, upper bound]",0.0,C
427,58325,GT,58,2020-01,2025-12,0.8577077564846248,0.8129350634923148,14.229224351537509,1449582.3003641597,5997237.03741152,0.0,ANNUAL_ONLY,0.0,0.0,2.0,0.0,17,Charles D. Lamb Energy Center,OK,MRO,SWPP,Oklahoma Municipal Power Authority,122.0,1.0,122.0,2015.0,False,11789.125016393442,False,11789.125016393442,N,"OVERDUE (>8,000 EOH) [no wash observed; clock from COD, upper bound]",0.0,C
428,58326,IC,2,2021-07,2021-08,0.8734735234201771,0.9279660269906533,12.652647657982286,1580.4374171815869,7046.967665710948,0.0,NONRECOVERABLE,1.0,0.0,2.5,0.0,2,PWD Northeast WPCP Biogas Cogen Plant,PA,RFC,PJM,Philadelphia Water Department,5.6,4.0,1.4,2013.0,True,2384.6428571428573,True,68193.31845238096,N,"within interval (<4,000 EOH)",0.0,C
429,58379,IC,24,2019-01,2022-12,0.9413310562207653,0.8644350065139763,5.866894377923466,30188.359865569673,202438.12135943378,0.0,ANNUAL_ONLY,0.0,0.0,2.0,0.0,12,Cold Canyon 1,CA,WECC,CISO,Toro Energy of California SLO,1.5,1.0,1.5,2013.0,False,89697.0,False,89697.0,N,"OVERDUE (>8,000 EOH) [no wash observed; clock from COD, upper bound]",0.0,C
430,58471,GT,13,2019-02,2021-07,0.9210389729706646,0.8929576275795703,7.896102702933542,663347.0240008787,1379545.9259310625,0.0,ANNUAL_ONLY,0.0,0.0,3.0,0.0,11,Ector County Energy Center,TX,TRE,ERCO,"Ector County Generation, LLC",358.8,2.0,179.4,2015.0,False,14285.316332218505,False,14285.316332218505,N,"OVERDUE (>8,000 EOH) [no wash observed; clock from COD, upper bound]",0.0,C
431,58497,IC,17,2020-01,2021-10,0.9185333141847952,0.8082551577254494,8.146668581520476,45487.09678604269,184658.1759309167,0.0,ANNUAL_ONLY,1.0,0.0,2.0,0.0,11,L&S Sweetners,PA,RFC,PJM,"Energy Developments, Inc d/b/a EDL",3.2,2.0,1.6,2013.0,False,82135.234375,False,82135.234375,N,"OVERDUE (>8,000 EOH) [no wash observed; clock from COD, upper bound]",0.0,C
432,58546,IC,32,2019-09,2025-11,0.929123432223859,0.8922876546328189,7.087656777614105,39138.95327798218,191699.45233993593,0.0,ANNUAL_ONLY,0.0,0.0,3.0,0.0,24,Watervliet,MI,RFC,MISO,"Energy Developments, Inc d/b/a EDL",4.0,3.0,1.3333333333333333,2014.2,False,86694.77083333333,False,86694.77083333333,N,"OVERDUE (>8,000 EOH) [no wash observed; clock from COD, upper bound]",0.0,C
433,58557,CC,4,2024-11,2025-10,0.9281843070465015,0.9450469244423729,7.18156929534986,593846.7508657752,1370855.985923243,0.0,NONRECOVERABLE,0.0,1.0,2.0,0.0,2,Mesquite Generating Station Block 1,AZ,WECC,SRP,Salt River Project,691.6,2.0,185.3,2003.0,False,9242.352515905148,True,106131.41338924234,Y,"OVERDUE (>8,000 EOH)",0.0,C
434,58558,IC,35,2019-01,2025-08,0.7858595631586702,0.7486297691118993,21.41404368413298,79072.59376805065,346810.6867621207,0.0,ANNUAL_ONLY,0.0,0.0,3.0,0.0,12,Onslow Power Producers,NC,SERC,DUK,"Cube District Energy, LLC",2.0,1.0,2.0,2013.0,False,62054.75,False,62054.75,N,"OVERDUE (>8,000 EOH) [no wash observed; clock from COD, upper bound]",0.0,C
435,58638,IC,23,2019-01,2022-12,0.80444386992904,0.7099683840603808,19.555613007096007,27857.37116584217,165465.6426819172,0.0,ANNUAL_ONLY,0.0,0.0,2.0,0.0,12,Orbit Energy Charlotte,NC,SERC,DUK,Anaergia,5.2,1.0,5.2,2016.0,False,5191.876923076923,False,5191.876923076923,N,"due (4,000-8,000 EOH) [no wash observed; clock from COD, upper bound]",0.0,C
436,58687,IC,2,2024-03,2024-04,0.9430984740807187,0.8887717402191713,5.690152591928133,1767.794118570167,3052.26960598228,0.0,ANNUAL_ONLY,0.0,0.0,3.0,0.0,2,Finley Buttes Landfill Gas,OR,WECC,BPAT,Finley BioEnergy LLC,4.800000000000001,3.0,1.6000000000000003,2006.9999999999998,False,118023.59374999997,False,118023.59374999997,N,"OVERDUE (>8,000 EOH) [no wash observed; clock from COD, upper bound]",0.0,C
437,58818,IC,6,2025-04,2025-10,0.946990095030715,0.9382649551701464,5.300990496928505,8428.244715674595,30209.894822902563,0.0,ANNUAL_ONLY,1.0,0.0,3.0,0.0,4,Milan,PA,RFC,PJM,Milan Energy LLC,21.0,3.0,7.0,2017.0,False,18097.04761904762,False,18097.04761904762,N,"OVERDUE (>8,000 EOH) [no wash observed; clock from COD, upper bound]",0.0,C
438,58835,GT,8,2025-02,2025-12,0.8897942367227049,0.8902613871313709,11.020576327729511,611772.4328861912,917674.9481459312,0.0,ANNUAL_ONLY,0.0,1.0,3.0,0.0,6,Elk Station,TX,MRO,SWPP,"Golden Spread Electric Cooperative, Inc",599.4000000000001,3.0,199.80000000000004,2015.6666666666665,False,16373.684412692393,False,16373.684412692393,N,"OVERDUE (>8,000 EOH) [no wash observed; clock from COD, upper bound]",0.0,C
439,59116,IC,11,2025-01,2025-12,0.8257220058542226,0.6417869386497955,17.427799414577734,7131.107111818524,28846.76618723518,0.0,ANNUAL_ONLY,1.0,0.0,3.0,0.0,9,Woodbine Landfill Plant,NJ,RFC,PJM,Cape May County Municipal - (NJ),1.1,1.0,1.1,2013.0,False,23905.028409090908,False,23905.028409090908,N,"OVERDUE (>8,000 EOH) [no wash observed; clock from COD, upper bound]",0.0,C
440,59326,CC,11,2023-07,2025-02,0.939125788403667,0.9378647502976368,6.087421159633295,577183.5892297296,1620178.578522934,0.0,DUCT_FIRING,0.0,0.0,1.0,0.0,3,Middletown Energy Center,OH,RFC,PJM,"Ohio Power Partners, LLC",543.9,1.0,310.2,2018.0,False,4605.694061408347,True,46511.20426548998,Y,"due (4,000-8,000 EOH)",0.0,C
441,59436,IC,7,2020-02,2024-06,0.7444818322850766,0.7943969575682746,25.55181677149235,36147.99678014163,71914.20331540023,0.0,ANNUAL_ONLY,0.0,0.0,3.0,0.0,4,Lennon Generating,MI,RFC,MISO,North American Natural Res,6.4,4.0,1.6,2013.0,False,94437.2048611111,False,94437.2048611111,N,"OVERDUE (>8,000 EOH) [no wash observed; clock from COD, upper bound]",0.0,C
442,59439,IC,21,2021-01,2022-11,0.8852888091394571,0.8362589454458031,11.471119086054292,16299.20459080755,92740.10054552284,0.0,ANNUAL_ONLY,0.0,0.0,3.0,0.0,14,"COC Surry LFG, LLC",NC,SERC,DUK,Petra Engineering,1.6,1.0,1.6,2013.0,False,61594.166666666664,False,61594.166666666664,N,"OVERDUE (>8,000 EOH) [no wash observed; clock from COD, upper bound]",0.0,C
443,59649,IC,10,2019-01,2021-11,0.7777521329656893,0.6588978246338463,22.22478670343106,48366.2810024537,131222.98271728205,0.0,ANNUAL_ONLY,0.0,0.0,3.0,0.0,5,Nelson Gardens Landfill Gas to Energy,TX,TRE,ERCO,"Nelson Gardens Energy, LLC",4.4,4.0,1.1,2014.0,False,33294.431818181816,False,33294.431818181816,N,"OVERDUE (>8,000 EOH) [no wash observed; clock from COD, upper bound]",0.0,C
444,59686,IC,11,2020-01,2020-12,0.9266626511802066,0.7538448215743814,7.33373488197934,118228.21376308882,384259.40035418764,0.0,ANNUAL_ONLY,0.0,0.0,3.0,0.0,9,Sarasota County LFGTE Facility,FL,SERC,FPL,Landfill Energy Systems Florida,6.4,4.0,1.6,2015.9999999999998,False,62646.8359375,False,62646.8359375,N,"OVERDUE (>8,000 EOH) [no wash observed; clock from COD, upper bound]",0.0,C
445,59688,IC,11,2021-01,2021-12,0.9268947881792665,0.7849937003899513,7.310521182073345,97819.47455045457,433441.11558282067,0.0,ANNUAL_ONLY,0.0,0.0,3.0,0.0,8,Wake County LFG Facility,NC,SERC,CPLE,"Ingenco Renewable Development, LLC",9.000000000000002,30.0,0.30000000000000004,2014.5999999999997,False,59020.5844074074,False,59020.5844074074,N,"OVERDUE (>8,000 EOH) [no wash observed; clock from COD, upper bound]",0.0,C
446,59710,IC,10,2020-01,2020-12,0.9362155686511568,0.6627996820357662,6.378443134884309,78577.00322439491,195682.81554171394,0.0,ANNUAL_ONLY,0.0,0.0,3.0,0.0,8,Sand Valley Power Station,AL,SERC,TVA,"Energy Developments, Inc d/b/a EDL",4.800000000000001,3.0,1.6000000000000003,2013.0,False,68712.53472222222,False,68712.53472222222,N,"OVERDUE (>8,000 EOH) [no wash observed; clock from COD, upper bound]",0.0,C
447,59711,IC,6,2025-05,2025-10,0.9409947497969237,0.877509667721641,5.900525020307634,5156.053621049327,23195.71381739027,0.0,ANNUAL_ONLY,0.0,0.0,3.0,0.0,6,"CII Methane Management IV, LLC",NC,SERC,CPLE,Frontier Operation Services,1.6,1.0,1.6,2014.0,False,68877.8125,False,68877.8125,N,"OVERDUE (>8,000 EOH) [no wash observed; clock from COD, upper bound]",0.0,C
448,59759,IC,4,2021-09,2022-05,0.8063209161260589,0.8480012408772442,19.367908387394106,5369.036129460075,35310.14307242991,0.0,ANNUAL_ONLY,1.0,0.0,3.0,0.0,2,Glades Pike Generation Plant,PA,RFC,PJM,State Correctnl Inst Laurel Highlands,3.2,2.0,1.6,2011.0000000000002,False,54618.046875,False,54618.046875,N,"OVERDUE (>8,000 EOH) [no wash observed; clock from COD, upper bound]",0.0,C
449,59774,IC,6,2024-04,2024-12,0.9471148618024942,0.9349524877011262,5.288513819750583,0.0,0.0,0.0,ANNUAL_ONLY,0.0,0.0,3.0,0.0,4,BioTown Ag,IN,RFC,MISO,"Bio Town Biogas, LLC",6.0,6.0,1.0,2012.5,True,90032.18055555556,False,90032.18055555556,N,"OVERDUE (>8,000 EOH) [no wash observed; clock from COD, upper bound]",0.0,C
450,59784,CC,5,2021-11,2022-11,0.8956484194715513,0.9301476601405408,10.43515805284488,589299.0639873768,3271716.330311348,0.0,UNATTRIBUTED,0.0,1.0,2.0,0.0,3,Gila River Power Block 3,AZ,WECC,TEPC,Salt River Project,619.0,2.0,174.0,2003.0,False,4088.6623586429723,True,105873.20759289176,Y,"due (4,000-8,000 EOH)",0.0,C
451,59810,IC,12,2019-01,2019-12,0.8659494318994924,0.7448134084880279,13.405056810050757,10829.766363441491,29759.05304530103,0.0,ANNUAL_ONLY,0.0,0.0,2.0,0.0,12,Dairyland WTE Plant,WI,MRO,MISO,Energy Systems Group LLC,1.4,2.0,0.7,2012.0,False,38090.71428571429,False,38090.71428571429,N,"OVERDUE (>8,000 EOH) [no wash observed; clock from COD, upper bound]",0.0,C
452,59845,IC,2,2021-10,2021-11,0.9347877245267733,0.8501770909217166,6.521227547322667,3163.7572548960443,18038.452066651254,0.0,ANNUAL_ONLY,0.0,0.0,3.0,0.0,2,New River,VA,SERC,PJM,"Ingenco Renewable Development, LLC",5.3999999999999995,18.0,0.3,2013.0,False,38237.820987654326,False,38237.820987654326,N,"OVERDUE (>8,000 EOH) [no wash observed; clock from COD, upper bound]",0.0,C
453,59938,IC,14,2019-01,2023-12,0.8976389412702032,0.8971258029016563,10.236105872979678,35704.85789576522,79525.3980612968,0.0,ANNUAL_ONLY,0.0,0.0,2.0,0.0,9,Sky Global Power One,TX,TRE,ERCO,"Sky Global Power One Pledgor, LLC",51.0,6.0,8.5,2016.0,False,10487.91385620915,False,10487.91385620915,N,"OVERDUE (>8,000 EOH) [no wash observed; clock from COD, upper bound]",0.0,C
454,60137,IC,18,2019-01,2025-06,0.9013954358194708,0.7502856707836466,9.860456418052914,16229.950904194326,62287.86290399673,0.0,ANNUAL_ONLY,0.0,0.0,3.0,0.0,10,Glasgow LFGTE,KY,SERC,PJM,"East Kentucky Power Coop, Inc",1.0,1.0,1.0,2015.0,False,52897.33333333333,False,52897.33333333333,N,"OVERDUE (>8,000 EOH) [no wash observed; clock from COD, upper bound]",0.0,C
455,60184,IC,14,2022-02,2024-10,0.8687216633828984,0.811531273122531,13.127833661710174,32523.764813026748,198238.45258837874,0.0,ANNUAL_ONLY,0.0,0.0,3.0,0.0,6,ADS Renewable Energy-Wolf Creek LLC,GA,SERC,SOCO,"ADS Renewable Energy- Wolf Creek, LLC",2.8,2.0,1.4,2010.9999999999998,False,99391.01190476192,False,99391.01190476192,N,"OVERDUE (>8,000 EOH) [no wash observed; clock from COD, upper bound]",0.0,C
456,60241,IC,30,2021-05,2025-12,0.8710873717250084,0.8921622014816964,12.891262827499162,18175.63641478703,77195.69661061045,0.0,ANNUAL_ONLY,0.0,0.0,3.0,0.0,19,Union Renewable Energy Facility,SC,SERC,DUK,Lockhart Power Co,3.2,2.0,1.6,2015.0,False,61346.5625,False,61346.5625,N,"OVERDUE (>8,000 EOH) [no wash observed; clock from COD, upper bound]",0.0,C
457,60254,IC,36,2021-01,2023-12,0.8907167939261522,0.9244402609178393,10.92832060738478,85646.68395132165,436317.6693227292,0.0,ANNUAL_ONLY,0.0,0.0,3.0,0.0,36,Owatonna Energy Station,MN,MRO,MISO,Southern Minnesota Mun P Agny,38.8,4.0,9.7,2018.0,False,5435.790378006873,False,5435.790378006873,N,"due (4,000-8,000 EOH) [no wash observed; clock from COD, upper bound]",0.0,C
458,60364,IC,19,2020-02,2022-08,0.8225091906115486,0.7784939009545013,17.74908093884514,45037.935941485164,211804.6230765624,0.0,ANNUAL_ONLY,0.0,0.0,3.0,0.0,7,White Street Renewables,NC,SERC,DUK,White Street Renewables LLC,1.6,1.0,1.6,2019.0,False,37758.125,False,37758.125,N,"OVERDUE (>8,000 EOH) [no wash observed; clock from COD, upper bound]",0.0,C
459,60388,IC,6,2022-03,2022-11,0.8872251830244143,0.8684309822970847,11.277481697558558,1911.7168229458728,12360.989534125572,0.0,ANNUAL_ONLY,1.0,0.0,3.0,0.0,4,Morgantown,PA,RFC,PJM,"Energy Developments, Inc d/b/a EDL",1.6,1.0,1.6,2016.0000000000002,False,41890.75,False,41890.75,N,"OVERDUE (>8,000 EOH) [no wash observed; clock from COD, upper bound]",0.0,C
460,60459,GT,21,2022-01,2023-09,0.9127806175771938,0.8872990535730894,8.721938242280626,152037.51425704616,757250.7493464459,0.0,ANNUAL_ONLY,0.0,0.0,2.0,0.0,21,Calhoun Port Comfort,TX,TRE,ERCO,"Peaker Power, LLC",121.0,2.0,60.5,2017.0,False,4156.793388429752,False,4156.793388429752,N,"due (4,000-8,000 EOH) [no wash observed; clock from COD, upper bound]",0.0,C
461,60460,GT,34,2022-01,2025-12,0.8814662497280117,0.8611663971739975,11.853375027198833,282495.6652480292,1158682.2934692423,0.0,ANNUAL_ONLY,0.0,0.0,3.0,0.0,20,Chamon,TX,TRE,ERCO,"Peaker Power, LLC",121.0,2.0,60.5,2017.0,False,5474.371876033058,False,5474.371876033058,N,"due (4,000-8,000 EOH) [no wash observed; clock from COD, upper bound]",0.0,C
462,60468,GT,10,2024-01,2025-08,0.9326508169479115,0.7618786199346996,6.734918305208839,153804.37131159822,396150.0511523046,0.0,ANNUAL_ONLY,0.0,0.0,3.0,0.0,3,Friendswood Energy,TX,TRE,ERCO,Tejas Power Generation LLC,121.5,1.0,121.5,2018.0,False,3542.300436213992,False,3542.300436213992,N,"within interval (<4,000 EOH) [no wash observed; clock from COD, upper bound]",0.0,C
463,60696,IC,12,2019-01,2019-12,0.9113221525541598,0.7781492704801077,8.867784744584009,26231.868968664316,49110.17362909252,0.0,ANNUAL_ONLY,0.0,0.0,2.0,0.0,12,Nodal Power,NM,WECC,EPE,"ENERGYneering Solutions, Inc",3.2,2.0,1.6,2008.0,False,81064.296875,False,81064.296875,N,"OVERDUE (>8,000 EOH) [no wash observed; clock from COD, upper bound]",0.0,C
464,60918,IC,12,2019-01,2019-12,0.8157798915445039,0.6309469071278363,18.422010845549618,16115.229414017447,67026.6328623009,0.0,ANNUAL_ONLY,0.0,0.0,3.0,0.0,12,Verwey-Hanford Dairy Digester #1,CA,WECC,CISO,AlsoEnergy,1.0,1.0,1.0,2016.0,False,18658.72,False,18658.72,N,"OVERDUE (>8,000 EOH) [no wash observed; clock from COD, upper bound]",0.0,C
465,60926,CC,2,2025-01,2025-02,0.7578772922325967,0.8049067782310226,24.212270776740333,1451434.8557709693,9094510.841383249,0.0,UNATTRIBUTED,0.0,1.0,2.0,0.0,2,St. Charles Power Station (LA),LA,SERC,MISO,Entergy Louisiana LLC,1000.0,2.0,250.0,2019.0,False,2690.557,True,35821.302,Y,"within interval (<4,000 EOH)",0.0,C
466,60928,IC,4,2023-05,2025-05,0.621988546457597,0.630081557306426,37.8011453542403,347816.28719083976,1091293.7504589744,0.0,UNATTRIBUTED,0.0,1.0,2.0,0.0,2,New Orleans Power,LA,SERC,MISO,"Entergy New Orleans, LLC",131.6,7.0,18.8,2020.0,False,73.46504559270517,True,11240.808004052684,N,"within interval (<4,000 EOH)",0.0,C
467,61186,IC,12,2021-01,2022-12,0.9410718707572863,0.8562098236952765,5.892812924271368,13165.721376882904,89218.45675199747,0.0,ANNUAL_ONLY,0.0,0.0,3.0,0.0,5,Boston Medical Center CHP Plant,MA,NPCC,ISNE,Boston Medical Center,2.0,1.0,2.0,2017.0,True,60783.25,False,60783.25,N,"OVERDUE (>8,000 EOH) [no wash observed; clock from COD, upper bound]",0.0,C
468,61501,IC,17,2020-02,2021-12,0.8721029831669168,0.6981008988711587,12.789701683308316,44944.02770978592,190365.8966326554,0.0,ANNUAL_ONLY,0.0,0.0,3.0,0.0,10,ABEC #2 dba West-Star Dairy,CA,WECC,CISO,ABEC #2 LLC,1.0,1.0,1.0,2018.0,False,64347.666666666664,False,64347.666666666664,N,"OVERDUE (>8,000 EOH) [no wash observed; clock from COD, upper bound]",0.0,C
469,61502,IC,22,2020-01,2025-12,0.8743852833560205,0.7027324866896394,12.56147166439794,40907.81965780682,160673.90533090854,0.0,ANNUAL_ONLY,0.0,0.0,3.0,0.0,11,ABEC #3 dba Lakeview Dairy,CA,WECC,CISO,ABEC #3 LLC,1.0,1.0,1.0,2018.0,False,53062.25,False,53062.25,N,"OVERDUE (>8,000 EOH) [no wash observed; clock from COD, upper bound]",0.0,C
470,61503,IC,15,2020-01,2025-10,0.885653311340983,0.7290050304259666,11.434668865901692,32248.625954983083,112062.3210438355,0.0,ANNUAL_ONLY,0.0,0.0,3.0,0.0,11,ABEC #4 dba CE&S Dairy,CA,WECC,CISO,ABEC #4 LLC,1.0,1.0,1.0,2018.0,False,62379.666666666664,False,62379.666666666664,N,"OVERDUE (>8,000 EOH) [no wash observed; clock from COD, upper bound]",0.0,C
471,61652,IC,10,2021-01,2021-12,0.8347767942651799,0.9060838708845222,16.522320573482013,5429.794560540512,20630.131110988244,0.0,ANNUAL_ONLY,0.0,0.0,2.0,0.0,4,"Fiber Recovery, Inc.",WI,RFC,MISO,"Fiber Recovery, Inc",2.4000000000000004,3.0,0.8000000000000002,2008.0,True,22470.416666666664,False,22470.416666666664,N,"OVERDUE (>8,000 EOH) [no wash observed; clock from COD, upper bound]",0.0,C
472,61737,IC,12,2025-01,2025-12,0.8263011064276733,0.8558411283744841,17.369889357232676,5483.200688390268,22416.87830345941,0.0,ANNUAL_ONLY,1.0,0.0,2.0,0.0,12,Navy Yard Peaker Station,PA,RFC,PJM,Philadelphia Authority for Industrial Development,8.0,4.0,2.0,2017.25,False,3597.8958333333335,False,3597.8958333333335,N,"within interval (<4,000 EOH) [no wash observed; clock from COD, upper bound]",0.0,C
473,61758,IC,21,2022-01,2025-08,0.8206355281900878,0.7466386984601032,17.93644718099122,117645.17562370507,793086.7616377469,0.0,ANNUAL_ONLY,0.0,0.0,3.0,0.0,12,Gaston County Renewable Energy Center,NC,SERC,DUK,Gaston County Solid Waste and Recycling Division,4.199999999999999,3.0,1.3999999999999997,2011.0,False,89324.0257936508,False,89324.0257936508,N,"OVERDUE (>8,000 EOH) [no wash observed; clock from COD, upper bound]",0.0,C
474,61777,IC,2,2024-06,2024-07,0.8345408409014156,0.8931314715825786,16.545915909858444,247.68450234265038,947.2510833486966,0.0,ANNUAL_ONLY,0.0,0.0,3.0,0.0,2,Brevard,FL,SERC,FPL,"NextEra Renewable Fuels, LLC",6.4,4.0,1.6,2008.0,False,73970.71180555556,False,73970.71180555556,N,"OVERDUE (>8,000 EOH) [no wash observed; clock from COD, upper bound]",0.0,C
475,61779,IC,7,2020-05,2020-11,0.9286258965805051,0.8158044963097885,7.137410341949498,15483.245502184524,48917.79188395791,0.0,ANNUAL_ONLY,0.0,0.0,2.0,0.0,7,Hernando,FL,SERC,SEC,Hernando Energy,1.6,1.0,1.6,2010.0,False,96645.20833333333,False,96645.20833333333,N,"OVERDUE (>8,000 EOH) [no wash observed; clock from COD, upper bound]",0.0,C
476,62641,IC,3,2022-07,2022-09,0.6976068527867126,0.64915705458972,30.239314721328736,8912.501826941363,70366.53300165727,0.0,ANNUAL_ONLY,0.0,0.0,3.0,0.0,3,Morehead Generating Facility,KY,SERC,PJM,"North American Biofuels, LLC",1.4,1.0,1.4,2019.0,False,27378.57142857143,False,27378.57142857143,N,"OVERDUE (>8,000 EOH) [no wash observed; clock from COD, upper bound]",0.0,C
477,62741,IC,4,2025-01,2025-07,0.9361352783819539,0.914249686050488,6.386472161804607,738.3083949091015,3113.8594820067433,0.0,ANNUAL_ONLY,1.0,0.0,3.0,0.0,2,Mount Joy Wire,PA,RFC,PJM,Mount Joy Wire Corp,1.1,1.0,1.1,2011.0000000000002,True,24797.860606060603,False,24797.860606060603,N,"OVERDUE (>8,000 EOH) [no wash observed; clock from COD, upper bound]",0.0,C
478,62859,IC,2,2025-08,2025-09,0.7696388400110814,0.8479818056243192,23.036115998891866,13342.90797117121,45008.910958257155,0.0,ANNUAL_ONLY,1.0,0.0,2.5,0.0,2,Coventry Clean Energy Corporation,VT,NPCC,ISNE,Washington Electric Coop - (VT),8.0,5.0,1.6,2006.2,False,140923.1875,False,140923.1875,N,"OVERDUE (>8,000 EOH) [no wash observed; clock from COD, upper bound]",0.0,C
479,62920,IC,31,2020-01,2022-12,0.9123947698643409,0.8661244204419923,8.760523013565912,39718.522396046996,197695.2812995153,0.0,ANNUAL_ONLY,0.0,0.0,2.0,0.0,15,Burrstone Energy Center,NY,NPCC,NYIS,Burrstone Energy Center,3.6,4.0,0.9,2009.0,True,66632.38425925926,False,66632.38425925926,N,"OVERDUE (>8,000 EOH) [no wash observed; clock from COD, upper bound]",0.0,C
480,63709,IC,3,2020-06,2020-08,0.930827109053077,0.8220013775437397,6.9172890946923,6058.793015316173,12462.06511588037,0.0,ANNUAL_ONLY,0.0,0.0,3.0,0.0,3,Autumn Hills Generating Facility,MI,RFC,MISO,North American Natural Res,4.0,3.0,1.3333333333333333,2009.0,False,83994.75,False,83994.75,N,"OVERDUE (>8,000 EOH) [no wash observed; clock from COD, upper bound]",0.0,C
481,63755,IC,20,2022-01,2025-09,0.7426476505115884,0.8454194476470727,25.73523494884116,46056.816106342216,232244.51952464005,0.0,ANNUAL_ONLY,0.0,0.0,3.0,0.0,12,Milner Butte LFGE,ID,WECC,IPCO,Southern Idaho Solid Waste,3.9000000000000004,3.0,1.3,2019.6666666666667,False,46466.057692307695,False,46466.057692307695,N,"OVERDUE (>8,000 EOH) [no wash observed; clock from COD, upper bound]",0.0,C
482,64157,IC,10,2022-01,2022-12,0.8159947793599415,0.7084226841840601,18.400522064005855,15395.295283631753,91166.02824851562,0.0,ANNUAL_ONLY,0.0,0.0,3.0,0.0,6,Clyde Peaking Engine,OH,RFC,PJM,"Onsite Partners, LLC",10.0,1.0,10.0,2020.0,False,1560.476595744681,False,1560.476595744681,N,"within interval (<4,000 EOH) [no wash observed; clock from COD, upper bound]",0.0,C
483,65261,IC,4,2025-06,2025-09,0.8836995968698172,0.6096498580515418,11.630040313018272,502.037983699985,1348.7408884339463,0.0,ANNUAL_ONLY,0.0,0.0,1.0,0.0,4,HEB00020,TX,TRE,ERCO,"Texas Microgrid, LLC",1.2000000000000002,3.0,0.4000000000000001,2018.0,False,1737.6388888888887,False,1737.6388888888887,N,"within interval (<4,000 EOH) [no wash observed; clock from COD, upper bound]",0.0,C
484,65262,IC,8,2025-01,2025-10,0.9277825076004518,0.6733798126393782,7.221749239954817,868.3306713937925,2571.518051745702,0.0,ANNUAL_ONLY,0.0,0.0,1.0,0.0,6,HEB00028,TX,TRE,ERCO,"Texas Microgrid, LLC",1.2000000000000002,3.0,0.4000000000000001,2016.9999999999998,False,2439.5138888888887,False,2439.5138888888887,N,"within interval (<4,000 EOH) [no wash observed; clock from COD, upper bound]",0.0,C
485,65267,IC,8,2025-01,2025-10,0.8726559564903741,0.6184676323491533,12.734404350962594,1042.8367590321257,3083.7846152228226,0.0,ANNUAL_ONLY,0.0,0.0,1.0,0.0,6,HEB00099,TX,TRE,ERCO,"Texas Microgrid, LLC",1.2000000000000002,3.0,0.4000000000000001,2016.9999999999998,False,2427.916666666666,False,2427.916666666666,N,"within interval (<4,000 EOH) [no wash observed; clock from COD, upper bound]",0.0,C
486,65268,IC,8,2025-01,2025-10,0.8716253700208925,0.6096073323866933,12.837462997910759,1130.320848496162,3345.556025334725,0.0,ANNUAL_ONLY,0.0,0.0,1.0,0.0,6,HEB00109,TX,TRE,ERCO,"Texas Microgrid, LLC",1.2000000000000002,3.0,0.4000000000000001,2018.0,False,1968.6111111111109,False,1968.6111111111109,N,"within interval (<4,000 EOH) [no wash observed; clock from COD, upper bound]",0.0,C
487,65274,IC,8,2025-01,2025-10,0.8983546055387519,0.7069641981914019,10.164539446124815,713.2239573834333,2112.8809039411985,0.0,ANNUAL_ONLY,0.0,0.0,1.0,0.0,6,HEB00182,TX,TRE,ERCO,"Texas Microgrid, LLC",1.2000000000000002,3.0,0.4000000000000001,2018.0,False,1529.3749999999995,False,1529.3749999999995,N,"within interval (<4,000 EOH) [no wash observed; clock from COD, upper bound]",0.0,C
488,66549,IC,8,2025-01,2025-10,0.8973978846424068,0.6231667318289902,10.260211535759323,1362.791119247882,4033.0757153410254,0.0,ANNUAL_ONLY,0.0,0.0,1.0,0.0,6,HEB00063,TX,TRE,ERCO,"Texas Microgrid, LLC",1.6,4.0,0.4,2017.0,False,2012.8125,False,2012.8125,N,"within interval (<4,000 EOH) [no wash observed; clock from COD, upper bound]",0.0,C
489,66566,IC,12,2025-01,2025-12,0.8943902918575155,0.592858625355351,10.560970814248444,3818.6847535056822,11330.48510398354,0.0,ANNUAL_ONLY,0.0,0.0,1.0,0.0,12,HEBSnackPlant,TX,TRE,ERCO,"Texas Microgrid, LLC",1.6,4.0,0.4,2019.0,False,2428.4375,False,2428.4375,N,"within interval (<4,000 EOH) [no wash observed; clock from COD, upper bound]",0.0,C
490,66567,IC,12,2025-01,2025-12,0.8889493993659273,0.5803580289056366,11.10506006340726,61187.930897409606,181592.0326388881,0.0,ANNUAL_ONLY,0.0,0.0,1.0,0.0,12,HEBHoustonDistributionCenter,TX,TRE,ERCO,"Texas Microgrid, LLC",12.8,32.0,0.4,2021.0000000000002,False,2561.1979166666665,False,2561.1979166666665,N,"within interval (<4,000 EOH) [no wash observed; clock from COD, upper bound]",0.0,C
491,67319,IC,5,2025-05,2025-09,0.9212767312317525,0.6235232674862822,7.872326876824751,617.3058924226054,1712.76546498568,0.0,ANNUAL_ONLY,0.0,0.0,1.0,0.0,5,HEB00769,TX,TRE,ERCO,"Texas Microgrid, LLC",1.2000000000000002,3.0,0.4000000000000001,2021.0,False,844.3055555555554,False,844.3055555555554,N,"within interval (<4,000 EOH) [no wash observed; clock from COD, upper bound]",0.0,C
